threshold,precision,recall
inf,1.0,0.0
1.903427,1.0,0.0017035775127768314
1.869003,1.0,0.0034071550255536627
1.846922,1.0,0.005110732538330494
1.832333,1.0,0.0068143100511073255
1.794394,1.0,0.008517887563884156
1.749475,1.0,0.010221465076660987
1.729638,1.0,0.01192504258943782
1.729257,1.0,0.013628620102214651
1.715821,1.0,0.015332197614991482
1.675831,1.0,0.017035775127768313
1.674645,1.0,0.018739352640545145
1.671302,1.0,0.020442930153321975
1.661583,1.0,0.022146507666098807
1.659545,1.0,0.02385008517887564
1.657904,1.0,0.02555366269165247
1.626861,1.0,0.027257240204429302
1.623849,1.0,0.028960817717206135
1.614758,1.0,0.030664395229982964
1.608071,1.0,0.03236797274275979
1.606576,1.0,0.034071550255536626
1.601694,1.0,0.03577512776831346
1.601193,1.0,0.03747870528109029
1.597347,1.0,0.039182282793867124
1.589163,1.0,0.04088586030664395
1.589017,1.0,0.04258943781942078
1.584986,1.0,0.044293015332197615
1.57662,1.0,0.04599659284497445
1.563626,1.0,0.04770017035775128
1.559738,1.0,0.049403747870528106
1.559484,1.0,0.05110732538330494
1.558972,1.0,0.05281090289608177
1.552766,0.9696969696969697,0.054514480408858604
1.555987,1.0,0.054514480408858604
1.550242,0.9705882352941176,0.056218057921635436
1.543241,0.9714285714285714,0.05792163543441227
1.540924,0.9722222222222222,0.059625212947189095
1.54014,0.972972972972973,0.06132879045996593
1.539818,0.9736842105263158,0.06303236797274275
1.533638,0.9743589743589743,0.06473594548551959
1.52488,0.9512195121951219,0.06643952299829642
1.529733,0.975,0.06643952299829642
1.518751,0.9523809523809523,0.06814310051107325
1.513206,0.9534883720930233,0.06984667802385008
1.504832,0.9545454545454546,0.07155025553662692
1.50221,0.9555555555555556,0.07325383304940375
1.501149,0.9565217391304348,0.07495741056218058
1.500413,0.9574468085106383,0.07666098807495741
1.496903,0.9583333333333334,0.07836456558773425
1.495655,0.9591836734693877,0.08006814310051108
1.492045,0.96,0.0817717206132879
1.491119,0.9607843137254902,0.08347529812606473
1.486188,0.9433962264150944,0.08517887563884156
1.490864,0.9615384615384616,0.08517887563884156
1.484878,0.9444444444444444,0.0868824531516184
1.481199,0.9454545454545454,0.08858603066439523
1.480627,0.9464285714285714,0.09028960817717206
1.480517,0.9473684210526315,0.0919931856899489
1.473396,0.9482758620689655,0.09369676320272573
1.472268,0.9333333333333333,0.09540034071550256
1.472769,0.9491525423728814,0.09540034071550256
1.471675,0.9344262295081968,0.09710391822827939
1.470812,0.9354838709677419,0.09880749574105621
1.470743,0.9365079365079365,0.10051107325383304
1.469925,0.9375,0.10221465076660988
1.466159,0.9384615384615385,0.10391822827938671
1.463521,0.9393939393939394,0.10562180579216354
1.46336,0.9402985074626866,0.10732538330494037
1.463179,0.9411764705882353,0.10902896081771721
1.460418,0.9420289855072463,0.11073253833049404
1.458424,0.9428571428571428,0.11243611584327087
1.457746,0.9436619718309859,0.1141396933560477
1.456539,0.9444444444444444,0.11584327086882454
1.455569,0.9452054794520548,0.11754684838160136
1.45386,0.9459459459459459,0.11925042589437819
1.451242,0.9466666666666667,0.12095400340715502
1.450161,0.9473684210526315,0.12265758091993186
1.448855,0.948051948051948,0.12436115843270869
1.445019,0.9487179487179487,0.1260647359454855
1.437666,0.9493670886075949,0.12776831345826234
1.435131,0.95,0.12947189097103917
1.432473,0.9506172839506173,0.131175468483816
1.430936,0.9512195121951219,0.13287904599659284
1.430517,0.9518072289156626,0.13458262350936967
1.429834,0.9523809523809523,0.1362862010221465
1.428762,0.9529411764705882,0.13798977853492334
1.428099,0.9534883720930233,0.13969335604770017
1.427145,0.9540229885057471,0.141396933560477
1.42705,0.9545454545454546,0.14310051107325383
1.42307,0.9550561797752809,0.14480408858603067
1.420307,0.945054945054945,0.1465076660988075
1.422803,0.9555555555555556,0.1465076660988075
1.419858,0.9456521739130435,0.14821124361158433
1.416489,0.946236559139785,0.14991482112436116
1.416029,0.9468085106382979,0.151618398637138
1.414486,0.9473684210526315,0.15332197614991483
1.414073,0.9479166666666666,0.15502555366269166
1.412817,0.9484536082474226,0.1567291311754685
1.410963,0.9489795918367347,0.15843270868824533
1.41041,0.9494949494949495,0.16013628620102216
1.410192,0.95,0.16183986371379896
1.408108,0.9504950495049505,0.1635434412265758
1.40618,0.9509803921568627,0.16524701873935263
1.405517,0.9514563106796117,0.16695059625212946
1.405339,0.9519230769230769,0.1686541737649063
1.401496,0.9345794392523364,0.17035775127768313
1.402167,0.9433962264150944,0.17035775127768313
1.403979,0.9523809523809523,0.17035775127768313
1.400526,0.926605504587156,0.17206132879045996
1.400843,0.9351851851851852,0.17206132879045996
1.400317,0.9272727272727272,0.1737649063032368
1.399335,0.9279279279279279,0.17546848381601363
1.398514,0.9285714285714286,0.17717206132879046
1.397458,0.9292035398230089,0.1788756388415673
1.393458,0.9298245614035088,0.18057921635434412
1.393259,0.9304347826086956,0.18228279386712096
1.392828,0.9310344827586207,0.1839863713798978
1.390567,0.9316239316239316,0.18568994889267462
1.38652,0.9322033898305084,0.18739352640545145
1.381952,0.9327731092436975,0.1890971039182283
1.380325,0.9333333333333333,0.19080068143100512
1.379734,0.9338842975206612,0.19250425894378195
1.379533,0.9344262295081968,0.19420783645655879
1.378486,0.9349593495934959,0.19591141396933562
1.376875,0.9354838709677419,0.19761499148211242
1.375318,0.936,0.19931856899488926
1.372354,0.9365079365079365,0.2010221465076661
1.371326,0.937007874015748,0.20272572402044292
1.370242,0.9375,0.20442930153321975
1.36904,0.937984496124031,0.2061328790459966
1.368635,0.9384615384615385,0.20783645655877342
1.367712,0.9389312977099237,0.20954003407155025
1.364863,0.9393939393939394,0.21124361158432708
1.362605,0.9398496240601504,0.21294718909710392
1.358693,0.9402985074626866,0.21465076660988075
1.358146,0.9407407407407408,0.21635434412265758
1.356188,0.9411764705882353,0.21805792163543442
1.354285,0.9347826086956522,0.21976149914821125
1.354556,0.9416058394160584,0.21976149914821125
1.353757,0.935251798561151,0.22146507666098808
1.352558,0.9357142857142857,0.2231686541737649
1.352337,0.9361702127659575,0.22487223168654175
1.351591,0.9366197183098591,0.22657580919931858
1.351126,0.9370629370629371,0.2282793867120954
1.347158,0.9375,0.22998296422487224
1.346988,0.9379310344827586,0.23168654173764908
1.34484,0.9383561643835616,0.23339011925042588
1.344732,0.9387755102040817,0.23509369676320271
1.344031,0.9391891891891891,0.23679727427597955
1.337028,0.9333333333333333,0.23850085178875638
1.343228,0.9395973154362416,0.23850085178875638
1.336322,0.9276315789473685,0.2402044293015332
1.336619,0.9337748344370861,0.2402044293015332
1.336249,0.9281045751633987,0.24190800681431004
1.332345,0.9285714285714286,0.24361158432708688
1.331714,0.9290322580645162,0.2453151618398637
1.329175,0.9235668789808917,0.24701873935264054
1.330636,0.9294871794871795,0.24701873935264054
1.328966,0.9240506329113924,0.24872231686541738
1.328442,0.9245283018867925,0.2504258943781942
1.32704,0.9135802469135802,0.252129471890971
1.328363,0.9192546583850931,0.252129471890971
1.328433,0.925,0.252129471890971
1.324211,0.9141104294478528,0.25383304940374785
1.321456,0.9146341463414634,0.2555366269165247
1.321108,0.9151515151515152,0.2572402044293015
1.318557,0.9101796407185628,0.25894378194207834
1.320187,0.9156626506024096,0.25894378194207834
1.318324,0.9107142857142857,0.2606473594548552
1.316949,0.9112426035502958,0.262350936967632
1.311579,0.9011627906976745,0.26405451448040884
1.313371,0.9064327485380117,0.26405451448040884
1.316693,0.9117647058823529,0.26405451448040884
1.311368,0.9017341040462428,0.2657580919931857
1.303086,0.8820224719101124,0.2674616695059625
1.303633,0.8870056497175142,0.2674616695059625
1.308183,0.8920454545454546,0.2674616695059625
1.308348,0.8971428571428571,0.2674616695059625
1.308485,0.9022988505747126,0.2674616695059625
1.302876,0.88268156424581,0.26916524701873934
1.300172,0.8833333333333333,0.2708688245315162
1.300065,0.8839779005524862,0.272572402044293
1.299353,0.8846153846153846,0.27427597955706984
1.29717,0.8852459016393442,0.27597955706984667
1.295333,0.8810810810810811,0.2776831345826235
1.297037,0.8858695652173914,0.2776831345826235
1.293163,0.8770053475935828,0.27938671209540034
1.294683,0.8817204301075269,0.27938671209540034
1.292212,0.873015873015873,0.28109028960817717
1.29291,0.8776595744680851,0.28109028960817717
1.291332,0.8736842105263158,0.282793867120954
1.290345,0.8743455497382199,0.28449744463373083
1.286941,0.8704663212435233,0.28620102214650767
1.289189,0.875,0.28620102214650767
1.286859,0.8711340206185567,0.2879045996592845
1.280639,0.8673469387755102,0.28960817717206133
1.2812,0.8717948717948718,0.28960817717206133
1.280434,0.868020304568528,0.29131175468483816
1.279291,0.8686868686868687,0.293015332197615
1.279041,0.8693467336683417,0.29471890971039183
1.27553,0.87,0.29642248722316866
1.274178,0.8663366336633663,0.2981260647359455
1.275313,0.8706467661691543,0.2981260647359455
1.273465,0.8669950738916257,0.29982964224872233
1.272316,0.8676470588235294,0.30153321976149916
1.268616,0.8682926829268293,0.303236797274276
1.268092,0.8689320388349514,0.3049403747870528
1.266064,0.8653846153846154,0.30664395229982966
1.267216,0.8695652173913043,0.30664395229982966
1.264813,0.861904761904762,0.3083475298126065
1.265015,0.8660287081339713,0.3083475298126065
1.264796,0.8625592417061612,0.3100511073253833
1.264721,0.8632075471698113,0.31175468483816016
1.264247,0.863849765258216,0.313458262350937
1.263287,0.8644859813084113,0.3151618398637138
1.259639,0.8651162790697674,0.31686541737649065
1.259548,0.8657407407407407,0.3185689948892675
1.258603,0.8663594470046083,0.3202725724020443
1.255627,0.863013698630137,0.3219761499148211
1.257971,0.8669724770642202,0.3219761499148211
1.25469,0.8636363636363636,0.32367972742759793
1.254519,0.8642533936651584,0.32538330494037476
1.252848,0.8648648648648649,0.3270868824531516
1.252563,0.8654708520179372,0.3287904599659284
1.252413,0.8660714285714286,0.33049403747870526
1.251618,0.8666666666666667,0.3321976149914821
1.2512,0.8672566371681416,0.3339011925042589
1.250528,0.8678414096916299,0.33560477001703576
1.250146,0.868421052631579,0.3373083475298126
1.248342,0.8652173913043478,0.3390119250425894
1.249742,0.868995633187773,0.3390119250425894
1.24605,0.8547008547008547,0.34071550255536626
1.246111,0.8583690987124464,0.34071550255536626
1.246521,0.8620689655172413,0.34071550255536626
1.248203,0.8658008658008658,0.34071550255536626
1.244512,0.8553191489361702,0.3424190800681431
1.242499,0.8523206751054853,0.3441226575809199
1.243044,0.8559322033898306,0.3441226575809199
1.242125,0.8529411764705882,0.34582623509369675
1.240337,0.85,0.3475298126064736
1.241328,0.8535564853556485,0.3475298126064736
1.240316,0.8506224066390041,0.3492333901192504
1.240278,0.8512396694214877,0.35093696763202725
1.237542,0.8414634146341463,0.3526405451448041
1.237668,0.8448979591836735,0.3526405451448041
1.238726,0.8483606557377049,0.3526405451448041
1.23947,0.8518518518518519,0.3526405451448041
1.237457,0.8421052631578947,0.3543441226575809
1.237064,0.8393574297188755,0.35604770017035775
1.237125,0.842741935483871,0.35604770017035775
1.236309,0.84,0.3577512776831346
1.234988,0.8406374501992032,0.3594548551959114
1.233399,0.8379446640316206,0.36115843270868825
1.234102,0.8412698412698413,0.36115843270868825
1.233004,0.8385826771653543,0.3628620102214651
1.232351,0.8392156862745098,0.3645655877342419
1.230996,0.83984375,0.36626916524701875
1.228669,0.8404669260700389,0.3679727427597956
1.227586,0.8378378378378378,0.3696763202725724
1.227774,0.8410852713178295,0.3696763202725724
1.227563,0.8384615384615385,0.37137989778534924
1.226696,0.8358778625954199,0.3730834752981261
1.227455,0.8390804597701149,0.3730834752981261
1.225498,0.8333333333333334,0.3747870528109029
1.226645,0.8365019011406845,0.3747870528109029
1.225084,0.8339622641509434,0.37649063032367974
1.22452,0.8345864661654135,0.3781942078364566
1.22298,0.832089552238806,0.3798977853492334
1.223242,0.8352059925093633,0.3798977853492334
1.222284,0.8265682656826568,0.38160136286201024
1.222439,0.8296296296296296,0.38160136286201024
1.222484,0.8327137546468402,0.38160136286201024
1.221459,0.8241758241758241,0.3833049403747871
1.221627,0.8272058823529411,0.3833049403747871
1.221333,0.8248175182481752,0.3850085178875639
1.219288,0.8254545454545454,0.38671209540034074
1.218481,0.8260869565217391,0.38841567291311757
1.218319,0.8267148014440433,0.3901192504258944
1.214652,0.8243727598566308,0.39182282793867124
1.216141,0.8273381294964028,0.39182282793867124
1.21204,0.825,0.393526405451448
1.210273,0.8226950354609929,0.39522998296422485
1.211267,0.8256227758007118,0.39522998296422485
1.20977,0.823321554770318,0.3969335604770017
1.209185,0.823943661971831,0.3986371379897785
1.208501,0.8245614035087719,0.40034071550255534
1.207882,0.8251748251748252,0.4020442930153322
1.205913,0.8200692041522492,0.403747870528109
1.207742,0.8229166666666666,0.403747870528109
1.207757,0.8257839721254355,0.403747870528109
1.205612,0.8206896551724138,0.40545144804088584
1.205233,0.8213058419243986,0.4071550255536627
1.204755,0.821917808219178,0.4088586030664395
1.204435,0.8225255972696246,0.41056218057921634
1.204116,0.8231292517006803,0.4122657580919932
1.202906,0.823728813559322,0.41396933560477
1.202237,0.8243243243243243,0.41567291311754684
1.20193,0.8249158249158249,0.41737649063032367
1.201355,0.822742474916388,0.4190800681431005
1.201767,0.825503355704698,0.4190800681431005
1.201065,0.8233333333333334,0.42078364565587734
1.200069,0.8239202657807309,0.42248722316865417
1.198217,0.8245033112582781,0.424190800681431
1.197936,0.8250825082508251,0.42589437819420783
1.19753,0.8256578947368421,0.42759795570698467
1.196961,0.8262295081967214,0.4293015332197615
1.193945,0.8214285714285714,0.43100511073253833
1.19426,0.8241042345276873,0.43100511073253833
1.194263,0.826797385620915,0.43100511073253833
1.192059,0.8141025641025641,0.43270868824531517
1.192183,0.8167202572347267,0.43270868824531517
1.192878,0.8193548387096774,0.43270868824531517
1.193186,0.8220064724919094,0.43270868824531517
1.191891,0.8146964856230032,0.434412265758092
1.190492,0.8126984126984127,0.43611584327086883
1.190771,0.8152866242038217,0.43611584327086883
1.190375,0.8132911392405063,0.43781942078364566
1.189804,0.8138801261829653,0.4395229982964225
1.189781,0.8144654088050315,0.44122657580919933
1.1884,0.8125,0.44293015332197616
1.188591,0.8150470219435737,0.44293015332197616
1.187786,0.8105590062111802,0.444633730834753
1.18828,0.8130841121495327,0.444633730834753
1.187631,0.808641975308642,0.4463373083475298
1.187776,0.8111455108359134,0.4463373083475298
1.187456,0.8092307692307692,0.44804088586030666
1.186879,0.8098159509202454,0.4497444633730835
1.186807,0.8103975535168195,0.4514480408858603
1.185634,0.8109756097560976,0.45315161839863716
1.184685,0.8115501519756839,0.454855195911414
1.184618,0.8121212121212121,0.4565587734241908
1.178308,0.8029850746268656,0.45826235093696766
1.180167,0.8053892215568862,0.45826235093696766
1.180822,0.8078078078078078,0.45826235093696766
1.181636,0.8102409638554217,0.45826235093696766
1.184571,0.8126888217522659,0.45826235093696766
1.177991,0.8035714285714286,0.4599659284497445
1.176901,0.799410029498525,0.4616695059625213
1.177157,0.8017751479289941,0.4616695059625213
1.177255,0.8041543026706232,0.4616695059625213
1.176079,0.7976539589442815,0.46337308347529815
1.176672,0.8,0.46337308347529815
1.175837,0.7982456140350878,0.46507666098807493
1.173331,0.7942028985507247,0.46678023850085176
1.174367,0.7965116279069767,0.46678023850085176
1.175506,0.7988338192419825,0.46678023850085176
1.172158,0.792507204610951,0.4684838160136286
1.172458,0.7947976878612717,0.4684838160136286
1.17122,0.7931034482758621,0.47018739352640543
1.170895,0.7936962750716332,0.47189097103918226
1.170848,0.7942857142857143,0.4735945485519591
1.16934,0.788135593220339,0.4752981260647359
1.170029,0.7903682719546742,0.4752981260647359
1.170511,0.7926136363636364,0.4752981260647359
1.170606,0.7948717948717948,0.4752981260647359
1.168676,0.7887323943661971,0.47700170357751276
1.168245,0.7893258426966292,0.4787052810902896
1.167271,0.7899159663865546,0.4804088586030664
1.1653,0.7883008356545961,0.48211243611584326
1.16711,0.7905027932960894,0.48211243611584326
1.16262,0.7888888888888889,0.4838160136286201
1.162274,0.7894736842105263,0.4855195911413969
1.161422,0.7857142857142857,0.48722316865417375
1.16166,0.7878787878787878,0.48722316865417375
1.162162,0.7900552486187845,0.48722316865417375
1.161398,0.7863013698630137,0.4889267461669506
1.160506,0.7868852459016393,0.4906303236797274
1.160478,0.7874659400544959,0.49233390119250425
1.160333,0.7880434782608695,0.4940374787052811
1.159814,0.782258064516129,0.4957410562180579
1.160006,0.784366576819407,0.4957410562180579
1.160014,0.7864864864864864,0.4957410562180579
1.16004,0.7886178861788617,0.4957410562180579
1.158065,0.7828418230563002,0.49744463373083475
1.155972,0.7792553191489362,0.4991482112436116
1.157067,0.7813333333333333,0.4991482112436116
1.157828,0.7834224598930482,0.4991482112436116
1.154652,0.7798408488063661,0.5008517887563884
1.153339,0.7722513089005235,0.5025553662691652
1.153417,0.7742782152230971,0.5025553662691652
1.153538,0.7763157894736842,0.5025553662691652
1.154041,0.7783641160949868,0.5025553662691652
1.154597,0.7804232804232805,0.5025553662691652
1.153266,0.7728459530026109,0.504258943781942
1.151283,0.7734375,0.5059625212947189
1.151078,0.7740259740259741,0.5076660988074957
1.150961,0.7746113989637305,0.5093696763202725
1.150134,0.7731958762886598,0.5110732538330494
1.150317,0.7751937984496124,0.5110732538330494
1.149291,0.7737789203084833,0.5127768313458262
1.147744,0.7743589743589744,0.514480408858603
1.147403,0.7749360613810742,0.5161839863713799
1.146601,0.7755102040816326,0.5178875638841567
1.146515,0.7760814249363868,0.5195911413969335
1.145932,0.7727272727272727,0.5212947189097104
1.146321,0.7746835443037975,0.5212947189097104
1.146329,0.7766497461928934,0.5212947189097104
1.145662,0.7732997481108312,0.5229982964224872
1.145588,0.7738693467336684,0.524701873935264
1.144024,0.770573566084788,0.5264054514480409
1.144531,0.7725,0.5264054514480409
1.144647,0.7744360902255639,0.5264054514480409
1.143828,0.7711442786069652,0.5281090289608177
1.143716,0.771712158808933,0.5298126064735945
1.142548,0.7703703703703704,0.5315161839863713
1.143481,0.7722772277227723,0.5315161839863713
1.142168,0.770935960591133,0.5332197614991482
1.141267,0.7696078431372549,0.534923339011925
1.141902,0.7714987714987716,0.534923339011925
1.138691,0.7645631067961165,0.5366269165247018
1.140034,0.7664233576642335,0.5366269165247018
1.140412,0.7682926829268293,0.5366269165247018
1.140863,0.7701711491442543,0.5366269165247018
1.138436,0.7651331719128329,0.5383304940374787
1.137694,0.763855421686747,0.5400340715502555
1.138248,0.7657004830917874,0.5400340715502555
1.136417,0.762589928057554,0.5417376490630323
1.137136,0.7644230769230769,0.5417376490630323
1.132778,0.7595238095238095,0.5434412265758092
1.134955,0.7613365155131265,0.5434412265758092
1.136374,0.7631578947368421,0.5434412265758092
1.132048,0.7600950118764845,0.545144804088586
1.131259,0.7570754716981132,0.5468483816013628
1.131571,0.7588652482269503,0.5468483816013628
1.132031,0.7606635071090048,0.5468483816013628
1.130663,0.7576470588235295,0.5485519591141397
1.130498,0.7582159624413145,0.5502555366269165
1.127921,0.7552447552447552,0.5519591141396933
1.128974,0.7570093457943925,0.5519591141396933
1.129083,0.7587822014051522,0.5519591141396933
1.127415,0.7558139534883721,0.5536626916524702
1.12718,0.7563805104408353,0.555366269165247
1.123347,0.75,0.5570698466780238
1.125313,0.7517241379310344,0.5570698466780238
1.125659,0.7534562211981567,0.5570698466780238
1.126158,0.7551963048498845,0.5570698466780238
1.126615,0.7569444444444444,0.5570698466780238
1.121211,0.7471526195899773,0.5587734241908007
1.12151,0.7488584474885844,0.5587734241908007
1.122081,0.7505720823798627,0.5587734241908007
1.11929,0.7426636568848759,0.5604770017035775
1.120467,0.744343891402715,0.5604770017035775
1.120665,0.746031746031746,0.5604770017035775
1.120934,0.7477272727272727,0.5604770017035775
1.11832,0.7432432432432432,0.5621805792163543
1.115384,0.7306843267108167,0.5638841567291312
1.115702,0.7323008849557522,0.5638841567291312
1.11572,0.7339246119733924,0.5638841567291312
1.115843,0.7355555555555555,0.5638841567291312
1.116467,0.7371937639198218,0.5638841567291312
1.116886,0.7388392857142857,0.5638841567291312
1.116929,0.7404921700223713,0.5638841567291312
1.117131,0.742152466367713,0.5638841567291312
1.117147,0.7438202247191011,0.5638841567291312
1.115277,0.7312775330396476,0.565587734241908
1.115018,0.7318681318681318,0.5672913117546848
1.113366,0.7308533916849015,0.5689948892674617
1.11402,0.7324561403508771,0.5689948892674617
1.110258,0.7251082251082251,0.5706984667802385
1.11254,0.7266811279826464,0.5706984667802385
1.112547,0.7282608695652174,0.5706984667802385
1.112665,0.7298474945533769,0.5706984667802385
1.113278,0.7314410480349345,0.5706984667802385
1.109782,0.7241379310344828,0.5724020442930153
1.110131,0.7257019438444925,0.5724020442930153
1.109643,0.723175965665236,0.5741056218057922
1.109764,0.7247311827956989,0.5741056218057922
1.108181,0.7176220806794055,0.575809199318569
1.108414,0.7191489361702128,0.575809199318569
1.109163,0.720682302771855,0.575809199318569
1.109471,0.7222222222222222,0.575809199318569
1.109518,0.7237687366167024,0.575809199318569
1.103247,0.7092050209205021,0.5775127768313458
1.104131,0.710691823899371,0.5775127768313458
1.104662,0.7121848739495799,0.5775127768313458
1.104956,0.7136842105263158,0.5775127768313458
1.106271,0.7151898734177216,0.5775127768313458
1.10641,0.7167019027484144,0.5775127768313458
1.107211,0.7182203389830508,0.5775127768313458
1.102696,0.7083333333333334,0.5792163543441227
1.102712,0.7098121085594989,0.5792163543441227
1.100868,0.7060041407867494,0.5809199318568995
1.101287,0.7074688796680498,0.5809199318568995
1.102301,0.7089397089397089,0.5809199318568995
1.100654,0.7066115702479339,0.5826235093696763
1.099831,0.7057613168724279,0.5843270868824532
1.100081,0.7072164948453609,0.5843270868824532
1.099049,0.7049180327868853,0.58603066439523
1.099338,0.7063655030800822,0.58603066439523
1.098715,0.7040816326530612,0.5877342419080068
1.099015,0.7055214723926381,0.5877342419080068
1.098683,0.7046843177189409,0.5894378194207837
1.09537,0.7052845528455285,0.5911413969335605
1.095015,0.7058823529411765,0.5928449744463373
1.094869,0.7064777327935222,0.5945485519591142
1.093022,0.7028112449799196,0.596252129471891
1.093317,0.704225352112676,0.596252129471891
1.094407,0.7056451612903226,0.596252129471891
1.094572,0.7070707070707071,0.596252129471891
1.091449,0.702,0.5979557069846678
1.092377,0.7034068136272545,0.5979557069846678
1.090635,0.701195219123506,0.5996592844974447
1.091288,0.7025948103792415,0.5996592844974447
1.089653,0.6976284584980237,0.6013628620102215
1.089676,0.699009900990099,0.6013628620102215
1.089768,0.7003968253968254,0.6013628620102215
1.090094,0.7017892644135189,0.6013628620102215
1.089229,0.6982248520710059,0.6030664395229983
1.08807,0.6974459724950884,0.6047700170357752
1.089142,0.6988188976377953,0.6047700170357752
1.087256,0.6966731898238747,0.606473594548552
1.087807,0.6980392156862745,0.606473594548552
1.087148,0.697265625,0.6081771720613288
1.087041,0.6978557504873294,0.6098807495741057
1.08537,0.6970873786407767,0.6115843270868825
1.086861,0.6984435797665369,0.6115843270868825
1.085149,0.6976744186046512,0.6132879045996593
1.084189,0.6915708812260536,0.6149914821124361
1.084563,0.6928982725527831,0.6149914821124361
1.084634,0.6942307692307692,0.6149914821124361
1.084876,0.6955684007707129,0.6149914821124361
1.08491,0.696911196911197,0.6149914821124361
1.085009,0.6982591876208898,0.6149914821124361
1.082421,0.6921606118546845,0.616695059625213
1.081715,0.6914285714285714,0.6183986371379898
1.081811,0.6927480916030534,0.6183986371379898
1.080903,0.6920152091254753,0.6201022146507666
1.080777,0.6925996204933587,0.6218057921635435
1.080374,0.6931818181818182,0.6235093696763203
1.079813,0.6898496240601504,0.6252129471890971
1.079977,0.6911487758945386,0.6252129471890971
1.080104,0.6924528301886792,0.6252129471890971
1.080231,0.6937618147448015,0.6252129471890971
1.079412,0.6904315196998124,0.626916524701874
1.07727,0.6846011131725418,0.6286201022146508
1.077672,0.6858736059479554,0.6286201022146508
1.077837,0.6871508379888268,0.6286201022146508
1.07826,0.6884328358208955,0.6286201022146508
1.07932,0.6897196261682244,0.6286201022146508
1.079401,0.6910112359550562,0.6286201022146508
1.076014,0.6839186691312384,0.6303236797274276
1.076663,0.6851851851851852,0.6303236797274276
1.074341,0.6807339449541284,0.6320272572402045
1.075283,0.6819852941176471,0.6320272572402045
1.075441,0.6832412523020258,0.6320272572402045
1.075588,0.6845018450184502,0.6320272572402045
1.073722,0.6813186813186813,0.6337308347529813
1.072349,0.6819012797074955,0.6354344122657581
1.071305,0.6812386156648452,0.637137989778535
1.0723,0.6824817518248175,0.637137989778535
1.069599,0.6805807622504537,0.6388415672913118
1.070394,0.6818181818181818,0.6388415672913118
1.069538,0.6811594202898551,0.6405451448040886
1.0689,0.6805054151624549,0.6422487223168655
1.069417,0.6817359855334539,0.6422487223168655
1.066585,0.6774193548387096,0.6439522998296422
1.067238,0.6786355475763016,0.6439522998296422
1.068025,0.6798561151079137,0.6439522998296422
1.068247,0.6810810810810811,0.6439522998296422
1.066348,0.6779964221824687,0.645655877342419
1.065285,0.6761565836298933,0.6473594548551959
1.066207,0.6773618538324421,0.6473594548551959
1.066255,0.6785714285714286,0.6473594548551959
1.060861,0.6695957820738138,0.6490630323679727
1.060926,0.670774647887324,0.6490630323679727
1.061037,0.671957671957672,0.6490630323679727
1.061113,0.6731448763250883,0.6490630323679727
1.061368,0.6743362831858407,0.6490630323679727
1.063093,0.675531914893617,0.6490630323679727
1.064343,0.6767317939609236,0.6490630323679727
1.06016,0.6701754385964912,0.6507666098807495
1.059995,0.670753064798599,0.6524701873935264
1.057582,0.6678260869565218,0.6541737649063032
1.057622,0.6689895470383276,0.6541737649063032
1.057818,0.6701570680628273,0.6541737649063032
1.057833,0.6713286713286714,0.6541737649063032
1.057541,0.6684027777777778,0.65587734241908
1.056181,0.6678200692041523,0.6575809199318569
1.056953,0.6689774696707106,0.6575809199318569
1.056054,0.6683937823834197,0.6592844974446337
1.054532,0.6689655172413793,0.6609880749574105
1.052666,0.6672384219554031,0.6626916524701874
1.052731,0.6683848797250859,0.6626916524701874
1.052874,0.6695352839931153,0.6626916524701874
1.052516,0.6678082191780822,0.6643952299829642
1.051987,0.666098807495741,0.666098807495741
1.052278,0.6672354948805461,0.666098807495741
1.052425,0.6683760683760683,0.666098807495741
1.05086,0.66553480475382,0.6678023850085179
1.05101,0.6666666666666666,0.6678023850085179
1.050374,0.6661016949152543,0.6695059625212947
1.047271,0.6610738255033557,0.6712095400340715
1.047737,0.6621848739495798,0.6712095400340715
1.048144,0.6632996632996633,0.6712095400340715
1.049008,0.6644182124789207,0.6712095400340715
1.049232,0.6655405405405406,0.6712095400340715
1.050324,0.6666666666666666,0.6712095400340715
1.045719,0.661641541038526,0.6729131175468483
1.045005,0.6589018302828619,0.6746166950596252
1.045262,0.66,0.6746166950596252
1.045443,0.66110183639399,0.6746166950596252
1.045619,0.6622073578595318,0.6746166950596252
1.04263,0.6551155115511551,0.676320272572402
1.042652,0.656198347107438,0.676320272572402
1.042762,0.6572847682119205,0.676320272572402
1.042818,0.6583747927031509,0.676320272572402
1.043125,0.659468438538206,0.676320272572402
1.042559,0.6556836902800659,0.6780238500851788
1.041548,0.6551724137931034,0.6797274275979557
1.04248,0.65625,0.6797274275979557
1.039515,0.6504065040650406,0.6814310051107325
1.040011,0.6514657980456026,0.6814310051107325
1.040318,0.6525285481239804,0.6814310051107325
1.040748,0.6535947712418301,0.6814310051107325
1.040838,0.6546644844517185,0.6814310051107325
1.041542,0.6557377049180327,0.6814310051107325
1.038962,0.6499189627228525,0.6831345826235093
1.039493,0.650974025974026,0.6831345826235093
1.038838,0.6504854368932039,0.6848381601362862
1.037112,0.65,0.686541737649063
1.038574,0.6510500807754442,0.686541737649063
1.036397,0.6484751203852327,0.6882453151618398
1.036812,0.6495176848874598,0.6882453151618398
1.036966,0.6505636070853462,0.6882453151618398
1.035578,0.648,0.6899488926746167
1.036149,0.6490384615384616,0.6899488926746167
1.034353,0.6475279106858054,0.6916524701873935
1.034551,0.6485623003194888,0.6916524701873935
1.032083,0.6439873417721519,0.6933560477001703
1.032367,0.6450079239302694,0.6933560477001703
1.032383,0.6460317460317461,0.6933560477001703
1.033199,0.6470588235294118,0.6933560477001703
1.033911,0.6480891719745223,0.6933560477001703
1.031585,0.6435331230283912,0.6950596252129472
1.031835,0.6445497630331753,0.6950596252129472
1.031002,0.6430817610062893,0.696763202725724
1.031409,0.6440944881889764,0.696763202725724
1.030365,0.6436420722135008,0.6984667802385008
1.029709,0.6431924882629108,0.7001703577512777
1.029837,0.6442006269592476,0.7001703577512777
1.028006,0.6427457098283932,0.7018739352640545
1.02946,0.64375,0.7018739352640545
1.026685,0.6403100775193798,0.7035775127768313
1.02691,0.6413043478260869,0.7035775127768313
1.027028,0.6423017107309487,0.7035775127768313
1.027253,0.6433021806853583,0.7035775127768313
1.02518,0.6359447004608295,0.7052810902896082
1.025555,0.6369230769230769,0.7052810902896082
1.025556,0.637904468412943,0.7052810902896082
1.026208,0.6388888888888888,0.7052810902896082
1.026404,0.6398763523956723,0.7052810902896082
1.026582,0.6408668730650154,0.7052810902896082
1.025042,0.6365030674846626,0.706984667802385
1.023247,0.6370597243491577,0.7086882453151618
1.023018,0.6376146788990825,0.7103918228279387
1.020166,0.6342943854324734,0.7120954003407155
1.020945,0.6352583586626139,0.7120954003407155
1.021657,0.6362252663622526,0.7120954003407155
1.021989,0.6371951219512195,0.7120954003407155
1.022507,0.6381679389312978,0.7120954003407155
1.019569,0.6329305135951662,0.7137989778534923
1.019724,0.6338880484114977,0.7137989778534923
1.019987,0.6348484848484849,0.7137989778534923
1.019412,0.6325301204819277,0.7155025553662692
1.019505,0.6334841628959276,0.7155025553662692
1.01932,0.6330827067669172,0.717206132879046
1.01881,0.6326836581709145,0.7189097103918228
1.018917,0.6336336336336337,0.7189097103918228
1.018454,0.6322869955156951,0.7206132879045997
1.018618,0.6332335329341318,0.7206132879045997
1.017362,0.6309523809523809,0.7223168654173765
1.017863,0.6318926974664679,0.7223168654173765
1.018108,0.6328358208955224,0.7223168654173765
1.016042,0.6296296296296297,0.7240204429301533
1.016572,0.6305637982195845,0.7240204429301533
1.016819,0.6315007429420505,0.7240204429301533
1.013912,0.623718887262079,0.7257240204429302
1.014214,0.624633431085044,0.7257240204429302
1.014297,0.6255506607929515,0.7257240204429302
1.014618,0.6264705882352941,0.7257240204429302
1.014832,0.6273932253313697,0.7257240204429302
1.015146,0.6283185840707964,0.7257240204429302
1.015643,0.6292466765140325,0.7257240204429302
1.015768,0.6301775147928994,0.7257240204429302
1.013704,0.6242690058479532,0.727427597955707
1.0137,0.6248175182481752,0.7291311754684838
1.013612,0.6253644314868805,0.7308347529812607
1.012782,0.6240928882438317,0.7325383304940375
1.013291,0.625,0.7325383304940375
1.013578,0.6259097525473072,0.7325383304940375
1.012004,0.6237337192474675,0.7342419080068143
1.01241,0.6246376811594203,0.7342419080068143
1.010633,0.622478386167147,0.7359454855195912
1.011875,0.6233766233766234,0.7359454855195912
1.011974,0.6242774566473989,0.7359454855195912
1.010349,0.6230215827338129,0.737649063032368
1.008286,0.6173541963015647,0.7393526405451448
1.008318,0.6182336182336182,0.7393526405451448
1.008955,0.6191155492154066,0.7393526405451448
1.009696,0.62,0.7393526405451448
1.009892,0.6208869814020028,0.7393526405451448
1.00994,0.6217765042979942,0.7393526405451448
1.010065,0.6226685796269728,0.7393526405451448
1.010177,0.6235632183908046,0.7393526405451448
1.008271,0.6178977272727273,0.7410562180579217
1.007964,0.6175637393767706,0.7427597955706985
1.008044,0.6184397163120567,0.7427597955706985
1.007939,0.6181046676096181,0.7444633730834753
1.007353,0.6186440677966102,0.7461669505962522
1.005957,0.6183098591549295,0.747870528109029
1.00629,0.6191819464033851,0.747870528109029
1.004642,0.6179775280898876,0.7495741056218058
1.005337,0.6188466947960619,0.7495741056218058
1.003866,0.6176470588235294,0.7512776831345827
1.004404,0.6185133239831697,0.7512776831345827
1.001662,0.6138888888888889,0.7529812606473595
1.001827,0.6147426981919333,0.7529812606473595
1.002483,0.6155988857938719,0.7529812606473595
1.003097,0.6164574616457462,0.7529812606473595
1.003243,0.61731843575419,0.7529812606473595
1.003307,0.6181818181818182,0.7529812606473595
1.00087,0.611878453038674,0.7546848381601363
1.001019,0.6127247579529738,0.7546848381601363
1.001115,0.6135734072022161,0.7546848381601363
1.001315,0.6144244105409153,0.7546848381601363
1.000705,0.6124137931034482,0.7563884156729132
0.999093,0.6095890410958904,0.75809199318569
0.999226,0.6104252400548696,0.75809199318569
0.999636,0.6112637362637363,0.75809199318569
0.999817,0.6121045392022009,0.75809199318569
1.00053,0.6129476584022039,0.75809199318569
0.998204,0.6101231190150479,0.7597955706984668
0.993681,0.6073369565217391,0.7614991482112436
0.994697,0.6081632653061224,0.7614991482112436
0.996566,0.6089918256130791,0.7614991482112436
0.996831,0.6098226466575716,0.7614991482112436
0.997337,0.610655737704918,0.7614991482112436
0.990187,0.6054054054054054,0.7632027257240205
0.991507,0.6062246278755075,0.7632027257240205
0.991631,0.6070460704607046,0.7632027257240205
0.992824,0.6078697421981004,0.7632027257240205
0.989149,0.605121293800539,0.7649063032367973
0.990088,0.6059379217273954,0.7649063032367973
0.988752,0.6056527590847914,0.7666098807495741
0.985776,0.6005326231691078,0.768313458262351
0.985802,0.6013333333333334,0.768313458262351
0.986106,0.6021361815754339,0.768313458262351
0.986259,0.6029411764705882,0.768313458262351
0.986351,0.6037483266398929,0.768313458262351
0.986654,0.6045576407506702,0.768313458262351
0.987074,0.6053691275167785,0.768313458262351
0.987981,0.6061827956989247,0.768313458262351
0.985378,0.5994694960212201,0.7700170357751278
0.985463,0.600265604249668,0.7700170357751278
0.985471,0.601063829787234,0.7700170357751278
0.985109,0.6,0.7717206132879046
0.982192,0.5958005249343832,0.7734241908006815
0.982339,0.5965834428383706,0.7734241908006815
0.982918,0.5973684210526315,0.7734241908006815
0.983247,0.5981554677206851,0.7734241908006815
0.983566,0.5989445910290238,0.7734241908006815
0.984201,0.5997357992073976,0.7734241908006815
0.984294,0.6005291005291006,0.7734241908006815
0.98069,0.5939947780678851,0.7751277683134583
0.980768,0.5947712418300654,0.7751277683134583
0.980961,0.5955497382198953,0.7751277683134583
0.981201,0.5963302752293578,0.7751277683134583
0.980535,0.5945241199478487,0.7768313458262351
0.980144,0.5950520833333334,0.778534923339012
0.979925,0.5948051948051948,0.7802385008517888
0.977085,0.5937904269081501,0.7819420783645656
0.97722,0.594559585492228,0.7819420783645656
0.977631,0.5953307392996109,0.7819420783645656
0.973628,0.5867346938775511,0.7836456558773425
0.973692,0.5874840357598978,0.7836456558773425
0.973802,0.5882352941176471,0.7836456558773425
0.973906,0.58898847631242,0.7836456558773425
0.974019,0.5897435897435898,0.7836456558773425
0.97542,0.5905006418485238,0.7836456558773425
0.976073,0.5912596401028277,0.7836456558773425
0.976479,0.592020592020592,0.7836456558773425
0.976706,0.5927835051546392,0.7836456558773425
0.977033,0.5935483870967742,0.7836456558773425
0.977037,0.5943152454780362,0.7836456558773425
0.972776,0.5842839036755386,0.7853492333901193
0.972812,0.5850253807106599,0.7853492333901193
0.973013,0.5857687420584498,0.7853492333901193
0.973208,0.5865139949109415,0.7853492333901193
0.973252,0.5872611464968153,0.7853492333901193
0.972547,0.584070796460177,0.787052810902896
0.97277,0.5848101265822785,0.787052810902896
0.971037,0.5794743429286608,0.7887563884156729
0.97117,0.5802005012531328,0.7887563884156729
0.971363,0.5809284818067754,0.7887563884156729
0.971403,0.5816582914572864,0.7887563884156729
0.972062,0.5823899371069182,0.7887563884156729
0.972136,0.5831234256926953,0.7887563884156729
0.972323,0.5838587641866331,0.7887563884156729
0.972386,0.5845959595959596,0.7887563884156729
0.970324,0.5785536159600998,0.7904599659284497
0.970351,0.5792759051186017,0.7904599659284497
0.970486,0.58,0.7904599659284497
0.97012,0.5790784557907845,0.7921635434412265
0.969755,0.5781637717121588,0.7938671209540034
0.969835,0.5788819875776398,0.7938671209540034
0.969944,0.5796019900497512,0.7938671209540034
0.967307,0.5751231527093597,0.7955706984667802
0.967439,0.5758323057953144,0.7955706984667802
0.967703,0.5765432098765432,0.7955706984667802
0.96788,0.5772558714462299,0.7955706984667802
0.968543,0.5779702970297029,0.7955706984667802
0.969649,0.5786864931846345,0.7955706984667802
0.967115,0.5756457564575646,0.797274275979557
0.966878,0.5761670761670762,0.7989778534923339
0.965801,0.5752753977968176,0.8006814310051107
0.966689,0.5759803921568627,0.8006814310051107
0.966863,0.5766871165644172,0.8006814310051107
0.963221,0.5709090909090909,0.8023850085178875
0.963348,0.5716019417475728,0.8023850085178875
0.963518,0.5722964763061968,0.8023850085178875
0.963538,0.572992700729927,0.8023850085178875
0.963599,0.5736906211936662,0.8023850085178875
0.963621,0.574390243902439,0.8023850085178875
0.963901,0.575091575091575,0.8023850085178875
0.964803,0.5757946210268948,0.8023850085178875
0.962893,0.5707376058041113,0.8040885860306644
0.963073,0.5714285714285714,0.8040885860306644
0.960661,0.5685096153846154,0.8057921635434412
0.96177,0.5691937424789411,0.8057921635434412
0.962491,0.5698795180722892,0.8057921635434412
0.962602,0.5705669481302774,0.8057921635434412
0.962702,0.571256038647343,0.8057921635434412
0.957783,0.5629453681710214,0.807495741056218
0.958162,0.5636147443519619,0.807495741056218
0.95882,0.5642857142857143,0.807495741056218
0.959273,0.564958283671037,0.807495741056218
0.95956,0.5656324582338902,0.807495741056218
0.959666,0.5663082437275986,0.807495741056218
0.960033,0.5669856459330144,0.807495741056218
0.960215,0.5676646706586826,0.807495741056218
0.960549,0.5683453237410072,0.807495741056218
0.960574,0.5690276110444178,0.807495741056218
0.955537,0.5581668625146886,0.8091993185689949
0.955827,0.5588235294117647,0.8091993185689949
0.955952,0.5594817432273262,0.8091993185689949
0.956079,0.5601415094339622,0.8091993185689949
0.956251,0.5608028335301063,0.8091993185689949
0.956641,0.5614657210401891,0.8091993185689949
0.95689,0.5621301775147929,0.8091993185689949
0.957546,0.5627962085308057,0.8091993185689949
0.957596,0.5634638196915777,0.8091993185689949
0.953822,0.5560747663551402,0.8109028960817717
0.95449,0.5567251461988304,0.8109028960817717
0.954914,0.5573770491803278,0.8109028960817717
0.95521,0.5580304806565064,0.8109028960817717
0.955328,0.5586854460093896,0.8109028960817717
0.953606,0.5565927654609102,0.8126064735945485
0.951813,0.5564610011641443,0.8143100511073254
0.951909,0.5571095571095571,0.8143100511073254
0.949903,0.5556844547563805,0.8160136286201022
0.951629,0.5563298490127758,0.8160136286201022
0.951743,0.5569767441860465,0.8160136286201022
0.94775,0.5523590333716916,0.817717206132879
0.948309,0.5529953917050692,0.817717206132879
0.94845,0.5536332179930796,0.817717206132879
0.948526,0.5542725173210161,0.817717206132879
0.949097,0.5549132947976878,0.817717206132879
0.949424,0.5555555555555556,0.817717206132879
0.949547,0.5561993047508691,0.817717206132879
0.947452,0.5522388059701493,0.8194207836456558
0.947481,0.5528735632183908,0.8194207836456558
0.946828,0.5527522935779816,0.8211243611584327
0.945196,0.5501138952164009,0.8228279386712095
0.945904,0.5507411630558723,0.8228279386712095
0.946134,0.5513698630136986,0.8228279386712095
0.946275,0.552,0.8228279386712095
0.946681,0.5526315789473685,0.8228279386712095
0.946758,0.5532646048109966,0.8228279386712095
0.944347,0.5487528344671202,0.8245315161839863
0.944441,0.5493757094211124,0.8245315161839863
0.944625,0.55,0.8245315161839863
0.945036,0.5506257110352674,0.8245315161839863
0.942481,0.5461711711711712,0.8262350936967632
0.942627,0.5467869222096956,0.8262350936967632
0.942883,0.5474040632054176,0.8262350936967632
0.943525,0.5480225988700564,0.8262350936967632
0.943994,0.5486425339366516,0.8262350936967632
0.944131,0.549263873159683,0.8262350936967632
0.940239,0.5430167597765363,0.82793867120954
0.94042,0.5436241610738255,0.82793867120954
0.940434,0.5442329227323628,0.82793867120954
0.940617,0.5448430493273543,0.82793867120954
0.940666,0.5454545454545454,0.82793867120954
0.941112,0.5460674157303371,0.82793867120954
0.941701,0.5466816647919011,0.82793867120954
0.938407,0.5411111111111111,0.8296422487223168
0.938714,0.5417130144605117,0.8296422487223168
0.938748,0.5423162583518931,0.8296422487223168
0.939117,0.5429208472686734,0.8296422487223168
0.940027,0.5435267857142857,0.8296422487223168
0.937573,0.541019955654102,0.8313458262350937
0.937983,0.5416204217536071,0.8313458262350937
0.935176,0.5379537953795379,0.8330494037478705
0.935787,0.538546255506608,0.8330494037478705
0.936451,0.5391400220507166,0.8330494037478705
0.936486,0.5397350993377483,0.8330494037478705
0.936491,0.5403314917127072,0.8330494037478705
0.936659,0.540929203539823,0.8330494037478705
0.93739,0.5415282392026578,0.8330494037478705
0.929224,0.5263157894736842,0.8347529812606473
0.929269,0.5268817204301075,0.8347529812606473
0.929345,0.527448869752422,0.8347529812606473
0.929831,0.5280172413793104,0.8347529812606473
0.930018,0.5285868392664509,0.8347529812606473
0.930582,0.5291576673866091,0.8347529812606473
0.930983,0.5297297297297298,0.8347529812606473
0.931126,0.5303030303030303,0.8347529812606473
0.931159,0.5308775731310943,0.8347529812606473
0.931825,0.5314533622559653,0.8347529812606473
0.932144,0.5320304017372421,0.8347529812606473
0.932254,0.532608695652174,0.8347529812606473
0.932655,0.5331882480957563,0.8347529812606473
0.932937,0.5337690631808278,0.8347529812606473
0.933433,0.5343511450381679,0.8347529812606473
0.933437,0.5349344978165939,0.8347529812606473
0.933452,0.5355191256830601,0.8347529812606473
0.933734,0.5361050328227571,0.8347529812606473
0.934451,0.5366922234392114,0.8347529812606473
0.934817,0.5372807017543859,0.8347529812606473
0.9349,0.5378704720087816,0.8347529812606473
0.934991,0.5384615384615384,0.8347529812606473
0.929114,0.5262593783494105,0.8364565587734242
0.929157,0.526824034334764,0.8364565587734242
0.927853,0.5250800426894343,0.838160136286201
0.928283,0.5256410256410257,0.838160136286201
0.928702,0.5262032085561498,0.838160136286201
0.928742,0.5267665952890792,0.838160136286201
0.92713,0.5250266240681576,0.8398637137989778
0.927646,0.5255863539445629,0.8398637137989778
0.925575,0.5238600212089077,0.8415672913117547
0.926065,0.524416135881104,0.8415672913117547
0.926641,0.5249734325185972,0.8415672913117547
0.927105,0.5255319148936171,0.8415672913117547
0.923966,0.5216016859852476,0.8432708688245315
0.924251,0.5221518987341772,0.8432708688245315
0.92427,0.5227032734952481,0.8432708688245315
0.925017,0.5232558139534884,0.8432708688245315
0.925058,0.5238095238095238,0.8432708688245315
0.925115,0.524364406779661,0.8432708688245315
0.92245,0.5193717277486911,0.8449744463373083
0.92281,0.519916142557652,0.8449744463373083
0.922883,0.5204616998950682,0.8449744463373083
0.923057,0.5210084033613446,0.8449744463373083
0.923348,0.5215562565720294,0.8449744463373083
0.92385,0.5221052631578947,0.8449744463373083
0.922052,0.5198744769874477,0.8466780238500852
0.920366,0.5176715176715176,0.848381601362862
0.920955,0.518210197710718,0.848381601362862
0.92156,0.51875,0.848381601362862
0.921662,0.5192909280500522,0.848381601362862
0.921671,0.5198329853862212,0.848381601362862
0.921715,0.5203761755485894,0.848381601362862
0.916857,0.5144329896907216,0.8500851788756388
0.917183,0.5149638802889577,0.8500851788756388
0.917575,0.515495867768595,0.8500851788756388
0.917948,0.516028955532575,0.8500851788756388
0.918802,0.5165631469979296,0.8500851788756388
0.91916,0.5170984455958549,0.8500851788756388
0.919587,0.5176348547717843,0.8500851788756388
0.92021,0.5181723779854621,0.8500851788756388
0.914355,0.508646998982706,0.8517887563884157
0.914695,0.5091649694501018,0.8517887563884157
0.915155,0.509683995922528,0.8517887563884157
0.915347,0.5102040816326531,0.8517887563884157
0.915481,0.5107252298263534,0.8517887563884157
0.915834,0.5112474437627812,0.8517887563884157
0.915953,0.5117707267144319,0.8517887563884157
0.916006,0.5122950819672131,0.8517887563884157
0.91603,0.5128205128205128,0.8517887563884157
0.916412,0.5133470225872689,0.8517887563884157
0.916566,0.513874614594039,0.8517887563884157
0.916678,0.51440329218107,0.8517887563884157
0.91677,0.5149330587023687,0.8517887563884157
0.913457,0.507085020242915,0.8534923339011925
0.913918,0.5075987841945289,0.8534923339011925
0.914151,0.5081135902636917,0.8534923339011925
0.914199,0.5086294416243655,0.8534923339011925
0.914276,0.5091463414634146,0.8534923339011925
0.912503,0.5070707070707071,0.8551959114139693
0.912934,0.5075834175935288,0.8551959114139693
0.91114,0.5045135406218656,0.8568994889267462
0.911557,0.5050200803212851,0.8568994889267462
0.911811,0.5055276381909548,0.8568994889267462
0.91184,0.506036217303823,0.8568994889267462
0.912004,0.5065458207452165,0.8568994889267462
0.912186,0.5070564516129032,0.8568994889267462
0.912455,0.5075681130171544,0.8568994889267462
0.908268,0.499009900990099,0.858603066439523
0.908735,0.49950445986124875,0.858603066439523
0.909246,0.5,0.858603066439523
0.909457,0.5004965243296922,0.858603066439523
0.909717,0.5009940357852882,0.858603066439523
0.909794,0.5014925373134328,0.858603066439523
0.909825,0.50199203187251,0.858603066439523
0.909844,0.5024925224327019,0.858603066439523
0.909906,0.5029940119760479,0.858603066439523
0.909953,0.5034965034965035,0.858603066439523
0.909971,0.504,0.858603066439523
0.910355,0.5045045045045045,0.858603066439523
0.910958,0.5050100200400801,0.858603066439523
0.905914,0.49655850540806296,0.8603066439522998
0.906479,0.4970472440944882,0.8603066439522998
0.906512,0.4975369458128079,0.8603066439522998
0.906848,0.4980276134122288,0.8603066439522998
0.907465,0.49851924975320827,0.8603066439522998
0.907693,0.4990118577075099,0.8603066439522998
0.908077,0.49950544015825915,0.8603066439522998
0.903754,0.49510763209393344,0.8620102214650767
0.903838,0.49559255631733595,0.8620102214650767
0.903898,0.49607843137254903,0.8620102214650767
0.905719,0.49656526005888124,0.8620102214650767
0.905824,0.49705304518664045,0.8620102214650767
0.903722,0.49560117302052786,0.8637137989778535
0.901895,0.49416342412451364,0.8654173764906303
0.902778,0.4946445959104187,0.8654173764906303
0.90281,0.4951267056530214,0.8654173764906303
0.903214,0.49560975609756097,0.8654173764906303
0.903614,0.49609375,0.8654173764906303
0.899582,0.4927395934172314,0.8671209540034072
0.9,0.4932170542635659,0.8671209540034072
0.900301,0.49369544131910764,0.8671209540034072
0.900769,0.4941747572815534,0.8671209540034072
0.901305,0.4946550048590865,0.8671209540034072
0.896697,0.4899135446685879,0.868824531516184
0.89688,0.49038461538461536,0.868824531516184
0.89713,0.49085659287776706,0.868824531516184
0.897744,0.4913294797687861,0.868824531516184
0.897806,0.4918032786885246,0.868824531516184
0.898012,0.4922779922779923,0.868824531516184
0.898394,0.4927536231884058,0.868824531516184
0.899283,0.4932301740812379,0.868824531516184
0.896497,0.4899328859060403,0.8705281090289608
0.896579,0.4904030710172745,0.8705281090289608
0.893195,0.4871550903901047,0.8722316865417377
0.893244,0.4876190476190476,0.8722316865417377
0.893597,0.4880838894184938,0.8722316865417377
0.89375,0.48854961832061067,0.8722316865417377
0.894056,0.4890162368672397,0.8722316865417377
0.895275,0.4894837476099426,0.8722316865417377
0.895363,0.48995215311004786,0.8722316865417377
0.895641,0.4904214559386973,0.8722316865417377
0.886491,0.4803370786516854,0.8739352640545145
0.886797,0.48078725398313027,0.8739352640545145
0.887114,0.4812382739212008,0.8739352640545145
0.887224,0.48169014084507045,0.8739352640545145
0.887456,0.48214285714285715,0.8739352640545145
0.88754,0.4825964252116651,0.8739352640545145
0.888812,0.4830508474576271,0.8739352640545145
0.889817,0.48350612629594725,0.8739352640545145
0.889994,0.4839622641509434,0.8739352640545145
0.890032,0.48441926345609065,0.8739352640545145
0.890041,0.4848771266540643,0.8739352640545145
0.890297,0.4853358561967833,0.8739352640545145
0.890817,0.48579545454545453,0.8739352640545145
0.891737,0.48625592417061614,0.8739352640545145
0.891866,0.48671726755218214,0.8739352640545145
0.891925,0.48717948717948717,0.8739352640545145
0.892836,0.4876425855513308,0.8739352640545145
0.884208,0.47725162488393685,0.8756388415672913
0.884399,0.47769516728624534,0.8756388415672913
0.88466,0.4781395348837209,0.8756388415672913
0.884875,0.478584729981378,0.8756388415672913
0.884918,0.4790307548928239,0.8756388415672913
0.885099,0.47947761194029853,0.8756388415672913
0.885161,0.47992530345471524,0.8756388415672913
0.885249,0.4803738317757009,0.8756388415672913
0.885455,0.480823199251637,0.8756388415672913
0.882169,0.47421731123388583,0.8773424190800682
0.882184,0.47465437788018433,0.8773424190800682
0.882612,0.47509225092250923,0.8773424190800682
0.882766,0.4755309325946445,0.8773424190800682
0.882812,0.47597042513863214,0.8773424190800682
0.882894,0.47641073080481033,0.8773424190800682
0.883282,0.47685185185185186,0.8773424190800682
0.883938,0.4772937905468026,0.8773424190800682
0.884128,0.4777365491651206,0.8773424190800682
0.881549,0.47296058661778184,0.879045996592845
0.881767,0.47339449541284406,0.879045996592845
0.881777,0.4738292011019284,0.879045996592845
0.88194,0.4742647058823529,0.879045996592845
0.88207,0.47470101195952163,0.879045996592845
0.88152,0.4734432234432234,0.8807495741056218
0.880103,0.4713375796178344,0.8824531516183987
0.880317,0.47176684881602915,0.8824531516183987
0.880451,0.47219690063810393,0.8824531516183987
0.880495,0.4726277372262774,0.8824531516183987
0.880656,0.4730593607305936,0.8824531516183987
0.880763,0.473491773308958,0.8824531516183987
0.881418,0.4739249771271729,0.8824531516183987
0.875334,0.4646374216651746,0.8841567291311755
0.875341,0.4650537634408602,0.8841567291311755
0.875835,0.4654708520179372,0.8841567291311755
0.876281,0.4658886894075404,0.8841567291311755
0.876624,0.46630727762803237,0.8841567291311755
0.876627,0.46672661870503596,0.8841567291311755
0.877698,0.4671467146714671,0.8841567291311755
0.877756,0.46756756756756757,0.8841567291311755
0.878462,0.46798917944093776,0.8841567291311755
0.878484,0.4684115523465704,0.8841567291311755
0.878807,0.46883468834688347,0.8841567291311755
0.879236,0.4692585895117541,0.8841567291311755
0.879391,0.46968325791855203,0.8841567291311755
0.879448,0.4701086956521739,0.8841567291311755
0.879633,0.47053490480507704,0.8841567291311755
0.879709,0.470961887477314,0.8841567291311755
0.879823,0.4713896457765668,0.8841567291311755
0.880045,0.4718181818181818,0.8841567291311755
0.873426,0.463871543264942,0.8858603066439523
0.874016,0.4642857142857143,0.8858603066439523
0.874793,0.4647006255585344,0.8858603066439523
0.874932,0.46511627906976744,0.8858603066439523
0.872705,0.464349376114082,0.8875638841567292
0.872635,0.46482635796972394,0.889267461669506
0.870559,0.4624226348364279,0.8909710391822828
0.870733,0.46283185840707963,0.8909710391822828
0.87074,0.4632418069087688,0.8909710391822828
0.871006,0.46365248226950356,0.8909710391822828
0.871259,0.4640638864241349,0.8909710391822828
0.872132,0.4644760213143872,0.8909710391822828
0.872388,0.4648888888888889,0.8909710391822828
0.872429,0.4653024911032028,0.8909710391822828
0.86968,0.4624889673433363,0.8926746166950597
0.870051,0.4628975265017668,0.8926746166950597
0.869493,0.46296296296296297,0.8943781942078365
0.869072,0.4630281690140845,0.8960817717206133
0.869258,0.46343612334801765,0.8960817717206133
0.863265,0.4574652777777778,0.8977853492333902
0.863331,0.4578627280625543,0.8977853492333902
0.863699,0.4582608695652174,0.8977853492333902
0.863911,0.4586597040905135,0.8977853492333902
0.864794,0.45905923344947736,0.8977853492333902
0.864923,0.4594594594594595,0.8977853492333902
0.865161,0.4598603839441536,0.8977853492333902
0.865198,0.46026200873362444,0.8977853492333902
0.86564,0.4606643356643357,0.8977853492333902
0.865975,0.46106736657917763,0.8977853492333902
0.866007,0.46147110332749564,0.8977853492333902
0.866762,0.4618755477651183,0.8977853492333902
0.866924,0.46228070175438596,0.8977853492333902
0.868047,0.4626865671641791,0.8977853492333902
0.868334,0.46309314586994726,0.8977853492333902
0.86869,0.4635004397537379,0.8977853492333902
0.860316,0.45478036175710596,0.899488926746167
0.860487,0.45517241379310347,0.899488926746167
0.860757,0.455565142364107,0.899488926746167
0.860769,0.45595854922279794,0.899488926746167
0.861098,0.45635263612791704,0.899488926746167
0.861405,0.45674740484429066,0.899488926746167
0.861758,0.45714285714285713,0.899488926746167
0.861981,0.45753899480069327,0.899488926746167
0.862482,0.45793581960104074,0.899488926746167
0.855391,0.4445378151260504,0.9011925042589438
0.855607,0.4449116904962153,0.9011925042589438
0.856046,0.4452861952861953,0.9011925042589438
0.85616,0.44566133108677336,0.9011925042589438
0.856365,0.4460370994940978,0.9011925042589438
0.85647,0.44641350210970465,0.9011925042589438
0.856554,0.4467905405405405,0.9011925042589438
0.856931,0.44716821639898563,0.9011925042589438
0.857232,0.44754653130287647,0.9011925042589438
0.857348,0.4479254868755292,0.9011925042589438
0.857415,0.4483050847457627,0.9011925042589438
0.85744,0.448685326547922,0.9011925042589438
0.85756,0.44906621392190155,0.9011925042589438
0.857602,0.4494477485131691,0.9011925042589438
0.857787,0.44982993197278914,0.9011925042589438
0.85785,0.4502127659574468,0.9011925042589438
0.858229,0.4505962521294719,0.9011925042589438
0.858455,0.45098039215686275,0.9011925042589438
0.858805,0.4513651877133106,0.9011925042589438
0.859183,0.4517506404782237,0.9011925042589438
0.859403,0.45213675213675214,0.9011925042589438
0.859548,0.4525235243798118,0.9011925042589438
0.85965,0.4529109589041096,0.9011925042589438
0.859832,0.45329905741216797,0.9011925042589438
0.85997,0.45368782161234994,0.9011925042589438
0.860076,0.45407725321888415,0.9011925042589438
0.860135,0.45446735395189003,0.9011925042589438
0.860198,0.4548581255374033,0.9011925042589438
0.860305,0.45524956970740105,0.9011925042589438
0.854643,0.4435146443514644,0.9028960817717206
0.854657,0.4438860971524288,0.9028960817717206
0.855023,0.44425817267393125,0.9028960817717206
0.855242,0.4446308724832215,0.9028960817717206
0.855349,0.4450041981528128,0.9028960817717206
0.853233,0.44286905754795663,0.9045996592844975
0.853783,0.44323873121869783,0.9045996592844975
0.853805,0.44360902255639095,0.9045996592844975
0.85427,0.4439799331103679,0.9045996592844975
0.852556,0.4425956738768719,0.9063032367972743
0.852947,0.44296419650291424,0.9063032367972743
0.853139,0.44333333333333336,0.9063032367972743
0.852237,0.4426910299003322,0.9080068143100511
0.85225,0.44305901911886947,0.9080068143100511
0.848524,0.4362745098039216,0.909710391822828
0.849105,0.4366312346688471,0.909710391822828
0.849463,0.4369885433715221,0.909710391822828
0.849548,0.43734643734643736,0.909710391822828
0.84967,0.4377049180327869,0.909710391822828
0.849936,0.4380639868744873,0.909710391822828
0.850241,0.43842364532019706,0.909710391822828
0.850426,0.4387838948233361,0.909710391822828
0.850506,0.43914473684210525,0.909710391822828
0.850651,0.43950617283950616,0.909710391822828
0.850675,0.43986820428336076,0.909710391822828
0.850749,0.4402308326463314,0.909710391822828
0.850872,0.4405940594059406,0.909710391822828
0.851025,0.44095788604459124,0.909710391822828
0.851277,0.4413223140495868,0.909710391822828
0.851303,0.44168734491315137,0.909710391822828
0.85133,0.4420529801324503,0.909710391822828
0.851454,0.4424192212096106,0.909710391822828
0.851702,0.4427860696517413,0.909710391822828
0.852204,0.44315352697095434,0.909710391822828
0.845354,0.43249797898140663,0.9114139693356048
0.845723,0.43284789644012944,0.9114139693356048
0.845814,0.4331983805668016,0.9114139693356048
0.846162,0.43354943273906,0.9114139693356048
0.846629,0.43390105433901055,0.9114139693356048
0.846653,0.4342532467532468,0.9114139693356048
0.846748,0.4346060113728676,0.9114139693356048
0.847275,0.4349593495934959,0.9114139693356048
0.847642,0.435313262815297,0.9114139693356048
0.847892,0.43566775244299677,0.9114139693356048
0.847984,0.4360228198859006,0.9114139693356048
0.848076,0.4363784665579119,0.9114139693356048
0.848294,0.43673469387755104,0.9114139693356048
0.843676,0.42948717948717946,0.9131175468483816
0.843715,0.429831595829992,0.9131175468483816
0.844218,0.4301765650080257,0.9131175468483816
0.844345,0.43052208835341366,0.9131175468483816
0.844535,0.43086816720257237,0.9131175468483816
0.844964,0.43121480289621883,0.9131175468483816
0.845056,0.43156199677938806,0.9131175468483816
0.845103,0.43190975020145045,0.9131175468483816
0.845121,0.432258064516129,0.9131175468483816
0.84525,0.43260694108151737,0.9131175468483816
0.845251,0.43295638126009695,0.9131175468483816
0.842361,0.42822966507177035,0.9148211243611585
0.842429,0.42857142857142855,0.9148211243611585
0.843135,0.4289137380191693,0.9148211243611585
0.843313,0.4292565947242206,0.9148211243611585
0.843433,0.4296,0.9148211243611585
0.843634,0.4299439551641313,0.9148211243611585
0.829393,0.4085041761579347,0.9165247018739353
0.83022,0.4088145896656535,0.9165247018739353
0.830266,0.4091254752851711,0.9165247018739353
0.830882,0.4094368340943683,0.9165247018739353
0.831141,0.4097486671744098,0.9165247018739353
0.831392,0.4100609756097561,0.9165247018739353
0.831422,0.410373760488177,0.9165247018739353
0.831461,0.41068702290076337,0.9165247018739353
0.831502,0.4110007639419404,0.9165247018739353
0.83173,0.41131498470948014,0.9165247018739353
0.831796,0.41162968630451413,0.9165247018739353
0.831912,0.4119448698315467,0.9165247018739353
0.831996,0.41226053639846744,0.9165247018739353
0.832116,0.4125766871165644,0.9165247018739353
0.832239,0.4128933231005372,0.9165247018739353
0.832575,0.41321044546851,0.9165247018739353
0.832855,0.41352805534204456,0.9165247018739353
0.833173,0.41384615384615386,0.9165247018739353
0.833629,0.41416474210931487,0.9165247018739353
0.833729,0.41448382126348227,0.9165247018739353
0.833797,0.41480339244410175,0.9165247018739353
0.834273,0.41512345679012347,0.9165247018739353
0.834277,0.41544401544401544,0.9165247018739353
0.834666,0.41576506955177744,0.9165247018739353
0.835331,0.41608662026295434,0.9165247018739353
0.835499,0.41640866873065013,0.9165247018739353
0.835759,0.41673121611154146,0.9165247018739353
0.835796,0.4170542635658915,0.9165247018739353
0.835825,0.417377812257564,0.9165247018739353
0.83649,0.41770186335403725,0.9165247018739353
0.836611,0.41802641802641805,0.9165247018739353
0.836771,0.41835147744945567,0.9165247018739353
0.837176,0.41867704280155643,0.9165247018739353
0.837714,0.4190031152647975,0.9165247018739353
0.837784,0.4193296960249415,0.9165247018739353
0.83794,0.41965678627145087,0.9165247018739353
0.838207,0.419984387197502,0.9165247018739353
0.83825,0.4203125,0.9165247018739353
0.838275,0.42064112587959346,0.9165247018739353
0.838311,0.4209702660406886,0.9165247018739353
0.838529,0.42129992169146435,0.9165247018739353
0.838596,0.4216300940438871,0.9165247018739353
0.838786,0.42196078431372547,0.9165247018739353
0.838827,0.42229199372056514,0.9165247018739353
0.838967,0.422623723487824,0.9165247018739353
0.839022,0.4229559748427673,0.9165247018739353
0.839084,0.4232887490165224,0.9165247018739353
0.839097,0.42362204724409447,0.9165247018739353
0.839099,0.4239558707643814,0.9165247018739353
0.839421,0.4242902208201893,0.9165247018739353
0.839472,0.4246250986582478,0.9165247018739353
0.840478,0.42496050552922593,0.9165247018739353
0.840522,0.425296442687747,0.9165247018739353
0.840534,0.42563291139240506,0.9165247018739353
0.840868,0.4259699129057799,0.9165247018739353
0.841158,0.42630744849445323,0.9165247018739353
0.841164,0.42664551942902457,0.9165247018739353
0.841306,0.42698412698412697,0.9165247018739353
0.841786,0.4273232724384432,0.9165247018739353
0.841928,0.4276629570747218,0.9165247018739353
0.842025,0.42800318217979316,0.9165247018739353
0.84204,0.428343949044586,0.9165247018739353
0.842246,0.42868525896414345,0.9165247018739353
0.82705,0.4070996978851964,0.9182282793867121
0.827325,0.40771558245083206,0.9182282793867121
0.828643,0.4080242240726722,0.9182282793867121
0.828651,0.4083333333333333,0.9182282793867121
0.82901,0.4086429112964367,0.9182282793867121
0.82924,0.40895295902883155,0.9182282793867121
0.824841,0.40570999248685197,0.919931856899489
0.825053,0.40601503759398494,0.919931856899489
0.82558,0.40632054176072235,0.919931856899489
0.825942,0.4066265060240964,0.919931856899489
0.826131,0.4069329314242653,0.919931856899489
0.826316,0.4072398190045249,0.919931856899489
0.826372,0.4075471698113208,0.919931856899489
0.822407,0.4028294862248697,0.9216354344122658
0.822787,0.40312965722801786,0.9216354344122658
0.823433,0.4034302759134974,0.9216354344122658
0.823674,0.40373134328358207,0.9216354344122658
0.823873,0.40403286034353997,0.9216354344122658
0.823918,0.40433482810164423,0.9216354344122658
0.824074,0.40463724756918473,0.9216354344122658
0.824167,0.40494011976047906,0.9216354344122658
0.824252,0.4052434456928839,0.9216354344122658
0.824268,0.40554722638680657,0.9216354344122658
0.824357,0.40585146286571644,0.9216354344122658
0.824471,0.40615615615615613,0.9216354344122658
0.821577,0.4023756495916852,0.9233390119250426
0.82166,0.4026745913818722,0.9233390119250426
0.822292,0.4029739776951673,0.9233390119250426
0.822359,0.40327380952380953,0.9233390119250426
0.821451,0.40281899109792285,0.9250425894378195
0.818367,0.40029433406916853,0.9267461669505963
0.81864,0.4005891016200295,0.9267461669505963
0.818665,0.40088430361090643,0.9267461669505963
0.819145,0.40117994100294985,0.9267461669505963
0.819547,0.4014760147601476,0.9267461669505963
0.819551,0.4017725258493353,0.9267461669505963
0.819592,0.402069475240207,0.9267461669505963
0.820295,0.40236686390532544,0.9267461669505963
0.820474,0.40266469282013323,0.9267461669505963
0.82106,0.40296296296296297,0.9267461669505963
0.821286,0.4032616753150482,0.9267461669505963
0.817041,0.39956011730205276,0.9284497444633731
0.817385,0.39985326485693323,0.9284497444633731
0.817407,0.4001468428781204,0.9284497444633731
0.817596,0.4004408523144746,0.9284497444633731
0.818279,0.4007352941176471,0.9284497444633731
0.815499,0.39883126369612854,0.9301533219761499
0.815538,0.3991228070175439,0.9301533219761499
0.816238,0.39941477688368693,0.9301533219761499
0.816948,0.39970717423133234,0.9301533219761499
0.817016,0.4,0.9301533219761499
0.814147,0.3978181818181818,0.9318568994889267
0.814158,0.39810771470160117,0.9318568994889267
0.814175,0.39839766933721776,0.9318568994889267
0.814318,0.39868804664723034,0.9318568994889267
0.814591,0.39897884755652807,0.9318568994889267
0.81515,0.39927007299270073,0.9318568994889267
0.811467,0.39481268011527376,0.9335604770017035
0.811498,0.39509733237202593,0.9335604770017035
0.811657,0.3953823953823954,0.9335604770017035
0.811702,0.3956678700361011,0.9335604770017035
0.811953,0.3959537572254335,0.9335604770017035
0.812102,0.3962400578452639,0.9335604770017035
0.812114,0.39652677279305354,0.9335604770017035
0.812408,0.39681390296886315,0.9335604770017035
0.812644,0.39710144927536234,0.9335604770017035
0.813456,0.397389412617839,0.9335604770017035
0.813473,0.397677793904209,0.9335604770017035
0.813834,0.39796659404502543,0.9335604770017035
0.813917,0.39825581395348836,0.9335604770017035
0.810565,0.39439655172413796,0.9352640545144804
0.810566,0.3946800862688713,0.9352640545144804
0.810668,0.3949640287769784,0.9352640545144804
0.811135,0.3952483801295896,0.9352640545144804
0.807684,0.39090262970859985,0.9369676320272572
0.807786,0.3911806543385491,0.9369676320272572
0.807819,0.3914590747330961,0.9369676320272572
0.80791,0.39173789173789175,0.9369676320272572
0.808035,0.3920171062009979,0.9369676320272572
0.808267,0.39229671897289586,0.9369676320272572
0.808305,0.39257673090649536,0.9369676320272572
0.808327,0.39285714285714285,0.9369676320272572
0.808517,0.39313795568263044,0.9369676320272572
0.808614,0.39341917024320455,0.9369676320272572
0.808912,0.3937007874015748,0.9369676320272572
0.809597,0.3939828080229226,0.9369676320272572
0.809687,0.3942652329749104,0.9369676320272572
0.809803,0.3945480631276901,0.9369676320272572
0.809916,0.3948312993539124,0.9369676320272572
0.806979,0.39078014184397164,0.938671209540034
0.806987,0.3910574875798439,0.938671209540034
0.807155,0.3913352272727273,0.938671209540034
0.806124,0.3901060070671378,0.9403747870528109
0.806351,0.39038189533239037,0.9403747870528109
0.80643,0.39065817409766457,0.9403747870528109
0.806532,0.3909348441926346,0.9403747870528109
0.80667,0.39121190644932674,0.9403747870528109
0.805588,0.3899858956276446,0.9420783645655877
0.805719,0.39026111503175726,0.9420783645655877
0.806119,0.3905367231638418,0.9420783645655877
0.80498,0.38986629134412387,0.9437819420783645
0.804998,0.3901408450704225,0.9437819420783645
0.805308,0.390415785764623,0.9437819420783645
0.804302,0.39002108222066056,0.9454855195911414
0.804937,0.39029535864978904,0.9454855195911414
0.79564,0.38186813186813184,0.9471890971039182
0.795855,0.38213058419243984,0.9471890971039182
0.796206,0.38239339752407153,0.9471890971039182
0.796586,0.3826565726083964,0.9471890971039182
0.796788,0.38292011019283745,0.9471890971039182
0.797026,0.383184011026878,0.9471890971039182
0.797086,0.383448275862069,0.9471890971039182
0.797194,0.3837129054520359,0.9471890971039182
0.797221,0.3839779005524862,0.9471890971039182
0.797352,0.38424326192121633,0.9471890971039182
0.79764,0.38450899031811897,0.9471890971039182
0.797671,0.3847750865051903,0.9471890971039182
0.797827,0.3850415512465374,0.9471890971039182
0.797937,0.3853083853083853,0.9471890971039182
0.797966,0.3855755894590846,0.9471890971039182
0.798283,0.38584316446911865,0.9471890971039182
0.79881,0.3861111111111111,0.9471890971039182
0.799097,0.3863794301598332,0.9471890971039182
0.799118,0.3866481223922114,0.9471890971039182
0.799824,0.3869171885873347,0.9471890971039182
0.8003,0.3871866295264624,0.9471890971039182
0.800334,0.38745644599303136,0.9471890971039182
0.800813,0.3877266387726639,0.9471890971039182
0.800966,0.38799720865317516,0.9471890971039182
0.801243,0.388268156424581,0.9471890971039182
0.801304,0.3885394828791055,0.9471890971039182
0.801944,0.3888111888111888,0.9471890971039182
0.802131,0.38908327501749473,0.9471890971039182
0.802654,0.38935574229691877,0.9471890971039182
0.803018,0.38962859145059564,0.9471890971039182
0.803266,0.3899018232819074,0.9471890971039182
0.803487,0.39017543859649123,0.9471890971039182
0.803957,0.3904494382022472,0.9471890971039182
0.789913,0.37891156462585035,0.948892674616695
0.789943,0.3791695030633084,0.948892674616695
0.790001,0.37942779291553136,0.948892674616695
0.790125,0.37968643490115883,0.948892674616695
0.790367,0.37994542974079126,0.948892674616695
0.790401,0.3802047781569966,0.948892674616695
0.791144,0.38046448087431695,0.948892674616695
0.791301,0.38072453861927547,0.948892674616695
0.791338,0.380984952120383,0.948892674616695
0.791602,0.3812457221081451,0.948892674616695
0.792005,0.3815068493150685,0.948892674616695
0.792879,0.38176833447566827,0.948892674616695
0.79409,0.3820301783264746,0.948892674616695
0.794473,0.3822923816060398,0.948892674616695
0.782833,0.37424547283702214,0.9505962521294719
0.782972,0.374496644295302,0.9505962521294719
0.783098,0.3747481531229013,0.9505962521294719
0.78317,0.375,0.9505962521294719
0.783487,0.37525218560860796,0.9505962521294719
0.783816,0.3755047106325707,0.9505962521294719
0.784575,0.37575757575757573,0.9505962521294719
0.784648,0.37601078167115903,0.9505962521294719
0.785204,0.37626432906271073,0.9505962521294719
0.785385,0.3765182186234818,0.9505962521294719
0.785426,0.37677245104659013,0.9505962521294719
0.785623,0.377027027027027,0.9505962521294719
0.786301,0.3772819472616633,0.9505962521294719
0.786762,0.37753721244925575,0.9505962521294719
0.787595,0.3777928232904536,0.9505962521294719
0.787681,0.3780487804878049,0.9505962521294719
0.788464,0.3783050847457627,0.9505962521294719
0.788755,0.378561736770692,0.9505962521294719
0.788866,0.3788187372708758,0.9505962521294719
0.78917,0.37907608695652173,0.9505962521294719
0.789753,0.37933378653976885,0.9505962521294719
0.780595,0.37266666666666665,0.9522998296422487
0.781192,0.37291527685123416,0.9522998296422487
0.781246,0.37316421895861146,0.9522998296422487
0.78156,0.37341349365397464,0.9522998296422487
0.781612,0.37366310160427807,0.9522998296422487
0.781732,0.3739130434782609,0.9522998296422487
0.781833,0.37416331994645247,0.9522998296422487
0.782637,0.3744139316811788,0.9522998296422487
0.782738,0.3746648793565684,0.9522998296422487
0.765427,0.359204618345093,0.9540034071550255
0.765436,0.3594351732991014,0.9540034071550255
0.766498,0.3596660244059088,0.9540034071550255
0.766618,0.35989717223650386,0.9540034071550255
0.767133,0.36012861736334406,0.9540034071550255
0.767262,0.36036036036036034,0.9540034071550255
0.767329,0.360592401802962,0.9540034071550255
0.767448,0.36082474226804123,0.9540034071550255
0.767486,0.3610573823339781,0.9540034071550255
0.767588,0.36129032258064514,0.9540034071550255
0.767639,0.3615235635894125,0.9540034071550255
0.767888,0.36175710594315247,0.9540034071550255
0.768262,0.36199095022624433,0.9540034071550255
0.768339,0.36222509702457956,0.9540034071550255
0.768418,0.36245954692556637,0.9540034071550255
0.768815,0.3626943005181347,0.9540034071550255
0.769161,0.36292935839274143,0.9540034071550255
0.769275,0.3631647211413748,0.9540034071550255
0.769406,0.36340038935756,0.9540034071550255
0.769444,0.36363636363636365,0.9540034071550255
0.769448,0.36387264457439894,0.9540034071550255
0.769675,0.3641092327698309,0.9540034071550255
0.77002,0.36434612882238127,0.9540034071550255
0.770364,0.3645833333333333,0.9540034071550255
0.770405,0.36482084690553745,0.9540034071550255
0.770466,0.3650586701434159,0.9540034071550255
0.770915,0.365296803652968,0.9540034071550255
0.771485,0.36553524804177545,0.9540034071550255
0.772559,0.36577400391900716,0.9540034071550255
0.772677,0.3660130718954248,0.9540034071550255
0.772909,0.36625245258338784,0.9540034071550255
0.773142,0.36649214659685864,0.9540034071550255
0.773145,0.366732154551408,0.9540034071550255
0.773501,0.3669724770642202,0.9540034071550255
0.773636,0.36721311475409835,0.9540034071550255
0.773869,0.3674540682414698,0.9540034071550255
0.774582,0.36769533814839134,0.9540034071550255
0.774771,0.3679369250985545,0.9540034071550255
0.774795,0.36817882971729127,0.9540034071550255
0.77508,0.3684210526315789,0.9540034071550255
0.775238,0.3686635944700461,0.9540034071550255
0.77557,0.3689064558629776,0.9540034071550255
0.775711,0.3691496374423204,0.9540034071550255
0.77585,0.36939313984168864,0.9540034071550255
0.775891,0.3696369636963696,0.9540034071550255
0.776058,0.36988110964332893,0.9540034071550255
0.776219,0.3701255783212161,0.9540034071550255
0.777417,0.37037037037037035,0.9540034071550255
0.777803,0.37061548643282594,0.9540034071550255
0.777916,0.3708609271523179,0.9540034071550255
0.778891,0.3711066931742876,0.9540034071550255
0.779015,0.3713527851458886,0.9540034071550255
0.779037,0.37159920371599203,0.9540034071550255
0.779472,0.37184594953519257,0.9540034071550255
0.779753,0.37209302325581395,0.9540034071550255
0.780038,0.3723404255319149,0.9540034071550255
0.780172,0.37258815701929476,0.9540034071550255
0.780277,0.37283621837549935,0.9540034071550255
0.780591,0.37308461025982675,0.9540034071550255
0.764523,0.3591549295774648,0.9557069846678024
0.764541,0.35938500960922487,0.9557069846678024
0.764952,0.3596153846153846,0.9557069846678024
0.764022,0.3593350383631714,0.9574105621805792
0.76416,0.35956493921944976,0.9574105621805792
0.755698,0.351875,0.959114139693356
0.756767,0.3520950594121326,0.959114139693356
0.756781,0.3523153942428035,0.959114139693356
0.756784,0.3525360050093926,0.959114139693356
0.756785,0.35275689223057644,0.959114139693356
0.756809,0.3529780564263323,0.959114139693356
0.756894,0.35319949811794227,0.959114139693356
0.757008,0.3534212178279975,0.959114139693356
0.757245,0.353643216080402,0.959114139693356
0.757321,0.3538654934003771,0.959114139693356
0.757586,0.3540880503144654,0.959114139693356
0.758094,0.35431088735053495,0.959114139693356
0.75846,0.35475740390674226,0.959114139693356
0.758518,0.35498108448928123,0.959114139693356
0.759298,0.35520504731861197,0.959114139693356
0.759619,0.35542929292929293,0.959114139693356
0.75977,0.3556538218572331,0.959114139693356
0.760394,0.3558786346396966,0.959114139693356
0.760522,0.35610373181530675,0.959114139693356
0.760753,0.35632911392405064,0.959114139693356
0.760778,0.3565547815072831,0.959114139693356
0.760814,0.3567807351077313,0.959114139693356
0.761426,0.35700697526949904,0.959114139693356
0.761895,0.35723350253807107,0.959114139693356
0.762282,0.3574603174603175,0.959114139693356
0.762301,0.3576874205844981,0.959114139693356
0.76234,0.357914812460267,0.959114139693356
0.762681,0.35814249363867684,0.959114139693356
0.762713,0.3583704646721833,0.959114139693356
0.76297,0.35859872611464966,0.959114139693356
0.763266,0.35882727852135116,0.959114139693356
0.763526,0.3590561224489796,0.959114139693356
0.763546,0.35928525845564774,0.959114139693356
0.763552,0.359514687100894,0.959114139693356
0.763997,0.3597444089456869,0.959114139693356
0.750765,0.3483631871525633,0.9608177172061328
0.750816,0.34857849196538937,0.9608177172061328
0.750845,0.34879406307977734,0.9608177172061328
0.751026,0.349009900990099,0.9608177172061328
0.751433,0.3492260061919505,0.9608177172061328
0.751645,0.34944237918215615,0.9608177172061328
0.752173,0.34965902045877245,0.9608177172061328
0.752502,0.34987593052109184,0.9608177172061328
0.752622,0.3500931098696462,0.9608177172061328
0.753297,0.35031055900621116,0.9608177172061328
0.753491,0.3505282784338098,0.9608177172061328
0.754201,0.35074626865671643,0.9608177172061328
0.754647,0.3509645301804605,0.9608177172061328
0.754734,0.35118306351183065,0.9608177172061328
0.754905,0.3514018691588785,0.9608177172061328
0.754999,0.3518402994385527,0.9608177172061328
0.7553,0.352059925093633,0.9608177172061328
0.755663,0.35227982510930667,0.9608177172061328
0.746524,0.34430225472273,0.9625212947189097
0.74696,0.3445121951219512,0.9625212947189097
0.74698,0.3447223917022575,0.9625212947189097
0.746993,0.34493284493284493,0.9625212947189097
0.747063,0.3451435552840562,0.9625212947189097
0.747754,0.34535452322738386,0.9625212947189097
0.748259,0.345565749235474,0.9625212947189097
0.7483,0.34577723378212977,0.9625212947189097
0.748356,0.34598897734231476,0.9625212947189097
0.748413,0.34620098039215685,0.9625212947189097
0.748811,0.3464132434089516,0.9625212947189097
0.748857,0.34662576687116564,0.9625212947189097
0.749243,0.34683855125844076,0.9625212947189097
0.749311,0.34705159705159705,0.9625212947189097
0.749348,0.34726490473263677,0.9625212947189097
0.749565,0.34747847478474786,0.9625212947189097
0.749595,0.3476923076923077,0.9625212947189097
0.749637,0.3479064039408867,0.9625212947189097
0.750386,0.348120764017252,0.9625212947189097
0.750568,0.34833538840937117,0.9625212947189097
0.750573,0.34855027760641577,0.9625212947189097
0.750691,0.3487654320987654,0.9625212947189097
0.74568,0.34386391251518833,0.9642248722316865
0.745685,0.34407294832826746,0.9642248722316865
0.745918,0.3442822384428224,0.9642248722316865
0.746184,0.3444917833231893,0.9642248722316865
0.746369,0.3447015834348356,0.9642248722316865
0.739663,0.33992805755395683,0.9659284497444633
0.739674,0.34013197360527897,0.9659284497444633
0.739812,0.3403361344537815,0.9659284497444633
0.739907,0.34054054054054056,0.9659284497444633
0.740489,0.3407451923076923,0.9659284497444633
0.740599,0.3409500901984366,0.9659284497444633
0.740692,0.34115523465703973,0.9659284497444633
0.740743,0.34136062612883805,0.9659284497444633
0.740907,0.34156626506024096,0.9659284497444633
0.741275,0.34177215189873417,0.9659284497444633
0.741452,0.34197828709288297,0.9659284497444633
0.741798,0.3421846710923355,0.9659284497444633
0.742188,0.3423913043478261,0.9659284497444633
0.74261,0.34259818731117825,0.9659284497444633
0.742635,0.34280532043530837,0.9659284497444633
0.743423,0.3430127041742287,0.9659284497444633
0.743573,0.3432203389830508,0.9659284497444633
0.744464,0.3434282253179891,0.9659284497444633
0.744926,0.34363636363636363,0.9659284497444633
0.745287,0.343844754396604,0.9659284497444633
0.745553,0.3440533980582524,0.9659284497444633
0.74557,0.3442622950819672,0.9659284497444633
0.739313,0.3397129186602871,0.9676320272572402
0.739336,0.3399162178336326,0.9676320272572402
0.739424,0.3401197604790419,0.9676320272572402
0.73953,0.3403235470341522,0.9676320272572402
0.737442,0.337485172004745,0.969335604770017
0.737542,0.3376854599406528,0.969335604770017
0.737618,0.33788598574821854,0.969335604770017
0.737675,0.33808674985145576,0.969335604770017
0.738407,0.33828775267538647,0.969335604770017
0.738497,0.33848899464604404,0.969335604770017
0.73872,0.3386904761904762,0.969335604770017
0.738863,0.33889219773674806,0.969335604770017
0.738959,0.3390941597139452,0.969335604770017
0.738993,0.3392963625521765,0.969335604770017
0.739088,0.3394988066825776,0.969335604770017
0.739217,0.3397014925373134,0.969335604770017
0.739242,0.33990442054958186,0.969335604770017
0.739261,0.3401075911536163,0.969335604770017
0.733301,0.3335283791691047,0.9710391822827938
0.733549,0.3337236533957845,0.9710391822827938
0.733573,0.3339191564147627,0.9710391822827938
0.733645,0.33411488862837047,0.9710391822827938
0.734187,0.3343108504398827,0.9710391822827938
0.734365,0.3345070422535211,0.9710391822827938
0.734919,0.3347034644744568,0.9710391822827938
0.735415,0.33490011750881316,0.9710391822827938
0.735457,0.3350970017636684,0.9710391822827938
0.735571,0.3352941176470588,0.9710391822827938
0.735647,0.33549146556798115,0.9710391822827938
0.73575,0.33568904593639576,0.9710391822827938
0.735783,0.33588685916322925,0.9710391822827938
0.73585,0.33608490566037735,0.9710391822827938
0.735978,0.336283185840708,0.9710391822827938
0.736037,0.3364817001180638,0.9710391822827938
0.736223,0.33668044890726523,0.9710391822827938
0.736654,0.33687943262411346,0.9710391822827938
0.736695,0.33707865168539325,0.9710391822827938
0.736937,0.33727810650887574,0.9710391822827938
0.736981,0.33747779751332146,0.9710391822827938
0.737311,0.33767772511848343,0.9710391822827938
0.737338,0.3378778897451097,0.9710391822827938
0.726433,0.3268460217515741,0.9727427597955707
0.726676,0.3270332187857961,0.9727427597955707
0.726796,0.3272206303724928,0.9727427597955707
0.727046,0.32740825688073394,0.9727427597955707
0.727297,0.32759609868043604,0.9727427597955707
0.727517,0.3277841561423651,0.9727427597955707
0.727553,0.327972429638139,0.9727427597955707
0.728086,0.3281609195402299,0.9727427597955707
0.728147,0.3283496262219667,0.9727427597955707
0.728196,0.3285385500575374,0.9727427597955707
0.728336,0.32872769142199193,0.9727427597955707
0.728479,0.3289170506912442,0.9727427597955707
0.728533,0.32910662824207493,0.9727427597955707
0.72896,0.3292964244521338,0.9727427597955707
0.728986,0.3294864396999423,0.9727427597955707
0.72957,0.32967667436489606,0.9727427597955707
0.72984,0.3298671288272675,0.9727427597955707
0.729927,0.33005780346820807,0.9727427597955707
0.730101,0.3302486986697513,0.9727427597955707
0.730135,0.3304398148148148,0.9727427597955707
0.730298,0.33063115228720324,0.9727427597955707
0.730333,0.3308227114716107,0.9727427597955707
0.730615,0.3310144927536232,0.9727427597955707
0.730764,0.33120649651972156,0.9727427597955707
0.730837,0.3313987231572838,0.9727427597955707
0.73122,0.3315911730545877,0.9727427597955707
0.731379,0.3317838466008135,0.9727427597955707
0.731483,0.3319767441860465,0.9727427597955707
0.731579,0.3321698662012798,0.9727427597955707
0.731892,0.33236321303841676,0.9727427597955707
0.732158,0.33255678509027375,0.9727427597955707
0.732555,0.3327505827505827,0.9727427597955707
0.732591,0.33294460641399415,0.9727427597955707
0.732609,0.3331388564760793,0.9727427597955707
0.73268,0.3333333333333333,0.9727427597955707
0.732798,0.33352803738317754,0.9727427597955707
0.732892,0.3337229690239626,0.9727427597955707
0.73327,0.3339181286549708,0.9727427597955707
0.724312,0.3253697383390216,0.9744463373083475
0.724423,0.3255549231644849,0.9744463373083475
0.724576,0.32574031890660593,0.9744463373083475
0.72462,0.32592592592592595,0.9744463373083475
0.724636,0.3261117445838084,0.9744463373083475
0.724693,0.3262977752424415,0.9744463373083475
0.724794,0.3264840182648402,0.9744463373083475
0.72488,0.32667047401484867,0.9744463373083475
0.725099,0.32685714285714285,0.9744463373083475
0.725741,0.3270440251572327,0.9744463373083475
0.726016,0.32723112128146453,0.9744463373083475
0.712545,0.3167495854063018,0.9761499148211243
0.71275,0.31692477876106195,0.9761499148211243
0.713257,0.3171001660210293,0.9761499148211243
0.713511,0.31727574750830567,0.9761499148211243
0.713603,0.3174515235457064,0.9761499148211243
0.713667,0.31762749445676275,0.9761499148211243
0.713698,0.3178036605657238,0.9761499148211243
0.713841,0.3179800221975583,0.9761499148211243
0.713854,0.3181565796779567,0.9761499148211243
0.713942,0.31833333333333336,0.9761499148211243
0.713979,0.3185102834908282,0.9761499148211243
0.714476,0.3186874304783092,0.9761499148211243
0.714531,0.31886477462437396,0.9761499148211243
0.71509,0.3190423162583519,0.9761499148211243
0.715606,0.3192200557103064,0.9761499148211243
0.715785,0.3193979933110368,0.9761499148211243
0.715938,0.3195761293920803,0.9761499148211243
0.716358,0.3197544642857143,0.9761499148211243
0.716398,0.31993299832495814,0.9761499148211243
0.716402,0.32011173184357544,0.9761499148211243
0.716475,0.320290665176076,0.9761499148211243
0.716705,0.32046979865771813,0.9761499148211243
0.717627,0.32064913262451034,0.9761499148211243
0.717711,0.32082866741321386,0.9761499148211243
0.717737,0.32100840336134456,0.9761499148211243
0.71816,0.3211883408071749,0.9761499148211243
0.718219,0.3213684800897364,0.9761499148211243
0.718232,0.32154882154882153,0.9761499148211243
0.718456,0.321729365524986,0.9761499148211243
0.718595,0.3219101123595506,0.9761499148211243
0.718773,0.3220910623946037,0.9761499148211243
0.719353,0.3222722159730034,0.9761499148211243
0.719572,0.32245357343837927,0.9761499148211243
0.719839,0.32263513513513514,0.9761499148211243
0.720175,0.3228169014084507,0.9761499148211243
0.720272,0.3229988726042841,0.9761499148211243
0.720592,0.32318104906937395,0.9761499148211243
0.721001,0.32336343115124155,0.9761499148211243
0.721655,0.3235460191981931,0.9761499148211243
0.721917,0.32372881355932204,0.9761499148211243
0.722101,0.323911814584511,0.9761499148211243
0.722231,0.3240950226244344,0.9761499148211243
0.722386,0.3242784380305603,0.9761499148211243
0.722403,0.3244620611551529,0.9761499148211243
0.722732,0.3246458923512748,0.9761499148211243
0.723156,0.32482993197278914,0.9761499148211243
0.723167,0.32501418037436186,0.9761499148211243
0.723451,0.32519863791146425,0.9761499148211243
0.724092,0.32538330494037476,0.9761499148211243
0.724126,0.3255681818181818,0.9761499148211243
0.724199,0.32575326890278566,0.9761499148211243
0.711661,0.3162534435261708,0.9778534923339012
0.711799,0.3164277839029768,0.9778534923339012
0.711853,0.3166023166023166,0.9778534923339012
0.712067,0.31677704194260486,0.9778534923339012
0.712375,0.3169519602429597,0.9778534923339012
0.712461,0.31712707182320443,0.9778534923339012
0.710952,0.3157605711147721,0.979557069846678
0.710996,0.3159340659340659,0.979557069846678
0.711582,0.3161077515118197,0.979557069846678
0.711583,0.3162816281628163,0.979557069846678
0.71159,0.31645569620253167,0.979557069846678
0.711623,0.31662995594713655,0.979557069846678
0.710463,0.3156164383561644,0.9812606473594548
0.710657,0.3157894736842105,0.9812606473594548
0.710727,0.31596269884805267,0.9812606473594548
0.7108,0.31613611416026344,0.9812606473594548
0.679383,0.2924480486568677,0.9829642248722317
0.679812,0.29259634888438135,0.9829642248722317
0.680009,0.29274479959411465,0.9829642248722317
0.680233,0.2928934010152284,0.9829642248722317
0.680281,0.2930421533773489,0.9829642248722317
0.680491,0.2931910569105691,0.9829642248722317
0.680802,0.29334011184544995,0.9829642248722317
0.680943,0.29348931841302134,0.9829642248722317
0.682007,0.29363867684478373,0.9829642248722317
0.682057,0.29378818737270873,0.9829642248722317
0.68212,0.29393785022924096,0.9829642248722317
0.682221,0.29408766564729866,0.9829642248722317
0.682382,0.29423763386027535,0.9829642248722317
0.682473,0.2943877551020408,0.9829642248722317
0.682705,0.2945380296069423,0.9829642248722317
0.683071,0.29468845760980594,0.9829642248722317
0.683209,0.29483903934593764,0.9829642248722317
0.683269,0.2949897750511247,0.9829642248722317
0.683597,0.2951406649616368,0.9829642248722317
0.684052,0.2952917093142272,0.9829642248722317
0.684339,0.2954429083461341,0.9829642248722317
0.684566,0.29574577139928243,0.9829642248722317
0.684793,0.2958974358974359,0.9829642248722317
0.684958,0.29604925602873267,0.9829642248722317
0.685229,0.2962012320328542,0.9829642248722317
0.68577,0.2963533641499743,0.9829642248722317
0.685875,0.2965056526207605,0.9829642248722317
0.686178,0.2966580976863753,0.9829642248722317
0.686264,0.2968106995884774,0.9829642248722317
0.686371,0.29696345856922285,0.9829642248722317
0.68648,0.29711637487126674,0.9829642248722317
0.68657,0.29726944873776406,0.9829642248722317
0.686836,0.29742268041237113,0.9829642248722317
0.687141,0.29757607013924703,0.9829642248722317
0.6873,0.2977296181630547,0.9829642248722317
0.687332,0.29788332472896234,0.9829642248722317
0.687358,0.2980371900826446,0.9829642248722317
0.687359,0.29819121447028424,0.9829642248722317
0.687468,0.2983453981385729,0.9829642248722317
0.68817,0.2984997413347129,0.9829642248722317
0.688361,0.29865424430641824,0.9829642248722317
0.688382,0.2988089073019161,0.9829642248722317
0.688517,0.2989637305699482,0.9829642248722317
0.688535,0.2991187143597719,0.9829642248722317
0.68855,0.2992738589211618,0.9829642248722317
0.688667,0.299429164504411,0.9829642248722317
0.689317,0.2995846313603323,0.9829642248722317
0.689423,0.29974025974025975,0.9829642248722317
0.689689,0.2998960498960499,0.9829642248722317
0.689971,0.3000520020800832,0.9829642248722317
0.690075,0.30020811654526536,0.9829642248722317
0.690144,0.30036439354502864,0.9829642248722317
0.690409,0.30052083333333335,0.9829642248722317
0.690483,0.3006774361646691,0.9829642248722317
0.690641,0.30083420229405633,0.9829642248722317
0.690819,0.30099113197704747,0.9829642248722317
0.690826,0.3011482254697286,0.9829642248722317
0.690873,0.3013054830287206,0.9829642248722317
0.690986,0.3014629049111808,0.9829642248722317
0.691016,0.30162049137480396,0.9829642248722317
0.691119,0.30177824267782427,0.9829642248722317
0.691127,0.3019361590790162,0.9829642248722317
0.691476,0.3020942408376963,0.9829642248722317
0.691734,0.30225248821372447,0.9829642248722317
0.691883,0.30241090146750527,0.9829642248722317
0.692005,0.3025694808599895,0.9829642248722317
0.692082,0.30272822665267574,0.9829642248722317
0.692179,0.30288713910761156,0.9829642248722317
0.692412,0.30304621848739494,0.9829642248722317
0.692674,0.30320546505517604,0.9829642248722317
0.692823,0.30336487907465826,0.9829642248722317
0.692899,0.3035244608100999,0.9829642248722317
0.69321,0.3036842105263158,0.9829642248722317
0.693293,0.30384412848867826,0.9829642248722317
0.69382,0.3040042149631191,0.9829642248722317
0.693932,0.30416447021613074,0.9829642248722317
0.694129,0.3043248945147679,0.9829642248722317
0.694141,0.30448548812664905,0.9829642248722317
0.69429,0.30464625131995776,0.9829642248722317
0.694382,0.3048071843634443,0.9829642248722317
0.694632,0.3049682875264271,0.9829642248722317
0.69489,0.3051295610787943,0.9829642248722317
0.695061,0.3052910052910053,0.9829642248722317
0.695093,0.3054526204340921,0.9829642248722317
0.695425,0.305614406779661,0.9829642248722317
0.695851,0.305776364599894,0.9829642248722317
0.696334,0.30593849416755037,0.9829642248722317
0.696381,0.30610079575596816,0.9829642248722317
0.696559,0.3062632696390658,0.9829642248722317
0.696722,0.3064259160913436,0.9829642248722317
0.696902,0.3065887353878852,0.9829642248722317
0.696908,0.3067517278043594,0.9829642248722317
0.697744,0.3069148936170213,0.9829642248722317
0.697784,0.3070782331027142,0.9829642248722317
0.697868,0.30724174653887115,0.9829642248722317
0.69797,0.30740543420351624,0.9829642248722317
0.699591,0.30756929637526653,0.9829642248722317
0.69967,0.30773333333333336,0.9829642248722317
0.700388,0.307897545357524,0.9829642248722317
0.701019,0.30806193272824345,0.9829642248722317
0.701161,0.30822649572649574,0.9829642248722317
0.7012,0.3083912346338856,0.9829642248722317
0.701318,0.3085561497326203,0.9829642248722317
0.70135,0.308721241305511,0.9829642248722317
0.701404,0.3088865096359743,0.9829642248722317
0.701597,0.3090519550080343,0.9829642248722317
0.701938,0.3092175777063237,0.9829642248722317
0.702037,0.3093833780160858,0.9829642248722317
0.702039,0.309549356223176,0.9829642248722317
0.70211,0.3097155126140633,0.9829642248722317
0.702154,0.3098818474758324,0.9829642248722317
0.702645,0.31004836109618483,0.9829642248722317
0.70268,0.3102150537634409,0.9829642248722317
0.703047,0.31038192576654117,0.9829642248722317
0.703411,0.31054897739504844,0.9829642248722317
0.703443,0.31071620893914914,0.9829642248722317
0.703477,0.3108836206896552,0.9829642248722317
0.70348,0.3110512129380054,0.9829642248722317
0.703582,0.3112189859762675,0.9829642248722317
0.703698,0.3113869400971398,0.9829642248722317
0.704316,0.31155507559395246,0.9829642248722317
0.704369,0.3117233927606699,0.9829642248722317
0.704591,0.31189189189189187,0.9829642248722317
0.705545,0.3120605732828556,0.9829642248722317
0.705568,0.31222943722943725,0.9829642248722317
0.70564,0.3123984840281538,0.9829642248722317
0.705734,0.3125677139761647,0.9829642248722317
0.705743,0.31273712737127374,0.9829642248722317
0.705846,0.3129067245119306,0.9829642248722317
0.705953,0.3130765056972328,0.9829642248722317
0.705975,0.3132464712269272,0.9829642248722317
0.706038,0.3134166214014123,0.9829642248722317
0.706258,0.3135869565217391,0.9829642248722317
0.706527,0.3137574768896139,0.9829642248722317
0.706633,0.31392818280739937,0.9829642248722317
0.706698,0.3140990745781165,0.9829642248722317
0.706786,0.3142701525054466,0.9829642248722317
0.706826,0.31444141689373295,0.9829642248722317
0.706846,0.31461286804798255,0.9829642248722317
0.707677,0.314784506273868,0.9829642248722317
0.707786,0.31495633187772926,0.9829642248722317
0.708221,0.3151283451665756,0.9829642248722317
0.708483,0.3153005464480874,0.9829642248722317
0.708908,0.3154729360306178,0.9829642248722317
0.709456,0.31564551422319476,0.9829642248722317
0.709642,0.3158182813355227,0.9829642248722317
0.710002,0.31599123767798465,0.9829642248722317
0.667294,0.28472906403940884,0.9846678023850085
0.667549,0.28486939379004433,0.9846678023850085
0.668187,0.28500986193293887,0.9846678023850085
0.668442,0.28515046867291566,0.9846678023850085
0.668498,0.28529121421520237,0.9846678023850085
0.668833,0.2854320987654321,0.9846678023850085
0.669602,0.2855731225296443,0.9846678023850085
0.66963,0.2857142857142857,0.9846678023850085
0.669717,0.2858555885262117,0.9846678023850085
0.669753,0.28599703117268677,0.9846678023850085
0.669946,0.2861386138613861,0.9846678023850085
0.669967,0.2862803368003962,0.9846678023850085
0.670113,0.28642220019821607,0.9846678023850085
0.670511,0.28656420426375806,0.9846678023850085
0.670965,0.2867063492063492,0.9846678023850085
0.670981,0.286848635235732,0.9846678023850085
0.671083,0.2869910625620655,0.9846678023850085
0.671323,0.28713363139592646,0.9846678023850085
0.671734,0.28727634194831014,0.9846678023850085
0.671738,0.2874191944306315,0.9846678023850085
0.67195,0.28756218905472636,0.9846678023850085
0.672154,0.28770532603285215,0.9846678023850085
0.67252,0.28784860557768926,0.9846678023850085
0.672526,0.2879920279023418,0.9846678023850085
0.672766,0.288135593220339,0.9846678023850085
0.673052,0.28827930174563593,0.9846678023850085
0.673903,0.2884231536926148,0.9846678023850085
0.673951,0.28856714927608584,0.9846678023850085
0.674194,0.2887112887112887,0.9846678023850085
0.67421,0.2888555722138931,0.9846678023850085
0.674383,0.289,0.9846678023850085
0.674452,0.2891445722861431,0.9846678023850085
0.674707,0.28928928928928926,0.9846678023850085
0.674764,0.28943415122684024,0.9846678023850085
0.67484,0.2895791583166333,0.9846678023850085
0.674868,0.28972431077694233,0.9846678023850085
0.674994,0.28986960882647944,0.9846678023850085
0.675311,0.29001505268439537,0.9846678023850085
0.675338,0.2901606425702811,0.9846678023850085
0.67564,0.29030637870416875,0.9846678023850085
0.675908,0.2904522613065327,0.9846678023850085
0.676586,0.2905982905982906,0.9846678023850085
0.676631,0.29074446680080485,0.9846678023850085
0.67679,0.29089079013588326,0.9846678023850085
0.676815,0.29103726082578046,0.9846678023850085
0.676858,0.291183879093199,0.9846678023850085
0.676993,0.2913306451612903,0.9846678023850085
0.677125,0.2914775592536561,0.9846678023850085
0.677399,0.29162462159434915,0.9846678023850085
0.677623,0.2917718324078748,0.9846678023850085
0.677746,0.2919191919191919,0.9846678023850085
0.678061,0.292066700353714,0.9846678023850085
0.678166,0.29221435793731043,0.9846678023850085
0.678208,0.29236216489630756,0.9846678023850085
0.678364,0.2925101214574899,0.9846678023850085
0.678437,0.29265822784810125,0.9846678023850085
0.679059,0.292806484295846,0.9846678023850085
0.658106,0.2807953443258972,0.9863713798977853
0.658229,0.28093158660844253,0.9863713798977853
0.658424,0.28106796116504856,0.9863713798977853
0.658648,0.28120446818844097,0.9863713798977853
0.658871,0.2813411078717201,0.9863713798977853
0.65916,0.2814778804083617,0.9863713798977853
0.659271,0.2816147859922179,0.9863713798977853
0.659437,0.28175182481751826,0.9863713798977853
0.659799,0.2818889970788705,0.9863713798977853
0.660353,0.2820263029712616,0.9863713798977853
0.660543,0.2821637426900585,0.9863713798977853
0.660549,0.28230131643100925,0.9863713798977853
0.660852,0.2824390243902439,0.9863713798977853
0.661178,0.28257686676427524,0.9863713798977853
0.661547,0.28271484375,0.9863713798977853
0.661592,0.2828529555446996,0.9863713798977853
0.66185,0.2829912023460411,0.9863713798977853
0.662203,0.28312958435207825,0.9863713798977853
0.662507,0.28326810176125244,0.9863713798977853
0.662762,0.2834067547723935,0.9863713798977853
0.663181,0.28354554358472084,0.9863713798977853
0.664057,0.28368446839784417,0.9863713798977853
0.664117,0.2838235294117647,0.9863713798977853
0.664677,0.2839627268268759,0.9863713798977853
0.665144,0.28410206084396467,0.9863713798977853
0.665687,0.28424153166421207,0.9863713798977853
0.665748,0.2843811394891945,0.9863713798977853
0.666054,0.28452088452088453,0.9863713798977853
0.666374,0.28466076696165193,0.9863713798977853
0.666524,0.28480078701426464,0.9863713798977853
0.666881,0.28494094488188976,0.9863713798977853
0.667232,0.28508124076809455,0.9863713798977853
0.640163,0.2703962703962704,0.9880749574105622
0.640216,0.27052238805970147,0.9880749574105622
0.640467,0.270648623425105,0.9880749574105622
0.640546,0.2707749766573296,0.9880749574105622
0.640582,0.270901447921532,0.9880749574105622
0.64088,0.27102803738317754,0.9880749574105622
0.641561,0.2711547452080411,0.9880749574105622
0.641711,0.27128157156220767,0.9880749574105622
0.641962,0.271408516612073,0.9880749574105622
0.6425,0.27153558052434457,0.9880749574105622
0.643231,0.2716627634660422,0.9880749574105622
0.643482,0.2717900656044986,0.9880749574105622
0.644066,0.2719174871073605,0.9880749574105622
0.64422,0.27204502814258913,0.9880749574105622
0.644336,0.2721726888784608,0.9880749574105622
0.644538,0.27230046948356806,0.9880749574105622
0.644827,0.2724283701268201,0.9880749574105622
0.644832,0.2725563909774436,0.9880749574105622
0.64553,0.27268453220498357,0.9880749574105622
0.645539,0.27281279397930386,0.9880749574105622
0.645811,0.27294117647058824,0.9880749574105622
0.645817,0.2730696798493409,0.9880749574105622
0.645976,0.2731983042863872,0.9880749574105622
0.646335,0.27332704995287466,0.9880749574105622
0.646557,0.27345591702027344,0.9880749574105622
0.646598,0.27358490566037735,0.9880749574105622
0.646649,0.2737140160453044,0.9880749574105622
0.646684,0.2738432483474976,0.9880749574105622
0.646772,0.273972602739726,0.9880749574105622
0.646776,0.2741020793950851,0.9880749574105622
0.646867,0.27423167848699764,0.9880749574105622
0.646877,0.27436140018921473,0.9880749574105622
0.647105,0.27449124467581637,0.9880749574105622
0.647146,0.2746212121212121,0.9880749574105622
0.647519,0.2747513027001421,0.9880749574105622
0.64754,0.27488151658767773,0.9880749574105622
0.647624,0.2750118539592224,0.9880749574105622
0.648335,0.27514231499051234,0.9880749574105622
0.648364,0.2752728998576175,0.9880749574105622
0.648366,0.2754036087369421,0.9880749574105622
0.648388,0.2755344418052256,0.9880749574105622
0.648571,0.27566539923954375,0.9880749574105622
0.648588,0.2757964812173086,0.9880749574105622
0.648707,0.2759276879162702,0.9880749574105622
0.648743,0.2760590195145169,0.9880749574105622
0.648878,0.2761904761904762,0.9880749574105622
0.649401,0.27632205812291566,0.9880749574105622
0.649574,0.27645376549094375,0.9880749574105622
0.649586,0.2765855984740105,0.9880749574105622
0.64975,0.2767175572519084,0.9880749574105622
0.649834,0.27684964200477324,0.9880749574105622
0.650262,0.276981852913085,0.9880749574105622
0.650486,0.2771141901576684,0.9880749574105622
0.650725,0.27724665391969405,0.9880749574105622
0.651366,0.2773792443806791,0.9880749574105622
0.651417,0.27751196172248804,0.9880749574105622
0.651827,0.27764480612733367,0.9880749574105622
0.652061,0.2777777777777778,0.9880749574105622
0.65207,0.27791087685673216,0.9880749574105622
0.652288,0.27804410354745923,0.9880749574105622
0.652338,0.27817745803357313,0.9880749574105622
0.652589,0.2783109404990403,0.9880749574105622
0.652924,0.2784445511281805,0.9880749574105622
0.653516,0.27857829010566765,0.9880749574105622
0.653688,0.2787121576165305,0.9880749574105622
0.653931,0.27884615384615385,0.9880749574105622
0.654288,0.278980278980279,0.9880749574105622
0.654709,0.2791145332050048,0.9880749574105622
0.654852,0.27924891670678864,0.9880749574105622
0.65504,0.279383429672447,0.9880749574105622
0.655428,0.27951807228915665,0.9880749574105622
0.655623,0.2796528447444552,0.9880749574105622
0.655913,0.27978774722624217,0.9880749574105622
0.655992,0.2799227799227799,0.9880749574105622
0.656174,0.2800579430226944,0.9880749574105622
0.656235,0.28019323671497587,0.9880749574105622
0.656264,0.2803286611889802,0.9880749574105622
0.656797,0.2804642166344294,0.9880749574105622
0.657155,0.28059990324141265,0.9880749574105622
0.657216,0.2807357212003872,0.9880749574105622
0.657541,0.28087167070217917,0.9880749574105622
0.658056,0.2810077519379845,0.9880749574105622
0.658082,0.28114396509936984,0.9880749574105622
0.614087,0.25730735163861823,0.989778534923339
0.614284,0.25742135578201153,0.989778534923339
0.614454,0.2575354609929078,0.989778534923339
0.614976,0.25764966740576495,0.989778534923339
0.615188,0.2577639751552795,0.989778534923339
0.615269,0.25787838437638705,0.989778534923339
0.61553,0.2579928952042629,0.989778534923339
0.615542,0.2581075077743225,0.989778534923339
0.615816,0.25822222222222224,0.989778534923339
0.615825,0.2583370386838595,0.989778534923339
0.615928,0.2584519572953737,0.989778534923339
0.616112,0.2585669781931464,0.989778534923339
0.616152,0.25868210151380233,0.989778534923339
0.61633,0.25879732739420935,0.989778534923339
0.61636,0.2589126559714795,0.989778534923339
0.616605,0.25902808738296923,0.989778534923339
0.616884,0.2591436217662801,0.989778534923339
0.616951,0.25925925925925924,0.989778534923339
0.616976,0.259375,0.989778534923339
0.617184,0.2594908441268423,0.989778534923339
0.617888,0.25960679177837354,0.989778534923339
0.618098,0.2597228430934287,0.989778534923339
0.61843,0.25983899821109124,0.989778534923339
0.618611,0.2599552572706935,0.989778534923339
0.618858,0.26007162041181736,0.989778534923339
0.619205,0.2601880877742947,0.989778534923339
0.619561,0.26030465949820786,0.989778534923339
0.620011,0.26042133572389065,0.989778534923339
0.620388,0.26053811659192827,0.989778534923339
0.620663,0.26065500224315835,0.989778534923339
0.620671,0.26077199281867147,0.989778534923339
0.620698,0.2608890884598114,0.989778534923339
0.620728,0.2610062893081761,0.989778534923339
0.620935,0.261123595505618,0.989778534923339
0.620964,0.2612410071942446,0.989778534923339
0.621032,0.2613585245164193,0.989778534923339
0.621106,0.26147614761476146,0.989778534923339
0.622064,0.26159387663214767,0.989778534923339
0.622103,0.2617117117117117,0.989778534923339
0.622109,0.2618296529968454,0.989778534923339
0.622118,0.26194770063119927,0.989778534923339
0.622155,0.2620658547586829,0.989778534923339
0.622191,0.2621841155234657,0.989778534923339
0.622374,0.26230248306997744,0.989778534923339
0.622645,0.2624209575429088,0.989778534923339
0.623215,0.26253953908721195,0.989778534923339
0.623297,0.2626582278481013,0.989778534923339
0.623907,0.26277702397105385,0.989778534923339
0.624214,0.26289592760180996,0.989778534923339
0.624785,0.26301493888637395,0.989778534923339
0.624871,0.26313405797101447,0.989778534923339
0.624875,0.2632532850022655,0.989778534923339
0.625456,0.2633726201269266,0.989778534923339
0.625566,0.2634920634920635,0.989778534923339
0.625781,0.2636116152450091,0.989778534923339
0.625965,0.2637312755333636,0.989778534923339
0.626593,0.26385104450499547,0.989778534923339
0.626892,0.2639709223080418,0.989778534923339
0.627415,0.2640909090909091,0.989778534923339
0.627635,0.26421100500227374,0.989778534923339
0.627701,0.2643312101910828,0.989778534923339
0.627855,0.26445152480655437,0.989778534923339
0.627924,0.2645719489981785,0.989778534923339
0.628022,0.26469248291571756,0.989778534923339
0.628053,0.2648131267092069,0.989778534923339
0.628099,0.2649338805289558,0.989778534923339
0.628306,0.26505474452554745,0.989778534923339
0.628664,0.26517571884984026,0.989778534923339
0.628804,0.26529680365296804,0.989778534923339
0.629601,0.2654179990863408,0.989778534923339
0.629754,0.2655393053016453,0.989778534923339
0.629905,0.26566072245084593,0.989778534923339
0.629914,0.26578225068618483,0.989778534923339
0.630441,0.26590389016018307,0.989778534923339
0.630468,0.266025641025641,0.989778534923339
0.63101,0.26614750343563903,0.989778534923339
0.63116,0.266269477543538,0.989778534923339
0.631741,0.26639156350298027,0.989778534923339
0.632507,0.2665137614678899,0.989778534923339
0.632642,0.2666360715924736,0.989778534923339
0.632649,0.2667584940312213,0.989778534923339
0.632706,0.26688102893890675,0.989778534923339
0.632711,0.26700367647058826,0.989778534923339
0.633343,0.2671264367816092,0.989778534923339
0.633558,0.2672493100275989,0.989778534923339
0.633565,0.26737229636447307,0.989778534923339
0.633738,0.26749539594843463,0.989778534923339
0.634027,0.2676186089359742,0.989778534923339
0.634723,0.267741935483871,0.989778534923339
0.63483,0.26786537574919317,0.989778534923339
0.63523,0.2679889298892989,0.989778534923339
0.635432,0.2681125980618366,0.989778534923339
0.636052,0.26823638042474607,0.989778534923339
0.6362,0.26836027713625865,0.989778534923339
0.636284,0.26848428835489835,0.989778534923339
0.636682,0.2686084142394822,0.989778534923339
0.63674,0.2687326549491212,0.989778534923339
0.636941,0.2688570106432207,0.989778534923339
0.637125,0.2689814814814815,0.989778534923339
0.63745,0.26910606762389994,0.989778534923339
0.637495,0.2692307692307692,0.989778534923339
0.637532,0.26935558646267965,0.989778534923339
0.637842,0.2694805194805195,0.989778534923339
0.638119,0.2696055684454756,0.989778534923339
0.638476,0.26973073351903437,0.989778534923339
0.638743,0.2698560148629819,0.989778534923339
0.638745,0.2699814126394052,0.989778534923339
0.638957,0.2701069270106927,0.989778534923339
0.63897,0.2702325581395349,0.989778534923339
0.63912,0.2703583061889251,0.989778534923339
0.63928,0.2704841713221601,0.989778534923339
0.639647,0.2706101537028412,0.989778534923339
0.640077,0.2707362534948742,0.989778534923339
0.607093,0.25326370757180156,0.9914821124361158
0.607159,0.2533739660426643,0.9914821124361158
0.607426,0.2534843205574913,0.9914821124361158
0.607554,0.25359477124183005,0.9914821124361158
0.607805,0.25370531822144726,0.9914821124361158
0.608426,0.25381596162232883,0.9914821124361158
0.608439,0.25392670157068065,0.9914821124361158
0.608574,0.25403753819292885,0.9914821124361158
0.608651,0.2541484716157205,0.9914821124361158
0.608676,0.254259501965924,0.9914821124361158
0.608678,0.2543706293706294,0.9914821124361158
0.608823,0.2544818539571491,0.9914821124361158
0.608901,0.2545931758530184,0.9914821124361158
0.609137,0.25470459518599564,0.9914821124361158
0.609385,0.2548161120840631,0.9914821124361158
0.609486,0.25492772667542707,0.9914821124361158
0.609691,0.25503943908851884,0.9914821124361158
0.609769,0.25515124945199474,0.9914821124361158
0.609809,0.25526315789473686,0.9914821124361158
0.610084,0.25537516454585346,0.9914821124361158
0.610091,0.25548726953467954,0.9914821124361158
0.610125,0.25559947299077734,0.9914821124361158
0.61016,0.2557117750439367,0.9914821124361158
0.610572,0.2558241758241758,0.9914821124361158
0.61063,0.2559366754617414,0.9914821124361158
0.611035,0.25604927408710954,0.9914821124361158
0.611266,0.25616197183098594,0.9914821124361158
0.611547,0.2562747688243065,0.9914821124361158
0.611598,0.2563876651982379,0.9914821124361158
0.611665,0.25650066108417807,0.9914821124361158
0.611765,0.2566137566137566,0.9914821124361158
0.611866,0.2567269519188355,0.9914821124361158
0.612282,0.25684024713150927,0.9914821124361158
0.612765,0.25695364238410595,0.9914821124361158
0.612917,0.2570671378091873,0.9914821124361158
0.61323,0.2571807335395493,0.9914821124361158
0.613708,0.2572944297082228,0.9914821124361158
0.61378,0.2574082264484741,0.9914821124361158
0.613856,0.2575221238938053,0.9914821124361158
0.613989,0.25763612217795484,0.9914821124361158
0.605492,0.25259965337954937,0.9931856899488927
0.605501,0.2527091460771565,0.9931856899488927
0.605589,0.25281873373807456,0.9931856899488927
0.60571,0.2529284164859002,0.9931856899488927
0.605825,0.2530381944444444,0.9931856899488927
0.606352,0.2531480677377334,0.9931856899488927
0.606581,0.25325803649000866,0.9931856899488927
0.606765,0.25336810082572797,0.9931856899488927
0.606911,0.2534782608695652,0.9931856899488927
0.606935,0.2535885167464115,0.9931856899488927
0.596783,0.2503214744963566,0.9948892674616695
0.597561,0.2504288164665523,0.9948892674616695
0.59846,0.25053625053625056,0.9948892674616695
0.599179,0.2506437768240343,0.9948892674616695
0.59943,0.2507513954486904,0.9948892674616695
0.600033,0.2508591065292096,0.9948892674616695
0.600608,0.2509669101847873,0.9948892674616695
0.601142,0.2510748065348237,0.9948892674616695
0.601712,0.2511827956989247,0.9948892674616695
0.601917,0.2512908777969019,0.9948892674616695
0.601925,0.2513990529487731,0.9948892674616695
0.602169,0.25150732127476316,0.9948892674616695
0.602633,0.2516156828953037,0.9948892674616695
0.602719,0.2517241379310345,0.9948892674616695
0.603012,0.25183268650280294,0.9948892674616695
0.60316,0.25194132873166525,0.9948892674616695
0.603182,0.25205006473888647,0.9948892674616695
0.603312,0.25215889464594127,0.9948892674616695
0.604107,0.252267818574514,0.9948892674616695
0.604429,0.25237683664649957,0.9948892674616695
0.604745,0.25248594898400345,0.9948892674616695
0.604957,0.25259515570934254,0.9948892674616695
0.604981,0.25270445694504545,0.9948892674616695
0.605328,0.2528138528138528,0.9948892674616695
0.605333,0.2529233434387181,0.9948892674616695
0.551535,0.23058730784391013,0.9965928449744463
0.552027,0.2306782334384858,0.9965928449744463
0.552133,0.23076923076923078,0.9965928449744463
0.552172,0.2308602999210734,0.9965928449744463
0.552351,0.2309514409790762,0.9965928449744463
0.552541,0.23104265402843602,0.9965928449744463
0.552806,0.23113393915448438,0.9965928449744463
0.552926,0.23122529644268774,0.9965928449744463
0.553076,0.2313167259786477,0.9965928449744463
0.553181,0.23140822784810128,0.9965928449744463
0.553214,0.23149980213692126,0.9965928449744463
0.553426,0.23159144893111638,0.9965928449744463
0.554179,0.2316831683168317,0.9965928449744463
0.554802,0.23177496038034864,0.9965928449744463
0.555151,0.2318668252080856,0.9965928449744463
0.555219,0.23195876288659795,0.9965928449744463
0.555351,0.23205077350257836,0.9965928449744463
0.555556,0.23214285714285715,0.9965928449744463
0.555657,0.23223501389440254,0.9965928449744463
0.555691,0.23232724384432088,0.9965928449744463
0.555694,0.232419547079857,0.9965928449744463
0.555962,0.23251192368839427,0.9965928449744463
0.556004,0.23260437375745527,0.9965928449744463
0.556139,0.23269689737470167,0.9965928449744463
0.556218,0.23278949462793475,0.9965928449744463
0.556234,0.23288216560509553,0.9965928449744463
0.556287,0.23297491039426524,0.9965928449744463
0.556296,0.23306772908366533,0.9965928449744463
0.556949,0.23316062176165803,0.9965928449744463
0.557227,0.2332535885167464,0.9965928449744463
0.557936,0.23334662943757478,0.9965928449744463
0.55801,0.23343974461292896,0.9965928449744463
0.558411,0.23353293413173654,0.9965928449744463
0.558501,0.2336261980830671,0.9965928449744463
0.558587,0.23371953655613265,0.9965928449744463
0.558658,0.23381294964028776,0.9965928449744463
0.558702,0.23390643742502998,0.9965928449744463
0.558744,0.234,0.9965928449744463
0.559205,0.234093637454982,0.9965928449744463
0.559443,0.23418734987990392,0.9965928449744463
0.559599,0.2342811373648378,0.9965928449744463
0.55969,0.234375,0.9965928449744463
0.559864,0.23446893787575152,0.9965928449744463
0.559913,0.23456295108259823,0.9965928449744463
0.559973,0.23465703971119134,0.9965928449744463
0.560031,0.23475120385232745,0.9965928449744463
0.560149,0.234845443596949,0.9965928449744463
0.560161,0.23493975903614459,0.9965928449744463
0.560173,0.23503415026114904,0.9965928449744463
0.560358,0.23512861736334406,0.9965928449744463
0.560473,0.23522316043425814,0.9965928449744463
0.560561,0.23531777956556718,0.9965928449744463
0.560881,0.23541247484909456,0.9965928449744463
0.56101,0.23550724637681159,0.9965928449744463
0.561607,0.2356020942408377,0.9965928449744463
0.561968,0.23569701853344077,0.9965928449744463
0.562246,0.23579201934703747,0.9965928449744463
0.562439,0.23588709677419356,0.9965928449744463
0.562456,0.23598225090762404,0.9965928449744463
0.562477,0.2360774818401937,0.9965928449744463
0.562658,0.23617278966491723,0.9965928449744463
0.56275,0.23626817447495962,0.9965928449744463
0.563189,0.23636363636363636,0.9965928449744463
0.563248,0.23645917542441391,0.9965928449744463
0.563432,0.23655479175090982,0.9965928449744463
0.563589,0.2366504854368932,0.9965928449744463
0.563853,0.2367462565762849,0.9965928449744463
0.564895,0.23684210526315788,0.9965928449744463
0.56506,0.23693803159173754,0.9965928449744463
0.565201,0.23703403565640194,0.9965928449744463
0.565232,0.2371301175516822,0.9965928449744463
0.565454,0.23722627737226276,0.9965928449744463
0.565543,0.23732251521298176,0.9965928449744463
0.56596,0.23741883116883117,0.9965928449744463
0.566036,0.23751522533495736,0.9965928449744463
0.566125,0.23761169780666125,0.9965928449744463
0.566583,0.23770824867939863,0.9965928449744463
0.566799,0.23780487804878048,0.9965928449744463
0.566866,0.2379015860105734,0.9965928449744463
0.567261,0.23799837266069976,0.9965928449744463
0.567285,0.23809523809523808,0.9965928449744463
0.568241,0.23819218241042345,0.9965928449744463
0.568512,0.23828920570264767,0.9965928449744463
0.568687,0.23838630806845965,0.9965928449744463
0.568868,0.23848348960456583,0.9965928449744463
0.569447,0.23858075040783033,0.9965928449744463
0.569638,0.2386780905752754,0.9965928449744463
0.569679,0.23877551020408164,0.9965928449744463
0.569798,0.2388730093915884,0.9965928449744463
0.569844,0.23897058823529413,0.9965928449744463
0.569994,0.23906824683285655,0.9965928449744463
0.570181,0.2391659852820932,0.9965928449744463
0.570268,0.2392638036809816,0.9965928449744463
0.570292,0.2393617021276596,0.9965928449744463
0.570382,0.2394596807204257,0.9965928449744463
0.570633,0.23955773955773957,0.9965928449744463
0.570858,0.23965587873822203,0.9965928449744463
0.571024,0.23975409836065573,0.9965928449744463
0.571147,0.23985239852398524,0.9965928449744463
0.571348,0.23995077932731748,0.9965928449744463
0.571439,0.24004924086992205,0.9965928449744463
0.57148,0.24014778325123154,0.9965928449744463
0.57158,0.2402464065708419,0.9965928449744463
0.571848,0.24034511092851274,0.9965928449744463
0.572191,0.2404438964241677,0.9965928449744463
0.5723,0.24054276315789475,0.9965928449744463
0.572509,0.24064171122994651,0.9965928449744463
0.572553,0.24074074074074073,0.9965928449744463
0.572923,0.24083985179086043,0.9965928449744463
0.573318,0.24093904448105435,0.9965928449744463
0.573455,0.24103831891223734,0.9965928449744463
0.573492,0.2411376751854905,0.9965928449744463
0.574913,0.24123711340206186,0.9965928449744463
0.575055,0.24133663366336633,0.9965928449744463
0.575655,0.24143623607098638,0.9965928449744463
0.575903,0.24153592072667218,0.9965928449744463
0.575927,0.241635687732342,0.9965928449744463
0.576007,0.24173553719008264,0.9965928449744463
0.576012,0.24183546920214966,0.9965928449744463
0.576039,0.24193548387096775,0.9965928449744463
0.576097,0.24203558129913116,0.9965928449744463
0.576673,0.24213576158940397,0.9965928449744463
0.576781,0.2422360248447205,0.9965928449744463
0.576823,0.24233637116818557,0.9965928449744463
0.576904,0.24243680066307502,0.9965928449744463
0.576939,0.24253731343283583,0.9965928449744463
0.577328,0.2426379095810867,0.9965928449744463
0.57742,0.24273858921161826,0.9965928449744463
0.577462,0.24283935242839352,0.9965928449744463
0.577777,0.24294019933554817,0.9965928449744463
0.578127,0.24304113003739095,0.9965928449744463
0.578423,0.243142144638404,0.9965928449744463
0.578811,0.24324324324324326,0.9965928449744463
0.579062,0.24334442595673877,0.9965928449744463
0.579108,0.24344569288389514,0.9965928449744463
0.579281,0.24354704412989175,0.9965928449744463
0.579594,0.2436484798000833,0.9965928449744463
0.579614,0.24375,0.9965928449744463
0.579708,0.24385160483534807,0.9965928449744463
0.57994,0.24395329441201,0.9965928449744463
0.580141,0.24405506883604505,0.9965928449744463
0.580146,0.24415692821368948,0.9965928449744463
0.58027,0.24425887265135698,0.9965928449744463
0.580698,0.24436090225563908,0.9965928449744463
0.581579,0.24446301713330548,0.9965928449744463
0.581713,0.24456521739130435,0.9965928449744463
0.58219,0.24466750313676286,0.9965928449744463
0.582683,0.24476987447698745,0.9965928449744463
0.582751,0.24487233151946422,0.9965928449744463
0.583081,0.2449748743718593,0.9965928449744463
0.583605,0.24507750314201926,0.9965928449744463
0.58365,0.2451802179379715,0.9965928449744463
0.584141,0.24528301886792453,0.9965928449744463
0.584268,0.24538590604026847,0.9965928449744463
0.584407,0.24548887956357532,0.9965928449744463
0.584421,0.2455919395465995,0.9965928449744463
0.584681,0.24569508609827803,0.9965928449744463
0.58487,0.24579831932773108,0.9965928449744463
0.584918,0.2459016393442623,0.9965928449744463
0.585196,0.24600504625735914,0.9965928449744463
0.585557,0.2461085401766933,0.9965928449744463
0.585749,0.24621212121212122,0.9965928449744463
0.585969,0.2463157894736842,0.9965928449744463
0.586061,0.2464195450716091,0.9965928449744463
0.586281,0.24652338811630847,0.9965928449744463
0.586395,0.24662731871838112,0.9965928449744463
0.587469,0.2467313369886124,0.9965928449744463
0.587751,0.2468354430379747,0.9965928449744463
0.587855,0.2469396369776277,0.9965928449744463
0.588695,0.24704391891891891,0.9965928449744463
0.588782,0.24714828897338403,0.9965928449744463
0.589176,0.24725274725274726,0.9965928449744463
0.589224,0.24735729386892177,0.9965928449744463
0.589421,0.24746192893401014,0.9965928449744463
0.589455,0.2475666525603047,0.9965928449744463
0.589517,0.2476714648602879,0.9965928449744463
0.589593,0.24777636594663277,0.9965928449744463
0.589603,0.2478813559322034,0.9965928449744463
0.589642,0.24798643493005512,0.9965928449744463
0.589923,0.2480916030534351,0.9965928449744463
0.589948,0.2481968604157828,0.9965928449744463
0.590196,0.24830220713073006,0.9965928449744463
0.590404,0.2484076433121019,0.9965928449744463
0.590704,0.24851316907391674,0.9965928449744463
0.590967,0.24861878453038674,0.9965928449744463
0.590982,0.24872448979591838,0.9965928449744463
0.591197,0.24883028498511273,0.9965928449744463
0.591364,0.24893617021276596,0.9965928449744463
0.592151,0.24904214559386972,0.9965928449744463
0.59243,0.24914821124361158,0.9965928449744463
0.592592,0.24925436727737538,0.9965928449744463
0.592739,0.24936061381074168,0.9965928449744463
0.592884,0.24946695095948826,0.9965928449744463
0.592888,0.24957337883959044,0.9965928449744463
0.593262,0.2496798975672215,0.9965928449744463
0.593701,0.2497865072587532,0.9965928449744463
0.593952,0.2498932080307561,0.9965928449744463
0.594399,0.25,0.9965928449744463
0.594614,0.2501068832834545,0.9965928449744463
0.594682,0.25021385799828916,0.9965928449744463
0.59521,0.2503209242618742,0.9965928449744463
0.595325,0.2504280821917808,0.9965928449744463
0.596175,0.2505353319057816,0.9965928449744463
0.596283,0.2506426735218509,0.9965928449744463
0.519272,0.21865671641791046,0.9982964224872232
0.51938,0.21873833519970137,0.9982964224872232
0.519658,0.21882001493651979,0.9982964224872232
0.520236,0.2189017556966754,0.9982964224872232
0.520538,0.21898355754857998,0.9982964224872232
0.52064,0.21906542056074765,0.9982964224872232
0.520962,0.21914734480179507,0.9982964224872232
0.521225,0.21922933034044145,0.9982964224872232
0.521235,0.21931137724550898,0.9982964224872232
0.52142,0.21939348558592286,0.9982964224872232
0.52172,0.2194756554307116,0.9982964224872232
0.521782,0.21955788684900712,0.9982964224872232
0.522286,0.21964017991004497,0.9982964224872232
0.52264,0.2197225346831646,0.9982964224872232
0.523159,0.21980495123780946,0.9982964224872232
0.523253,0.2198874296435272,0.9982964224872232
0.523576,0.21996996996996998,0.9982964224872232
0.523613,0.22005257228689448,0.9982964224872232
0.52373,0.2201352366641623,0.9982964224872232
0.524049,0.22021796317173994,0.9982964224872232
0.524214,0.22030075187969925,0.9982964224872232
0.524315,0.22038360285821737,0.9982964224872232
0.524387,0.22046651617757712,0.9982964224872232
0.524602,0.2205494919081671,0.9982964224872232
0.524695,0.22063253012048192,0.9982964224872232
0.525302,0.22071563088512242,0.9982964224872232
0.525512,0.22079879427279578,0.9982964224872232
0.525947,0.22088202035431587,0.9982964224872232
0.526087,0.2209653092006033,0.9982964224872232
0.526278,0.22104866088268577,0.9982964224872232
0.526696,0.2211320754716981,0.9982964224872232
0.526747,0.2212155530388826,0.9982964224872232
0.527007,0.2212990936555891,0.9982964224872232
0.527225,0.2213826973932754,0.9982964224872232
0.527235,0.2214663643235072,0.9982964224872232
0.527394,0.2215500945179584,0.9982964224872232
0.527509,0.2216338880484115,0.9982964224872232
0.527873,0.22171774498675748,0.9982964224872232
0.528065,0.2218016654049962,0.9982964224872232
0.52828,0.22188564937523667,0.9982964224872232
0.528316,0.22196969696969698,0.9982964224872232
0.528408,0.2220538082607048,0.9982964224872232
0.528533,0.2221379833206975,0.9982964224872232
0.528691,0.2222222222222222,0.9982964224872232
0.528934,0.22230652503793627,0.9982964224872232
0.529214,0.2223908918406072,0.9982964224872232
0.529298,0.22247532270311313,0.9982964224872232
0.529576,0.22255981769844285,0.9982964224872232
0.529722,0.22264437689969604,0.9982964224872232
0.52983,0.2227290003800836,0.9982964224872232
0.530528,0.22281368821292777,0.9982964224872232
0.530825,0.22289844047166224,0.9982964224872232
0.530998,0.22298325722983256,0.9982964224872232
0.531092,0.2230681385610963,0.9982964224872232
0.53117,0.22315308453922314,0.9982964224872232
0.531306,0.22323809523809524,0.9982964224872232
0.531424,0.22332317073170732,0.9982964224872232
0.532378,0.22340831109416698,0.9982964224872232
0.532412,0.2234935163996949,0.9982964224872232
0.532488,0.22357878672262496,0.9982964224872232
0.532538,0.22366412213740458,0.9982964224872232
0.533283,0.22374952271859488,0.9982964224872232
0.533615,0.2238349885408709,0.9982964224872232
0.533817,0.22392051967902177,0.9982964224872232
0.533943,0.22400611620795108,0.9982964224872232
0.534305,0.22409177820267687,0.9982964224872232
0.534476,0.22417750573833206,0.9982964224872232
0.535122,0.22426329889016455,0.9982964224872232
0.535185,0.22434915773353753,0.9982964224872232
0.535247,0.22443508234392953,0.9982964224872232
0.535273,0.22452107279693487,0.9982964224872232
0.53534,0.2246071291682637,0.9982964224872232
0.535402,0.22469325153374234,0.9982964224872232
0.535671,0.22477943996931338,0.9982964224872232
0.536263,0.22486569455103608,0.9982964224872232
0.536416,0.22495201535508638,0.9982964224872232
0.536703,0.2250384024577573,0.9982964224872232
0.536719,0.22512485593545908,0.9982964224872232
0.537661,0.22521137586471945,0.9982964224872232
0.537844,0.22529796232218377,0.9982964224872232
0.537949,0.22538461538461538,0.9982964224872232
0.537999,0.22547133512889572,0.9982964224872232
0.538133,0.22555812163202463,0.9982964224872232
0.538472,0.22564497497112052,0.9982964224872232
0.538523,0.22573189522342066,0.9982964224872232
0.538709,0.22581888246628132,0.9982964224872232
0.538715,0.2259059367771781,0.9982964224872232
0.538818,0.22599305823370613,0.9982964224872232
0.53888,0.22608024691358025,0.9982964224872232
0.539067,0.22616750289463528,0.9982964224872232
0.539213,0.22625482625482626,0.9982964224872232
0.539235,0.22634221707222865,0.9982964224872232
0.539309,0.22642967542503864,0.9982964224872232
0.539408,0.22651720139157325,0.9982964224872232
0.539604,0.2266047950502707,0.9982964224872232
0.539703,0.22669245647969052,0.9982964224872232
0.54001,0.22678018575851394,0.9982964224872232
0.540274,0.22686798296554395,0.9982964224872232
0.540297,0.22695584817970565,0.9982964224872232
0.540508,0.2270437814800465,0.9982964224872232
0.540565,0.22713178294573644,0.9982964224872232
0.540645,0.22721985265606826,0.9982964224872232
0.540715,0.2273079906904577,0.9982964224872232
0.541336,0.22739619712844392,0.9982964224872232
0.541365,0.22748447204968944,0.9982964224872232
0.541485,0.2275728155339806,0.9982964224872232
0.542251,0.22766122766122765,0.9982964224872232
0.542285,0.22774970851146523,0.9982964224872232
0.542321,0.22783825816485226,0.9982964224872232
0.542401,0.2279268767016725,0.9982964224872232
0.542473,0.22801556420233463,0.9982964224872232
0.542795,0.22810432074737252,0.9982964224872232
0.542859,0.22819314641744548,0.9982964224872232
0.542914,0.22828204129333854,0.9982964224872232
0.543373,0.2283710054559626,0.9982964224872232
0.543419,0.22846003898635478,0.9982964224872232
0.543434,0.22854914196567863,0.9982964224872232
0.543575,0.22863831447522434,0.9982964224872232
0.543683,0.22872755659640906,0.9982964224872232
0.544114,0.22881686841077703,0.9982964224872232
0.544371,0.22890625,0.9982964224872232
0.544865,0.2289957014458773,0.9982964224872232
0.545312,0.2290852228303362,0.9982964224872232
0.545545,0.22917481423543215,0.9982964224872232
0.545921,0.229264475743349,0.9982964224872232
0.546283,0.22935420743639923,0.9982964224872232
0.546501,0.22944400939702428,0.9982964224872232
0.547012,0.22953388170779476,0.9982964224872232
0.547194,0.22962382445141066,0.9982964224872232
0.547433,0.2297138377107017,0.9982964224872232
0.54749,0.22980392156862745,0.9982964224872232
0.547789,0.22989407610827775,0.9982964224872232
0.548732,0.22998430141287285,0.9982964224872232
0.549149,0.23007459756576365,0.9982964224872232
0.549747,0.23016496465043204,0.9982964224872232
0.550044,0.23025540275049117,0.9982964224872232
0.550164,0.23034591194968554,0.9982964224872232
0.550322,0.23043649233189148,0.9982964224872232
0.551084,0.23052714398111723,0.9982964224872232
0.551322,0.23061786698150336,0.9982964224872232
0.551344,0.23070866141732282,0.9982964224872232
0.551415,0.23079952737298148,0.9982964224872232
0.551469,0.23089046493301812,0.9982964224872232
-0.391098,0.1313199105145414,1.0
-0.38583,0.13134929514432758,1.0
-0.363901,0.13137869292748433,1.0
-0.360988,0.13140810387284532,1.0
-0.30286,0.13143752798925212,1.0
-0.285504,0.13146696528555432,1.0
-0.285104,0.13149641577060933,1.0
-0.270303,0.13152587945328253,1.0
-0.25281,0.13155535634244733,1.0
-0.229589,0.13158484644698498,1.0
-0.219847,0.13161434977578476,1.0
-0.219254,0.1316438663377439,1.0
-0.207053,0.1316733961417676,1.0
-0.205967,0.13170293919676912,1.0
-0.205403,0.13173249551166966,1.0
-0.203096,0.13176206509539842,1.0
-0.202266,0.1317916479568927,1.0
-0.198689,0.13182124410509768,1.0
-0.193589,0.13185085354896675,1.0
-0.192406,0.13188047629746125,1.0
-0.191099,0.13191011235955055,1.0
-0.19059,0.13193976174421218,1.0
-0.184172,0.13196942446043167,1.0
-0.178315,0.13199910051720262,1.0
-0.16198,0.13202878992352676,1.0
-0.161102,0.13205849268841394,1.0
-0.160136,0.1320882088208821,1.0
-0.154466,0.13211793832995725,1.0
-0.152244,0.13214768122467357,1.0
-0.147175,0.1321774375140734,1.0
-0.145998,0.13220720720720722,1.0
-0.144471,0.1322369903131336,1.0
-0.144099,0.13226678684091933,1.0
-0.142962,0.1322965967996394,1.0
-0.1424,0.13232642019837693,1.0
-0.141372,0.13235625704622322,1.0
-0.140759,0.13238610735227785,1.0
-0.139189,0.13241597112564854,1.0
-0.137146,0.13244584837545126,1.0
-0.135498,0.1324757391108102,1.0
-0.134347,0.1325056433408578,1.0
-0.133819,0.13253556107473471,1.0
-0.133174,0.13256549232158987,1.0
-0.131012,0.13259543709058053,1.0
-0.12658,0.13262539539087212,1.0
-0.126406,0.13265536723163843,1.0
-0.125674,0.1326853526220615,1.0
-0.123567,0.13271535157133169,1.0
-0.119603,0.13274536408864768,1.0
-0.118908,0.13277539018321646,1.0
-0.114502,0.1328054298642534,1.0
-0.1129,0.13283548314098212,1.0
-0.110631,0.13286555002263467,1.0
-0.11037,0.13289563051845144,1.0
-0.109056,0.13292572463768115,1.0
-0.107632,0.13295583238958097,1.0
-0.10542,0.1329859537834164,1.0
-0.101825,0.13301608882846136,1.0
-0.101431,0.1330462375339982,1.0
-0.100962,0.1330763999093176,1.0
-0.098699,0.13310657596371883,1.0
-0.096116,0.13313676570650942,1.0
-0.092568,0.13316696914700543,1.0
-0.091647,0.13319718629453142,1.0
-0.091359,0.13322741715842035,1.0
-0.09128,0.13325766174801362,1.0
-0.091176,0.13328792007266121,1.0
-0.091112,0.13331819214172155,1.0
-0.090062,0.13334847796456156,1.0
-0.089929,0.1333787775505567,1.0
-0.087414,0.13340909090909092,1.0
-0.08319,0.13343941804955672,1.0
-0.082532,0.13346975898135516,1.0
-0.082313,0.13350011371389583,1.0
-0.081898,0.13353048225659692,1.0
-0.080651,0.13356086461888508,1.0
-0.076151,0.13359126081019573,1.0
-0.073523,0.13362167083997267,1.0
-0.07105,0.13365209471766848,1.0
-0.070795,0.13368253245274425,1.0
-0.070751,0.1337129840546697,1.0
-0.070641,0.13374344953292322,1.0
-0.070041,0.1337739288969918,1.0
-0.069605,0.1338044221563711,1.0
-0.068563,0.13383492932056543,1.0
-0.068085,0.1338654503990878,1.0
-0.067522,0.13389598540145986,1.0
-0.067236,0.13392653433721197,1.0
-0.066665,0.13395709721588317,1.0
-0.066527,0.13398767404702122,1.0
-0.066053,0.13401826484018264,1.0
-0.063061,0.13404886960493265,1.0
-0.060758,0.13407948835084513,1.0
-0.060444,0.13411012108750286,1.0
-0.060166,0.13414076782449727,1.0
-0.058675,0.13417142857142858,1.0
-0.057968,0.1342021033379058,1.0
-0.057454,0.13423279213354677,1.0
-0.052008,0.13426349496797804,1.0
-0.050904,0.13429421185083504,1.0
-0.049687,0.13432494279176202,1.0
-0.049609,0.134355687800412,1.0
-0.049306,0.13438644688644688,1.0
-0.045452,0.13444800732936327,1.0
-0.045277,0.13447880870561282,1.0
-0.041837,0.1345096241979835,1.0
-0.041588,0.13454045381618152,1.0
-0.041235,0.13457129756992206,1.0
-0.037887,0.13460215546892915,1.0
-0.037776,0.13463302752293577,1.0
-0.0369,0.13466391374168388,1.0
-0.036703,0.1346948141349243,1.0
-0.036574,0.1347257287124168,1.0
-0.03655,0.1347566574839302,1.0
-0.036012,0.13478760045924226,1.0
-0.03488,0.13481855764813963,1.0
-0.034492,0.1348495290604181,1.0
-0.033821,0.13488051470588236,1.0
-0.033223,0.13491151459434614,1.0
-0.033175,0.13494252873563217,1.0
-0.033089,0.13497355713957232,1.0
-0.029636,0.13500459981600735,1.0
-0.028893,0.1350356567747872,1.0
-0.028708,0.13506672802577083,1.0
-0.028633,0.13509781357882625,1.0
-0.02847,0.13512891344383057,1.0
-0.027581,0.13516002763067003,1.0
-0.026791,0.13519115614924,1.0
-0.026743,0.13522229900944482,1.0
-0.025441,0.13525345622119817,1.0
-0.023672,0.13528462779442268,1.0
-0.022372,0.13531581373905024,1.0
-0.020381,0.1353470140650219,1.0
-0.01842,0.13537822878228783,1.0
-0.018168,0.13540945790080738,1.0
-0.017664,0.13544070143054915,1.0
-0.017597,0.1354719593814909,1.0
-0.017113,0.13550323176361959,1.0
-0.015347,0.1355345185869314,1.0
-0.010289,0.13556581986143187,1.0
-0.009795,0.1355971355971356,1.0
-0.009289,0.13562846580406654,1.0
-0.00885,0.13565981049225792,1.0
-0.008624,0.1356911696717522,1.0
-0.008118,0.13572254335260114,1.0
-0.006549,0.13575393154486587,1.0
-0.00574,0.1357853342586167,1.0
-0.003085,0.13581675150393335,1.0
-0.002604,0.1358481832909049,1.0
-0.002601,0.13587962962962963,1.0
-0.002443,0.13591109053021533,1.0
-0.002095,0.13594256600277907,1.0
-0.000862,0.1359740560574473,1.0
-0.000357,0.13600556070435588,1.0
-0.000232,0.13603707995365005,1.0
0.000412,0.13606861381548446,1.0
0.000712,0.1361001623000232,1.0
0.001396,0.1361317254174397,1.0
0.002859,0.13616330317791694,1.0
0.003357,0.13619489559164732,1.0
0.003883,0.13622650266883268,1.0
0.00426,0.1362581244196843,1.0
0.00501,0.13628976085442304,1.0
0.006185,0.13632141198327916,1.0
0.006686,0.13635307781649245,1.0
0.006729,0.13638475836431227,1.0
0.007796,0.13641645363699745,1.0
0.008789,0.13644816364481638,1.0
0.010036,0.13647988839804698,1.0
0.010514,0.13651162790697674,1.0
0.013667,0.13654338218190276,1.0
0.01558,0.1365751512331317,1.0
0.016198,0.13660693507097976,1.0
0.016518,0.1366387337057728,1.0
0.016877,0.13667054714784632,1.0
0.018256,0.1367023754075454,1.0
0.018706,0.1367342184952248,1.0
0.018743,0.13676607642124883,1.0
0.018941,0.1367979491959916,1.0
0.020368,0.13682983682983682,1.0
0.021119,0.13686173933317788,1.0
0.023339,0.1368936567164179,1.0
0.023559,0.13692558898996968,1.0
0.023748,0.1369575361642557,1.0
0.024519,0.1369894982497083,1.0
0.02465,0.1370214752567694,1.0
0.025922,0.13705346719589073,1.0
0.0267,0.13708547407753385,1.0
0.027014,0.13711749591217004,1.0
0.027168,0.13714953271028038,1.0
0.028268,0.13718158448235568,1.0
0.029098,0.13721365123889667,1.0
0.030852,0.13724573299041384,1.0
0.031959,0.1372778297474275,1.0
0.0331,0.13730994152046783,1.0
0.033839,0.13734206832007487,1.0
0.034785,0.13737421015679852,1.0
0.037136,0.1374063670411985,1.0
0.038367,0.13743853898384453,1.0
0.038478,0.13747072599531615,1.0
0.038566,0.13750292808620285,1.0
0.03906,0.13753514526710403,1.0
0.039348,0.13756737754862902,1.0
0.040885,0.1375996249413971,1.0
0.042454,0.13763188745603752,1.0
0.04315,0.1376641651031895,1.0
0.043705,0.13769645789350224,1.0
0.044898,0.1377287658376349,1.0
0.044917,0.13776108894625674,1.0
0.045216,0.13779342723004695,1.0
0.046269,0.13782578069969476,1.0
0.047478,0.1378581493658995,1.0
0.048127,0.13789053323937045,1.0
0.04874,0.13792293233082706,1.0
0.050127,0.13795534665099882,1.0
0.051404,0.1379877762106253,1.0
0.051817,0.13802022102045614,1.0
0.0521,0.13805268109125118,1.0
0.052563,0.13808515643378028,1.0
0.055085,0.13811764705882354,1.0
0.055835,0.1381501529771711,1.0
0.056288,0.13818267419962335,1.0
0.05654,0.1382152107369908,1.0
0.057062,0.1382477626000942,1.0
0.060102,0.13828032979976443,1.0
0.060198,0.1383129123468426,1.0
0.060413,0.13834551025218006,1.0
0.060945,0.1383781235266384,1.0
0.061184,0.13841075218108936,1.0
0.062442,0.1384433962264151,1.0
0.062911,0.1384760556735079,1.0
0.063056,0.13850873053327042,1.0
0.063315,0.13854142081661552,1.0
0.063779,0.1385741265344665,1.0
0.065182,0.1386068476977568,1.0
0.065661,0.13863958431743031,1.0
0.066092,0.1386723364044413,1.0
0.066816,0.13870510396975425,1.0
0.067152,0.13873788702434411,1.0
0.067561,0.13877068557919622,1.0
0.068002,0.13880349964530622,1.0
0.069143,0.13883632923368022,1.0
0.06946,0.13886917435533475,1.0
0.071185,0.13890203502129672,1.0
0.072296,0.13893491124260354,1.0
0.072355,0.13896780303030304,1.0
0.074434,0.13900071039545348,1.0
0.074948,0.13903363334912364,1.0
0.075435,0.1390665719023928,1.0
0.076905,0.1390995260663507,1.0
0.079274,0.13913249585209767,1.0
0.080909,0.13916548127074443,1.0
0.081201,0.13919848233341237,1.0
0.081621,0.1392314990512334,1.0
0.082073,0.13926453143534995,1.0
0.083311,0.13929757949691504,1.0
0.083598,0.13933064324709232,1.0
0.08443,0.13936372269705602,1.0
0.085169,0.13939681785799096,1.0
0.085449,0.13942992874109264,1.0
0.085497,0.13946305535756712,1.0
0.087027,0.13949619771863117,1.0
0.087463,0.13952935583551224,1.0
0.087483,0.1395625297194484,1.0
0.088198,0.13959571938168847,1.0
0.088995,0.1396289248334919,1.0
0.089457,0.13966214608612895,1.0
0.089518,0.13969538315088054,1.0
0.091045,0.13972863603903832,1.0
0.091986,0.13976190476190475,1.0
0.092026,0.13979518933079305,1.0
0.092558,0.13982848975702716,1.0
0.093527,0.13986180605194187,1.0
0.093595,0.13989513822688274,1.0
0.094535,0.1399284862932062,1.0
0.094667,0.13996185026227945,1.0
0.095084,0.13999523014548057,1.0
0.095246,0.14002862595419846,1.0
0.095412,0.14006203769983297,1.0
0.095942,0.14009546539379475,1.0
0.095967,0.14012890904750538,1.0
0.096426,0.14016236867239731,1.0
0.096491,0.14019584427991402,1.0
0.096642,0.1402293358815098,1.0
0.097327,0.14026284348864995,1.0
0.09745,0.1402963671128107,1.0
0.098009,0.14032990676547932,1.0
0.098997,0.14036346245815398,1.0
0.09967,0.14039703420234392,1.0
0.099738,0.14043062200956938,1.0
0.099812,0.14046422589136157,1.0
0.10021,0.1404978458592628,1.0
0.100855,0.14053148192482642,1.0
0.102072,0.14056513409961685,1.0
0.102142,0.14059880239520958,1.0
0.102517,0.14063248682319118,1.0
0.10305,0.14066618739515935,1.0
0.10408,0.1406999041227229,1.0
0.104332,0.1407336370175018,1.0
0.104646,0.1407673860911271,1.0
0.105475,0.14080115135524107,1.0
0.105998,0.14083493282149712,1.0
0.106254,0.14086873050155987,1.0
0.106581,0.14090254440710515,1.0
0.107014,0.14093637454981991,1.0
0.107213,0.1409702209414025,1.0
0.107416,0.14100408359356234,1.0
0.108295,0.14103796251802017,1.0
0.108923,0.14107185772650804,1.0
0.110742,0.14110576923076923,1.0
0.110907,0.1411396970425583,1.0
0.111104,0.14117364117364117,1.0
0.111486,0.14120760163579504,1.0
0.111499,0.14124157844080848,1.0
0.112424,0.14127557160048135,1.0
0.112668,0.14130958112662495,1.0
0.114238,0.14134360703106189,1.0
0.114263,0.14137764932562621,1.0
0.115167,0.14141170802216332,1.0
0.115286,0.14144578313253012,1.0
0.116091,0.14147987466859485,1.0
0.116599,0.14151398264223722,1.0
0.117345,0.14154810706534846,1.0
0.119021,0.14158224794983115,1.0
0.119062,0.14161640530759953,1.0
0.119598,0.14165057915057916,1.0
0.120219,0.1416847694907072,1.0
0.120252,0.1417189763399324,1.0
0.121292,0.1417531997102149,1.0
0.12274,0.14178743961352658,1.0
0.123477,0.1418216960618507,1.0
0.124453,0.1418559690671822,1.0
0.124805,0.14189025864152768,1.0
0.125573,0.1419245647969052,1.0
0.125982,0.1419588875453446,1.0
0.126243,0.14199322689888727,1.0
0.127447,0.14202758286958625,1.0
0.127573,0.14206195546950628,1.0
0.127854,0.1420963447107238,1.0
0.128898,0.14213075060532687,1.0
0.128904,0.14216517316541535,1.0
0.129814,0.14219961240310078,1.0
0.130134,0.14223406833050642,1.0
0.130196,0.14226854095976732,1.0
0.130376,0.1423030303030303,1.0
0.133048,0.14233753637245392,1.0
0.133676,0.1423720591802086,1.0
0.134339,0.14240659873847647,1.0
0.134582,0.1424411550594516,1.0
0.135102,0.1424757281553398,1.0
0.135286,0.1425103180383588,1.0
0.135305,0.1425449247207382,1.0
0.137056,0.14257954821471946,1.0
0.137255,0.1426141885325559,1.0
0.137583,0.14264884568651276,1.0
0.137634,0.14268351968886728,1.0
0.137741,0.1427182105519086,1.0
0.137806,0.14275291828793774,1.0
0.138444,0.14278764290926782,1.0
0.138482,0.14282238442822384,1.0
0.138604,0.14285714285714285,1.0
0.139349,0.1428919182083739,1.0
0.139735,0.14292671049427808,1.0
0.139959,0.14296151972722845,1.0
0.140684,0.14299634591961022,1.0
0.141065,0.14303118908382068,1.0
0.141147,0.14306604923226907,1.0
0.141151,0.1431009263773769,1.0
0.141462,0.14313582053157767,1.0
0.141551,0.14317073170731706,1.0
0.141633,0.14320565991705295,1.0
0.142019,0.14324060517325524,1.0
0.142037,0.14327556748840614,1.0
0.142658,0.143310546875,1.0
0.143157,0.14334554334554334,1.0
0.143368,0.14338055691255497,1.0
0.144283,0.14341558758856585,1.0
0.144293,0.14345063538611927,1.0
0.144347,0.14348570031777072,1.0
0.144749,0.143520782396088,1.0
0.144809,0.14355588163365127,1.0
0.144818,0.14359099804305284,1.0
0.144998,0.14362613163689747,1.0
0.145385,0.14366128242780224,1.0
0.145501,0.14369645042839657,1.0
0.14556,0.14373163565132224,1.0
0.145779,0.1437668381092334,1.0
0.146523,0.14380205781479666,1.0
0.146842,0.14383729478069102,1.0
0.147047,0.14387254901960783,1.0
0.14776,0.14390782054425105,1.0
0.147837,0.14394310936733692,1.0
0.148098,0.14397841550159432,1.0
0.148528,0.14401373895976446,1.0
0.149848,0.14404907975460124,1.0
0.150364,0.14408443789887088,1.0
0.1509,0.14411981340535232,1.0
0.151036,0.14415520628683692,1.0
0.151228,0.14419061655612872,1.0
0.15159,0.14422604422604424,1.0
0.151731,0.14426148930941263,1.0
0.151799,0.1442969518190757,1.0
0.151973,0.14433243176788788,1.0
0.152229,0.14436792916871619,1.0
0.152379,0.14440344403444033,1.0
0.152638,0.14443897637795275,1.0
0.152975,0.1444745262121585,1.0
0.153414,0.14451009354997538,1.0
0.15352,0.1445456784043339,1.0
0.154823,0.14458128078817734,1.0
0.154933,0.14461690071446168,1.0
0.155531,0.14465253819615576,1.0
0.155937,0.14468819324624108,1.0
0.156479,0.14472386587771202,1.0
0.157337,0.14475955610357583,1.0
0.157769,0.1447952639368525,1.0
0.160754,0.14483098939057487,1.0
0.160798,0.14486673247778875,1.0
0.16151,0.1449024932115527,1.0
0.161802,0.14493827160493827,1.0
0.161879,0.14497406767102988,1.0
0.162175,0.1450098814229249,1.0
0.162687,0.14504571287373363,1.0
0.162788,0.14508156203657935,1.0
0.162831,0.14511742892459828,1.0
0.16398,0.14515331355093966,1.0
0.164028,0.14518921592876577,1.0
0.164038,0.14522513607125184,1.0
0.165122,0.14526107399158625,1.0
0.165722,0.1452970297029703,1.0
0.166299,0.14533300321861847,1.0
0.166637,0.1453689945517583,1.0
0.166877,0.14540500371563042,1.0
0.166966,0.1454410307234886,1.0
0.167604,0.14547707558859976,1.0
0.167912,0.14551313832424392,1.0
0.167933,0.14554921894371436,1.0
0.168143,0.14558531746031747,1.0
0.168342,0.14562143388737286,1.0
0.16916,0.1456575682382134,1.0
0.169681,0.14569372052618515,1.0
0.169765,0.14572989076464746,1.0
0.169813,0.14576607896697294,1.0
0.16986,0.14580228514654744,1.0
0.170157,0.1458385093167702,1.0
0.171136,0.14587475149105367,1.0
0.171771,0.14591101168282378,1.0
0.172284,0.14594728990551964,1.0
0.172537,0.14598358617259388,1.0
0.173146,0.14601990049751243,1.0
0.173504,0.14605623289375466,1.0
0.173529,0.14609258337481335,1.0
0.173689,0.14612895195419467,1.0
0.17381,0.14616533864541834,1.0
0.174851,0.14620174346201745,1.0
0.175057,0.14623816641753862,1.0
0.175551,0.146274607525542,1.0
0.175754,0.1463110667996012,1.0
0.175887,0.1463475442533034,1.0
0.176626,0.14638403990024937,1.0
0.177146,0.14642055375405338,1.0
0.177232,0.14645708582834333,1.0
0.177254,0.14649363613676067,1.0
0.177492,0.14653020469296055,1.0
0.178018,0.14656679151061175,1.0
0.178082,0.1466033966033966,1.0
0.178593,0.14664001998501125,1.0
0.178817,0.1466766616691654,1.0
0.179819,0.1467133216695826,1.0
0.18,0.14675,1.0
0.18027,0.14678669667416855,1.0
0.180374,0.14682341170585292,1.0
0.180585,0.14686014510883164,1.0
0.18125,0.1468968968968969,1.0
0.182116,0.14693366708385483,1.0
0.18251,0.1469704556835253,1.0
0.182816,0.14700726270974204,1.0
0.183784,0.1470440881763527,1.0
0.183875,0.14708093209721873,1.0
0.183971,0.14711779448621554,1.0
0.184019,0.1471546753572324,1.0
0.184272,0.14719157472417252,1.0
0.184277,0.1472284926009531,1.0
0.184284,0.14730238393977416,1.0
0.184906,0.14733935742971888,1.0
0.185541,0.14737634948531259,1.0
0.186137,0.14741336012054243,1.0
0.186309,0.14745038934940968,1.0
0.186915,0.14748743718592966,1.0
0.186945,0.1475245036441317,1.0
0.188021,0.14756158873805933,1.0
0.188035,0.14759869248177018,1.0
0.188102,0.14763581488933603,1.0
0.188613,0.14767295597484276,1.0
0.18929,0.14771011575239054,1.0
0.189675,0.14774729423609365,1.0
0.190001,0.14778449144008057,1.0
0.190155,0.1478217073784941,1.0
0.19039,0.1478589420654912,1.0
0.190561,0.14789619551524313,1.0
0.190613,0.14793346774193547,1.0
0.191348,0.1479707587597681,1.0
0.191544,0.14800806858295512,1.0
0.191602,0.1480453972257251,1.0
0.191609,0.14808274470232088,1.0
0.192407,0.14812011102699973,1.0
0.192699,0.14815749621403332,1.0
0.19279,0.14819490027770765,1.0
0.194512,0.14823232323232324,1.0
0.195125,0.148269765092195,1.0
0.195304,0.14830722587165235,1.0
0.19587,0.14834470558503918,1.0
0.195908,0.14838220424671386,1.0
0.197386,0.1484197218710493,1.0
0.197526,0.148457258472433,1.0
0.19763,0.14849481406526688,1.0
0.197701,0.14853238866396762,1.0
0.198153,0.14856998228296633,1.0
0.198354,0.14860759493670886,1.0
0.198972,0.1486452266396556,1.0
0.199602,0.14868287740628167,1.0
0.200612,0.14872054725107678,1.0
0.200678,0.14875823618854536,1.0
0.200859,0.14879594423320658,1.0
0.201954,0.14883367139959433,1.0
0.202056,0.14887141770225717,1.0
0.20245,0.1489091831557585,1.0
0.202552,0.14894696777467648,1.0
0.202904,0.14898477157360407,1.0
0.202917,0.14902259456714903,1.0
0.203456,0.14906043676993397,1.0
0.203763,0.1490982981965964,1.0
0.20379,0.14913617886178862,1.0
0.204348,0.14917407878017788,1.0
0.204556,0.14921199796644635,1.0
0.205175,0.14924993643529114,1.0
0.205507,0.14928789420142421,1.0
0.205572,0.14932587127957261,1.0
0.205776,0.14936386768447837,1.0
0.206055,0.14940188343089844,1.0
0.206905,0.1494399185336049,1.0
0.206961,0.14947797300738477,1.0
0.20753,0.14951604686704023,1.0
0.208068,0.14955414012738855,1.0
0.208421,0.14959225280326197,1.0
0.208721,0.14963038490950803,1.0
0.208868,0.1496685364609893,1.0
0.209655,0.14970670747258352,1.0
0.210245,0.14974489795918366,1.0
0.210625,0.14978310793569788,1.0
0.210638,0.1498213374170495,1.0
0.210639,0.14985958641817718,1.0
0.210993,0.14989785495403474,1.0
0.211206,0.14993614303959132,1.0
0.21135,0.14997445068983137,1.0
0.21163,0.15001277791975468,1.0
0.212227,0.1500511247443763,1.0
0.212242,0.15008949117872666,1.0
0.212896,0.15012787723785168,1.0
0.213863,0.15016628293681247,1.0
0.214087,0.15020470829068577,1.0
0.215139,0.15024315331456362,1.0
0.215376,0.1502816180235535,1.0
0.216537,0.1503201024327785,1.0
0.217894,0.15035860655737704,1.0
0.218009,0.15039713041250322,1.0
0.218441,0.1504356740133265,1.0
0.218495,0.15047423737503204,1.0
0.219313,0.1505128205128205,1.0
0.21984,0.1505514234419082,1.0
0.220977,0.15059004617752694,1.0
0.222464,0.1506286887349243,1.0
0.223109,0.15066735112936344,1.0
0.22311,0.15070603337612323,1.0
0.223114,0.15074473549049822,1.0
0.223305,0.15078345748779862,1.0
0.22353,0.15082219938335045,1.0
0.223653,0.1508609611924955,1.0
0.224296,0.15089974293059125,1.0
0.224297,0.15093854461301107,1.0
0.225045,0.15097736625514405,1.0
0.225408,0.15101620787239517,1.0
0.226363,0.15105506948018527,1.0
0.226391,0.1510939510939511,1.0
0.226441,0.1511328527291452,1.0
0.227119,0.15117177440123616,1.0
0.227483,0.1512107161257084,1.0
0.22749,0.15124967791806235,1.0
0.228063,0.15128865979381442,1.0
0.228141,0.15132766176849705,1.0
0.228253,0.15136668385765858,1.0
0.228602,0.15140572607686356,1.0
0.229069,0.15144478844169246,1.0
0.229559,0.15148387096774193,1.0
0.230657,0.15152297367062467,1.0
0.230835,0.15156209656596953,1.0
0.231686,0.1516012396694215,1.0
0.231981,0.1516404029966417,1.0
0.232248,0.1516795865633075,1.0
0.23228,0.15171879038511243,1.0
0.232538,0.1517580144777663,1.0
0.233303,0.15179725885699508,1.0
0.233551,0.15183652353854113,1.0
0.233773,0.151875808538163,1.0
0.233814,0.15191511387163562,1.0
0.234131,0.1519544395547502,1.0
0.234151,0.15199378560331434,1.0
0.234772,0.15203315203315204,1.0
0.235069,0.15207253886010363,1.0
0.235294,0.1521119461000259,1.0
0.23544,0.15215137376879212,1.0
0.235531,0.15219082188229194,1.0
0.235665,0.15223029045643152,1.0
0.236124,0.15226977950713358,1.0
0.236303,0.1523092890503373,1.0
0.237107,0.15234881910199843,1.0
0.237365,0.1523883696780893,1.0
0.237631,0.15242794079459882,1.0
0.237944,0.15246753246753247,1.0
0.238594,0.15250714471291243,1.0
0.238654,0.15254677754677753,1.0
0.239231,0.15258643098518326,1.0
0.239249,0.15262610504420177,1.0
0.239899,0.15266579973992198,1.0
0.23995,0.15270551508844954,1.0
0.239982,0.15274525110590684,1.0
0.240474,0.1527850078084331,1.0
0.240591,0.15282478521218432,1.0
0.240693,0.15286458333333333,1.0
0.240742,0.1529044021880698,1.0
0.240941,0.1529442417926003,1.0
0.241069,0.15298410216314828,1.0
0.241363,0.15302398331595413,1.0
0.241366,0.1530638852672751,1.0
0.241469,0.1531038080333855,1.0
0.24172,0.15314375163057659,1.0
0.242364,0.15318371607515657,1.0
0.242803,0.1532237013834508,1.0
0.242999,0.15326370757180158,1.0
0.243097,0.1533037346565683,1.0
0.243499,0.1533437826541275,1.0
0.243667,0.15338385158087275,1.0
0.243731,0.15342394145321483,1.0
0.243817,0.1534640522875817,1.0
0.244015,0.1535041841004184,1.0
0.244354,0.15354433690818728,1.0
0.244409,0.15358451072736787,1.0
0.244907,0.15362470557445695,1.0
0.245324,0.15366492146596858,1.0
0.245701,0.15370515841843416,1.0
0.246028,0.1537454164484023,1.0
0.246076,0.1537856955724391,1.0
0.246118,0.15382599580712789,1.0
0.246398,0.15386631716906946,1.0
0.247171,0.153906659674882,1.0
0.247424,0.15394702334120117,1.0
0.247485,0.15398740818467996,1.0
0.248045,0.15402781422198897,1.0
0.248398,0.15406824146981626,1.0
0.248442,0.15410868994486743,1.0
0.248856,0.15414915966386555,1.0
0.249704,0.15418965064355136,1.0
0.249839,0.15423016290068314,1.0
0.249867,0.15427069645203678,1.0
0.250285,0.1543112513144059,1.0
0.250964,0.15435182750460164,1.0
0.251235,0.1543924250394529,1.0
0.251349,0.15443304393580637,1.0
0.252032,0.15447368421052632,1.0
0.252691,0.15451434588049487,1.0
0.253354,0.1545550289626119,1.0
0.25361,0.1545957334737951,1.0
0.253846,0.15463645943097998,1.0
0.253867,0.1546772068511199,1.0
0.256317,0.1547179757511861,1.0
0.256514,0.15475876614816766,1.0
0.256583,0.15479957805907174,1.0
0.256608,0.15484041150092323,1.0
0.257083,0.15488126649076517,1.0
0.257202,0.1549221430456585,1.0
0.257315,0.15496304118268214,1.0
0.257634,0.1550039609189332,1.0
0.258059,0.15504490227152667,1.0
0.258138,0.15508586525759577,1.0
0.258436,0.15512684989429176,1.0
0.258757,0.15516785619878404,1.0
0.259781,0.15520888418826018,1.0
0.260063,0.15524993387992594,1.0
0.260444,0.15529100529100529,1.0
0.260595,0.1553320984387404,1.0
0.260635,0.15537321334039175,1.0
0.260697,0.15541435001323803,1.0
0.260802,0.15545550847457626,1.0
0.261101,0.15549668874172184,1.0
0.261226,0.15553789083200847,1.0
0.261243,0.15557911476278824,1.0
0.261568,0.1556203605514316,1.0
0.261616,0.1556616282153275,1.0
0.262984,0.15570291777188328,1.0
0.263087,0.1557442292385248,1.0
0.26335,0.15578556263269638,1.0
0.264787,0.1558269179718609,1.0
0.264932,0.15586829527349974,1.0
0.26496,0.1559096945551129,1.0
0.265067,0.15595111583421892,1.0
0.265537,0.15599255912835502,1.0
0.265592,0.15603402445507708,1.0
0.26636,0.15607551183195958,1.0
0.266846,0.15611702127659574,1.0
0.267347,0.1561585528065975,1.0
0.267482,0.15620010643959553,1.0
0.267668,0.15624168219323928,1.0
0.267775,0.156283280085197,1.0
0.267863,0.15632490013315578,1.0
0.268485,0.15636654235482153,1.0
0.269277,0.156408206767919,1.0
0.269458,0.15644989339019189,1.0
0.26951,0.15649160223940284,1.0
0.269584,0.15653333333333333,1.0
0.269947,0.15657508668978395,1.0
0.270241,0.15661686232657418,1.0
0.270289,0.15665866026154257,1.0
0.270423,0.1567004805125467,1.0
0.270832,0.15674232309746328,1.0
0.27139,0.15678418803418803,1.0
0.271518,0.15682607534063586,1.0
0.271927,0.15686798503474078,1.0
0.272106,0.15690991713445604,1.0
0.272869,0.156951871657754,1.0
0.272977,0.15699384862262636,1.0
0.273212,0.157035848047084,1.0
0.273309,0.15707786994915707,1.0
0.273481,0.15711991434689507,1.0
0.27351,0.1571619812583668,1.0
0.27509,0.15720407070166043,1.0
0.275658,0.15724618269488347,1.0
0.276501,0.1572883172561629,1.0
0.276716,0.15733047440364514,1.0
0.276842,0.15737265415549598,1.0
0.277041,0.15741485652990078,1.0
0.277721,0.15745708154506438,1.0
0.277814,0.15749932921921117,1.0
0.278129,0.15754159957058508,1.0
0.278665,0.15758389261744968,1.0
0.278689,0.15762620837808808,1.0
0.280146,0.15766854687080312,1.0
0.280261,0.15771090811391725,1.0
0.280525,0.15775329212577263,1.0
0.280706,0.1577956989247312,1.0
0.280786,0.1578381285291745,1.0
0.280866,0.15788058095750404,1.0
0.281318,0.15792305622814098,1.0
0.281851,0.15796555435952636,1.0
0.28216,0.15800807537012113,1.0
0.282223,0.15805061927840602,1.0
0.282388,0.15809318610288176,1.0
0.282507,0.15813577586206898,1.0
0.28265,0.15817838857450822,1.0
0.282882,0.1582210242587601,1.0
0.283045,0.15826368293340523,1.0
0.283048,0.15830636461704423,1.0
0.283252,0.15834906932829781,1.0
0.283425,0.1583917970858068,1.0
0.284053,0.1584345479082321,1.0
0.284138,0.15847732181425486,1.0
0.284318,0.1585201188225763,1.0
0.284635,0.1585629389519179,1.0
0.28467,0.15860578222102134,1.0
0.285247,0.15864864864864864,1.0
0.285326,0.15869153825358204,1.0
0.285403,0.1587344510546241,1.0
0.285496,0.15877738707059777,1.0
0.286437,0.15882034632034633,1.0
0.28666,0.15886332882273344,1.0
0.286692,0.15890633459664322,1.0
0.286817,0.15894936366098023,1.0
0.28685,0.15899241603466954,1.0
0.287982,0.15903549173665674,1.0
0.288016,0.15907859078590786,1.0
0.288256,0.1591217132014096,1.0
0.28913,0.1591648590021692,1.0
0.289513,0.15920802820721452,1.0
0.289667,0.15925122083559415,1.0
0.290896,0.1592944369063772,1.0
0.291028,0.15933767643865362,1.0
0.291216,0.1593809394515341,1.0
0.291633,0.15942422596414993,1.0
0.293045,0.15946753599565336,1.0
0.293486,0.1595108695652174,1.0
0.293643,0.15955422669203587,1.0
0.294178,0.15959760739532355,1.0
0.294374,0.15964101169431602,1.0
0.294606,0.15968443960826986,1.0
0.294712,0.15972789115646258,1.0
0.294782,0.1597713663581927,1.0
0.295092,0.15981486523277974,1.0
0.295107,0.15985838779956427,1.0
0.295438,0.15990193407790793,1.0
0.295717,0.15994550408719346,1.0
0.295745,0.15998909784682475,1.0
0.296151,0.16003271537622682,1.0
0.296153,0.16007635669484593,1.0
0.296364,0.1601200218221495,1.0
0.296724,0.1601637107776262,1.0
0.29685,0.16020742358078602,1.0
0.297791,0.16025116025116026,1.0
0.297863,0.16029492080830146,1.0
0.2981,0.16033870527178368,1.0
0.298774,0.16038251366120218,1.0
0.299029,0.1604263459961738,1.0
0.299032,0.1604702022963368,1.0
0.299084,0.16051408258135083,1.0
0.299859,0.16055798687089715,1.0
0.299944,0.16060191518467853,1.0
0.299969,0.16064586754241927,1.0
0.300126,0.16068984396386532,1.0
0.300154,0.16073384446878422,1.0
0.300189,0.1607778690769652,1.0
0.300471,0.16082191780821917,1.0
0.300496,0.16086599068237872,1.0
0.300524,0.16091008771929824,1.0
0.301005,0.16095420893885384,1.0
0.301101,0.1609983543609435,1.0
0.301211,0.16104252400548696,1.0
0.301541,0.1610867178924259,1.0
0.301995,0.16113093604172385,1.0
0.302338,0.1611751784733663,1.0
0.302455,0.16121944520736062,1.0
0.302458,0.16126373626373627,1.0
0.302572,0.16130805166254467,1.0
0.302635,0.16135239142385926,1.0
0.303548,0.16139675556777563,1.0
0.304091,0.16144114411441143,1.0
0.304402,0.16148555708390647,1.0
0.304434,0.16152999449642266,1.0
0.304691,0.16157445637214424,1.0
0.304889,0.16161894273127753,1.0
0.305142,0.16166345359405124,1.0
0.305376,0.16170798898071626,1.0
0.305383,0.1617525489115459,1.0
0.305415,0.1617971334068357,1.0
0.305982,0.16184174248690378,1.0
0.306174,0.16188637617209045,1.0
0.306207,0.1619310344827586,1.0
0.306208,0.1619757174392936,1.0
0.306334,0.16202042506210323,1.0
0.306949,0.1620651573716179,1.0
0.307071,0.16210991438829053,1.0
0.307564,0.1621546961325967,1.0
0.308466,0.16219950262503455,1.0
0.308659,0.16224433388612494,1.0
0.3087,0.1622891899364114,1.0
0.308755,0.16233407079646017,1.0
0.309203,0.1623789764868603,1.0
0.309712,0.16242390702822357,1.0
0.309761,0.1624688624411846,1.0
0.310249,0.16251384274640088,1.0
0.31047,0.16255884796455275,1.0
0.310851,0.1626038781163435,1.0
0.311333,0.16264893322249932,1.0
0.312193,0.1626940133037694,1.0
0.312491,0.16273911838092597,1.0
0.313014,0.16278424847476428,1.0
0.31311,0.16282940360610262,1.0
0.313265,0.16287458379578246,1.0
0.31384,0.16291978906466834,1.0
0.314056,0.16296501943364797,1.0
0.314111,0.16301027492363232,1.0
0.31509,0.16305555555555556,1.0
0.315639,0.1631008613503751,1.0
0.315843,0.1631461923290717,1.0
0.31617,0.16319154851264944,1.0
0.31639,0.1632369299221357,1.0
0.316549,0.16328233657858135,1.0
0.316683,0.16332776850306066,1.0
0.316785,0.16337322571667132,1.0
0.316912,0.16341870824053453,1.0
0.317353,0.16346421609579503,1.0
0.317392,0.16350974930362117,1.0
0.317797,0.16360089186176144,1.0
0.317843,0.16364650125453026,1.0
0.317878,0.16369213608477412,1.0
0.318228,0.16373779637377964,1.0
0.318411,0.16378348214285715,1.0
0.318625,0.16382919341334076,1.0
0.319216,0.1638749302065885,1.0
0.319276,0.16392069254398212,1.0
0.319518,0.16396648044692738,1.0
0.319637,0.16401229393685388,1.0
0.319778,0.16405813303521521,1.0
0.319913,0.16410399776348897,1.0
0.320197,0.16414988814317674,1.0
0.320284,0.1641958041958042,1.0
0.320412,0.1642417459429211,1.0
0.320597,0.16428771340610132,1.0
0.320617,0.16433370660694288,1.0
0.321027,0.16437972556706804,1.0
0.321378,0.16442577030812325,1.0
0.322837,0.1644718408517792,1.0
0.32323,0.16451793721973093,1.0
0.323664,0.16456405943369778,1.0
0.32377,0.16461020751542343,1.0
0.323929,0.16465638148667602,1.0
0.323993,0.16470258136924804,1.0
0.324099,0.1647488071849565,1.0
0.324242,0.1647950589556429,1.0
0.324948,0.16484133670317327,1.0
0.324956,0.1648876404494382,1.0
0.325121,0.16493397021635292,1.0
0.325677,0.16498032602585722,1.0
0.325762,0.16502670789991566,1.0
0.325914,0.16507311586051743,1.0
0.325919,0.1651195499296765,1.0
0.326302,0.16516601012943163,1.0
0.326641,0.16521249648184633,1.0
0.326876,0.165259009009009,1.0
0.327366,0.16530554773303294,1.0
0.32763,0.16535211267605635,1.0
0.327874,0.16539870386024233,1.0
0.328862,0.16544532130777903,1.0
0.329095,0.16549196504087962,1.0
0.329272,0.1655386350817823,1.0
0.32933,0.16558533145275034,1.0
0.329353,0.16563205417607224,1.0
0.329375,0.16567880327406154,1.0
0.329425,0.16572557876905702,1.0
0.330084,0.16577238068342276,1.0
0.330137,0.16581920903954803,1.0
0.33039,0.16586606385984742,1.0
0.330468,0.1659129451667609,1.0
0.330661,0.16595985298275376,1.0
0.330847,0.16600678733031674,1.0
0.330901,0.16605374823196606,1.0
0.331106,0.16610073571024336,1.0
0.331144,0.16614774978771582,1.0
0.331322,0.16619479048697622,1.0
0.331328,0.16624185783064288,1.0
0.331704,0.16628895184135978,1.0
0.331742,0.16633607254179655,1.0
0.331825,0.16638321995464853,1.0
0.332067,0.1664303941026368,1.0
0.332566,0.16647759500850823,1.0
0.333478,0.16652482269503546,1.0
0.333534,0.16657207718501701,1.0
0.333866,0.16661935850127732,1.0
0.333878,0.16666666666666666,1.0
0.334155,0.16671400170406134,1.0
0.334402,0.16676136363636362,1.0
0.334487,0.16680875248650184,1.0
0.334769,0.16685616827743036,1.0
0.335996,0.16690361103212967,1.0
0.336018,0.16695108077360638,1.0
0.336147,0.1669985775248933,1.0
0.336376,0.1670461013090495,1.0
0.336506,0.16709365214916025,1.0
0.336587,0.16714123006833714,1.0
0.33659,0.16718883508971802,1.0
0.33668,0.16723646723646723,1.0
0.336907,0.16728412653177543,1.0
0.336916,0.16733181299885974,1.0
0.336929,0.16737952666096378,1.0
0.337011,0.16742726754135767,1.0
0.337405,0.1674750356633381,1.0
0.337409,0.1675228310502283,1.0
0.33743,0.16757065372537824,1.0
0.337898,0.16761850371216447,1.0
0.337944,0.16766638103399029,1.0
0.338455,0.1677142857142857,1.0
0.338874,0.16776221777650757,1.0
0.338885,0.16781017724413952,1.0
0.340001,0.16785816414069202,1.0
0.340236,0.16790617848970252,1.0
0.340518,0.16795422031473534,1.0
0.340579,0.1680022896393818,1.0
0.340971,0.16805038648726023,1.0
0.341377,0.16809851088201605,1.0
0.34181,0.1681466628473217,1.0
0.341904,0.1681948424068768,1.0
0.34193,0.16824304958440814,1.0
0.342082,0.16829128440366972,1.0
0.342451,0.1683395468884428,1.0
0.342687,0.16838783706253585,1.0
0.342859,0.16843615494978478,1.0
0.343001,0.16848450057405281,1.0
0.343121,0.16853287395923056,1.0
0.343374,0.16858127512923607,1.0
0.343638,0.16862970410801495,1.0
0.343678,0.16867816091954024,1.0
0.344307,0.16872664558781258,1.0
0.344348,0.16877515813686025,1.0
0.344417,0.16882369859073915,1.0
0.345025,0.1688722669735328,1.0
0.345253,0.16892086330935252,1.0
0.345397,0.16896948762233735,1.0
0.345819,0.16901813993665418,1.0
0.346145,0.1690668202764977,1.0
0.346594,0.16911552866609048,1.0
0.346671,0.169164265129683,1.0
0.3468,0.16921302969155377,1.0
0.346823,0.16926182237600923,1.0
0.346961,0.1693106432073839,1.0
0.346973,0.1693594922100404,1.0
0.347729,0.1694083694083694,1.0
0.34782,0.16945727482678985,1.0
0.347825,0.16950620848974876,1.0
0.34867,0.16955517042172155,1.0
0.348854,0.1696041606472118,1.0
0.348942,0.16965317919075146,1.0
0.349481,0.16970222607690083,1.0
0.349486,0.1697513013302487,1.0
0.349708,0.1698004049754122,1.0
0.349845,0.16984953703703703,1.0
0.350128,0.1698986975397974,1.0
0.35014,0.16994788650839607,1.0
0.350226,0.16999710396756443,1.0
0.35113,0.17004634994206258,1.0
0.351275,0.17009562445667922,1.0
0.351638,0.1701449275362319,1.0
0.351869,0.17019425920556683,1.0
0.351879,0.17024361948955916,1.0
0.35217,0.17029300841311285,1.0
0.353022,0.17034242600116076,1.0
0.353051,0.17039187227866473,1.0
0.353284,0.17044134727061555,1.0
0.353531,0.17049085100203312,1.0
0.353703,0.1705403834979663,1.0
0.353719,0.17058994478349318,1.0
0.353809,0.17063953488372094,1.0
0.353967,0.170689153823786,1.0
0.354183,0.170738801628854,1.0
0.354439,0.17078847832411986,1.0
0.354556,0.1708381839348079,1.0
0.354817,0.17088791848617177,1.0
0.354924,0.17093768200349446,1.0
0.355094,0.17098747451208854,1.0
0.355515,0.17103729603729603,1.0
0.355527,0.17108714660448848,1.0
0.356015,0.17113702623906704,1.0
0.356168,0.17118693496646253,1.0
0.356542,0.17123687281213534,1.0
0.356631,0.17128683980157572,1.0
0.356897,0.17133683596030355,1.0
0.357001,0.17138686131386863,1.0
0.357029,0.17143691588785046,1.0
0.357132,0.1714869997078586,1.0
0.357166,0.17153711279953243,1.0
0.357556,0.17158725518854137,1.0
0.357943,0.17163742690058478,1.0
0.359329,0.17168762796139223,1.0
0.359583,0.17173785839672323,1.0
0.359865,0.1717881182323676,1.0
0.360127,0.1718384074941452,1.0
0.360284,0.1718887262079063,1.0
0.360377,0.17193907439953135,1.0
0.360838,0.17198945209493113,1.0
0.361179,0.1720398593200469,1.0
0.361971,0.1720902961008502,1.0
0.362069,0.17214076246334312,1.0
0.362114,0.17219125843355823,1.0
0.362571,0.1722417840375587,1.0
0.362608,0.17229233930143822,1.0
0.362911,0.1723429242513212,1.0
0.362961,0.1723935389133627,1.0
0.363205,0.17244418331374853,1.0
0.363407,0.17249485747869528,1.0
0.363513,0.17254556143445032,1.0
0.363918,0.17259629520729197,1.0
0.365191,0.1726470588235294,1.0
0.365374,0.1726978523095028,1.0
0.36545,0.17274867569158328,1.0
0.365744,0.1727995289961731,1.0
0.365839,0.17285041224970554,1.0
0.366401,0.17290132547864506,1.0
0.366491,0.17295226870948732,1.0
0.366592,0.1730032419687592,1.0
0.366624,0.17305424528301888,1.0
0.36673,0.1731052786788558,1.0
0.367349,0.17315634218289086,1.0
0.367707,0.17320743582177633,1.0
0.3679,0.173258559622196,1.0
0.368699,0.17330971361086508,1.0
0.368841,0.17336089781453043,1.0
0.369253,0.17341211225997047,1.0
0.36998,0.17346335697399526,1.0
0.370034,0.17351463198344663,1.0
0.370196,0.17356593731519812,1.0
0.370351,0.17361727299615498,1.0
0.370633,0.17366863905325444,1.0
0.370865,0.17372003551346551,1.0
0.37181,0.1737714624037892,1.0
0.372233,0.17382291975125852,1.0
0.372507,0.1738744075829384,1.0
0.372879,0.17392592592592593,1.0
0.373861,0.17397747480735032,1.0
0.373927,0.17402905425437296,1.0
0.374144,0.17408066429418742,1.0
0.374197,0.17413230495401957,1.0
0.374734,0.1741839762611276,1.0
0.374853,0.174235678242802,1.0
0.37492,0.1742874109263658,1.0
0.37522,0.17433917433917434,1.0
0.375255,0.17439096850861557,1.0
0.375365,0.17444279346210995,1.0
0.375466,0.17449464922711058,1.0
0.375661,0.1745465358311032,1.0
0.376053,0.1745984533016062,1.0
0.376112,0.1746504016661708,1.0
0.376487,0.17470238095238094,1.0
0.37654,0.17475439118785352,1.0
0.376807,0.17480643240023824,1.0
0.376808,0.17485850461721775,1.0
0.377142,0.17491060786650775,1.0
0.377273,0.17496274217585692,1.0
0.3777,0.1750149075730471,1.0
0.377829,0.17506710408589324,1.0
0.378521,0.17511933174224345,1.0
0.378595,0.1751715905699791,1.0
0.37861,0.17522388059701494,1.0
0.379169,0.17527620185129889,1.0
0.379208,0.17532855436081243,1.0
0.379417,0.17538093815357036,1.0
0.379587,0.17543335325762105,1.0
0.38011,0.17548579970104633,1.0
0.380283,0.17553827751196172,1.0
0.380286,0.1755907867185163,1.0
0.380351,0.17564332734889287,1.0
0.380395,0.17569589943130798,1.0
0.380727,0.17574850299401198,1.0
0.38146,0.17580113806528902,1.0
0.381749,0.17585380467345715,1.0
0.382109,0.17590650284686846,1.0
0.382765,0.17595923261390886,1.0
0.382864,0.1760119940029985,1.0
0.383294,0.1760647870425915,1.0
0.383536,0.17611761176117613,1.0
0.383575,0.17617046818727491,1.0
0.383668,0.1762233563494446,1.0
0.383996,0.1762762762762763,1.0
0.384229,0.1763292279963953,1.0
0.384289,0.17638221153846154,1.0
0.384419,0.17643522693116923,1.0
0.384462,0.17648827420324714,1.0
0.384508,0.17654135338345864,1.0
0.384545,0.17659446450060168,1.0
0.384683,0.17664760758350886,1.0
0.385225,0.17670078266104755,1.0
0.385235,0.17675398976211984,1.0
0.38531,0.17680722891566264,1.0
0.385364,0.17686050015064778,1.0
0.385381,0.176913803496082,1.0
0.385447,0.17696713898100694,1.0
0.385555,0.1770205066344994,1.0
0.385629,0.1770739064856712,1.0
0.385766,0.17712733856366927,1.0
0.386555,0.17718080289767582,1.0
0.386602,0.17723429951690822,1.0
0.386707,0.17728782845061916,1.0
0.386737,0.17734138972809668,1.0
0.38687,0.17739498337866424,1.0
0.38697,0.17744860943168078,1.0
0.387156,0.17750226791654067,1.0
0.387183,0.17755595886267392,1.0
0.387461,0.17760968229954613,1.0
0.38754,0.1776634382566586,1.0
0.387671,0.17771722676354829,1.0
0.387884,0.177771047849788,1.0
0.388694,0.17782490154498637,1.0
0.389245,0.1778787878787879,1.0
0.389492,0.17793270688087298,1.0
0.389508,0.17798665858095816,1.0
0.389587,0.17804064300879588,1.0
0.390334,0.17809466019417475,1.0
0.390359,0.17814871016691958,1.0
0.390473,0.17820279295689131,1.0
0.390677,0.17825690859398724,1.0
0.391135,0.17831105710814094,1.0
0.391259,0.1783652385293224,1.0
0.391407,0.178419452887538,1.0
0.391458,0.17847370021283065,1.0
0.391696,0.1785279805352798,1.0
0.391716,0.17858229388500152,1.0
0.391796,0.1786366402921485,1.0
0.391839,0.1786910197869102,1.0
0.392005,0.1787454323995128,1.0
0.392247,0.1787998781602193,1.0
0.392368,0.17885435709932967,1.0
0.392536,0.17890886924718075,1.0
0.392763,0.17896341463414633,1.0
0.393131,0.1790179932906374,1.0
0.393174,0.1790726052471019,1.0
0.393557,0.17912725053402503,1.0
0.393589,0.17918192918192918,1.0
0.393754,0.17923664122137403,1.0
0.394268,0.17929138668295663,1.0
0.3944,0.17934616559731134,1.0
0.394764,0.17940097799511,1.0
0.394909,0.17945582390706205,1.0
0.395093,0.17951070336391436,1.0
0.395494,0.17956561639645152,1.0
0.395875,0.17962056303549573,1.0
0.395904,0.17967554331190694,1.0
0.395982,0.17973055725658296,1.0
0.395989,0.17978560490045942,1.0
0.396252,0.1798406862745098,1.0
0.396256,0.17989580140974562,1.0
0.396307,0.17995095033721642,1.0
0.396733,0.1800061330880098,1.0
0.396966,0.18006134969325152,1.0
0.397568,0.18011660018410555,1.0
0.397852,0.1801718845917741,1.0
0.398006,0.1802272029474977,1.0
0.398025,0.1802825552825553,1.0
0.398102,0.18033794162826422,1.0
0.398231,0.18039336201598033,1.0
0.398675,0.18044881647709807,1.0
0.398979,0.18050430504305043,1.0
0.399048,0.18055982774530913,1.0
0.39921,0.18061538461538462,1.0
0.399337,0.1806709756848261,1.0
0.399501,0.18072660098522167,1.0
0.399706,0.18078226054819835,1.0
0.399807,0.18083795440542205,1.0
0.399925,0.18089368258859784,1.0
0.400281,0.18094944512946978,1.0
0.400584,0.18100524205982116,1.0
0.400748,0.1810610734114744,1.0
0.401466,0.18111693921629127,1.0
0.401586,0.18117283950617283,1.0
0.401898,0.1812287743130596,1.0
0.402035,0.18128474366893144,1.0
0.4021,0.18134074760580784,1.0
0.402467,0.18139678615574784,1.0
0.402523,0.18145285935085007,1.0
0.402797,0.18150896722325294,1.0
0.403331,0.18156510980513454,1.0
0.403604,0.18162128712871287,1.0
0.403625,0.18167749922624574,1.0
0.403705,0.18173374613003096,1.0
0.404584,0.1817900278724063,1.0
0.404928,0.18184634448574968,1.0
0.404935,0.18190269600247908,1.0
0.405196,0.18195908245505268,1.0
0.40544,0.182015503875969,1.0
0.405715,0.18207196029776676,1.0
0.406266,0.18212845175302514,1.0
0.406513,0.18218497827436375,1.0
0.406914,0.18224153989444272,1.0
0.407188,0.18229813664596273,1.0
0.407197,0.1823547685616651,1.0
0.40722,0.18241143567433188,1.0
0.407375,0.18246813801678582,1.0
0.407422,0.18252487562189054,1.0
0.407543,0.18258164852255054,1.0
0.408201,0.18263845675171125,1.0
0.408232,0.18269530034235917,1.0
0.408233,0.1827521793275218,1.0
0.408316,0.18280909374026783,1.0
0.40853,0.18286604361370717,1.0
0.408635,0.18292302898099097,1.0
0.4087,0.18298004987531172,1.0
0.410326,0.18303710632990333,1.0
0.410478,0.18309419837804117,1.0
0.412056,0.18315132605304213,1.0
0.412222,0.18320848938826467,1.0
0.412267,0.18326568841710897,1.0
0.412335,0.18338019368947203,1.0
0.412523,0.1834375,1.0
0.412696,0.1834948421381682,1.0
0.413043,0.183552220137586,1.0
0.413114,0.18360963403190492,1.0
0.413448,0.18366708385481853,1.0
0.413766,0.1837245696400626,1.0
0.414118,0.18378209142141516,1.0
0.414793,0.18383964923269652,1.0
0.41489,0.18389724310776942,1.0
0.415005,0.183954873080539,1.0
0.41507,0.18401253918495297,1.0
0.415086,0.18407024145500156,1.0
0.41549,0.1841279799247177,1.0
0.415732,0.18418575462817696,1.0
0.415807,0.1842435655994978,1.0
0.415895,0.18430141287284144,1.0
0.415936,0.18435929648241206,1.0
0.416067,0.1844172164624568,1.0
0.416157,0.18447517284726586,1.0
0.41621,0.1845331656711726,1.0
0.416352,0.18459119496855345,1.0
0.416525,0.18464926077382826,1.0
0.416623,0.18470736312146005,1.0
0.416882,0.1847655020459553,1.0
0.417023,0.184823677581864,1.0
0.417476,0.18488188976377953,1.0
0.417709,0.184940138626339,1.0
0.41816,0.18499842420422313,1.0
0.41835,0.18505674653215637,1.0
0.418391,0.18511510564490696,1.0
0.418605,0.18517350157728707,1.0
0.418736,0.18523193436415272,1.0
0.418817,0.18529040404040403,1.0
0.418956,0.18534891064098516,1.0
0.419423,0.1854074542008844,1.0
0.419823,0.1854660347551343,1.0
0.419878,0.18552465233881163,1.0
0.420248,0.18558330698703762,1.0
0.420251,0.18564199873497786,1.0
0.420446,0.18570072761784245,1.0
0.420859,0.18575949367088607,1.0
0.42145,0.18581829692940804,1.0
0.421732,0.18587713742875236,1.0
0.421922,0.1859360152043079,1.0
0.422422,0.18599493029150824,1.0
0.422511,0.186053882725832,1.0
0.422535,0.1861128725428028,1.0
0.422947,0.18617189977798923,1.0
0.423267,0.18623096446700507,1.0
0.423581,0.18629006664550937,1.0
0.423742,0.18634920634920635,1.0
0.423796,0.18640838361384565,1.0
0.423916,0.18646759847522237,1.0
0.423995,0.18652685096917698,1.0
0.424001,0.1865861411315957,1.0
0.424072,0.18664546899841017,1.0
0.424767,0.18670483460559797,1.0
0.424931,0.18676423798918232,1.0
0.425262,0.18682367918523235,1.0
0.425455,0.1868831582298631,1.0
0.425513,0.18694267515923566,1.0
0.425849,0.18700223000955718,1.0
0.425911,0.18706182281708095,1.0
0.425998,0.18712145361810648,1.0
0.426015,0.18718112244897958,1.0
0.426032,0.1872408293460925,1.0
0.426249,0.18730057434588385,1.0
0.426785,0.1873603574848388,1.0
0.42709,0.18742017879948913,1.0
0.427327,0.18748003832641327,1.0
0.427344,0.18753993610223643,1.0
0.427451,0.18759987216363055,1.0
0.427909,0.18765984654731457,1.0
0.428084,0.18771985929005436,1.0
0.428593,0.18777991042866282,1.0
0.428781,0.18784,1.0
0.42901,0.1879001280409731,1.0
0.429085,0.18796029458853666,1.0
0.429461,0.1880204996796925,1.0
0.430333,0.18808074335148992,1.0
0.431723,0.18814102564102564,1.0
0.431739,0.18820134658544405,1.0
0.431808,0.18826170622193714,1.0
0.431811,0.18832210458774462,1.0
0.432404,0.18838254172015403,1.0
0.432911,0.18844301765650082,1.0
0.433109,0.18850353243416829,1.0
0.433437,0.18856408609058786,1.0
0.434272,0.18862467866323906,1.0
0.434398,0.18868531018964962,1.0
0.43443,0.1887459807073955,1.0
0.434459,0.188806690254101,1.0
0.435183,0.18886743886743887,1.0
0.435238,0.18892822658513034,1.0
0.435248,0.18898905344494527,1.0
0.435288,0.1890499194847021,1.0
0.435705,0.18911082474226804,1.0
0.435712,0.18917176925555915,1.0
0.435947,0.1892327530625403,1.0
0.436242,0.18929377620122542,1.0
0.436521,0.18935483870967743,1.0
0.43692,0.1894159406260084,1.0
0.436976,0.1894770819883796,1.0
0.437273,0.1895382628350016,1.0
0.437318,0.18959948320413436,1.0
0.437457,0.18966074313408723,1.0
0.437619,0.18972204266321913,1.0
0.43778,0.18978338182993856,1.0
0.438123,0.18984476067270376,1.0
0.438439,0.18990617923002265,1.0
0.438691,0.18996763754045307,1.0
0.438801,0.1900291356426028,1.0
0.439176,0.19009067357512954,1.0
0.439255,0.19015225137674116,1.0
0.439424,0.19021386908619572,1.0
0.439531,0.19027552674230147,1.0
0.439769,0.19033722438391698,1.0
0.439804,0.19039896204995135,1.0
0.440011,0.19046073977936404,1.0
0.44011,0.1905225576111652,1.0
0.440154,0.19058441558441558,1.0
0.440168,0.19064631373822669,1.0
0.442032,0.19070825211176087,1.0
0.442553,0.19077023074423138,1.0
0.443516,0.19083224967490248,1.0
0.443548,0.19089430894308942,1.0
0.443952,0.19095640858815874,1.0
0.444246,0.19101854864952814,1.0
0.444258,0.19108072916666666,1.0
0.444544,0.19114295017909474,1.0
0.444783,0.19120521172638436,1.0
0.444954,0.19126751384815902,1.0
0.445659,0.19132985658409388,1.0
0.445665,0.19139223997391588,1.0
0.445783,0.19145466405740377,1.0
0.445868,0.19151712887438826,1.0
0.445897,0.19157963446475196,1.0
0.446059,0.19164218086842966,1.0
0.446475,0.19170476812540824,1.0
0.446588,0.1917673962757269,1.0
0.447143,0.19183006535947714,1.0
0.447233,0.19189277541680289,1.0
0.447506,0.1919555264879006,1.0
0.447602,0.1920183186130193,1.0
0.447974,0.19208115183246074,1.0
0.448181,0.1921440261865794,1.0
0.448331,0.1922069417157826,1.0
0.448621,0.19226989846053064,1.0
0.448979,0.19233289646133683,1.0
0.44928,0.19239593575876762,1.0
0.449299,0.19245901639344262,1.0
0.449304,0.19252213840603477,1.0
0.44931,0.19258530183727035,1.0
0.449437,0.1926485067279291,1.0
0.449507,0.1927117531188444,1.0
0.449605,0.19277504105090312,1.0
0.449639,0.192838370565046,1.0
0.449791,0.1929017417022675,1.0
0.4498,0.19296515450361604,1.0
0.449862,0.193028609010194,1.0
0.449978,0.1930921052631579,1.0
0.450269,0.19315564330371832,1.0
0.450398,0.19321922317314022,1.0
0.45074,0.19328284491274283,1.0
0.450789,0.19334650856389987,1.0
0.451037,0.19341021416803955,1.0
0.451466,0.1934739617666447,1.0
0.451497,0.19353775140125287,1.0
0.45154,0.19360158311345646,1.0
0.452059,0.19366545694490267,1.0
0.452088,0.19372937293729373,1.0
0.452206,0.19379333113238692,1.0
0.45243,0.19385733157199472,1.0
0.452549,0.1939213742979848,1.0
0.452751,0.19398545935228023,1.0
0.453019,0.19404958677685952,1.0
0.453045,0.19411375661375663,1.0
0.453218,0.1941779689050612,1.0
0.453851,0.1942422236929186,1.0
0.453938,0.19430652101952997,1.0
0.454097,0.1943708609271523,1.0
0.454235,0.1944352434580987,1.0
0.454287,0.19449966865473825,1.0
0.454292,0.1945641365594962,1.0
0.454377,0.19462864721485412,1.0
0.454528,0.1946932006633499,1.0
0.454648,0.19475779694757797,1.0
0.454656,0.19482243611018918,1.0
0.454784,0.1948871181938911,1.0
0.454994,0.19495184324144801,1.0
0.455732,0.19501661129568107,1.0
0.455748,0.19508142239946827,1.0
0.455828,0.19514627659574468,1.0
0.45588,0.1952111739275025,1.0
0.455968,0.19527611443779108,1.0
0.455984,0.19534109816971715,1.0
0.456084,0.19540612516644473,1.0
0.45636,0.19547119547119546,1.0
0.4567,0.1955363091272485,1.0
0.456722,0.1956014661779407,1.0
0.457034,0.19566666666666666,1.0
0.457331,0.19573191063687895,1.0
0.457715,0.19579719813208807,1.0
0.457845,0.19586252919586253,1.0
0.458038,0.1959279038718291,1.0
0.458306,0.1959933222036728,1.0
0.458608,0.19605878423513695,1.0
0.458945,0.19612429001002338,1.0
0.459194,0.19618983957219252,1.0
0.459383,0.19625543296556336,1.0
0.459419,0.19632107023411371,1.0
0.459664,0.19638675142188022,1.0
0.459708,0.1964524765729585,1.0
0.459787,0.19651824573150317,1.0
0.459802,0.19658405894172806,1.0
0.460315,0.1966499162479062,1.0
0.460896,0.19671581769436997,1.0
0.461194,0.19678176332551123,1.0
0.461261,0.19684775318578135,1.0
0.461298,0.1969137873196914,1.0
0.461353,0.1969798657718121,1.0
0.46138,0.19704598858677408,1.0
0.461697,0.19711215580926797,1.0
0.461761,0.19717836748404435,1.0
0.461779,0.19724462365591397,1.0
0.461949,0.19737726967047747,1.0
0.462231,0.1974436596030945,1.0
0.462322,0.19751009421265142,1.0
0.462333,0.1975765735442612,1.0
0.462465,0.19764309764309765,1.0
0.462862,0.19770966655439542,1.0
0.462915,0.19777628032345013,1.0
0.46293,0.19784293899561847,1.0
0.463035,0.19790964261631827,1.0
0.463054,0.19797639123102867,1.0
0.463416,0.19804318488529016,1.0
0.46345,0.1981100236247047,1.0
0.463471,0.19817690749493586,1.0
0.463715,0.19824383654170888,1.0
0.463721,0.1983108108108108,1.0
0.463837,0.19837783034809056,1.0
0.463901,0.1984448951994591,1.0
0.463919,0.19851200541088942,1.0
0.464178,0.19857916102841677,1.0
0.464499,0.19864636209813874,1.0
0.464503,0.1987136086662153,1.0
0.464819,0.19878090077886895,1.0
0.464935,0.19884823848238484,1.0
0.465241,0.19891562182311082,1.0
0.465638,0.19898305084745763,1.0
0.465654,0.19905052560189895,1.0
0.465933,0.19911804613297152,1.0
0.466077,0.1991856124872752,1.0
0.466457,0.1992532247114732,1.0
0.466841,0.19932088285229202,1.0
0.46704,0.19938858695652173,1.0
0.467259,0.19945633707101598,1.0
0.467373,0.19952413324269205,1.0
0.468722,0.1995919755185311,1.0
0.468786,0.19965986394557822,1.0
0.468794,0.1997277985709425,1.0
0.468996,0.19979577944179713,1.0
0.469272,0.19986380660537964,1.0
0.469934,0.19993188010899182,1.0
0.46999,0.2,1.0
0.470117,0.20006816632583505,1.0
0.470372,0.2001363791339925,1.0
0.470412,0.20020463847203274,1.0
0.470984,0.20027294438758103,1.0
0.471051,0.20034129692832764,1.0
0.471446,0.200409696142028,1.0
0.472161,0.20047814207650272,1.0
0.472354,0.20054663477963786,1.0
0.472808,0.20061517429938483,1.0
0.472905,0.20068376068376068,1.0
0.473499,0.20075239398084815,1.0
0.47352,0.20082107423879575,1.0
0.473644,0.20088980150581792,1.0
0.473978,0.20095857583019514,1.0
0.474274,0.20102739726027397,1.0
0.47437,0.20109626584446727,1.0
0.474776,0.2011651816312543,1.0
0.475312,0.20123414466918066,1.0
0.475353,0.20130315500685872,1.0
0.476128,0.2013722126929674,1.0
0.476324,0.20144131777625257,1.0
0.476668,0.20151047030552696,1.0
0.47728,0.20157967032967034,1.0
0.477402,0.20164891789762968,1.0
0.477504,0.20171821305841925,1.0
0.477536,0.20178755586112065,1.0
0.477751,0.20185694635488308,1.0
0.477843,0.20192638458892329,1.0
0.478196,0.2019958706125258,1.0
0.478345,0.20206540447504304,1.0
0.478398,0.20213498622589532,1.0
0.478441,0.20220461591457115,1.0
0.47874,0.20227429359062715,1.0
0.478752,0.2023440193036884,1.0
0.478886,0.2024137931034483,1.0
0.479337,0.20248361503966886,1.0
0.479567,0.2025534851621808,1.0
0.479803,0.20262340352088368,1.0
0.479809,0.20269337016574585,1.0
0.480083,0.20276338514680484,1.0
0.480133,0.20283344851416724,1.0
0.480191,0.202903560318009,1.0
0.480375,0.20297372060857538,1.0
0.480402,0.20304392943618124,1.0
0.480536,0.20311418685121108,1.0
0.480885,0.20318449290411908,1.0
0.481035,0.20325484764542937,1.0
0.481095,0.20332525112573605,1.0
0.481384,0.2033957033957034,1.0
0.481496,0.20346620450606587,1.0
0.481642,0.2035367545076283,1.0
0.481649,0.20360735345126604,1.0
0.481733,0.20367800138792505,1.0
0.481796,0.203748698368622,1.0
0.481857,0.20381944444444444,1.0
0.481935,0.2038902396665509,1.0
0.482047,0.20396108408617095,1.0
0.482213,0.2040319777546055,1.0
0.482295,0.2041029207232267,1.0
0.482417,0.20417391304347826,1.0
0.482583,0.20424495476687543,1.0
0.482653,0.20431604594500521,1.0
0.482745,0.20438718662952646,1.0
0.483,0.20445837687216997,1.0
0.483309,0.20452961672473868,1.0
0.483875,0.2046009062391077,1.0
0.483885,0.20467224546722454,1.0
0.483926,0.2047436344611092,1.0
0.48411,0.20481507327285414,1.0
0.484476,0.2048865619546248,1.0
0.48499,0.2049581005586592,1.0
0.485009,0.2050296891372686,1.0
0.485094,0.20510132774283718,1.0
0.485108,0.20517301642782243,1.0
0.485153,0.20524475524475524,1.0
0.485248,0.20531654424623993,1.0
0.485639,0.2053883834849545,1.0
0.485747,0.2054602730136507,1.0
0.485886,0.20553221288515405,1.0
0.485997,0.20560420315236427,1.0
0.486327,0.2056762438682551,1.0
0.486582,0.2057483350858745,1.0
0.486682,0.205820476858345,1.0
0.486891,0.20589266923886357,1.0
0.487237,0.20596491228070177,1.0
0.487357,0.20603720603720604,1.0
0.487441,0.20610955056179775,1.0
0.487578,0.2061819459079733,1.0
0.487631,0.2062543921293043,1.0
0.487815,0.2063268892794376,1.0
0.488188,0.20639943741209563,1.0
0.488385,0.20647203658107632,1.0
0.488472,0.20654468684025334,1.0
0.488839,0.2066173882435762,1.0
0.488862,0.20669014084507042,1.0
0.489039,0.20676294469883763,1.0
0.489099,0.20683579985905567,1.0
0.48912,0.20690870637997885,1.0
0.489298,0.20698166431593795,1.0
0.489743,0.2070546737213404,1.0
0.4898,0.20712773465067044,1.0
0.489896,0.20720084715848924,1.0
0.490431,0.20727401129943504,1.0
0.490673,0.20734722712822323,1.0
0.491272,0.20742049469964666,1.0
0.491572,0.20749381406857548,1.0
0.491691,0.20756718528995757,1.0
0.491709,0.20764060841881854,1.0
0.491752,0.20771408351026185,1.0
0.491906,0.20778761061946902,1.0
0.492134,0.2078611898016997,1.0
0.492218,0.2079348211122919,1.0
0.492336,0.20800850460666195,1.0
0.492365,0.20808224034030487,1.0
0.492508,0.20815602836879432,1.0
0.49297,0.2082298687477829,1.0
0.493113,0.20830376153300212,1.0
0.493267,0.20837770678026268,1.0
0.493276,0.20845170454545456,1.0
0.493279,0.20852575488454708,1.0
0.493421,0.2085998578535892,1.0
0.493701,0.20867401350870957,1.0
0.493968,0.20874822190611664,1.0
0.494245,0.2088224831020989,1.0
0.494297,0.20889679715302492,1.0
0.494456,0.20897116411534353,1.0
0.49452,0.20904558404558404,1.0
0.494537,0.20912005700035624,1.0
0.495084,0.2091945830363507,1.0
0.495434,0.20926916221033867,1.0
0.495638,0.2093437945791726,1.0
0.496036,0.20941848019978596,1.0
0.496294,0.20949321912919344,1.0
0.496493,0.20956801142449125,1.0
0.496702,0.20964285714285713,1.0
0.496825,0.20971775634155054,1.0
0.496975,0.20979270907791278,1.0
0.497181,0.2098677154093672,1.0
0.497284,0.20994277539341916,1.0
0.497412,0.21001788908765653,1.0
0.497911,0.21009305654974947,1.0
0.498492,0.21016827783745076,1.0
0.498865,0.21024355300859598,1.0
0.498914,0.21031888212110356,1.0
0.499001,0.21039426523297491,1.0
0.499428,0.21046970240229473,1.0
0.499515,0.21054519368723099,1.0
0.499743,0.21062073914603516,1.0
0.500118,0.21069633883704236,1.0
0.500214,0.21077199281867146,1.0
0.500355,0.21084770114942528,1.0
0.500383,0.21092346388789077,1.0
0.500391,0.21099928109273905,1.0
0.500457,0.21107515282272563,1.0
0.500783,0.21115107913669065,1.0
0.50112,0.21122706009355882,1.0
0.501142,0.21130309575233983,1.0
0.501524,0.2113791861721282,1.0
0.501541,0.21145533141210374,1.0
0.5016,0.21153153153153154,1.0
0.501608,0.21160778658976206,1.0
0.501732,0.21168409664623153,1.0
0.501972,0.21176046176046176,1.0
0.502038,0.21183688199206063,1.0
0.502117,0.21191335740072204,1.0
0.502314,0.21198988804622607,1.0
0.502939,0.2120664739884393,1.0
0.503133,0.21214311528731478,1.0
0.503269,0.21221981200289225,1.0
0.503356,0.21229656419529838,1.0
0.50338,0.21237337192474676,1.0
0.503652,0.2124502352515382,1.0
0.503958,0.21252715423606083,1.0
0.504295,0.2126041289387903,1.0
0.504437,0.21268115942028987,1.0
0.504467,0.21275824574121058,1.0
0.504469,0.2128353879622915,1.0
0.504614,0.21291258614435982,1.0
0.504624,0.2129898403483309,1.0
0.504675,0.2130671506352087,1.0
0.505048,0.2131445170660857,1.0
0.505091,0.21322193970214312,1.0
0.505092,0.21329941860465115,1.0
0.505128,0.2133769538349691,1.0
0.50521,0.21345454545454545,1.0
0.505632,0.21353219352491815,1.0
0.50574,0.2136098981077147,1.0
0.506048,0.21368765926465236,1.0
0.50614,0.21376547705753823,1.0
0.506391,0.21384335154826958,1.0
0.506509,0.21392128279883382,1.0
0.50705,0.2139992708713088,1.0
0.507059,0.21407731582786288,1.0
0.507166,0.2141554177307552,1.0
0.5072,0.21423357664233578,1.0
0.507331,0.21431179262504563,1.0
0.507522,0.21439006574141709,1.0
0.50784,0.2144683960540738,1.0
0.507928,0.21454678362573099,1.0
0.508445,0.2146252285191956,1.0
0.508529,0.2147037307973665,1.0
0.508554,0.21478229052323455,1.0
0.508832,0.21486090775988287,1.0
0.508835,0.214939582570487,1.0
0.509126,0.21501831501831503,1.0
0.509327,0.21509710516672773,1.0
0.509578,0.2151759530791789,1.0
0.510337,0.21525485881921524,1.0
0.51089,0.21533382245047689,1.0
0.510908,0.21541284403669725,1.0
0.510922,0.2154919236417034,1.0
0.511053,0.21557106132941609,1.0
0.51119,0.2156502571638501,1.0
0.511301,0.2157295112091143,1.0
0.511308,0.21580882352941178,1.0
0.511368,0.2158881941890401,1.0
0.511455,0.21596762325239147,1.0
0.51147,0.2160471107839529,1.0
0.511947,0.21612665684830634,1.0
0.512101,0.21620626151012892,1.0
0.512224,0.21628592483419307,1.0
0.51264,0.21636564688536675,1.0
0.512808,0.21644542772861358,1.0
0.512912,0.216525267428993,1.0
0.512979,0.21660516605166052,1.0
0.513198,0.21668512366186785,1.0
0.513356,0.21676514032496308,1.0
0.513575,0.21684521610639085,1.0
0.513595,0.21692535107169253,1.0
0.513671,0.21700554528650648,1.0
0.513778,0.21708579881656806,1.0
0.513805,0.21716611172770994,1.0
0.514334,0.21724648408586233,1.0
0.514622,0.21732691595705295,1.0
0.514645,0.2174074074074074,1.0
0.514749,0.2174879585031493,1.0
0.514779,0.21756856931060045,1.0
0.514982,0.21764923989618093,1.0
0.515396,0.2177299703264095,1.0
0.515486,0.21781076066790353,1.0
0.51584,0.21789161098737936,1.0
0.515946,0.21797252135165243,1.0
0.516142,0.21805349182763745,1.0
0.516235,0.21813452248234858,1.0
0.516698,0.21821561338289963,1.0
0.51691,0.21829676459650427,1.0
0.51716,0.2183779761904762,1.0
0.517249,0.21845924823222926,1.0
0.517554,0.21854058078927774,1.0
0.517622,0.2186219739292365,1.0
0.518488,0.21870342771982115,1.0
0.518812,0.2187849422288483,1.0
0.519163,0.21886651752423564,1.0
