threshold,tpr,fpr
inf,0.0,0.0
1.903427,0.0017035775127768314,0.0
1.869003,0.0034071550255536627,0.0
1.846922,0.005110732538330494,0.0
1.832333,0.0068143100511073255,0.0
1.794394,0.008517887563884156,0.0
1.749475,0.010221465076660987,0.0
1.729638,0.01192504258943782,0.0
1.729257,0.013628620102214651,0.0
1.715821,0.015332197614991482,0.0
1.675831,0.017035775127768313,0.0
1.674645,0.018739352640545145,0.0
1.671302,0.020442930153321975,0.0
1.661583,0.022146507666098807,0.0
1.659545,0.02385008517887564,0.0
1.657904,0.02555366269165247,0.0
1.626861,0.027257240204429302,0.0
1.623849,0.028960817717206135,0.0
1.614758,0.030664395229982964,0.0
1.608071,0.03236797274275979,0.0
1.606576,0.034071550255536626,0.0
1.601694,0.03577512776831346,0.0
1.601193,0.03747870528109029,0.0
1.597347,0.039182282793867124,0.0
1.589163,0.04088586030664395,0.0
1.589017,0.04258943781942078,0.0
1.584986,0.044293015332197615,0.0
1.57662,0.04599659284497445,0.0
1.563626,0.04770017035775128,0.0
1.559738,0.049403747870528106,0.0
1.559484,0.05110732538330494,0.0
1.558972,0.05281090289608177,0.0
1.555987,0.054514480408858604,0.0
1.552766,0.054514480408858604,0.0002575328354365182
1.550242,0.056218057921635436,0.0002575328354365182
1.543241,0.05792163543441227,0.0002575328354365182
1.540924,0.059625212947189095,0.0002575328354365182
1.54014,0.06132879045996593,0.0002575328354365182
1.539818,0.06303236797274275,0.0002575328354365182
1.533638,0.06473594548551959,0.0002575328354365182
1.529733,0.06643952299829642,0.0002575328354365182
1.52488,0.06643952299829642,0.0005150656708730364
1.518751,0.06814310051107325,0.0005150656708730364
1.513206,0.06984667802385008,0.0005150656708730364
1.504832,0.07155025553662692,0.0005150656708730364
1.50221,0.07325383304940375,0.0005150656708730364
1.501149,0.07495741056218058,0.0005150656708730364
1.500413,0.07666098807495741,0.0005150656708730364
1.496903,0.07836456558773425,0.0005150656708730364
1.495655,0.08006814310051108,0.0005150656708730364
1.492045,0.0817717206132879,0.0005150656708730364
1.491119,0.08347529812606473,0.0005150656708730364
1.490864,0.08517887563884156,0.0005150656708730364
1.486188,0.08517887563884156,0.0007725985063095545
1.484878,0.0868824531516184,0.0007725985063095545
1.481199,0.08858603066439523,0.0007725985063095545
1.480627,0.09028960817717206,0.0007725985063095545
1.480517,0.0919931856899489,0.0007725985063095545
1.473396,0.09369676320272573,0.0007725985063095545
1.472769,0.09540034071550256,0.0007725985063095545
1.472268,0.09540034071550256,0.0010301313417460727
1.471675,0.09710391822827939,0.0010301313417460727
1.470812,0.09880749574105621,0.0010301313417460727
1.470743,0.10051107325383304,0.0010301313417460727
1.469925,0.10221465076660988,0.0010301313417460727
1.466159,0.10391822827938671,0.0010301313417460727
1.463521,0.10562180579216354,0.0010301313417460727
1.46336,0.10732538330494037,0.0010301313417460727
1.463179,0.10902896081771721,0.0010301313417460727
1.460418,0.11073253833049404,0.0010301313417460727
1.458424,0.11243611584327087,0.0010301313417460727
1.457746,0.1141396933560477,0.0010301313417460727
1.456539,0.11584327086882454,0.0010301313417460727
1.455569,0.11754684838160136,0.0010301313417460727
1.45386,0.11925042589437819,0.0010301313417460727
1.451242,0.12095400340715502,0.0010301313417460727
1.450161,0.12265758091993186,0.0010301313417460727
1.448855,0.12436115843270869,0.0010301313417460727
1.445019,0.1260647359454855,0.0010301313417460727
1.437666,0.12776831345826234,0.0010301313417460727
1.435131,0.12947189097103917,0.0010301313417460727
1.432473,0.131175468483816,0.0010301313417460727
1.430936,0.13287904599659284,0.0010301313417460727
1.430517,0.13458262350936967,0.0010301313417460727
1.429834,0.1362862010221465,0.0010301313417460727
1.428762,0.13798977853492334,0.0010301313417460727
1.428099,0.13969335604770017,0.0010301313417460727
1.427145,0.141396933560477,0.0010301313417460727
1.42705,0.14310051107325383,0.0010301313417460727
1.42307,0.14480408858603067,0.0010301313417460727
1.422803,0.1465076660988075,0.0010301313417460727
1.420307,0.1465076660988075,0.0012876641771825909
1.419858,0.14821124361158433,0.0012876641771825909
1.416489,0.14991482112436116,0.0012876641771825909
1.416029,0.151618398637138,0.0012876641771825909
1.414486,0.15332197614991483,0.0012876641771825909
1.414073,0.15502555366269166,0.0012876641771825909
1.412817,0.1567291311754685,0.0012876641771825909
1.410963,0.15843270868824533,0.0012876641771825909
1.41041,0.16013628620102216,0.0012876641771825909
1.410192,0.16183986371379896,0.0012876641771825909
1.408108,0.1635434412265758,0.0012876641771825909
1.40618,0.16524701873935263,0.0012876641771825909
1.405517,0.16695059625212946,0.0012876641771825909
1.405339,0.1686541737649063,0.0012876641771825909
1.403979,0.17035775127768313,0.0012876641771825909
1.402167,0.17035775127768313,0.001545197012619109
1.401496,0.17035775127768313,0.0018027298480556271
1.400843,0.17206132879045996,0.0018027298480556271
1.400526,0.17206132879045996,0.0020602626834921455
1.400317,0.1737649063032368,0.0020602626834921455
1.399335,0.17546848381601363,0.0020602626834921455
1.398514,0.17717206132879046,0.0020602626834921455
1.397458,0.1788756388415673,0.0020602626834921455
1.393458,0.18057921635434412,0.0020602626834921455
1.393259,0.18228279386712096,0.0020602626834921455
1.392828,0.1839863713798978,0.0020602626834921455
1.390567,0.18568994889267462,0.0020602626834921455
1.38652,0.18739352640545145,0.0020602626834921455
1.381952,0.1890971039182283,0.0020602626834921455
1.380325,0.19080068143100512,0.0020602626834921455
1.379734,0.19250425894378195,0.0020602626834921455
1.379533,0.19420783645655879,0.0020602626834921455
1.378486,0.19591141396933562,0.0020602626834921455
1.376875,0.19761499148211242,0.0020602626834921455
1.375318,0.19931856899488926,0.0020602626834921455
1.372354,0.2010221465076661,0.0020602626834921455
1.371326,0.20272572402044292,0.0020602626834921455
1.370242,0.20442930153321975,0.0020602626834921455
1.36904,0.2061328790459966,0.0020602626834921455
1.368635,0.20783645655877342,0.0020602626834921455
1.367712,0.20954003407155025,0.0020602626834921455
1.364863,0.21124361158432708,0.0020602626834921455
1.362605,0.21294718909710392,0.0020602626834921455
1.358693,0.21465076660988075,0.0020602626834921455
1.358146,0.21635434412265758,0.0020602626834921455
1.356188,0.21805792163543442,0.0020602626834921455
1.354556,0.21976149914821125,0.0020602626834921455
1.354285,0.21976149914821125,0.0023177955189286636
1.353757,0.22146507666098808,0.0023177955189286636
1.352558,0.2231686541737649,0.0023177955189286636
1.352337,0.22487223168654175,0.0023177955189286636
1.351591,0.22657580919931858,0.0023177955189286636
1.351126,0.2282793867120954,0.0023177955189286636
1.347158,0.22998296422487224,0.0023177955189286636
1.346988,0.23168654173764908,0.0023177955189286636
1.34484,0.23339011925042588,0.0023177955189286636
1.344732,0.23509369676320271,0.0023177955189286636
1.344031,0.23679727427597955,0.0023177955189286636
1.343228,0.23850085178875638,0.0023177955189286636
1.337028,0.23850085178875638,0.0025753283543651817
1.336619,0.2402044293015332,0.0025753283543651817
1.336322,0.2402044293015332,0.0028328611898017
1.336249,0.24190800681431004,0.0028328611898017
1.332345,0.24361158432708688,0.0028328611898017
1.331714,0.2453151618398637,0.0028328611898017
1.330636,0.24701873935264054,0.0028328611898017
1.329175,0.24701873935264054,0.003090394025238218
1.328966,0.24872231686541738,0.003090394025238218
1.328442,0.2504258943781942,0.003090394025238218
1.328433,0.252129471890971,0.003090394025238218
1.328363,0.252129471890971,0.003347926860674736
1.32704,0.252129471890971,0.0036054596961112542
1.324211,0.25383304940374785,0.0036054596961112542
1.321456,0.2555366269165247,0.0036054596961112542
1.321108,0.2572402044293015,0.0036054596961112542
1.320187,0.25894378194207834,0.0036054596961112542
1.318557,0.25894378194207834,0.0038629925315477724
1.318324,0.2606473594548552,0.0038629925315477724
1.316949,0.262350936967632,0.0038629925315477724
1.316693,0.26405451448040884,0.0038629925315477724
1.313371,0.26405451448040884,0.004120525366984291
1.311579,0.26405451448040884,0.004378058202420809
1.311368,0.2657580919931857,0.004378058202420809
1.308485,0.2674616695059625,0.004378058202420809
1.308348,0.2674616695059625,0.004635591037857327
1.308183,0.2674616695059625,0.004893123873293845
1.303633,0.2674616695059625,0.0051506567087303634
1.303086,0.2674616695059625,0.005408189544166882
1.302876,0.26916524701873934,0.005408189544166882
1.300172,0.2708688245315162,0.005408189544166882
1.300065,0.272572402044293,0.005408189544166882
1.299353,0.27427597955706984,0.005408189544166882
1.29717,0.27597955706984667,0.005408189544166882
1.297037,0.2776831345826235,0.005408189544166882
1.295333,0.2776831345826235,0.0056657223796034
1.294683,0.27938671209540034,0.0056657223796034
1.293163,0.27938671209540034,0.005923255215039918
1.29291,0.28109028960817717,0.005923255215039918
1.292212,0.28109028960817717,0.006180788050476436
1.291332,0.282793867120954,0.006180788050476436
1.290345,0.28449744463373083,0.006180788050476436
1.289189,0.28620102214650767,0.006180788050476436
1.286941,0.28620102214650767,0.006438320885912954
1.286859,0.2879045996592845,0.006438320885912954
1.2812,0.28960817717206133,0.006438320885912954
1.280639,0.28960817717206133,0.006695853721349472
1.280434,0.29131175468483816,0.006695853721349472
1.279291,0.293015332197615,0.006695853721349472
1.279041,0.29471890971039183,0.006695853721349472
1.27553,0.29642248722316866,0.006695853721349472
1.275313,0.2981260647359455,0.006695853721349472
1.274178,0.2981260647359455,0.00695338655678599
1.273465,0.29982964224872233,0.00695338655678599
1.272316,0.30153321976149916,0.00695338655678599
1.268616,0.303236797274276,0.00695338655678599
1.268092,0.3049403747870528,0.00695338655678599
1.267216,0.30664395229982966,0.00695338655678599
1.266064,0.30664395229982966,0.0072109193922225085
1.265015,0.3083475298126065,0.0072109193922225085
1.264813,0.3083475298126065,0.007468452227659027
1.264796,0.3100511073253833,0.007468452227659027
1.264721,0.31175468483816016,0.007468452227659027
1.264247,0.313458262350937,0.007468452227659027
1.263287,0.3151618398637138,0.007468452227659027
1.259639,0.31686541737649065,0.007468452227659027
1.259548,0.3185689948892675,0.007468452227659027
1.258603,0.3202725724020443,0.007468452227659027
1.257971,0.3219761499148211,0.007468452227659027
1.255627,0.3219761499148211,0.007725985063095545
1.25469,0.32367972742759793,0.007725985063095545
1.254519,0.32538330494037476,0.007725985063095545
1.252848,0.3270868824531516,0.007725985063095545
1.252563,0.3287904599659284,0.007725985063095545
1.252413,0.33049403747870526,0.007725985063095545
1.251618,0.3321976149914821,0.007725985063095545
1.2512,0.3339011925042589,0.007725985063095545
1.250528,0.33560477001703576,0.007725985063095545
1.250146,0.3373083475298126,0.007725985063095545
1.249742,0.3390119250425894,0.007725985063095545
1.248342,0.3390119250425894,0.007983517898532062
1.248203,0.34071550255536626,0.007983517898532062
1.246521,0.34071550255536626,0.008241050733968582
1.246111,0.34071550255536626,0.0084985835694051
1.24605,0.34071550255536626,0.008756116404841618
1.244512,0.3424190800681431,0.008756116404841618
1.243044,0.3441226575809199,0.008756116404841618
1.242499,0.3441226575809199,0.009013649240278136
1.242125,0.34582623509369675,0.009013649240278136
1.241328,0.3475298126064736,0.009013649240278136
1.240337,0.3475298126064736,0.009271182075714654
1.240316,0.3492333901192504,0.009271182075714654
1.240278,0.35093696763202725,0.009271182075714654
1.23947,0.3526405451448041,0.009271182075714654
1.238726,0.3526405451448041,0.009528714911151173
1.237668,0.3526405451448041,0.00978624774658769
1.237542,0.3526405451448041,0.010043780582024209
1.237457,0.3543441226575809,0.010043780582024209
1.237125,0.35604770017035775,0.010043780582024209
1.237064,0.35604770017035775,0.010301313417460727
1.236309,0.3577512776831346,0.010301313417460727
1.234988,0.3594548551959114,0.010301313417460727
1.234102,0.36115843270868825,0.010301313417460727
1.233399,0.36115843270868825,0.010558846252897245
1.233004,0.3628620102214651,0.010558846252897245
1.232351,0.3645655877342419,0.010558846252897245
1.230996,0.36626916524701875,0.010558846252897245
1.228669,0.3679727427597956,0.010558846252897245
1.227774,0.3696763202725724,0.010558846252897245
1.227586,0.3696763202725724,0.010816379088333763
1.227563,0.37137989778534924,0.010816379088333763
1.227455,0.3730834752981261,0.010816379088333763
1.226696,0.3730834752981261,0.011073911923770281
1.226645,0.3747870528109029,0.011073911923770281
1.225498,0.3747870528109029,0.0113314447592068
1.225084,0.37649063032367974,0.0113314447592068
1.22452,0.3781942078364566,0.0113314447592068
1.223242,0.3798977853492334,0.0113314447592068
1.22298,0.3798977853492334,0.011588977594643318
1.222484,0.38160136286201024,0.011588977594643318
1.222439,0.38160136286201024,0.011846510430079836
1.222284,0.38160136286201024,0.012104043265516354
1.221627,0.3833049403747871,0.012104043265516354
1.221459,0.3833049403747871,0.012361576100952872
1.221333,0.3850085178875639,0.012361576100952872
1.219288,0.38671209540034074,0.012361576100952872
1.218481,0.38841567291311757,0.012361576100952872
1.218319,0.3901192504258944,0.012361576100952872
1.216141,0.39182282793867124,0.012361576100952872
1.214652,0.39182282793867124,0.01261910893638939
1.21204,0.393526405451448,0.01261910893638939
1.211267,0.39522998296422485,0.01261910893638939
1.210273,0.39522998296422485,0.012876641771825908
1.20977,0.3969335604770017,0.012876641771825908
1.209185,0.3986371379897785,0.012876641771825908
1.208501,0.40034071550255534,0.012876641771825908
1.207882,0.4020442930153322,0.012876641771825908
1.207757,0.403747870528109,0.012876641771825908
1.207742,0.403747870528109,0.013134174607262426
1.205913,0.403747870528109,0.013391707442698944
1.205612,0.40545144804088584,0.013391707442698944
1.205233,0.4071550255536627,0.013391707442698944
1.204755,0.4088586030664395,0.013391707442698944
1.204435,0.41056218057921634,0.013391707442698944
1.204116,0.4122657580919932,0.013391707442698944
1.202906,0.41396933560477,0.013391707442698944
1.202237,0.41567291311754684,0.013391707442698944
1.20193,0.41737649063032367,0.013391707442698944
1.201767,0.4190800681431005,0.013391707442698944
1.201355,0.4190800681431005,0.013649240278135463
1.201065,0.42078364565587734,0.013649240278135463
1.200069,0.42248722316865417,0.013649240278135463
1.198217,0.424190800681431,0.013649240278135463
1.197936,0.42589437819420783,0.013649240278135463
1.19753,0.42759795570698467,0.013649240278135463
1.196961,0.4293015332197615,0.013649240278135463
1.194263,0.43100511073253833,0.013649240278135463
1.19426,0.43100511073253833,0.01390677311357198
1.193945,0.43100511073253833,0.014164305949008499
1.193186,0.43270868824531517,0.014164305949008499
1.192878,0.43270868824531517,0.014421838784445017
1.192183,0.43270868824531517,0.014679371619881535
1.192059,0.43270868824531517,0.014936904455318053
1.191891,0.434412265758092,0.014936904455318053
1.190771,0.43611584327086883,0.014936904455318053
1.190492,0.43611584327086883,0.015194437290754571
1.190375,0.43781942078364566,0.015194437290754571
1.189804,0.4395229982964225,0.015194437290754571
1.189781,0.44122657580919933,0.015194437290754571
1.188591,0.44293015332197616,0.015194437290754571
1.1884,0.44293015332197616,0.01545197012619109
1.18828,0.444633730834753,0.01545197012619109
1.187786,0.444633730834753,0.015709502961627608
1.187776,0.4463373083475298,0.015709502961627608
1.187631,0.4463373083475298,0.015967035797064124
1.187456,0.44804088586030666,0.015967035797064124
1.186879,0.4497444633730835,0.015967035797064124
1.186807,0.4514480408858603,0.015967035797064124
1.185634,0.45315161839863716,0.015967035797064124
1.184685,0.454855195911414,0.015967035797064124
1.184618,0.4565587734241908,0.015967035797064124
1.184571,0.45826235093696766,0.015967035797064124
1.181636,0.45826235093696766,0.016224568632500644
1.180822,0.45826235093696766,0.016482101467937164
1.180167,0.45826235093696766,0.01673963430337368
1.178308,0.45826235093696766,0.0169971671388102
1.177991,0.4599659284497445,0.0169971671388102
1.177255,0.4616695059625213,0.0169971671388102
1.177157,0.4616695059625213,0.017254699974246716
1.176901,0.4616695059625213,0.017512232809683236
1.176672,0.46337308347529815,0.017512232809683236
1.176079,0.46337308347529815,0.017769765645119753
1.175837,0.46507666098807493,0.017769765645119753
1.175506,0.46678023850085176,0.017769765645119753
1.174367,0.46678023850085176,0.018027298480556272
1.173331,0.46678023850085176,0.01828483131599279
1.172458,0.4684838160136286,0.01828483131599279
1.172158,0.4684838160136286,0.01854236415142931
1.17122,0.47018739352640543,0.01854236415142931
1.170895,0.47189097103918226,0.01854236415142931
1.170848,0.4735945485519591,0.01854236415142931
1.170606,0.4752981260647359,0.01854236415142931
1.170511,0.4752981260647359,0.018799896986865825
1.170029,0.4752981260647359,0.019057429822302345
1.16934,0.4752981260647359,0.01931496265773886
1.168676,0.47700170357751276,0.01931496265773886
1.168245,0.4787052810902896,0.01931496265773886
1.167271,0.4804088586030664,0.01931496265773886
1.16711,0.48211243611584326,0.01931496265773886
1.1653,0.48211243611584326,0.01957249549317538
1.16262,0.4838160136286201,0.01957249549317538
1.162274,0.4855195911413969,0.01957249549317538
1.162162,0.48722316865417375,0.01957249549317538
1.16166,0.48722316865417375,0.019830028328611898
1.161422,0.48722316865417375,0.020087561164048418
1.161398,0.4889267461669506,0.020087561164048418
1.160506,0.4906303236797274,0.020087561164048418
1.160478,0.49233390119250425,0.020087561164048418
1.160333,0.4940374787052811,0.020087561164048418
1.16004,0.4957410562180579,0.020087561164048418
1.160014,0.4957410562180579,0.020345093999484934
1.160006,0.4957410562180579,0.020602626834921454
1.159814,0.4957410562180579,0.02086015967035797
1.158065,0.49744463373083475,0.02086015967035797
1.157828,0.4991482112436116,0.02086015967035797
1.157067,0.4991482112436116,0.02111769250579449
1.155972,0.4991482112436116,0.021375225341231006
1.154652,0.5008517887563884,0.021375225341231006
1.154597,0.5025553662691652,0.021375225341231006
1.154041,0.5025553662691652,0.021632758176667526
1.153538,0.5025553662691652,0.021890291012104043
1.153417,0.5025553662691652,0.022147823847540563
1.153339,0.5025553662691652,0.02240535668297708
1.153266,0.504258943781942,0.02240535668297708
1.151283,0.5059625212947189,0.02240535668297708
1.151078,0.5076660988074957,0.02240535668297708
1.150961,0.5093696763202725,0.02240535668297708
1.150317,0.5110732538330494,0.02240535668297708
1.150134,0.5110732538330494,0.0226628895184136
1.149291,0.5127768313458262,0.0226628895184136
1.147744,0.514480408858603,0.0226628895184136
1.147403,0.5161839863713799,0.0226628895184136
1.146601,0.5178875638841567,0.0226628895184136
1.146515,0.5195911413969335,0.0226628895184136
1.146329,0.5212947189097104,0.0226628895184136
1.146321,0.5212947189097104,0.022920422353850115
1.145932,0.5212947189097104,0.023177955189286635
1.145662,0.5229982964224872,0.023177955189286635
1.145588,0.524701873935264,0.023177955189286635
1.144647,0.5264054514480409,0.023177955189286635
1.144531,0.5264054514480409,0.02343548802472315
1.144024,0.5264054514480409,0.02369302086015967
1.143828,0.5281090289608177,0.02369302086015967
1.143716,0.5298126064735945,0.02369302086015967
1.143481,0.5315161839863713,0.02369302086015967
1.142548,0.5315161839863713,0.023950553695596188
1.142168,0.5332197614991482,0.023950553695596188
1.141902,0.534923339011925,0.023950553695596188
1.141267,0.534923339011925,0.024208086531032708
1.140863,0.5366269165247018,0.024208086531032708
1.140412,0.5366269165247018,0.024465619366469224
1.140034,0.5366269165247018,0.024723152201905744
1.138691,0.5366269165247018,0.02498068503734226
1.138436,0.5383304940374787,0.02498068503734226
1.138248,0.5400340715502555,0.02498068503734226
1.137694,0.5400340715502555,0.02523821787277878
1.137136,0.5417376490630323,0.02523821787277878
1.136417,0.5417376490630323,0.025495750708215296
1.136374,0.5434412265758092,0.025495750708215296
1.134955,0.5434412265758092,0.025753283543651816
1.132778,0.5434412265758092,0.026010816379088333
1.132048,0.545144804088586,0.026010816379088333
1.132031,0.5468483816013628,0.026010816379088333
1.131571,0.5468483816013628,0.026268349214524853
1.131259,0.5468483816013628,0.02652588204996137
1.130663,0.5485519591141397,0.02652588204996137
1.130498,0.5502555366269165,0.02652588204996137
1.129083,0.5519591141396933,0.02652588204996137
1.128974,0.5519591141396933,0.02678341488539789
1.127921,0.5519591141396933,0.027040947720834405
1.127415,0.5536626916524702,0.027040947720834405
1.12718,0.555366269165247,0.027040947720834405
1.126615,0.5570698466780238,0.027040947720834405
1.126158,0.5570698466780238,0.027298480556270925
1.125659,0.5570698466780238,0.02755601339170744
1.125313,0.5570698466780238,0.02781354622714396
1.123347,0.5570698466780238,0.028071079062580478
1.122081,0.5587734241908007,0.028071079062580478
1.12151,0.5587734241908007,0.028328611898016998
1.121211,0.5587734241908007,0.028586144733453514
1.120934,0.5604770017035775,0.028586144733453514
1.120665,0.5604770017035775,0.028843677568890034
1.120467,0.5604770017035775,0.02910121040432655
1.11929,0.5604770017035775,0.02935874323976307
1.11832,0.5621805792163543,0.02935874323976307
1.117147,0.5638841567291312,0.02935874323976307
1.117131,0.5638841567291312,0.029616276075199587
1.116929,0.5638841567291312,0.029873808910636106
1.116886,0.5638841567291312,0.030131341746072623
1.116467,0.5638841567291312,0.030388874581509143
1.115843,0.5638841567291312,0.03064640741694566
1.11572,0.5638841567291312,0.03090394025238218
1.115702,0.5638841567291312,0.031161473087818695
1.115384,0.5638841567291312,0.031419005923255215
1.115277,0.565587734241908,0.031419005923255215
1.115018,0.5672913117546848,0.031419005923255215
1.11402,0.5689948892674617,0.031419005923255215
1.113366,0.5689948892674617,0.03167653875869173
1.113278,0.5706984667802385,0.03167653875869173
1.112665,0.5706984667802385,0.03193407159412825
1.112547,0.5706984667802385,0.03219160442956477
1.11254,0.5706984667802385,0.03244913726500129
1.110258,0.5706984667802385,0.032706670100437804
1.110131,0.5724020442930153,0.032706670100437804
1.109782,0.5724020442930153,0.03296420293587433
1.109764,0.5741056218057922,0.03296420293587433
1.109643,0.5741056218057922,0.033221735771310844
1.109518,0.575809199318569,0.033221735771310844
1.109471,0.575809199318569,0.03347926860674736
1.109163,0.575809199318569,0.03373680144218388
1.108414,0.575809199318569,0.0339943342776204
1.108181,0.575809199318569,0.034251867113056916
1.107211,0.5775127768313458,0.034251867113056916
1.10641,0.5775127768313458,0.03450939994849343
1.106271,0.5775127768313458,0.03476693278392995
1.104956,0.5775127768313458,0.03502446561936647
1.104662,0.5775127768313458,0.03528199845480299
1.104131,0.5775127768313458,0.035539531290239505
1.103247,0.5775127768313458,0.03579706412567602
1.102712,0.5792163543441227,0.03579706412567602
1.102696,0.5792163543441227,0.036054596961112545
1.102301,0.5809199318568995,0.036054596961112545
1.101287,0.5809199318568995,0.03631212979654906
1.100868,0.5809199318568995,0.03656966263198558
1.100654,0.5826235093696763,0.03656966263198558
1.100081,0.5843270868824532,0.03656966263198558
1.099831,0.5843270868824532,0.036827195467422094
1.099338,0.58603066439523,0.036827195467422094
1.099049,0.58603066439523,0.03708472830285862
1.099015,0.5877342419080068,0.03708472830285862
1.098715,0.5877342419080068,0.037342261138295134
1.098683,0.5894378194207837,0.037342261138295134
1.09537,0.5911413969335605,0.037342261138295134
1.095015,0.5928449744463373,0.037342261138295134
1.094869,0.5945485519591142,0.037342261138295134
1.094572,0.596252129471891,0.037342261138295134
1.094407,0.596252129471891,0.03759979397373165
1.093317,0.596252129471891,0.03785732680916817
1.093022,0.596252129471891,0.03811485964460469
1.092377,0.5979557069846678,0.03811485964460469
1.091449,0.5979557069846678,0.038372392480041206
1.091288,0.5996592844974447,0.038372392480041206
1.090635,0.5996592844974447,0.03862992531547772
1.090094,0.6013628620102215,0.03862992531547772
1.089768,0.6013628620102215,0.03888745815091424
1.089676,0.6013628620102215,0.03914499098635076
1.089653,0.6013628620102215,0.03940252382178728
1.089229,0.6030664395229983,0.03940252382178728
1.089142,0.6047700170357752,0.03940252382178728
1.08807,0.6047700170357752,0.039660056657223795
1.087807,0.606473594548552,0.039660056657223795
1.087256,0.606473594548552,0.03991758949266031
1.087148,0.6081771720613288,0.03991758949266031
1.087041,0.6098807495741057,0.03991758949266031
1.086861,0.6115843270868825,0.03991758949266031
1.08537,0.6115843270868825,0.040175122328096835
1.085149,0.6132879045996593,0.040175122328096835
1.085009,0.6149914821124361,0.040175122328096835
1.08491,0.6149914821124361,0.04043265516353335
1.084876,0.6149914821124361,0.04069018799896987
1.084634,0.6149914821124361,0.040947720834406384
1.084563,0.6149914821124361,0.04120525366984291
1.084189,0.6149914821124361,0.041462786505279424
1.082421,0.616695059625213,0.041462786505279424
1.081811,0.6183986371379898,0.041462786505279424
1.081715,0.6183986371379898,0.04172031934071594
1.080903,0.6201022146507666,0.04172031934071594
1.080777,0.6218057921635435,0.04172031934071594
1.080374,0.6235093696763203,0.04172031934071594
1.080231,0.6252129471890971,0.04172031934071594
1.080104,0.6252129471890971,0.04197785217615246
1.079977,0.6252129471890971,0.04223538501158898
1.079813,0.6252129471890971,0.042492917847025496
1.079412,0.626916524701874,0.042492917847025496
1.079401,0.6286201022146508,0.042492917847025496
1.07932,0.6286201022146508,0.04275045068246201
1.07826,0.6286201022146508,0.04300798351789853
1.077837,0.6286201022146508,0.04326551635333505
1.077672,0.6286201022146508,0.04352304918877157
1.07727,0.6286201022146508,0.043780582024208085
1.076663,0.6303236797274276,0.043780582024208085
1.076014,0.6303236797274276,0.0440381148596446
1.075588,0.6320272572402045,0.0440381148596446
1.075441,0.6320272572402045,0.044295647695081125
1.075283,0.6320272572402045,0.04455318053051764
1.074341,0.6320272572402045,0.04481071336595416
1.073722,0.6337308347529813,0.04481071336595416
1.072349,0.6354344122657581,0.04481071336595416
1.0723,0.637137989778535,0.04481071336595416
1.071305,0.637137989778535,0.045068246201390674
1.070394,0.6388415672913118,0.045068246201390674
1.069599,0.6388415672913118,0.0453257790368272
1.069538,0.6405451448040886,0.0453257790368272
1.069417,0.6422487223168655,0.0453257790368272
1.0689,0.6422487223168655,0.045583311872263714
1.068247,0.6439522998296422,0.045583311872263714
1.068025,0.6439522998296422,0.04584084470770023
1.067238,0.6439522998296422,0.04609837754313675
1.066585,0.6439522998296422,0.04635591037857327
1.066348,0.645655877342419,0.04635591037857327
1.066255,0.6473594548551959,0.04635591037857327
1.066207,0.6473594548551959,0.046613443214009787
1.065285,0.6473594548551959,0.0468709760494463
1.064343,0.6490630323679727,0.0468709760494463
1.063093,0.6490630323679727,0.04712850888488282
1.061368,0.6490630323679727,0.04738604172031934
1.061113,0.6490630323679727,0.04764357455575586
1.061037,0.6490630323679727,0.047901107391192375
1.060926,0.6490630323679727,0.04815864022662889
1.060861,0.6490630323679727,0.048416173062065415
1.06016,0.6507666098807495,0.048416173062065415
1.059995,0.6524701873935264,0.048416173062065415
1.057833,0.6541737649063032,0.048416173062065415
1.057818,0.6541737649063032,0.04867370589750193
1.057622,0.6541737649063032,0.04893123873293845
1.057582,0.6541737649063032,0.04918877156837497
1.057541,0.65587734241908,0.04918877156837497
1.056953,0.6575809199318569,0.04918877156837497
1.056181,0.6575809199318569,0.04944630440381149
1.056054,0.6592844974446337,0.04944630440381149
1.054532,0.6609880749574105,0.04944630440381149
1.052874,0.6626916524701874,0.04944630440381149
1.052731,0.6626916524701874,0.049703837239248004
1.052666,0.6626916524701874,0.04996137007468452
1.052516,0.6643952299829642,0.04996137007468452
1.052425,0.666098807495741,0.04996137007468452
1.052278,0.666098807495741,0.050218902910121044
1.051987,0.666098807495741,0.05047643574555756
1.05101,0.6678023850085179,0.05047643574555756
1.05086,0.6678023850085179,0.05073396858099408
1.050374,0.6695059625212947,0.05073396858099408
1.050324,0.6712095400340715,0.05073396858099408
1.049232,0.6712095400340715,0.05099150141643059
1.049008,0.6712095400340715,0.051249034251867116
1.048144,0.6712095400340715,0.05150656708730363
1.047737,0.6712095400340715,0.05176409992274015
1.047271,0.6712095400340715,0.052021632758176665
1.045719,0.6729131175468483,0.052021632758176665
1.045619,0.6746166950596252,0.052021632758176665
1.045443,0.6746166950596252,0.05227916559361319
1.045262,0.6746166950596252,0.052536698429049705
1.045005,0.6746166950596252,0.05279423126448622
1.043125,0.676320272572402,0.05279423126448622
1.042818,0.676320272572402,0.05305176409992274
1.042762,0.676320272572402,0.05330929693535926
1.042652,0.676320272572402,0.05356682977079578
1.04263,0.676320272572402,0.053824362606232294
1.042559,0.6780238500851788,0.053824362606232294
1.04248,0.6797274275979557,0.053824362606232294
1.041548,0.6797274275979557,0.05408189544166881
1.041542,0.6814310051107325,0.05408189544166881
1.040838,0.6814310051107325,0.054339428277105334
1.040748,0.6814310051107325,0.05459696111254185
1.040318,0.6814310051107325,0.05485449394797837
1.040011,0.6814310051107325,0.05511202678341488
1.039515,0.6814310051107325,0.055369559618851406
1.039493,0.6831345826235093,0.055369559618851406
1.038962,0.6831345826235093,0.05562709245428792
1.038838,0.6848381601362862,0.05562709245428792
1.038574,0.686541737649063,0.05562709245428792
1.037112,0.686541737649063,0.05588462528972444
1.036966,0.6882453151618398,0.05588462528972444
1.036812,0.6882453151618398,0.056142158125160956
1.036397,0.6882453151618398,0.05639969096059748
1.036149,0.6899488926746167,0.05639969096059748
1.035578,0.6899488926746167,0.056657223796033995
1.034551,0.6916524701873935,0.056657223796033995
1.034353,0.6916524701873935,0.05691475663147051
1.033911,0.6933560477001703,0.05691475663147051
1.033199,0.6933560477001703,0.05717228946690703
1.032383,0.6933560477001703,0.05742982230234355
1.032367,0.6933560477001703,0.05768735513778007
1.032083,0.6933560477001703,0.057944887973216584
1.031835,0.6950596252129472,0.057944887973216584
1.031585,0.6950596252129472,0.0582024208086531
1.031409,0.696763202725724,0.0582024208086531
1.031002,0.696763202725724,0.058459953644089624
1.030365,0.6984667802385008,0.058459953644089624
1.029837,0.7001703577512777,0.058459953644089624
1.029709,0.7001703577512777,0.05871748647952614
1.02946,0.7018739352640545,0.05871748647952614
1.028006,0.7018739352640545,0.05897501931496266
1.027253,0.7035775127768313,0.05897501931496266
1.027028,0.7035775127768313,0.05923255215039917
1.02691,0.7035775127768313,0.059490084985835696
1.026685,0.7035775127768313,0.05974761782127221
1.026582,0.7052810902896082,0.05974761782127221
1.026404,0.7052810902896082,0.06000515065670873
1.026208,0.7052810902896082,0.060262683492145246
1.025556,0.7052810902896082,0.06052021632758177
1.025555,0.7052810902896082,0.060777749163018285
1.02518,0.7052810902896082,0.0610352819984548
1.025042,0.706984667802385,0.0610352819984548
1.023247,0.7086882453151618,0.0610352819984548
1.023018,0.7103918228279387,0.0610352819984548
1.022507,0.7120954003407155,0.0610352819984548
1.021989,0.7120954003407155,0.06129281483389132
1.021657,0.7120954003407155,0.06155034766932784
1.020945,0.7120954003407155,0.06180788050476436
1.020166,0.7120954003407155,0.062065413340200874
1.019987,0.7137989778534923,0.062065413340200874
1.019724,0.7137989778534923,0.06232294617563739
1.019569,0.7137989778534923,0.06258047901107391
1.019505,0.7155025553662692,0.06258047901107391
1.019412,0.7155025553662692,0.06283801184651043
1.01932,0.717206132879046,0.06283801184651043
1.018917,0.7189097103918228,0.06283801184651043
1.01881,0.7189097103918228,0.06309554468194695
1.018618,0.7206132879045997,0.06309554468194695
1.018454,0.7206132879045997,0.06335307751738346
1.018108,0.7223168654173765,0.06335307751738346
1.017863,0.7223168654173765,0.06361061035281998
1.017362,0.7223168654173765,0.0638681431882565
1.016819,0.7240204429301533,0.0638681431882565
1.016572,0.7240204429301533,0.06412567602369303
1.016042,0.7240204429301533,0.06438320885912954
1.015768,0.7257240204429302,0.06438320885912954
1.015643,0.7257240204429302,0.06464074169456606
1.015146,0.7257240204429302,0.06489827453000258
1.014832,0.7257240204429302,0.06515580736543909
1.014618,0.7257240204429302,0.06541334020087561
1.014297,0.7257240204429302,0.06567087303631212
1.014214,0.7257240204429302,0.06592840587174865
1.013912,0.7257240204429302,0.06618593870718517
1.013704,0.727427597955707,0.06618593870718517
1.0137,0.7291311754684838,0.06618593870718517
1.013612,0.7308347529812607,0.06618593870718517
1.013578,0.7325383304940375,0.06618593870718517
1.013291,0.7325383304940375,0.06644347154262169
1.012782,0.7325383304940375,0.0667010043780582
1.01241,0.7342419080068143,0.0667010043780582
1.012004,0.7342419080068143,0.06695853721349472
1.011974,0.7359454855195912,0.06695853721349472
1.011875,0.7359454855195912,0.06721607004893124
1.010633,0.7359454855195912,0.06747360288436775
1.010349,0.737649063032368,0.06747360288436775
1.010177,0.7393526405451448,0.06747360288436775
1.010065,0.7393526405451448,0.06773113571980427
1.00994,0.7393526405451448,0.0679886685552408
1.009892,0.7393526405451448,0.06824620139067732
1.009696,0.7393526405451448,0.06850373422611383
1.008955,0.7393526405451448,0.06876126706155035
1.008318,0.7393526405451448,0.06901879989698687
1.008286,0.7393526405451448,0.06927633273242338
1.008271,0.7410562180579217,0.06927633273242338
1.008044,0.7427597955706985,0.06927633273242338
1.007964,0.7427597955706985,0.0695338655678599
1.007939,0.7444633730834753,0.0695338655678599
1.007353,0.7461669505962522,0.0695338655678599
1.00629,0.747870528109029,0.0695338655678599
1.005957,0.747870528109029,0.06979139840329641
1.005337,0.7495741056218058,0.06979139840329641
1.004642,0.7495741056218058,0.07004893123873294
1.004404,0.7512776831345827,0.07004893123873294
1.003866,0.7512776831345827,0.07030646407416946
1.003307,0.7529812606473595,0.07030646407416946
1.003243,0.7529812606473595,0.07056399690960598
1.003097,0.7529812606473595,0.0708215297450425
1.002483,0.7529812606473595,0.07107906258047901
1.001827,0.7529812606473595,0.07133659541591553
1.001662,0.7529812606473595,0.07159412825135204
1.001315,0.7546848381601363,0.07159412825135204
1.001115,0.7546848381601363,0.07185166108678856
1.001019,0.7546848381601363,0.07210919392222509
1.00087,0.7546848381601363,0.0723667267576616
1.000705,0.7563884156729132,0.0723667267576616
1.00053,0.75809199318569,0.0723667267576616
0.999817,0.75809199318569,0.07262425959309812
0.999636,0.75809199318569,0.07288179242853464
0.999226,0.75809199318569,0.07313932526397116
0.999093,0.75809199318569,0.07339685809940767
0.998204,0.7597955706984668,0.07339685809940767
0.997337,0.7614991482112436,0.07339685809940767
0.996831,0.7614991482112436,0.07365439093484419
0.996566,0.7614991482112436,0.0739119237702807
0.994697,0.7614991482112436,0.07416945660571723
0.993681,0.7614991482112436,0.07442698944115375
0.992824,0.7632027257240205,0.07442698944115375
0.991631,0.7632027257240205,0.07468452227659027
0.991507,0.7632027257240205,0.07494205511202678
0.990187,0.7632027257240205,0.0751995879474633
0.990088,0.7649063032367973,0.0751995879474633
0.989149,0.7649063032367973,0.07545712078289982
0.988752,0.7666098807495741,0.07545712078289982
0.987981,0.768313458262351,0.07545712078289982
0.987074,0.768313458262351,0.07571465361833633
0.986654,0.768313458262351,0.07597218645377285
0.986351,0.768313458262351,0.07622971928920938
0.986259,0.768313458262351,0.0764872521246459
0.986106,0.768313458262351,0.07674478496008241
0.985802,0.768313458262351,0.07700231779551893
0.985776,0.768313458262351,0.07725985063095545
0.985471,0.7700170357751278,0.07725985063095545
0.985463,0.7700170357751278,0.07751738346639196
0.985378,0.7700170357751278,0.07777491630182848
0.985109,0.7717206132879046,0.07777491630182848
0.984294,0.7734241908006815,0.07777491630182848
0.984201,0.7734241908006815,0.078032449137265
0.983566,0.7734241908006815,0.07828998197270153
0.983247,0.7734241908006815,0.07854751480813804
0.982918,0.7734241908006815,0.07880504764357456
0.982339,0.7734241908006815,0.07906258047901107
0.982192,0.7734241908006815,0.07932011331444759
0.981201,0.7751277683134583,0.07932011331444759
0.980961,0.7751277683134583,0.07957764614988411
0.980768,0.7751277683134583,0.07983517898532062
0.98069,0.7751277683134583,0.08009271182075714
0.980535,0.7768313458262351,0.08009271182075714
0.980144,0.778534923339012,0.08009271182075714
0.979925,0.7802385008517888,0.08035024465619367
0.977631,0.7819420783645656,0.08035024465619367
0.97722,0.7819420783645656,0.08060777749163019
0.977085,0.7819420783645656,0.0808653103270667
0.977037,0.7836456558773425,0.0808653103270667
0.977033,0.7836456558773425,0.08112284316250322
0.976706,0.7836456558773425,0.08138037599793974
0.976479,0.7836456558773425,0.08163790883337625
0.976073,0.7836456558773425,0.08189544166881277
0.97542,0.7836456558773425,0.0821529745042493
0.974019,0.7836456558773425,0.08241050733968582
0.973906,0.7836456558773425,0.08266804017512233
0.973802,0.7836456558773425,0.08292557301055885
0.973692,0.7836456558773425,0.08318310584599536
0.973628,0.7836456558773425,0.08344063868143188
0.973252,0.7853492333901193,0.08344063868143188
0.973208,0.7853492333901193,0.0836981715168684
0.973013,0.7853492333901193,0.08395570435230491
0.972812,0.7853492333901193,0.08421323718774144
0.972776,0.7853492333901193,0.08447077002317796
0.97277,0.787052810902896,0.08447077002317796
0.972547,0.787052810902896,0.08472830285861448
0.972386,0.7887563884156729,0.08472830285861448
0.972323,0.7887563884156729,0.08498583569405099
0.972136,0.7887563884156729,0.08524336852948751
0.972062,0.7887563884156729,0.08550090136492403
0.971403,0.7887563884156729,0.08575843420036054
0.971363,0.7887563884156729,0.08601596703579706
0.97117,0.7887563884156729,0.08627349987123359
0.971037,0.7887563884156729,0.0865310327066701
0.970486,0.7904599659284497,0.0865310327066701
0.970351,0.7904599659284497,0.08678856554210662
0.970324,0.7904599659284497,0.08704609837754314
0.97012,0.7921635434412265,0.08704609837754314
0.969944,0.7938671209540034,0.08704609837754314
0.969835,0.7938671209540034,0.08730363121297965
0.969755,0.7938671209540034,0.08756116404841617
0.969649,0.7955706984667802,0.08756116404841617
0.968543,0.7955706984667802,0.08781869688385269
0.96788,0.7955706984667802,0.0880762297192892
0.967703,0.7955706984667802,0.08833376255472573
0.967439,0.7955706984667802,0.08859129539016225
0.967307,0.7955706984667802,0.08884882822559877
0.967115,0.797274275979557,0.08884882822559877
0.966878,0.7989778534923339,0.08884882822559877
0.966863,0.8006814310051107,0.08884882822559877
0.966689,0.8006814310051107,0.08910636106103528
0.965801,0.8006814310051107,0.0893638938964718
0.964803,0.8023850085178875,0.0893638938964718
0.963901,0.8023850085178875,0.08962142673190832
0.963621,0.8023850085178875,0.08987895956734483
0.963599,0.8023850085178875,0.09013649240278135
0.963538,0.8023850085178875,0.09039402523821788
0.963518,0.8023850085178875,0.0906515580736544
0.963348,0.8023850085178875,0.09090909090909091
0.963221,0.8023850085178875,0.09116662374452743
0.963073,0.8040885860306644,0.09116662374452743
0.962893,0.8040885860306644,0.09142415657996394
0.962702,0.8057921635434412,0.09142415657996394
0.962602,0.8057921635434412,0.09168168941540046
0.962491,0.8057921635434412,0.09193922225083698
0.96177,0.8057921635434412,0.0921967550862735
0.960661,0.8057921635434412,0.09245428792171002
0.960574,0.807495741056218,0.09245428792171002
0.960549,0.807495741056218,0.09271182075714654
0.960215,0.807495741056218,0.09296935359258306
0.960033,0.807495741056218,0.09322688642801957
0.959666,0.807495741056218,0.09348441926345609
0.95956,0.807495741056218,0.0937419520988926
0.959273,0.807495741056218,0.09399948493432912
0.95882,0.807495741056218,0.09425701776976564
0.958162,0.807495741056218,0.09451455060520217
0.957783,0.807495741056218,0.09477208344063869
0.957596,0.8091993185689949,0.09477208344063869
0.957546,0.8091993185689949,0.0950296162760752
0.95689,0.8091993185689949,0.09528714911151172
0.956641,0.8091993185689949,0.09554468194694823
0.956251,0.8091993185689949,0.09580221478238475
0.956079,0.8091993185689949,0.09605974761782127
0.955952,0.8091993185689949,0.09631728045325778
0.955827,0.8091993185689949,0.09657481328869431
0.955537,0.8091993185689949,0.09683234612413083
0.955328,0.8109028960817717,0.09683234612413083
0.95521,0.8109028960817717,0.09708987895956735
0.954914,0.8109028960817717,0.09734741179500386
0.95449,0.8109028960817717,0.09760494463044038
0.953822,0.8109028960817717,0.0978624774658769
0.953606,0.8126064735945485,0.0978624774658769
0.951909,0.8143100511073254,0.0978624774658769
0.951813,0.8143100511073254,0.09812001030131341
0.951743,0.8160136286201022,0.09812001030131341
0.951629,0.8160136286201022,0.09837754313674994
0.949903,0.8160136286201022,0.09863507597218646
0.949547,0.817717206132879,0.09863507597218646
0.949424,0.817717206132879,0.09889260880762298
0.949097,0.817717206132879,0.09915014164305949
0.948526,0.817717206132879,0.09940767447849601
0.94845,0.817717206132879,0.09966520731393252
0.948309,0.817717206132879,0.09992274014936904
0.94775,0.817717206132879,0.10018027298480556
0.947481,0.8194207836456558,0.10018027298480556
0.947452,0.8194207836456558,0.10043780582024209
0.946828,0.8211243611584327,0.10043780582024209
0.946758,0.8228279386712095,0.10043780582024209
0.946681,0.8228279386712095,0.1006953386556786
0.946275,0.8228279386712095,0.10095287149111512
0.946134,0.8228279386712095,0.10121040432655164
0.945904,0.8228279386712095,0.10146793716198815
0.945196,0.8228279386712095,0.10172546999742467
0.945036,0.8245315161839863,0.10172546999742467
0.944625,0.8245315161839863,0.10198300283286119
0.944441,0.8245315161839863,0.1022405356682977
0.944347,0.8245315161839863,0.10249806850373423
0.944131,0.8262350936967632,0.10249806850373423
0.943994,0.8262350936967632,0.10275560133917075
0.943525,0.8262350936967632,0.10301313417460727
0.942883,0.8262350936967632,0.10327066701004378
0.942627,0.8262350936967632,0.1035281998454803
0.942481,0.8262350936967632,0.10378573268091681
0.941701,0.82793867120954,0.10378573268091681
0.941112,0.82793867120954,0.10404326551635333
0.940666,0.82793867120954,0.10430079835178985
0.940617,0.82793867120954,0.10455833118722638
0.940434,0.82793867120954,0.1048158640226629
0.94042,0.82793867120954,0.10507339685809941
0.940239,0.82793867120954,0.10533092969353593
0.940027,0.8296422487223168,0.10533092969353593
0.939117,0.8296422487223168,0.10558846252897244
0.938748,0.8296422487223168,0.10584599536440896
0.938714,0.8296422487223168,0.10610352819984548
0.938407,0.8296422487223168,0.10636106103528199
0.937983,0.8313458262350937,0.10636106103528199
0.937573,0.8313458262350937,0.10661859387071852
0.93739,0.8330494037478705,0.10661859387071852
0.936659,0.8330494037478705,0.10687612670615504
0.936491,0.8330494037478705,0.10713365954159156
0.936486,0.8330494037478705,0.10739119237702807
0.936451,0.8330494037478705,0.10764872521246459
0.935787,0.8330494037478705,0.1079062580479011
0.935176,0.8330494037478705,0.10816379088333762
0.934991,0.8347529812606473,0.10816379088333762
0.9349,0.8347529812606473,0.10842132371877414
0.934817,0.8347529812606473,0.10867885655421067
0.934451,0.8347529812606473,0.10893638938964718
0.933734,0.8347529812606473,0.1091939222250837
0.933452,0.8347529812606473,0.10945145506052022
0.933437,0.8347529812606473,0.10970898789595673
0.933433,0.8347529812606473,0.10996652073139325
0.932937,0.8347529812606473,0.11022405356682977
0.932655,0.8347529812606473,0.11048158640226628
0.932254,0.8347529812606473,0.11073911923770281
0.932144,0.8347529812606473,0.11099665207313933
0.931825,0.8347529812606473,0.11125418490857585
0.931159,0.8347529812606473,0.11151171774401236
0.931126,0.8347529812606473,0.11176925057944888
0.930983,0.8347529812606473,0.1120267834148854
0.930582,0.8347529812606473,0.11228431625032191
0.930018,0.8347529812606473,0.11254184908575843
0.929831,0.8347529812606473,0.11279938192119496
0.929345,0.8347529812606473,0.11305691475663147
0.929269,0.8347529812606473,0.11331444759206799
0.929224,0.8347529812606473,0.11357198042750451
0.929157,0.8364565587734242,0.11357198042750451
0.929114,0.8364565587734242,0.11382951326294102
0.928742,0.838160136286201,0.11382951326294102
0.928702,0.838160136286201,0.11408704609837754
0.928283,0.838160136286201,0.11434457893381406
0.927853,0.838160136286201,0.11460211176925057
0.927646,0.8398637137989778,0.11460211176925057
0.92713,0.8398637137989778,0.1148596446046871
0.927105,0.8415672913117547,0.1148596446046871
0.926641,0.8415672913117547,0.11511717744012362
0.926065,0.8415672913117547,0.11537471027556014
0.925575,0.8415672913117547,0.11563224311099665
0.925115,0.8432708688245315,0.11563224311099665
0.925058,0.8432708688245315,0.11588977594643317
0.925017,0.8432708688245315,0.11614730878186968
0.92427,0.8432708688245315,0.1164048416173062
0.924251,0.8432708688245315,0.11666237445274273
0.923966,0.8432708688245315,0.11691990728817925
0.92385,0.8449744463373083,0.11691990728817925
0.923348,0.8449744463373083,0.11717744012361576
0.923057,0.8449744463373083,0.11743497295905228
0.922883,0.8449744463373083,0.1176925057944888
0.92281,0.8449744463373083,0.11795003862992531
0.92245,0.8449744463373083,0.11820757146536183
0.922052,0.8466780238500852,0.11820757146536183
0.921715,0.848381601362862,0.11820757146536183
0.921671,0.848381601362862,0.11846510430079835
0.921662,0.848381601362862,0.11872263713623488
0.92156,0.848381601362862,0.11898016997167139
0.920955,0.848381601362862,0.11923770280710791
0.920366,0.848381601362862,0.11949523564254443
0.92021,0.8500851788756388,0.11949523564254443
0.919587,0.8500851788756388,0.11975276847798094
0.91916,0.8500851788756388,0.12001030131341746
0.918802,0.8500851788756388,0.12026783414885397
0.917948,0.8500851788756388,0.12052536698429049
0.917575,0.8500851788756388,0.12078289981972702
0.917183,0.8500851788756388,0.12104043265516354
0.916857,0.8500851788756388,0.12129796549060005
0.91677,0.8517887563884157,0.12129796549060005
0.916678,0.8517887563884157,0.12155549832603657
0.916566,0.8517887563884157,0.12181303116147309
0.916412,0.8517887563884157,0.1220705639969096
0.91603,0.8517887563884157,0.12232809683234612
0.916006,0.8517887563884157,0.12258562966778264
0.915953,0.8517887563884157,0.12284316250321917
0.915834,0.8517887563884157,0.12310069533865568
0.915481,0.8517887563884157,0.1233582281740922
0.915347,0.8517887563884157,0.12361576100952872
0.915155,0.8517887563884157,0.12387329384496523
0.914695,0.8517887563884157,0.12413082668040175
0.914355,0.8517887563884157,0.12438835951583826
0.914276,0.8534923339011925,0.12438835951583826
0.914199,0.8534923339011925,0.12464589235127478
0.914151,0.8534923339011925,0.12490342518671131
0.913918,0.8534923339011925,0.12516095802214783
0.913457,0.8534923339011925,0.12541849085758433
0.912934,0.8551959114139693,0.12541849085758433
0.912503,0.8551959114139693,0.12567602369302086
0.912455,0.8568994889267462,0.12567602369302086
0.912186,0.8568994889267462,0.1259335565284574
0.912004,0.8568994889267462,0.1261910893638939
0.91184,0.8568994889267462,0.12644862219933042
0.911811,0.8568994889267462,0.12670615503476693
0.911557,0.8568994889267462,0.12696368787020346
0.91114,0.8568994889267462,0.12722122070563996
0.910958,0.858603066439523,0.12722122070563996
0.910355,0.858603066439523,0.1274787535410765
0.909971,0.858603066439523,0.127736286376513
0.909953,0.858603066439523,0.12799381921194952
0.909906,0.858603066439523,0.12825135204738605
0.909844,0.858603066439523,0.12850888488282255
0.909825,0.858603066439523,0.12876641771825909
0.909794,0.858603066439523,0.1290239505536956
0.909717,0.858603066439523,0.12928148338913212
0.909457,0.858603066439523,0.12953901622456862
0.909246,0.858603066439523,0.12979654906000515
0.908735,0.858603066439523,0.13005408189544168
0.908268,0.858603066439523,0.13031161473087818
0.908077,0.8603066439522998,0.13031161473087818
0.907693,0.8603066439522998,0.1305691475663147
0.907465,0.8603066439522998,0.13082668040175122
0.906848,0.8603066439522998,0.13108421323718775
0.906512,0.8603066439522998,0.13134174607262425
0.906479,0.8603066439522998,0.13159927890806078
0.905914,0.8603066439522998,0.1318568117434973
0.905824,0.8620102214650767,0.1318568117434973
0.905719,0.8620102214650767,0.1321143445789338
0.903898,0.8620102214650767,0.13237187741437034
0.903838,0.8620102214650767,0.13262941024980685
0.903754,0.8620102214650767,0.13288694308524338
0.903722,0.8637137989778535,0.13288694308524338
0.903614,0.8654173764906303,0.13288694308524338
0.903214,0.8654173764906303,0.13314447592067988
0.90281,0.8654173764906303,0.1334020087561164
0.902778,0.8654173764906303,0.1336595415915529
0.901895,0.8654173764906303,0.13391707442698944
0.901305,0.8671209540034072,0.13391707442698944
0.900769,0.8671209540034072,0.13417460726242597
0.900301,0.8671209540034072,0.13443214009786247
0.9,0.8671209540034072,0.134689672933299
0.899582,0.8671209540034072,0.1349472057687355
0.899283,0.868824531516184,0.1349472057687355
0.898394,0.868824531516184,0.13520473860417204
0.898012,0.868824531516184,0.13546227143960854
0.897806,0.868824531516184,0.13571980427504507
0.897744,0.868824531516184,0.1359773371104816
0.89713,0.868824531516184,0.1362348699459181
0.89688,0.868824531516184,0.13649240278135463
0.896697,0.868824531516184,0.13674993561679114
0.896579,0.8705281090289608,0.13674993561679114
0.896497,0.8705281090289608,0.13700746845222767
0.895641,0.8722316865417377,0.13700746845222767
0.895363,0.8722316865417377,0.13726500128766417
0.895275,0.8722316865417377,0.1375225341231007
0.894056,0.8722316865417377,0.1377800669585372
0.89375,0.8722316865417377,0.13803759979397373
0.893597,0.8722316865417377,0.13829513262941026
0.893244,0.8722316865417377,0.13855266546484676
0.893195,0.8722316865417377,0.1388101983002833
0.892836,0.8739352640545145,0.1388101983002833
0.891925,0.8739352640545145,0.1390677311357198
0.891866,0.8739352640545145,0.13932526397115633
0.891737,0.8739352640545145,0.13958279680659283
0.890817,0.8739352640545145,0.13984032964202936
0.890297,0.8739352640545145,0.1400978624774659
0.890041,0.8739352640545145,0.1403553953129024
0.890032,0.8739352640545145,0.14061292814833892
0.889994,0.8739352640545145,0.14087046098377543
0.889817,0.8739352640545145,0.14112799381921196
0.888812,0.8739352640545145,0.14138552665464846
0.88754,0.8739352640545145,0.141643059490085
0.887456,0.8739352640545145,0.1419005923255215
0.887224,0.8739352640545145,0.14215812516095802
0.887114,0.8739352640545145,0.14241565799639455
0.886797,0.8739352640545145,0.14267319083183105
0.886491,0.8739352640545145,0.14293072366726758
0.885455,0.8756388415672913,0.14293072366726758
0.885249,0.8756388415672913,0.1431882565027041
0.885161,0.8756388415672913,0.14344578933814062
0.885099,0.8756388415672913,0.14370332217357712
0.884918,0.8756388415672913,0.14396085500901365
0.884875,0.8756388415672913,0.14421838784445018
0.88466,0.8756388415672913,0.14447592067988668
0.884399,0.8756388415672913,0.1447334535153232
0.884208,0.8756388415672913,0.14499098635075972
0.884128,0.8773424190800682,0.14499098635075972
0.883938,0.8773424190800682,0.14524851918619625
0.883282,0.8773424190800682,0.14550605202163275
0.882894,0.8773424190800682,0.14576358485706928
0.882812,0.8773424190800682,0.14602111769250578
0.882766,0.8773424190800682,0.1462786505279423
0.882612,0.8773424190800682,0.14653618336337884
0.882184,0.8773424190800682,0.14679371619881534
0.882169,0.8773424190800682,0.14705124903425187
0.88207,0.879045996592845,0.14705124903425187
0.88194,0.879045996592845,0.14730878186968838
0.881777,0.879045996592845,0.1475663147051249
0.881767,0.879045996592845,0.1478238475405614
0.881549,0.879045996592845,0.14808138037599794
0.88152,0.8807495741056218,0.14808138037599794
0.881418,0.8824531516183987,0.14808138037599794
0.880763,0.8824531516183987,0.14833891321143447
0.880656,0.8824531516183987,0.14859644604687097
0.880495,0.8824531516183987,0.1488539788823075
0.880451,0.8824531516183987,0.149111511717744
0.880317,0.8824531516183987,0.14936904455318054
0.880103,0.8824531516183987,0.14962657738861704
0.880045,0.8841567291311755,0.14962657738861704
0.879823,0.8841567291311755,0.14988411022405357
0.879709,0.8841567291311755,0.1501416430594901
0.879633,0.8841567291311755,0.1503991758949266
0.879448,0.8841567291311755,0.15065670873036313
0.879391,0.8841567291311755,0.15091424156579963
0.879236,0.8841567291311755,0.15117177440123616
0.878807,0.8841567291311755,0.15142930723667267
0.878484,0.8841567291311755,0.1516868400721092
0.878462,0.8841567291311755,0.1519443729075457
0.877756,0.8841567291311755,0.15220190574298223
0.877698,0.8841567291311755,0.15245943857841876
0.876627,0.8841567291311755,0.15271697141385526
0.876624,0.8841567291311755,0.1529745042492918
0.876281,0.8841567291311755,0.1532320370847283
0.875835,0.8841567291311755,0.15348956992016483
0.875341,0.8841567291311755,0.15374710275560133
0.875334,0.8841567291311755,0.15400463559103786
0.874932,0.8858603066439523,0.15400463559103786
0.874793,0.8858603066439523,0.1542621684264744
0.874016,0.8858603066439523,0.1545197012619109
0.873426,0.8858603066439523,0.15477723409734742
0.872705,0.8875638841567292,0.15477723409734742
0.872635,0.889267461669506,0.15477723409734742
0.872429,0.8909710391822828,0.15477723409734742
0.872388,0.8909710391822828,0.15503476693278392
0.872132,0.8909710391822828,0.15529229976822045
0.871259,0.8909710391822828,0.15554983260365696
0.871006,0.8909710391822828,0.1558073654390935
0.87074,0.8909710391822828,0.15606489827453
0.870733,0.8909710391822828,0.15632243110996652
0.870559,0.8909710391822828,0.15657996394540305
0.870051,0.8926746166950597,0.15657996394540305
0.86968,0.8926746166950597,0.15683749678083955
0.869493,0.8943781942078365,0.15683749678083955
0.869258,0.8960817717206133,0.15683749678083955
0.869072,0.8960817717206133,0.15709502961627608
0.86869,0.8977853492333902,0.15709502961627608
0.868334,0.8977853492333902,0.15735256245171259
0.868047,0.8977853492333902,0.15761009528714912
0.866924,0.8977853492333902,0.15786762812258562
0.866762,0.8977853492333902,0.15812516095802215
0.866007,0.8977853492333902,0.15838269379345868
0.865975,0.8977853492333902,0.15864022662889518
0.86564,0.8977853492333902,0.1588977594643317
0.865198,0.8977853492333902,0.15915529229976821
0.865161,0.8977853492333902,0.15941282513520474
0.864923,0.8977853492333902,0.15967035797064125
0.864794,0.8977853492333902,0.15992789080607778
0.863911,0.8977853492333902,0.16018542364151428
0.863699,0.8977853492333902,0.1604429564769508
0.863331,0.8977853492333902,0.16070048931238734
0.863265,0.8977853492333902,0.16095802214782384
0.862482,0.899488926746167,0.16095802214782384
0.861981,0.899488926746167,0.16121555498326037
0.861758,0.899488926746167,0.16147308781869688
0.861405,0.899488926746167,0.1617306206541334
0.861098,0.899488926746167,0.1619881534895699
0.860769,0.899488926746167,0.16224568632500644
0.860757,0.899488926746167,0.16250321916044297
0.860487,0.899488926746167,0.16276075199587947
0.860316,0.899488926746167,0.163018284831316
0.860305,0.9011925042589438,0.163018284831316
0.860198,0.9011925042589438,0.1632758176667525
0.860135,0.9011925042589438,0.16353335050218903
0.860076,0.9011925042589438,0.16379088333762554
0.85997,0.9011925042589438,0.16404841617306207
0.859832,0.9011925042589438,0.1643059490084986
0.85965,0.9011925042589438,0.1645634818439351
0.859548,0.9011925042589438,0.16482101467937163
0.859403,0.9011925042589438,0.16507854751480813
0.859183,0.9011925042589438,0.16533608035024466
0.858805,0.9011925042589438,0.16559361318568117
0.858455,0.9011925042589438,0.1658511460211177
0.858229,0.9011925042589438,0.1661086788565542
0.85785,0.9011925042589438,0.16636621169199073
0.857787,0.9011925042589438,0.16662374452742726
0.857602,0.9011925042589438,0.16688127736286376
0.85756,0.9011925042589438,0.1671388101983003
0.85744,0.9011925042589438,0.1673963430337368
0.857415,0.9011925042589438,0.16765387586917332
0.857348,0.9011925042589438,0.16791140870460983
0.857232,0.9011925042589438,0.16816894154004636
0.856931,0.9011925042589438,0.1684264743754829
0.856554,0.9011925042589438,0.1686840072109194
0.85647,0.9011925042589438,0.16894154004635592
0.856365,0.9011925042589438,0.16919907288179242
0.85616,0.9011925042589438,0.16945660571722895
0.856046,0.9011925042589438,0.16971413855266546
0.855607,0.9011925042589438,0.16997167138810199
0.855391,0.9011925042589438,0.1702292042235385
0.855349,0.9028960817717206,0.1702292042235385
0.855242,0.9028960817717206,0.17048673705897502
0.855023,0.9028960817717206,0.17074426989441155
0.854657,0.9028960817717206,0.17100180272984805
0.854643,0.9028960817717206,0.17125933556528458
0.85427,0.9045996592844975,0.17125933556528458
0.853805,0.9045996592844975,0.17151686840072108
0.853783,0.9045996592844975,0.17177440123615761
0.853233,0.9045996592844975,0.17203193407159412
0.853139,0.9063032367972743,0.17203193407159412
0.852947,0.9063032367972743,0.17228946690703065
0.852556,0.9063032367972743,0.17254699974246718
0.85225,0.9080068143100511,0.17254699974246718
0.852237,0.9080068143100511,0.17280453257790368
0.852204,0.909710391822828,0.17280453257790368
0.851702,0.909710391822828,0.1730620654133402
0.851454,0.909710391822828,0.1733195982487767
0.85133,0.909710391822828,0.17357713108421324
0.851303,0.909710391822828,0.17383466391964975
0.851277,0.909710391822828,0.17409219675508628
0.851025,0.909710391822828,0.17434972959052278
0.850872,0.909710391822828,0.1746072624259593
0.850749,0.909710391822828,0.17486479526139584
0.850675,0.909710391822828,0.17512232809683234
0.850651,0.909710391822828,0.17537986093226887
0.850506,0.909710391822828,0.17563739376770537
0.850426,0.909710391822828,0.1758949266031419
0.850241,0.909710391822828,0.1761524594385784
0.849936,0.909710391822828,0.17640999227401494
0.84967,0.909710391822828,0.17666752510945147
0.849548,0.909710391822828,0.17692505794488797
0.849463,0.909710391822828,0.1771825907803245
0.849105,0.909710391822828,0.177440123615761
0.848524,0.909710391822828,0.17769765645119753
0.848294,0.9114139693356048,0.17769765645119753
0.848076,0.9114139693356048,0.17795518928663404
0.847984,0.9114139693356048,0.17821272212207057
0.847892,0.9114139693356048,0.17847025495750707
0.847642,0.9114139693356048,0.1787277877929436
0.847275,0.9114139693356048,0.17898532062838013
0.846748,0.9114139693356048,0.17924285346381663
0.846653,0.9114139693356048,0.17950038629925316
0.846629,0.9114139693356048,0.17975791913468966
0.846162,0.9114139693356048,0.1800154519701262
0.845814,0.9114139693356048,0.1802729848055627
0.845723,0.9114139693356048,0.18053051764099923
0.845354,0.9114139693356048,0.18078805047643576
0.845251,0.9131175468483816,0.18078805047643576
0.84525,0.9131175468483816,0.18104558331187226
0.845121,0.9131175468483816,0.1813031161473088
0.845103,0.9131175468483816,0.1815606489827453
0.845056,0.9131175468483816,0.18181818181818182
0.844964,0.9131175468483816,0.18207571465361833
0.844535,0.9131175468483816,0.18233324748905486
0.844345,0.9131175468483816,0.1825907803244914
0.844218,0.9131175468483816,0.1828483131599279
0.843715,0.9131175468483816,0.18310584599536442
0.843676,0.9131175468483816,0.18336337883080092
0.843634,0.9148211243611585,0.18336337883080092
0.843433,0.9148211243611585,0.18362091166623745
0.843313,0.9148211243611585,0.18387844450167395
0.843135,0.9148211243611585,0.18413597733711048
0.842429,0.9148211243611585,0.184393510172547
0.842361,0.9148211243611585,0.18465104300798352
0.842246,0.9165247018739353,0.18465104300798352
0.84204,0.9165247018739353,0.18490857584342005
0.842025,0.9165247018739353,0.18516610867885655
0.841928,0.9165247018739353,0.18542364151429308
0.841786,0.9165247018739353,0.18568117434972958
0.841306,0.9165247018739353,0.1859387071851661
0.841164,0.9165247018739353,0.18619624002060262
0.841158,0.9165247018739353,0.18645377285603915
0.840868,0.9165247018739353,0.18671130569147568
0.840534,0.9165247018739353,0.18696883852691218
0.840522,0.9165247018739353,0.1872263713623487
0.840478,0.9165247018739353,0.1874839041977852
0.839472,0.9165247018739353,0.18774143703322174
0.839421,0.9165247018739353,0.18799896986865824
0.839099,0.9165247018739353,0.18825650270409477
0.839097,0.9165247018739353,0.18851403553953128
0.839084,0.9165247018739353,0.1887715683749678
0.839022,0.9165247018739353,0.18902910121040434
0.838967,0.9165247018739353,0.18928663404584084
0.838827,0.9165247018739353,0.18954416688127737
0.838786,0.9165247018739353,0.18980169971671387
0.838596,0.9165247018739353,0.1900592325521504
0.838529,0.9165247018739353,0.1903167653875869
0.838311,0.9165247018739353,0.19057429822302344
0.838275,0.9165247018739353,0.19083183105845997
0.83825,0.9165247018739353,0.19108936389389647
0.838207,0.9165247018739353,0.191346896729333
0.83794,0.9165247018739353,0.1916044295647695
0.837784,0.9165247018739353,0.19186196240020603
0.837714,0.9165247018739353,0.19211949523564253
0.837176,0.9165247018739353,0.19237702807107906
0.836771,0.9165247018739353,0.19263456090651557
0.836611,0.9165247018739353,0.1928920937419521
0.83649,0.9165247018739353,0.19314962657738863
0.835825,0.9165247018739353,0.19340715941282513
0.835796,0.9165247018739353,0.19366469224826166
0.835759,0.9165247018739353,0.19392222508369816
0.835499,0.9165247018739353,0.1941797579191347
0.835331,0.9165247018739353,0.1944372907545712
0.834666,0.9165247018739353,0.19469482359000773
0.834277,0.9165247018739353,0.19495235642544426
0.834273,0.9165247018739353,0.19520988926088076
0.833797,0.9165247018739353,0.1954674220963173
0.833729,0.9165247018739353,0.1957249549317538
0.833629,0.9165247018739353,0.19598248776719032
0.833173,0.9165247018739353,0.19624002060262682
0.832855,0.9165247018739353,0.19649755343806335
0.832575,0.9165247018739353,0.19675508627349989
0.832239,0.9165247018739353,0.1970126191089364
0.832116,0.9165247018739353,0.19727015194437292
0.831996,0.9165247018739353,0.19752768477980942
0.831912,0.9165247018739353,0.19778521761524595
0.831796,0.9165247018739353,0.19804275045068245
0.83173,0.9165247018739353,0.19830028328611898
0.831502,0.9165247018739353,0.19855781612155549
0.831461,0.9165247018739353,0.19881534895699202
0.831422,0.9165247018739353,0.19907288179242855
0.831392,0.9165247018739353,0.19933041462786505
0.831141,0.9165247018739353,0.19958794746330158
0.830882,0.9165247018739353,0.19984548029873808
0.830266,0.9165247018739353,0.2001030131341746
0.83022,0.9165247018739353,0.20036054596961111
0.829393,0.9165247018739353,0.20061807880504764
0.82924,0.9182282793867121,0.20061807880504764
0.82901,0.9182282793867121,0.20087561164048418
0.828651,0.9182282793867121,0.20113314447592068
0.828643,0.9182282793867121,0.2013906773113572
0.827325,0.9182282793867121,0.2016482101467937
0.82705,0.9182282793867121,0.20216327581766674
0.826372,0.919931856899489,0.20216327581766674
0.826316,0.919931856899489,0.20242080865310327
0.826131,0.919931856899489,0.20267834148853978
0.825942,0.919931856899489,0.2029358743239763
0.82558,0.919931856899489,0.20319340715941284
0.825053,0.919931856899489,0.20345093999484934
0.824841,0.919931856899489,0.20370847283028587
0.824471,0.9216354344122658,0.20370847283028587
0.824357,0.9216354344122658,0.20396600566572237
0.824268,0.9216354344122658,0.2042235385011589
0.824252,0.9216354344122658,0.2044810713365954
0.824167,0.9216354344122658,0.20473860417203193
0.824074,0.9216354344122658,0.20499613700746847
0.823918,0.9216354344122658,0.20525366984290497
0.823873,0.9216354344122658,0.2055112026783415
0.823674,0.9216354344122658,0.205768735513778
0.823433,0.9216354344122658,0.20602626834921453
0.822787,0.9216354344122658,0.20628380118465103
0.822407,0.9216354344122658,0.20654133402008756
0.822359,0.9233390119250426,0.20654133402008756
0.822292,0.9233390119250426,0.20679886685552407
0.82166,0.9233390119250426,0.2070563996909606
0.821577,0.9233390119250426,0.20731393252639713
0.821451,0.9250425894378195,0.20731393252639713
0.821286,0.9267461669505963,0.20731393252639713
0.82106,0.9267461669505963,0.20757146536183363
0.820474,0.9267461669505963,0.20782899819727016
0.820295,0.9267461669505963,0.20808653103270666
0.819592,0.9267461669505963,0.2083440638681432
0.819551,0.9267461669505963,0.2086015967035797
0.819547,0.9267461669505963,0.20885912953901623
0.819145,0.9267461669505963,0.20911666237445276
0.818665,0.9267461669505963,0.20937419520988926
0.81864,0.9267461669505963,0.2096317280453258
0.818367,0.9267461669505963,0.2098892608807623
0.818279,0.9284497444633731,0.2098892608807623
0.817596,0.9284497444633731,0.21014679371619882
0.817407,0.9284497444633731,0.21040432655163532
0.817385,0.9284497444633731,0.21066185938707185
0.817041,0.9284497444633731,0.21091939222250836
0.817016,0.9301533219761499,0.21091939222250836
0.816948,0.9301533219761499,0.2111769250579449
0.816238,0.9301533219761499,0.21143445789338142
0.815538,0.9301533219761499,0.21169199072881792
0.815499,0.9301533219761499,0.21194952356425445
0.81515,0.9318568994889267,0.21194952356425445
0.814591,0.9318568994889267,0.21220705639969095
0.814318,0.9318568994889267,0.21246458923512748
0.814175,0.9318568994889267,0.21272212207056398
0.814158,0.9318568994889267,0.21297965490600052
0.814147,0.9318568994889267,0.21323718774143705
0.813917,0.9335604770017035,0.21323718774143705
0.813834,0.9335604770017035,0.21349472057687355
0.813473,0.9335604770017035,0.21375225341231008
0.813456,0.9335604770017035,0.21400978624774658
0.812644,0.9335604770017035,0.2142673190831831
0.812408,0.9335604770017035,0.2145248519186196
0.812114,0.9335604770017035,0.21478238475405614
0.812102,0.9335604770017035,0.21503991758949267
0.811953,0.9335604770017035,0.21529745042492918
0.811702,0.9335604770017035,0.2155549832603657
0.811657,0.9335604770017035,0.2158125160958022
0.811498,0.9335604770017035,0.21607004893123874
0.811467,0.9335604770017035,0.21632758176667524
0.811135,0.9352640545144804,0.21632758176667524
0.810668,0.9352640545144804,0.21658511460211177
0.810566,0.9352640545144804,0.21684264743754827
0.810565,0.9352640545144804,0.2171001802729848
0.809916,0.9369676320272572,0.2171001802729848
0.809803,0.9369676320272572,0.21735771310842134
0.809687,0.9369676320272572,0.21761524594385784
0.809597,0.9369676320272572,0.21787277877929437
0.808912,0.9369676320272572,0.21813031161473087
0.808614,0.9369676320272572,0.2183878444501674
0.808517,0.9369676320272572,0.2186453772856039
0.808327,0.9369676320272572,0.21890291012104043
0.808305,0.9369676320272572,0.21916044295647696
0.808267,0.9369676320272572,0.21941797579191347
0.808035,0.9369676320272572,0.21967550862735
0.80791,0.9369676320272572,0.2199330414627865
0.807819,0.9369676320272572,0.22019057429822303
0.807786,0.9369676320272572,0.22044810713365953
0.807684,0.9369676320272572,0.22070563996909606
0.807155,0.938671209540034,0.22070563996909606
0.806987,0.938671209540034,0.22096317280453256
0.806979,0.938671209540034,0.2212207056399691
0.80667,0.9403747870528109,0.2212207056399691
0.806532,0.9403747870528109,0.22147823847540563
0.80643,0.9403747870528109,0.22173577131084213
0.806351,0.9403747870528109,0.22199330414627866
0.806124,0.9403747870528109,0.22225083698171516
0.806119,0.9420783645655877,0.22225083698171516
0.805719,0.9420783645655877,0.2225083698171517
0.805588,0.9420783645655877,0.2227659026525882
0.805308,0.9437819420783645,0.2227659026525882
0.804998,0.9437819420783645,0.22302343548802472
0.80498,0.9437819420783645,0.22328096832346125
0.804937,0.9454855195911414,0.22328096832346125
0.804302,0.9454855195911414,0.22353850115889776
0.803957,0.9471890971039182,0.22353850115889776
0.803487,0.9471890971039182,0.2237960339943343
0.803266,0.9471890971039182,0.2240535668297708
0.803018,0.9471890971039182,0.22431109966520732
0.802654,0.9471890971039182,0.22456863250064382
0.802131,0.9471890971039182,0.22482616533608035
0.801944,0.9471890971039182,0.22508369817151685
0.801304,0.9471890971039182,0.22534123100695339
0.801243,0.9471890971039182,0.22559876384238992
0.800966,0.9471890971039182,0.22585629667782642
0.800813,0.9471890971039182,0.22611382951326295
0.800334,0.9471890971039182,0.22637136234869945
0.8003,0.9471890971039182,0.22662889518413598
0.799824,0.9471890971039182,0.22688642801957248
0.799118,0.9471890971039182,0.22714396085500901
0.799097,0.9471890971039182,0.22740149369044554
0.79881,0.9471890971039182,0.22765902652588205
0.798283,0.9471890971039182,0.22791655936131858
0.797966,0.9471890971039182,0.22817409219675508
0.797937,0.9471890971039182,0.2284316250321916
0.797827,0.9471890971039182,0.2286891578676281
0.797671,0.9471890971039182,0.22894669070306464
0.79764,0.9471890971039182,0.22920422353850115
0.797352,0.9471890971039182,0.22946175637393768
0.797221,0.9471890971039182,0.2297192892093742
0.797194,0.9471890971039182,0.2299768220448107
0.797086,0.9471890971039182,0.23023435488024724
0.797026,0.9471890971039182,0.23049188771568374
0.796788,0.9471890971039182,0.23074942055112027
0.796586,0.9471890971039182,0.23100695338655677
0.796206,0.9471890971039182,0.2312644862219933
0.795855,0.9471890971039182,0.23152201905742983
0.79564,0.9471890971039182,0.23177955189286634
0.794473,0.948892674616695,0.23177955189286634
0.79409,0.948892674616695,0.23203708472830287
0.792879,0.948892674616695,0.23229461756373937
0.792005,0.948892674616695,0.2325521503991759
0.791602,0.948892674616695,0.2328096832346124
0.791338,0.948892674616695,0.23306721607004893
0.791301,0.948892674616695,0.23332474890548546
0.791144,0.948892674616695,0.23358228174092197
0.790401,0.948892674616695,0.2338398145763585
0.790367,0.948892674616695,0.234097347411795
0.790125,0.948892674616695,0.23435488024723153
0.790001,0.948892674616695,0.23461241308266803
0.789943,0.948892674616695,0.23486994591810456
0.789913,0.948892674616695,0.23512747875354106
0.789753,0.9505962521294719,0.23512747875354106
0.78917,0.9505962521294719,0.2353850115889776
0.788866,0.9505962521294719,0.23564254442441412
0.788755,0.9505962521294719,0.23590007725985063
0.788464,0.9505962521294719,0.23615761009528716
0.787681,0.9505962521294719,0.23641514293072366
0.787595,0.9505962521294719,0.2366726757661602
0.786762,0.9505962521294719,0.2369302086015967
0.786301,0.9505962521294719,0.23718774143703322
0.785623,0.9505962521294719,0.23744527427246975
0.785426,0.9505962521294719,0.23770280710790626
0.785385,0.9505962521294719,0.23796033994334279
0.785204,0.9505962521294719,0.2382178727787793
0.784648,0.9505962521294719,0.23847540561421582
0.784575,0.9505962521294719,0.23873293844965232
0.783816,0.9505962521294719,0.23899047128508885
0.783487,0.9505962521294719,0.23924800412052535
0.78317,0.9505962521294719,0.23950553695596188
0.783098,0.9505962521294719,0.23976306979139841
0.782972,0.9505962521294719,0.24002060262683492
0.782833,0.9505962521294719,0.24027813546227145
0.782738,0.9522998296422487,0.24027813546227145
0.782637,0.9522998296422487,0.24053566829770795
0.781833,0.9522998296422487,0.24079320113314448
0.781732,0.9522998296422487,0.24105073396858098
0.781612,0.9522998296422487,0.2413082668040175
0.78156,0.9522998296422487,0.24156579963945404
0.781246,0.9522998296422487,0.24182333247489055
0.781192,0.9522998296422487,0.24208086531032708
0.780595,0.9522998296422487,0.24233839814576358
0.780591,0.9540034071550255,0.24233839814576358
0.780277,0.9540034071550255,0.2425959309812001
0.780172,0.9540034071550255,0.2428534638166366
0.780038,0.9540034071550255,0.24311099665207314
0.779753,0.9540034071550255,0.24336852948750964
0.779472,0.9540034071550255,0.24362606232294617
0.779037,0.9540034071550255,0.2438835951583827
0.779015,0.9540034071550255,0.2441411279938192
0.778891,0.9540034071550255,0.24439866082925574
0.777916,0.9540034071550255,0.24465619366469224
0.777803,0.9540034071550255,0.24491372650012877
0.777417,0.9540034071550255,0.24517125933556527
0.776219,0.9540034071550255,0.2454287921710018
0.776058,0.9540034071550255,0.24568632500643833
0.775891,0.9540034071550255,0.24594385784187484
0.77585,0.9540034071550255,0.24620139067731137
0.775711,0.9540034071550255,0.24645892351274787
0.77557,0.9540034071550255,0.2467164563481844
0.775238,0.9540034071550255,0.2469739891836209
0.77508,0.9540034071550255,0.24723152201905743
0.774795,0.9540034071550255,0.24748905485449396
0.774771,0.9540034071550255,0.24774658768993046
0.774582,0.9540034071550255,0.248004120525367
0.773869,0.9540034071550255,0.2482616533608035
0.773636,0.9540034071550255,0.24851918619624003
0.773501,0.9540034071550255,0.24877671903167653
0.773145,0.9540034071550255,0.24903425186711306
0.773142,0.9540034071550255,0.24929178470254956
0.772909,0.9540034071550255,0.2495493175379861
0.772677,0.9540034071550255,0.24980685037342262
0.772559,0.9540034071550255,0.25006438320885915
0.771485,0.9540034071550255,0.25032191604429566
0.770915,0.9540034071550255,0.25057944887973216
0.770466,0.9540034071550255,0.25083698171516866
0.770405,0.9540034071550255,0.2510945145506052
0.770364,0.9540034071550255,0.2513520473860417
0.77002,0.9540034071550255,0.2516095802214782
0.769675,0.9540034071550255,0.2518671130569148
0.769448,0.9540034071550255,0.2521246458923513
0.769444,0.9540034071550255,0.2523821787277878
0.769406,0.9540034071550255,0.2526397115632243
0.769275,0.9540034071550255,0.25289724439866085
0.769161,0.9540034071550255,0.25315477723409735
0.768815,0.9540034071550255,0.25341231006953385
0.768418,0.9540034071550255,0.2536698429049704
0.768339,0.9540034071550255,0.2539273757404069
0.768262,0.9540034071550255,0.2541849085758434
0.767888,0.9540034071550255,0.2544424414112799
0.767639,0.9540034071550255,0.2546999742467165
0.767588,0.9540034071550255,0.254957507082153
0.767486,0.9540034071550255,0.2552150399175895
0.767448,0.9540034071550255,0.255472572753026
0.767329,0.9540034071550255,0.25573010558846254
0.767262,0.9540034071550255,0.25598763842389904
0.767133,0.9540034071550255,0.25624517125933555
0.766618,0.9540034071550255,0.2565027040947721
0.766498,0.9540034071550255,0.2567602369302086
0.765436,0.9540034071550255,0.2570177697656451
0.765427,0.9540034071550255,0.2572753026010816
0.764952,0.9557069846678024,0.2572753026010816
0.764541,0.9557069846678024,0.25753283543651817
0.764523,0.9557069846678024,0.2577903682719547
0.76416,0.9574105621805792,0.2577903682719547
0.764022,0.9574105621805792,0.2580479011073912
0.763997,0.959114139693356,0.2580479011073912
0.763552,0.959114139693356,0.25830543394282773
0.763546,0.959114139693356,0.25856296677826424
0.763526,0.959114139693356,0.25882049961370074
0.763266,0.959114139693356,0.25907803244913724
0.76297,0.959114139693356,0.2593355652845738
0.762713,0.959114139693356,0.2595930981200103
0.762681,0.959114139693356,0.2598506309554468
0.76234,0.959114139693356,0.26010816379088336
0.762301,0.959114139693356,0.26036569662631986
0.762282,0.959114139693356,0.26062322946175637
0.761895,0.959114139693356,0.26088076229719287
0.761426,0.959114139693356,0.2611382951326294
0.760814,0.959114139693356,0.26139582796806593
0.760778,0.959114139693356,0.26165336080350243
0.760753,0.959114139693356,0.261910893638939
0.760522,0.959114139693356,0.2621684264743755
0.760394,0.959114139693356,0.262425959309812
0.75977,0.959114139693356,0.2626834921452485
0.759619,0.959114139693356,0.26294102498068506
0.759298,0.959114139693356,0.26319855781612156
0.758518,0.959114139693356,0.26345609065155806
0.75846,0.959114139693356,0.2637136234869946
0.758094,0.959114139693356,0.2642286891578676
0.757586,0.959114139693356,0.2644862219933041
0.757321,0.959114139693356,0.2647437548287407
0.757245,0.959114139693356,0.2650012876641772
0.757008,0.959114139693356,0.2652588204996137
0.756894,0.959114139693356,0.2655163533350502
0.756809,0.959114139693356,0.26577388617048675
0.756785,0.959114139693356,0.26603141900592325
0.756784,0.959114139693356,0.26628895184135976
0.756781,0.959114139693356,0.2665464846767963
0.756767,0.959114139693356,0.2668040175122328
0.755698,0.959114139693356,0.2670615503476693
0.755663,0.9608177172061328,0.2670615503476693
0.7553,0.9608177172061328,0.2673190831831058
0.754999,0.9608177172061328,0.2675766160185424
0.754905,0.9608177172061328,0.2680916816894154
0.754734,0.9608177172061328,0.26834921452485194
0.754647,0.9608177172061328,0.26860674736028844
0.754201,0.9608177172061328,0.26886428019572495
0.753491,0.9608177172061328,0.26912181303116145
0.753297,0.9608177172061328,0.269379345866598
0.752622,0.9608177172061328,0.2696368787020345
0.752502,0.9608177172061328,0.269894411537471
0.752173,0.9608177172061328,0.27015194437290757
0.751645,0.9608177172061328,0.2704094772083441
0.751433,0.9608177172061328,0.2706670100437806
0.751026,0.9608177172061328,0.2709245428792171
0.750845,0.9608177172061328,0.27118207571465364
0.750816,0.9608177172061328,0.27143960855009014
0.750765,0.9608177172061328,0.27169714138552664
0.750691,0.9625212947189097,0.27169714138552664
0.750573,0.9625212947189097,0.2719546742209632
0.750568,0.9625212947189097,0.2722122070563997
0.750386,0.9625212947189097,0.2724697398918362
0.749637,0.9625212947189097,0.2727272727272727
0.749595,0.9625212947189097,0.27298480556270927
0.749565,0.9625212947189097,0.27324233839814577
0.749348,0.9625212947189097,0.27349987123358227
0.749311,0.9625212947189097,0.2737574040690188
0.749243,0.9625212947189097,0.27401493690445533
0.748857,0.9625212947189097,0.27427246973989183
0.748811,0.9625212947189097,0.27453000257532834
0.748413,0.9625212947189097,0.2747875354107649
0.748356,0.9625212947189097,0.2750450682462014
0.7483,0.9625212947189097,0.2753026010816379
0.748259,0.9625212947189097,0.2755601339170744
0.747754,0.9625212947189097,0.27581766675251096
0.747063,0.9625212947189097,0.27607519958794746
0.746993,0.9625212947189097,0.27633273242338396
0.74698,0.9625212947189097,0.2765902652588205
0.74696,0.9625212947189097,0.276847798094257
0.746524,0.9625212947189097,0.2771053309296935
0.746369,0.9642248722316865,0.2771053309296935
0.746184,0.9642248722316865,0.27736286376513003
0.745918,0.9642248722316865,0.2776203966005666
0.745685,0.9642248722316865,0.2778779294360031
0.74568,0.9642248722316865,0.2781354622714396
0.74557,0.9659284497444633,0.2781354622714396
0.745553,0.9659284497444633,0.27839299510687615
0.745287,0.9659284497444633,0.27865052794231265
0.744926,0.9659284497444633,0.27890806077774916
0.744464,0.9659284497444633,0.27916559361318566
0.743573,0.9659284497444633,0.2794231264486222
0.743423,0.9659284497444633,0.2796806592840587
0.742635,0.9659284497444633,0.2799381921194952
0.74261,0.9659284497444633,0.2801957249549318
0.742188,0.9659284497444633,0.2804532577903683
0.741798,0.9659284497444633,0.2807107906258048
0.741452,0.9659284497444633,0.2809683234612413
0.741275,0.9659284497444633,0.28122585629667785
0.740907,0.9659284497444633,0.28148338913211435
0.740743,0.9659284497444633,0.28174092196755085
0.740692,0.9659284497444633,0.2819984548029874
0.740599,0.9659284497444633,0.2822559876384239
0.740489,0.9659284497444633,0.2825135204738604
0.739907,0.9659284497444633,0.2827710533092969
0.739812,0.9659284497444633,0.2830285861447335
0.739674,0.9659284497444633,0.28328611898017
0.739663,0.9659284497444633,0.2835436518156065
0.73953,0.9676320272572402,0.2835436518156065
0.739424,0.9676320272572402,0.283801184651043
0.739336,0.9676320272572402,0.28405871748647954
0.739313,0.9676320272572402,0.28431625032191604
0.739261,0.969335604770017,0.28431625032191604
0.739242,0.969335604770017,0.28457378315735254
0.739217,0.969335604770017,0.2848313159927891
0.739088,0.969335604770017,0.2850888488282256
0.738993,0.969335604770017,0.2853463816636621
0.738959,0.969335604770017,0.2856039144990986
0.738863,0.969335604770017,0.28586144733453517
0.73872,0.969335604770017,0.28611898016997167
0.738497,0.969335604770017,0.2863765130054082
0.738407,0.969335604770017,0.28663404584084473
0.737675,0.969335604770017,0.28689157867628123
0.737618,0.969335604770017,0.28714911151171774
0.737542,0.969335604770017,0.28740664434715424
0.737442,0.969335604770017,0.2876641771825908
0.737338,0.9710391822827938,0.2876641771825908
0.737311,0.9710391822827938,0.2879217100180273
0.736981,0.9710391822827938,0.2881792428534638
0.736937,0.9710391822827938,0.28843677568890036
0.736695,0.9710391822827938,0.28869430852433686
0.736654,0.9710391822827938,0.28895184135977336
0.736223,0.9710391822827938,0.28920937419520987
0.736037,0.9710391822827938,0.2894669070306464
0.735978,0.9710391822827938,0.28972443986608293
0.73585,0.9710391822827938,0.28998197270151943
0.735783,0.9710391822827938,0.290239505536956
0.73575,0.9710391822827938,0.2904970383723925
0.735647,0.9710391822827938,0.290754571207829
0.735571,0.9710391822827938,0.2910121040432655
0.735457,0.9710391822827938,0.29126963687870205
0.735415,0.9710391822827938,0.29152716971413856
0.734919,0.9710391822827938,0.29178470254957506
0.734365,0.9710391822827938,0.29204223538501156
0.734187,0.9710391822827938,0.2922997682204481
0.733645,0.9710391822827938,0.2925573010558846
0.733573,0.9710391822827938,0.2928148338913211
0.733549,0.9710391822827938,0.2930723667267577
0.733301,0.9710391822827938,0.2933298995621942
0.73327,0.9727427597955707,0.2933298995621942
0.732892,0.9727427597955707,0.2935874323976307
0.732798,0.9727427597955707,0.2938449652330672
0.73268,0.9727427597955707,0.29410249806850375
0.732609,0.9727427597955707,0.29436003090394025
0.732591,0.9727427597955707,0.29461756373937675
0.732555,0.9727427597955707,0.2948750965748133
0.732158,0.9727427597955707,0.2951326294102498
0.731892,0.9727427597955707,0.2953901622456863
0.731579,0.9727427597955707,0.2956476950811228
0.731483,0.9727427597955707,0.2959052279165594
0.731379,0.9727427597955707,0.2961627607519959
0.73122,0.9727427597955707,0.2964202935874324
0.730837,0.9727427597955707,0.29667782642286894
0.730764,0.9727427597955707,0.29693535925830544
0.730615,0.9727427597955707,0.29719289209374194
0.730333,0.9727427597955707,0.29745042492917845
0.730298,0.9727427597955707,0.297707957764615
0.730135,0.9727427597955707,0.2979654906000515
0.730101,0.9727427597955707,0.298223023435488
0.729927,0.9727427597955707,0.29848055627092457
0.72984,0.9727427597955707,0.29873808910636107
0.72957,0.9727427597955707,0.2989956219417976
0.728986,0.9727427597955707,0.2992531547772341
0.72896,0.9727427597955707,0.29951068761267063
0.728533,0.9727427597955707,0.29976822044810714
0.728479,0.9727427597955707,0.30002575328354364
0.728336,0.9727427597955707,0.3002832861189802
0.728196,0.9727427597955707,0.3005408189544167
0.728147,0.9727427597955707,0.3007983517898532
0.728086,0.9727427597955707,0.3010558846252897
0.727553,0.9727427597955707,0.30131341746072626
0.727517,0.9727427597955707,0.30157095029616277
0.727297,0.9727427597955707,0.30182848313159927
0.727046,0.9727427597955707,0.30208601596703577
0.726796,0.9727427597955707,0.30234354880247233
0.726676,0.9727427597955707,0.30260108163790883
0.726433,0.9727427597955707,0.30285861447334533
0.726016,0.9744463373083475,0.30285861447334533
0.725741,0.9744463373083475,0.3031161473087819
0.725099,0.9744463373083475,0.3033736801442184
0.72488,0.9744463373083475,0.3036312129796549
0.724794,0.9744463373083475,0.3038887458150914
0.724693,0.9744463373083475,0.30414627865052796
0.724636,0.9744463373083475,0.30440381148596446
0.72462,0.9744463373083475,0.30466134432140096
0.724576,0.9744463373083475,0.3049188771568375
0.724423,0.9744463373083475,0.305176409992274
0.724312,0.9744463373083475,0.3054339428277105
0.724199,0.9761499148211243,0.3054339428277105
0.724126,0.9761499148211243,0.305691475663147
0.724092,0.9761499148211243,0.3059490084985836
0.723451,0.9761499148211243,0.3062065413340201
0.723167,0.9761499148211243,0.3064640741694566
0.723156,0.9761499148211243,0.30672160700489315
0.722732,0.9761499148211243,0.30697913984032965
0.722403,0.9761499148211243,0.30723667267576615
0.722386,0.9761499148211243,0.30749420551120266
0.722231,0.9761499148211243,0.3077517383466392
0.722101,0.9761499148211243,0.3080092711820757
0.721917,0.9761499148211243,0.3082668040175122
0.721655,0.9761499148211243,0.3085243368529488
0.721001,0.9761499148211243,0.3087818696883853
0.720592,0.9761499148211243,0.3090394025238218
0.720272,0.9761499148211243,0.3092969353592583
0.720175,0.9761499148211243,0.30955446819469484
0.719839,0.9761499148211243,0.30981200103013135
0.719572,0.9761499148211243,0.31006953386556785
0.719353,0.9761499148211243,0.31032706670100435
0.718773,0.9761499148211243,0.3105845995364409
0.718595,0.9761499148211243,0.3108421323718774
0.718456,0.9761499148211243,0.3110996652073139
0.718232,0.9761499148211243,0.31135719804275047
0.718219,0.9761499148211243,0.311614730878187
0.71816,0.9761499148211243,0.3118722637136235
0.717737,0.9761499148211243,0.31212979654906
0.717711,0.9761499148211243,0.31238732938449654
0.717627,0.9761499148211243,0.31264486221993304
0.716705,0.9761499148211243,0.31290239505536954
0.716475,0.9761499148211243,0.3131599278908061
0.716402,0.9761499148211243,0.3134174607262426
0.716398,0.9761499148211243,0.3136749935616791
0.716358,0.9761499148211243,0.3139325263971156
0.715938,0.9761499148211243,0.31419005923255217
0.715785,0.9761499148211243,0.31444759206798867
0.715606,0.9761499148211243,0.31470512490342517
0.71509,0.9761499148211243,0.31496265773886173
0.714531,0.9761499148211243,0.31522019057429823
0.714476,0.9761499148211243,0.31547772340973473
0.713979,0.9761499148211243,0.31573525624517124
0.713942,0.9761499148211243,0.3159927890806078
0.713854,0.9761499148211243,0.3162503219160443
0.713841,0.9761499148211243,0.3165078547514808
0.713698,0.9761499148211243,0.31676538758691736
0.713667,0.9761499148211243,0.31702292042235386
0.713603,0.9761499148211243,0.31728045325779036
0.713511,0.9761499148211243,0.31753798609322686
0.713257,0.9761499148211243,0.3177955189286634
0.71275,0.9761499148211243,0.3180530517640999
0.712545,0.9761499148211243,0.31831058459953643
0.712461,0.9778534923339012,0.31831058459953643
0.712375,0.9778534923339012,0.318568117434973
0.712067,0.9778534923339012,0.3188256502704095
0.711853,0.9778534923339012,0.319083183105846
0.711799,0.9778534923339012,0.3193407159412825
0.711661,0.9778534923339012,0.31959824877671905
0.711623,0.979557069846678,0.31959824877671905
0.71159,0.979557069846678,0.31985578161215555
0.711583,0.979557069846678,0.32011331444759206
0.711582,0.979557069846678,0.32037084728302856
0.710996,0.979557069846678,0.3206283801184651
0.710952,0.979557069846678,0.3208859129539016
0.7108,0.9812606473594548,0.3208859129539016
0.710727,0.9812606473594548,0.3211434457893381
0.710657,0.9812606473594548,0.3214009786247747
0.710463,0.9812606473594548,0.3216585114602112
0.710002,0.9829642248722317,0.3216585114602112
0.709642,0.9829642248722317,0.3219160442956477
0.709456,0.9829642248722317,0.3221735771310842
0.708908,0.9829642248722317,0.32243110996652075
0.708483,0.9829642248722317,0.32268864280195725
0.708221,0.9829642248722317,0.32294617563739375
0.707786,0.9829642248722317,0.3232037084728303
0.707677,0.9829642248722317,0.3234612413082668
0.706846,0.9829642248722317,0.3237187741437033
0.706826,0.9829642248722317,0.3239763069791398
0.706786,0.9829642248722317,0.3242338398145764
0.706698,0.9829642248722317,0.3244913726500129
0.706633,0.9829642248722317,0.3247489054854494
0.706527,0.9829642248722317,0.32500643832088594
0.706258,0.9829642248722317,0.32526397115632244
0.706038,0.9829642248722317,0.32552150399175894
0.705975,0.9829642248722317,0.32577903682719545
0.705953,0.9829642248722317,0.326036569662632
0.705846,0.9829642248722317,0.3262941024980685
0.705743,0.9829642248722317,0.326551635333505
0.705734,0.9829642248722317,0.32680916816894157
0.70564,0.9829642248722317,0.32706670100437807
0.705568,0.9829642248722317,0.32732423383981457
0.705545,0.9829642248722317,0.3275817666752511
0.704591,0.9829642248722317,0.32783929951068763
0.704369,0.9829642248722317,0.32809683234612413
0.704316,0.9829642248722317,0.32835436518156064
0.703698,0.9829642248722317,0.3286118980169972
0.703582,0.9829642248722317,0.3288694308524337
0.70348,0.9829642248722317,0.3291269636878702
0.703477,0.9829642248722317,0.3293844965233067
0.703443,0.9829642248722317,0.32964202935874326
0.703411,0.9829642248722317,0.32989956219417976
0.703047,0.9829642248722317,0.33015709502961627
0.70268,0.9829642248722317,0.33041462786505277
0.702645,0.9829642248722317,0.3306721607004893
0.702154,0.9829642248722317,0.33092969353592583
0.70211,0.9829642248722317,0.33118722637136233
0.702039,0.9829642248722317,0.3314447592067989
0.702037,0.9829642248722317,0.3317022920422354
0.701938,0.9829642248722317,0.3319598248776719
0.701597,0.9829642248722317,0.3322173577131084
0.701404,0.9829642248722317,0.33247489054854495
0.70135,0.9829642248722317,0.33273242338398146
0.701318,0.9829642248722317,0.33298995621941796
0.7012,0.9829642248722317,0.3332474890548545
0.701161,0.9829642248722317,0.333505021890291
0.701019,0.9829642248722317,0.3337625547257275
0.700388,0.9829642248722317,0.334020087561164
0.69967,0.9829642248722317,0.3342776203966006
0.699591,0.9829642248722317,0.3345351532320371
0.69797,0.9829642248722317,0.3347926860674736
0.697868,0.9829642248722317,0.33505021890291015
0.697784,0.9829642248722317,0.33530775173834665
0.697744,0.9829642248722317,0.33556528457378315
0.696908,0.9829642248722317,0.33582281740921965
0.696902,0.9829642248722317,0.3360803502446562
0.696722,0.9829642248722317,0.3363378830800927
0.696559,0.9829642248722317,0.3365954159155292
0.696381,0.9829642248722317,0.3368529487509658
0.696334,0.9829642248722317,0.3371104815864023
0.695851,0.9829642248722317,0.3373680144218388
0.695425,0.9829642248722317,0.3376255472572753
0.695093,0.9829642248722317,0.33788308009271184
0.695061,0.9829642248722317,0.33814061292814834
0.69489,0.9829642248722317,0.33839814576358485
0.694632,0.9829642248722317,0.33865567859902135
0.694382,0.9829642248722317,0.3389132114344579
0.69429,0.9829642248722317,0.3391707442698944
0.694141,0.9829642248722317,0.3394282771053309
0.694129,0.9829642248722317,0.33968580994076747
0.693932,0.9829642248722317,0.33994334277620397
0.69382,0.9829642248722317,0.3402008756116405
0.693293,0.9829642248722317,0.340458408447077
0.69321,0.9829642248722317,0.34071594128251353
0.692899,0.9829642248722317,0.34097347411795004
0.692823,0.9829642248722317,0.34123100695338654
0.692674,0.9829642248722317,0.3414885397888231
0.692412,0.9829642248722317,0.3417460726242596
0.692179,0.9829642248722317,0.3420036054596961
0.692082,0.9829642248722317,0.3422611382951326
0.692005,0.9829642248722317,0.34251867113056916
0.691883,0.9829642248722317,0.34277620396600567
0.691734,0.9829642248722317,0.34303373680144217
0.691476,0.9829642248722317,0.3432912696368787
0.691127,0.9829642248722317,0.34354880247231523
0.691119,0.9829642248722317,0.34380633530775173
0.691016,0.9829642248722317,0.34406386814318823
0.690986,0.9829642248722317,0.3443214009786248
0.690873,0.9829642248722317,0.3445789338140613
0.690826,0.9829642248722317,0.3448364666494978
0.690819,0.9829642248722317,0.34509399948493436
0.690641,0.9829642248722317,0.34535153232037086
0.690483,0.9829642248722317,0.34560906515580736
0.690409,0.9829642248722317,0.34586659799124386
0.690144,0.9829642248722317,0.3461241308266804
0.690075,0.9829642248722317,0.3463816636621169
0.689971,0.9829642248722317,0.3466391964975534
0.689689,0.9829642248722317,0.34689672933299
0.689423,0.9829642248722317,0.3471542621684265
0.689317,0.9829642248722317,0.347411795003863
0.688667,0.9829642248722317,0.3476693278392995
0.68855,0.9829642248722317,0.34792686067473605
0.688535,0.9829642248722317,0.34818439351017255
0.688517,0.9829642248722317,0.34844192634560905
0.688382,0.9829642248722317,0.34869945918104556
0.688361,0.9829642248722317,0.3489569920164821
0.68817,0.9829642248722317,0.3492145248519186
0.687468,0.9829642248722317,0.3494720576873551
0.687359,0.9829642248722317,0.3497295905227917
0.687358,0.9829642248722317,0.3499871233582282
0.687332,0.9829642248722317,0.3502446561936647
0.6873,0.9829642248722317,0.3505021890291012
0.687141,0.9829642248722317,0.35075972186453774
0.686836,0.9829642248722317,0.35101725469997425
0.68657,0.9829642248722317,0.35127478753541075
0.68648,0.9829642248722317,0.3515323203708473
0.686371,0.9829642248722317,0.3517898532062838
0.686264,0.9829642248722317,0.3520473860417203
0.686178,0.9829642248722317,0.3523049188771568
0.685875,0.9829642248722317,0.35256245171259337
0.68577,0.9829642248722317,0.3528199845480299
0.685229,0.9829642248722317,0.3530775173834664
0.684958,0.9829642248722317,0.35333505021890294
0.684793,0.9829642248722317,0.35359258305433944
0.684566,0.9829642248722317,0.35385011588977594
0.684339,0.9829642248722317,0.354365181560649
0.684052,0.9829642248722317,0.3546227143960855
0.683597,0.9829642248722317,0.354880247231522
0.683269,0.9829642248722317,0.35513778006695856
0.683209,0.9829642248722317,0.35539531290239507
0.683071,0.9829642248722317,0.35565284573783157
0.682705,0.9829642248722317,0.35591037857326807
0.682473,0.9829642248722317,0.35616791140870463
0.682382,0.9829642248722317,0.35642544424414113
0.682221,0.9829642248722317,0.35668297707957763
0.68212,0.9829642248722317,0.35694050991501414
0.682057,0.9829642248722317,0.3571980427504507
0.682007,0.9829642248722317,0.3574555755858872
0.680943,0.9829642248722317,0.3577131084213237
0.680802,0.9829642248722317,0.35797064125676026
0.680491,0.9829642248722317,0.35822817409219676
0.680281,0.9829642248722317,0.35848570692763326
0.680233,0.9829642248722317,0.35874323976306977
0.680009,0.9829642248722317,0.3590007725985063
0.679812,0.9829642248722317,0.3592583054339428
0.679383,0.9829642248722317,0.35951583826937933
0.679059,0.9846678023850085,0.35951583826937933
0.678437,0.9846678023850085,0.3597733711048159
0.678364,0.9846678023850085,0.3600309039402524
0.678208,0.9846678023850085,0.3602884367756889
0.678166,0.9846678023850085,0.3605459696111254
0.678061,0.9846678023850085,0.36080350244656195
0.677746,0.9846678023850085,0.36106103528199845
0.677623,0.9846678023850085,0.36131856811743496
0.677399,0.9846678023850085,0.3615761009528715
0.677125,0.9846678023850085,0.361833633788308
0.676993,0.9846678023850085,0.3620911666237445
0.676858,0.9846678023850085,0.362348699459181
0.676815,0.9846678023850085,0.3626062322946176
0.67679,0.9846678023850085,0.3628637651300541
0.676631,0.9846678023850085,0.3631212979654906
0.676586,0.9846678023850085,0.36337883080092714
0.675908,0.9846678023850085,0.36363636363636365
0.67564,0.9846678023850085,0.36389389647180015
0.675338,0.9846678023850085,0.36415142930723665
0.675311,0.9846678023850085,0.3644089621426732
0.674994,0.9846678023850085,0.3646664949781097
0.674868,0.9846678023850085,0.3649240278135462
0.67484,0.9846678023850085,0.3651815606489828
0.674764,0.9846678023850085,0.3654390934844193
0.674707,0.9846678023850085,0.3656966263198558
0.674452,0.9846678023850085,0.3659541591552923
0.674383,0.9846678023850085,0.36621169199072884
0.67421,0.9846678023850085,0.36646922482616534
0.674194,0.9846678023850085,0.36672675766160184
0.673951,0.9846678023850085,0.36698429049703835
0.673903,0.9846678023850085,0.3672418233324749
0.673052,0.9846678023850085,0.3674993561679114
0.672766,0.9846678023850085,0.3677568890033479
0.672526,0.9846678023850085,0.36801442183878447
0.67252,0.9846678023850085,0.36827195467422097
0.672154,0.9846678023850085,0.36852948750965747
0.67195,0.9846678023850085,0.368787020345094
0.671738,0.9846678023850085,0.36904455318053053
0.671734,0.9846678023850085,0.36930208601596703
0.671323,0.9846678023850085,0.36955961885140354
0.671083,0.9846678023850085,0.3698171516868401
0.670981,0.9846678023850085,0.3700746845222766
0.670965,0.9846678023850085,0.3703322173577131
0.670511,0.9846678023850085,0.3705897501931496
0.670113,0.9846678023850085,0.37084728302858616
0.669967,0.9846678023850085,0.37110481586402266
0.669946,0.9846678023850085,0.37136234869945917
0.669753,0.9846678023850085,0.3716198815348957
0.669717,0.9846678023850085,0.3718774143703322
0.66963,0.9846678023850085,0.37213494720576873
0.669602,0.9846678023850085,0.37239248004120523
0.668833,0.9846678023850085,0.3726500128766418
0.668498,0.9846678023850085,0.3729075457120783
0.668442,0.9846678023850085,0.3731650785475148
0.668187,0.9846678023850085,0.37342261138295135
0.667549,0.9846678023850085,0.37368014421838786
0.667294,0.9846678023850085,0.37393767705382436
0.667232,0.9863713798977853,0.37393767705382436
0.666881,0.9863713798977853,0.37419520988926086
0.666524,0.9863713798977853,0.3744527427246974
0.666374,0.9863713798977853,0.3747102755601339
0.666054,0.9863713798977853,0.3749678083955704
0.665748,0.9863713798977853,0.3752253412310069
0.665687,0.9863713798977853,0.3754828740664435
0.665144,0.9863713798977853,0.37574040690188
0.664677,0.9863713798977853,0.3759979397373165
0.664117,0.9863713798977853,0.37625547257275305
0.664057,0.9863713798977853,0.37651300540818955
0.663181,0.9863713798977853,0.37677053824362605
0.662762,0.9863713798977853,0.37702807107906255
0.662507,0.9863713798977853,0.3772856039144991
0.662203,0.9863713798977853,0.3775431367499356
0.66185,0.9863713798977853,0.3778006695853721
0.661592,0.9863713798977853,0.3780582024208087
0.661547,0.9863713798977853,0.3783157352562452
0.661178,0.9863713798977853,0.3785732680916817
0.660852,0.9863713798977853,0.3788308009271182
0.660549,0.9863713798977853,0.37908833376255474
0.660543,0.9863713798977853,0.37934586659799124
0.660353,0.9863713798977853,0.37960339943342775
0.659799,0.9863713798977853,0.3798609322688643
0.659437,0.9863713798977853,0.3801184651043008
0.659271,0.9863713798977853,0.3803759979397373
0.65916,0.9863713798977853,0.3806335307751738
0.658871,0.9863713798977853,0.38089106361061037
0.658648,0.9863713798977853,0.3811485964460469
0.658424,0.9863713798977853,0.3814061292814834
0.658229,0.9863713798977853,0.38166366211691993
0.658106,0.9863713798977853,0.38192119495235644
0.658082,0.9880749574105622,0.38192119495235644
0.658056,0.9880749574105622,0.38217872778779294
0.657541,0.9880749574105622,0.38243626062322944
0.657216,0.9880749574105622,0.382693793458666
0.657155,0.9880749574105622,0.3829513262941025
0.656797,0.9880749574105622,0.383208859129539
0.656264,0.9880749574105622,0.38346639196497556
0.656235,0.9880749574105622,0.38372392480041206
0.656174,0.9880749574105622,0.38398145763584857
0.655992,0.9880749574105622,0.38423899047128507
0.655913,0.9880749574105622,0.3844965233067216
0.655623,0.9880749574105622,0.38475405614215813
0.655428,0.9880749574105622,0.38501158897759463
0.65504,0.9880749574105622,0.38526912181303113
0.654852,0.9880749574105622,0.3855266546484677
0.654709,0.9880749574105622,0.3857841874839042
0.654288,0.9880749574105622,0.3860417203193407
0.653931,0.9880749574105622,0.38629925315477726
0.653688,0.9880749574105622,0.38655678599021376
0.653516,0.9880749574105622,0.38681431882565026
0.652924,0.9880749574105622,0.38707185166108676
0.652589,0.9880749574105622,0.3873293844965233
0.652338,0.9880749574105622,0.3875869173319598
0.652288,0.9880749574105622,0.3878444501673963
0.65207,0.9880749574105622,0.3881019830028329
0.652061,0.9880749574105622,0.3883595158382694
0.651827,0.9880749574105622,0.3886170486737059
0.651417,0.9880749574105622,0.3888745815091424
0.651366,0.9880749574105622,0.38913211434457895
0.650725,0.9880749574105622,0.38938964718001545
0.650486,0.9880749574105622,0.38964718001545195
0.650262,0.9880749574105622,0.3899047128508885
0.649834,0.9880749574105622,0.390162245686325
0.64975,0.9880749574105622,0.3904197785217615
0.649586,0.9880749574105622,0.390677311357198
0.649574,0.9880749574105622,0.3909348441926346
0.649401,0.9880749574105622,0.3911923770280711
0.648878,0.9880749574105622,0.3914499098635076
0.648743,0.9880749574105622,0.39170744269894414
0.648707,0.9880749574105622,0.39196497553438064
0.648588,0.9880749574105622,0.39222250836981715
0.648571,0.9880749574105622,0.39248004120525365
0.648388,0.9880749574105622,0.3927375740406902
0.648366,0.9880749574105622,0.3929951068761267
0.648364,0.9880749574105622,0.3932526397115632
0.648335,0.9880749574105622,0.39351017254699977
0.647624,0.9880749574105622,0.3937677053824363
0.64754,0.9880749574105622,0.3940252382178728
0.647519,0.9880749574105622,0.3942827710533093
0.647146,0.9880749574105622,0.39454030388874584
0.647105,0.9880749574105622,0.39479783672418234
0.646877,0.9880749574105622,0.39505536955961884
0.646867,0.9880749574105622,0.39531290239505534
0.646776,0.9880749574105622,0.3955704352304919
0.646772,0.9880749574105622,0.3958279680659284
0.646684,0.9880749574105622,0.3960855009013649
0.646649,0.9880749574105622,0.39634303373680146
0.646598,0.9880749574105622,0.39660056657223797
0.646557,0.9880749574105622,0.39685809940767447
0.646335,0.9880749574105622,0.39711563224311097
0.645976,0.9880749574105622,0.39737316507854753
0.645817,0.9880749574105622,0.39763069791398403
0.645811,0.9880749574105622,0.39788823074942054
0.645539,0.9880749574105622,0.3981457635848571
0.64553,0.9880749574105622,0.3984032964202936
0.644832,0.9880749574105622,0.3986608292557301
0.644827,0.9880749574105622,0.3989183620911666
0.644538,0.9880749574105622,0.39917589492660316
0.644336,0.9880749574105622,0.39943342776203966
0.64422,0.9880749574105622,0.39969096059747616
0.644066,0.9880749574105622,0.3999484934329127
0.643482,0.9880749574105622,0.4002060262683492
0.643231,0.9880749574105622,0.4004635591037857
0.6425,0.9880749574105622,0.40072109193922223
0.641962,0.9880749574105622,0.4009786247746588
0.641711,0.9880749574105622,0.4012361576100953
0.641561,0.9880749574105622,0.4014936904455318
0.64088,0.9880749574105622,0.40175122328096835
0.640582,0.9880749574105622,0.40200875611640485
0.640546,0.9880749574105622,0.40226628895184136
0.640467,0.9880749574105622,0.40252382178727786
0.640216,0.9880749574105622,0.4027813546227144
0.640163,0.9880749574105622,0.4030388874581509
0.640077,0.989778534923339,0.4030388874581509
0.639647,0.989778534923339,0.4032964202935874
0.63928,0.989778534923339,0.4035539531290239
0.63912,0.989778534923339,0.4038114859644605
0.63897,0.989778534923339,0.404069018799897
0.638957,0.989778534923339,0.4043265516353335
0.638745,0.989778534923339,0.40458408447077004
0.638743,0.989778534923339,0.40484161730620655
0.638476,0.989778534923339,0.40509915014164305
0.638119,0.989778534923339,0.40535668297707955
0.637842,0.989778534923339,0.4056142158125161
0.637532,0.989778534923339,0.4058717486479526
0.637495,0.989778534923339,0.4061292814833891
0.63745,0.989778534923339,0.4063868143188257
0.637125,0.989778534923339,0.4066443471542622
0.636941,0.989778534923339,0.4069018799896987
0.63674,0.989778534923339,0.4071594128251352
0.636682,0.989778534923339,0.40741694566057174
0.636284,0.989778534923339,0.40767447849600824
0.6362,0.989778534923339,0.40793201133144474
0.636052,0.989778534923339,0.4081895441668813
0.635432,0.989778534923339,0.4084470770023178
0.63523,0.989778534923339,0.4087046098377543
0.63483,0.989778534923339,0.4089621426731908
0.634723,0.989778534923339,0.40921967550862737
0.634027,0.989778534923339,0.40947720834406387
0.633738,0.989778534923339,0.4097347411795004
0.633565,0.989778534923339,0.40999227401493693
0.633558,0.989778534923339,0.41024980685037343
0.633343,0.989778534923339,0.41050733968580994
0.632711,0.989778534923339,0.41076487252124644
0.632706,0.989778534923339,0.411022405356683
0.632649,0.989778534923339,0.4112799381921195
0.632642,0.989778534923339,0.411537471027556
0.632507,0.989778534923339,0.41179500386299256
0.631741,0.989778534923339,0.41205253669842906
0.63116,0.989778534923339,0.41231006953386556
0.63101,0.989778534923339,0.41256760236930207
0.630468,0.989778534923339,0.4128251352047386
0.630441,0.989778534923339,0.4130826680401751
0.629914,0.989778534923339,0.41334020087561163
0.629905,0.989778534923339,0.41359773371104813
0.629754,0.989778534923339,0.4138552665464847
0.629601,0.989778534923339,0.4141127993819212
0.628804,0.989778534923339,0.4143703322173577
0.628664,0.989778534923339,0.41462786505279425
0.628306,0.989778534923339,0.41488539788823076
0.628099,0.989778534923339,0.41514293072366726
0.628053,0.989778534923339,0.41540046355910376
0.628022,0.989778534923339,0.4156579963945403
0.627924,0.989778534923339,0.4159155292299768
0.627855,0.989778534923339,0.4161730620654133
0.627701,0.989778534923339,0.4164305949008499
0.627635,0.989778534923339,0.4166881277362864
0.627415,0.989778534923339,0.4169456605717229
0.626892,0.989778534923339,0.4172031934071594
0.626593,0.989778534923339,0.41746072624259595
0.625965,0.989778534923339,0.41771825907803245
0.625781,0.989778534923339,0.41797579191346895
0.625566,0.989778534923339,0.4182333247489055
0.625456,0.989778534923339,0.418490857584342
0.624875,0.989778534923339,0.4187483904197785
0.624871,0.989778534923339,0.419005923255215
0.624785,0.989778534923339,0.4192634560906516
0.624214,0.989778534923339,0.4195209889260881
0.623907,0.989778534923339,0.4197785217615246
0.623297,0.989778534923339,0.42003605459696114
0.623215,0.989778534923339,0.42029358743239764
0.622645,0.989778534923339,0.42055112026783414
0.622374,0.989778534923339,0.42080865310327065
0.622191,0.989778534923339,0.4210661859387072
0.622155,0.989778534923339,0.4213237187741437
0.622118,0.989778534923339,0.4215812516095802
0.622109,0.989778534923339,0.4218387844450167
0.622103,0.989778534923339,0.42209631728045327
0.622064,0.989778534923339,0.4223538501158898
0.621106,0.989778534923339,0.4226113829513263
0.621032,0.989778534923339,0.42286891578676283
0.620964,0.989778534923339,0.42312644862219934
0.620935,0.989778534923339,0.42338398145763584
0.620728,0.989778534923339,0.42364151429307234
0.620698,0.989778534923339,0.4238990471285089
0.620671,0.989778534923339,0.4241565799639454
0.620663,0.989778534923339,0.4244141127993819
0.620388,0.989778534923339,0.42467164563481846
0.620011,0.989778534923339,0.42492917847025496
0.619561,0.989778534923339,0.42518671130569147
0.619205,0.989778534923339,0.42544424414112797
0.618858,0.989778534923339,0.4257017769765645
0.618611,0.989778534923339,0.42595930981200103
0.61843,0.989778534923339,0.42621684264743753
0.618098,0.989778534923339,0.4264743754828741
0.617888,0.989778534923339,0.4267319083183106
0.617184,0.989778534923339,0.4269894411537471
0.616976,0.989778534923339,0.4272469739891836
0.616951,0.989778534923339,0.42750450682462016
0.616884,0.989778534923339,0.42776203966005666
0.616605,0.989778534923339,0.42801957249549316
0.61636,0.989778534923339,0.4282771053309297
0.61633,0.989778534923339,0.4285346381663662
0.616152,0.989778534923339,0.4287921710018027
0.616112,0.989778534923339,0.4290497038372392
0.615928,0.989778534923339,0.4293072366726758
0.615825,0.989778534923339,0.4295647695081123
0.615816,0.989778534923339,0.4298223023435488
0.615542,0.989778534923339,0.43007983517898535
0.61553,0.989778534923339,0.43033736801442185
0.615269,0.989778534923339,0.43059490084985835
0.615188,0.989778534923339,0.43085243368529486
0.614976,0.989778534923339,0.4311099665207314
0.614454,0.989778534923339,0.4313674993561679
0.614284,0.989778534923339,0.4316250321916044
0.614087,0.989778534923339,0.4318825650270409
0.613989,0.9914821124361158,0.4318825650270409
0.613856,0.9914821124361158,0.4321400978624775
0.61378,0.9914821124361158,0.432397630697914
0.613708,0.9914821124361158,0.4326551635333505
0.61323,0.9914821124361158,0.43291269636878704
0.612917,0.9914821124361158,0.43317022920422354
0.612765,0.9914821124361158,0.43342776203966005
0.612282,0.9914821124361158,0.43368529487509655
0.611866,0.9914821124361158,0.4339428277105331
0.611765,0.9914821124361158,0.4342003605459696
0.611665,0.9914821124361158,0.4344578933814061
0.611598,0.9914821124361158,0.43471542621684267
0.611547,0.9914821124361158,0.4349729590522792
0.611266,0.9914821124361158,0.4352304918877157
0.611035,0.9914821124361158,0.4354880247231522
0.61063,0.9914821124361158,0.43574555755858874
0.610572,0.9914821124361158,0.43600309039402524
0.61016,0.9914821124361158,0.43626062322946174
0.610125,0.9914821124361158,0.4365181560648983
0.610091,0.9914821124361158,0.4367756889003348
0.610084,0.9914821124361158,0.4370332217357713
0.609809,0.9914821124361158,0.4372907545712078
0.609769,0.9914821124361158,0.43754828740664437
0.609691,0.9914821124361158,0.43780582024208087
0.609486,0.9914821124361158,0.43806335307751737
0.609385,0.9914821124361158,0.43832088591295393
0.609137,0.9914821124361158,0.43857841874839043
0.608901,0.9914821124361158,0.43883595158382693
0.608823,0.9914821124361158,0.43909348441926344
0.608678,0.9914821124361158,0.4393510172547
0.608676,0.9914821124361158,0.4396085500901365
0.608651,0.9914821124361158,0.439866082925573
0.608574,0.9914821124361158,0.4401236157610095
0.608439,0.9914821124361158,0.44038114859644606
0.608426,0.9914821124361158,0.44063868143188256
0.607805,0.9914821124361158,0.44089621426731906
0.607554,0.9914821124361158,0.4411537471027556
0.607426,0.9914821124361158,0.4414112799381921
0.607159,0.9914821124361158,0.4416688127736286
0.607093,0.9914821124361158,0.44192634560906513
0.606935,0.9931856899488927,0.44192634560906513
0.606911,0.9931856899488927,0.4421838784445017
0.606765,0.9931856899488927,0.4424414112799382
0.606581,0.9931856899488927,0.4426989441153747
0.606352,0.9931856899488927,0.44295647695081125
0.605825,0.9931856899488927,0.44321400978624775
0.60571,0.9931856899488927,0.44347154262168426
0.605589,0.9931856899488927,0.44372907545712076
0.605501,0.9931856899488927,0.4439866082925573
0.605492,0.9931856899488927,0.4442441411279938
0.605333,0.9948892674616695,0.4442441411279938
0.605328,0.9948892674616695,0.4445016739634303
0.604981,0.9948892674616695,0.4447592067988669
0.604957,0.9948892674616695,0.4450167396343034
0.604745,0.9948892674616695,0.4452742724697399
0.604429,0.9948892674616695,0.4455318053051764
0.604107,0.9948892674616695,0.44578933814061295
0.603312,0.9948892674616695,0.44604687097604945
0.603182,0.9948892674616695,0.44630440381148595
0.60316,0.9948892674616695,0.4465619366469225
0.603012,0.9948892674616695,0.446819469482359
0.602719,0.9948892674616695,0.4470770023177955
0.602633,0.9948892674616695,0.447334535153232
0.602169,0.9948892674616695,0.4475920679886686
0.601925,0.9948892674616695,0.4478496008241051
0.601917,0.9948892674616695,0.4481071336595416
0.601712,0.9948892674616695,0.44836466649497814
0.601142,0.9948892674616695,0.44862219933041464
0.600608,0.9948892674616695,0.44887973216585114
0.600033,0.9948892674616695,0.44913726500128764
0.59943,0.9948892674616695,0.4493947978367242
0.599179,0.9948892674616695,0.4496523306721607
0.59846,0.9948892674616695,0.4499098635075972
0.597561,0.9948892674616695,0.4501673963430337
0.596783,0.9948892674616695,0.45042492917847027
0.596283,0.9965928449744463,0.45042492917847027
0.596175,0.9965928449744463,0.45068246201390677
0.595325,0.9965928449744463,0.4509399948493433
0.59521,0.9965928449744463,0.45119752768477983
0.594682,0.9965928449744463,0.45145506052021633
0.594614,0.9965928449744463,0.45171259335565284
0.594399,0.9965928449744463,0.45197012619108934
0.593952,0.9965928449744463,0.4522276590265259
0.593701,0.9965928449744463,0.4524851918619624
0.593262,0.9965928449744463,0.4527427246973989
0.592888,0.9965928449744463,0.45300025753283546
0.592884,0.9965928449744463,0.45325779036827196
0.592739,0.9965928449744463,0.45351532320370846
0.592592,0.9965928449744463,0.45377285603914497
0.59243,0.9965928449744463,0.4540303888745815
0.592151,0.9965928449744463,0.45428792171001803
0.591364,0.9965928449744463,0.45454545454545453
0.591197,0.9965928449744463,0.4548029873808911
0.590982,0.9965928449744463,0.4550605202163276
0.590967,0.9965928449744463,0.4553180530517641
0.590704,0.9965928449744463,0.4555755858872006
0.590404,0.9965928449744463,0.45583311872263715
0.590196,0.9965928449744463,0.45609065155807366
0.589948,0.9965928449744463,0.45634818439351016
0.589923,0.9965928449744463,0.4566057172289467
0.589642,0.9965928449744463,0.4568632500643832
0.589603,0.9965928449744463,0.4571207828998197
0.589593,0.9965928449744463,0.4573783157352562
0.589517,0.9965928449744463,0.4576358485706928
0.589455,0.9965928449744463,0.4578933814061293
0.589421,0.9965928449744463,0.4581509142415658
0.589224,0.9965928449744463,0.4584084470770023
0.589176,0.9965928449744463,0.45866597991243885
0.588782,0.9965928449744463,0.45892351274787535
0.588695,0.9965928449744463,0.45918104558331185
0.587855,0.9965928449744463,0.4594385784187484
0.587751,0.9965928449744463,0.4596961112541849
0.587469,0.9965928449744463,0.4599536440896214
0.586395,0.9965928449744463,0.4602111769250579
0.586281,0.9965928449744463,0.4604687097604945
0.586061,0.9965928449744463,0.460726242595931
0.585969,0.9965928449744463,0.4609837754313675
0.585749,0.9965928449744463,0.46124130826680404
0.585557,0.9965928449744463,0.46149884110224054
0.585196,0.9965928449744463,0.46175637393767704
0.584918,0.9965928449744463,0.46201390677311355
0.58487,0.9965928449744463,0.4622714396085501
0.584681,0.9965928449744463,0.4625289724439866
0.584421,0.9965928449744463,0.4627865052794231
0.584407,0.9965928449744463,0.46304403811485967
0.584268,0.9965928449744463,0.46330157095029617
0.584141,0.9965928449744463,0.4635591037857327
0.58365,0.9965928449744463,0.4638166366211692
0.583605,0.9965928449744463,0.46407416945660573
0.583081,0.9965928449744463,0.46433170229204224
0.582751,0.9965928449744463,0.46458923512747874
0.582683,0.9965928449744463,0.4648467679629153
0.58219,0.9965928449744463,0.4651043007983518
0.581713,0.9965928449744463,0.4653618336337883
0.581579,0.9965928449744463,0.4656193664692248
0.580698,0.9965928449744463,0.46587689930466136
0.58027,0.9965928449744463,0.46613443214009787
0.580146,0.9965928449744463,0.46639196497553437
0.580141,0.9965928449744463,0.4666494978109709
0.57994,0.9965928449744463,0.46690703064640743
0.579708,0.9965928449744463,0.46716456348184393
0.579614,0.9965928449744463,0.46742209631728043
0.579594,0.9965928449744463,0.467679629152717
0.579281,0.9965928449744463,0.4679371619881535
0.579108,0.9965928449744463,0.46819469482359
0.579062,0.9965928449744463,0.4684522276590265
0.578811,0.9965928449744463,0.46870976049446306
0.578423,0.9965928449744463,0.46896729332989956
0.578127,0.9965928449744463,0.46922482616533606
0.577777,0.9965928449744463,0.4694823590007726
0.577462,0.9965928449744463,0.4697398918362091
0.57742,0.9965928449744463,0.4699974246716456
0.577328,0.9965928449744463,0.4702549575070821
0.576939,0.9965928449744463,0.4705124903425187
0.576904,0.9965928449744463,0.4707700231779552
0.576823,0.9965928449744463,0.4710275560133917
0.576781,0.9965928449744463,0.47128508884882825
0.576673,0.9965928449744463,0.47154262168426475
0.576097,0.9965928449744463,0.47180015451970125
0.576039,0.9965928449744463,0.47205768735513776
0.576012,0.9965928449744463,0.4723152201905743
0.576007,0.9965928449744463,0.4725727530260108
0.575927,0.9965928449744463,0.4728302858614473
0.575903,0.9965928449744463,0.4730878186968839
0.575655,0.9965928449744463,0.4733453515323204
0.575055,0.9965928449744463,0.4736028843677569
0.574913,0.9965928449744463,0.4738604172031934
0.573492,0.9965928449744463,0.47411795003862994
0.573455,0.9965928449744463,0.47437548287406645
0.573318,0.9965928449744463,0.47463301570950295
0.572923,0.9965928449744463,0.4748905485449395
0.572553,0.9965928449744463,0.475148081380376
0.572509,0.9965928449744463,0.4754056142158125
0.5723,0.9965928449744463,0.475663147051249
0.572191,0.9965928449744463,0.47592067988668557
0.571848,0.9965928449744463,0.4761782127221221
0.57158,0.9965928449744463,0.4764357455575586
0.57148,0.9965928449744463,0.47669327839299513
0.571439,0.9965928449744463,0.47695081122843164
0.571348,0.9965928449744463,0.47720834406386814
0.571147,0.9965928449744463,0.47746587689930464
0.571024,0.9965928449744463,0.4777234097347412
0.570858,0.9965928449744463,0.4779809425701777
0.570633,0.9965928449744463,0.4782384754056142
0.570382,0.9965928449744463,0.4784960082410507
0.570292,0.9965928449744463,0.47875354107648727
0.570268,0.9965928449744463,0.47901107391192377
0.570181,0.9965928449744463,0.47926860674736027
0.569994,0.9965928449744463,0.47952613958279683
0.569844,0.9965928449744463,0.47978367241823333
0.569798,0.9965928449744463,0.48004120525366983
0.569679,0.9965928449744463,0.48029873808910634
0.569638,0.9965928449744463,0.4805562709245429
0.569447,0.9965928449744463,0.4808138037599794
0.568868,0.9965928449744463,0.4810713365954159
0.568687,0.9965928449744463,0.48132886943085246
0.568512,0.9965928449744463,0.48158640226628896
0.568241,0.9965928449744463,0.48184393510172546
0.567285,0.9965928449744463,0.48210146793716196
0.567261,0.9965928449744463,0.4823590007725985
0.566866,0.9965928449744463,0.482616533608035
0.566799,0.9965928449744463,0.48287406644347153
0.566583,0.9965928449744463,0.4831315992789081
0.566125,0.9965928449744463,0.4833891321143446
0.566036,0.9965928449744463,0.4836466649497811
0.56596,0.9965928449744463,0.4839041977852176
0.565543,0.9965928449744463,0.48416173062065415
0.565454,0.9965928449744463,0.48441926345609065
0.565232,0.9965928449744463,0.48467679629152716
0.565201,0.9965928449744463,0.4849343291269637
0.56506,0.9965928449744463,0.4851918619624002
0.564895,0.9965928449744463,0.4854493947978367
0.563853,0.9965928449744463,0.4857069276332732
0.563589,0.9965928449744463,0.4859644604687098
0.563432,0.9965928449744463,0.4862219933041463
0.563248,0.9965928449744463,0.4864795261395828
0.563189,0.9965928449744463,0.4867370589750193
0.56275,0.9965928449744463,0.48699459181045585
0.562658,0.9965928449744463,0.48725212464589235
0.562477,0.9965928449744463,0.48750965748132885
0.562456,0.9965928449744463,0.4877671903167654
0.562439,0.9965928449744463,0.4880247231522019
0.562246,0.9965928449744463,0.4882822559876384
0.561968,0.9965928449744463,0.4885397888230749
0.561607,0.9965928449744463,0.4887973216585115
0.56101,0.9965928449744463,0.489054854493948
0.560881,0.9965928449744463,0.4893123873293845
0.560561,0.9965928449744463,0.48956992016482104
0.560473,0.9965928449744463,0.48982745300025754
0.560358,0.9965928449744463,0.49008498583569404
0.560173,0.9965928449744463,0.49034251867113055
0.560161,0.9965928449744463,0.4906000515065671
0.560149,0.9965928449744463,0.4908575843420036
0.560031,0.9965928449744463,0.4911151171774401
0.559973,0.9965928449744463,0.49137265001287667
0.559913,0.9965928449744463,0.49163018284831317
0.559864,0.9965928449744463,0.49188771568374967
0.55969,0.9965928449744463,0.4921452485191862
0.559599,0.9965928449744463,0.49240278135462273
0.559443,0.9965928449744463,0.49266031419005923
0.559205,0.9965928449744463,0.49291784702549574
0.558744,0.9965928449744463,0.4931753798609323
0.558702,0.9965928449744463,0.4934329126963688
0.558658,0.9965928449744463,0.4936904455318053
0.558587,0.9965928449744463,0.4939479783672418
0.558501,0.9965928449744463,0.49420551120267836
0.558411,0.9965928449744463,0.49446304403811486
0.55801,0.9965928449744463,0.49472057687355137
0.557936,0.9965928449744463,0.4949781097089879
0.557227,0.9965928449744463,0.4952356425444244
0.556949,0.9965928449744463,0.49549317537986093
0.556296,0.9965928449744463,0.49575070821529743
0.556287,0.9965928449744463,0.496008241050734
0.556234,0.9965928449744463,0.4962657738861705
0.556218,0.9965928449744463,0.496523306721607
0.556139,0.9965928449744463,0.4967808395570435
0.556004,0.9965928449744463,0.49703837239248005
0.555962,0.9965928449744463,0.49729590522791656
0.555694,0.9965928449744463,0.49755343806335306
0.555691,0.9965928449744463,0.4978109708987896
0.555657,0.9965928449744463,0.4980685037342261
0.555556,0.9965928449744463,0.4983260365696626
0.555351,0.9965928449744463,0.4985835694050991
0.555219,0.9965928449744463,0.4988411022405357
0.555151,0.9965928449744463,0.4990986350759722
0.554802,0.9965928449744463,0.4993561679114087
0.554179,0.9965928449744463,0.49961370074684525
0.553426,0.9965928449744463,0.49987123358228175
0.553214,0.9965928449744463,0.5001287664177183
0.553181,0.9965928449744463,0.5003862992531548
0.553076,0.9965928449744463,0.5006438320885913
0.552926,0.9965928449744463,0.5009013649240278
0.552806,0.9965928449744463,0.5011588977594643
0.552541,0.9965928449744463,0.5014164305949008
0.552351,0.9965928449744463,0.5016739634303373
0.552172,0.9965928449744463,0.5019314962657739
0.552133,0.9965928449744463,0.5021890291012104
0.552027,0.9965928449744463,0.5024465619366469
0.551535,0.9965928449744463,0.5027040947720834
0.551469,0.9982964224872232,0.5027040947720834
0.551415,0.9982964224872232,0.50296162760752
0.551344,0.9982964224872232,0.5032191604429564
0.551322,0.9982964224872232,0.503476693278393
0.551084,0.9982964224872232,0.5037342261138296
0.550322,0.9982964224872232,0.5039917589492661
0.550164,0.9982964224872232,0.5042492917847026
0.550044,0.9982964224872232,0.5045068246201391
0.549747,0.9982964224872232,0.5047643574555756
0.549149,0.9982964224872232,0.5050218902910121
0.548732,0.9982964224872232,0.5052794231264486
0.547789,0.9982964224872232,0.5055369559618852
0.54749,0.9982964224872232,0.5057944887973217
0.547433,0.9982964224872232,0.5060520216327582
0.547194,0.9982964224872232,0.5063095544681947
0.547012,0.9982964224872232,0.5065670873036312
0.546501,0.9982964224872232,0.5068246201390677
0.546283,0.9982964224872232,0.5070821529745042
0.545921,0.9982964224872232,0.5073396858099408
0.545545,0.9982964224872232,0.5075972186453773
0.545312,0.9982964224872232,0.5078547514808138
0.544865,0.9982964224872232,0.5081122843162503
0.544371,0.9982964224872232,0.5083698171516868
0.544114,0.9982964224872232,0.5086273499871233
0.543683,0.9982964224872232,0.5088848828225598
0.543575,0.9982964224872232,0.5091424156579964
0.543434,0.9982964224872232,0.509399948493433
0.543419,0.9982964224872232,0.5096574813288695
0.543373,0.9982964224872232,0.509915014164306
0.542914,0.9982964224872232,0.5101725469997425
0.542859,0.9982964224872232,0.510430079835179
0.542795,0.9982964224872232,0.5106876126706155
0.542473,0.9982964224872232,0.510945145506052
0.542401,0.9982964224872232,0.5112026783414886
0.542321,0.9982964224872232,0.5114602111769251
0.542285,0.9982964224872232,0.5117177440123616
0.542251,0.9982964224872232,0.5119752768477981
0.541485,0.9982964224872232,0.5122328096832346
0.541365,0.9982964224872232,0.5124903425186711
0.541336,0.9982964224872232,0.5127478753541076
0.540715,0.9982964224872232,0.5130054081895442
0.540645,0.9982964224872232,0.5132629410249807
0.540565,0.9982964224872232,0.5135204738604172
0.540508,0.9982964224872232,0.5137780066958537
0.540297,0.9982964224872232,0.5140355395312902
0.540274,0.9982964224872232,0.5142930723667267
0.54001,0.9982964224872232,0.5145506052021632
0.539703,0.9982964224872232,0.5148081380375998
0.539604,0.9982964224872232,0.5150656708730363
0.539408,0.9982964224872232,0.5153232037084728
0.539309,0.9982964224872232,0.5155807365439093
0.539235,0.9982964224872232,0.5158382693793458
0.539213,0.9982964224872232,0.5160958022147824
0.539067,0.9982964224872232,0.5163533350502189
0.53888,0.9982964224872232,0.5166108678856555
0.538818,0.9982964224872232,0.516868400721092
0.538715,0.9982964224872232,0.5171259335565285
0.538709,0.9982964224872232,0.517383466391965
0.538523,0.9982964224872232,0.5176409992274015
0.538472,0.9982964224872232,0.517898532062838
0.538133,0.9982964224872232,0.5181560648982745
0.537999,0.9982964224872232,0.5184135977337111
0.537949,0.9982964224872232,0.5186711305691476
0.537844,0.9982964224872232,0.5189286634045841
0.537661,0.9982964224872232,0.5191861962400206
0.536719,0.9982964224872232,0.5194437290754571
0.536703,0.9982964224872232,0.5197012619108936
0.536416,0.9982964224872232,0.5199587947463301
0.536263,0.9982964224872232,0.5202163275817667
0.535671,0.9982964224872232,0.5204738604172032
0.535402,0.9982964224872232,0.5207313932526397
0.53534,0.9982964224872232,0.5209889260880762
0.535273,0.9982964224872232,0.5212464589235127
0.535247,0.9982964224872232,0.5215039917589492
0.535185,0.9982964224872232,0.5217615245943857
0.535122,0.9982964224872232,0.5220190574298224
0.534476,0.9982964224872232,0.5222765902652589
0.534305,0.9982964224872232,0.5225341231006954
0.533943,0.9982964224872232,0.5227916559361319
0.533817,0.9982964224872232,0.5230491887715684
0.533615,0.9982964224872232,0.5233067216070049
0.533283,0.9982964224872232,0.5235642544424414
0.532538,0.9982964224872232,0.523821787277878
0.532488,0.9982964224872232,0.5240793201133145
0.532412,0.9982964224872232,0.524336852948751
0.532378,0.9982964224872232,0.5245943857841875
0.531424,0.9982964224872232,0.524851918619624
0.531306,0.9982964224872232,0.5251094514550605
0.53117,0.9982964224872232,0.525366984290497
0.531092,0.9982964224872232,0.5256245171259336
0.530998,0.9982964224872232,0.5258820499613701
0.530825,0.9982964224872232,0.5261395827968066
0.530528,0.9982964224872232,0.5263971156322431
0.52983,0.9982964224872232,0.5266546484676796
0.529722,0.9982964224872232,0.5269121813031161
0.529576,0.9982964224872232,0.5271697141385526
0.529298,0.9982964224872232,0.5274272469739892
0.529214,0.9982964224872232,0.5276847798094257
0.528934,0.9982964224872232,0.5279423126448622
0.528691,0.9982964224872232,0.5281998454802987
0.528533,0.9982964224872232,0.5284573783157352
0.528408,0.9982964224872232,0.5287149111511718
0.528316,0.9982964224872232,0.5289724439866083
0.52828,0.9982964224872232,0.5292299768220448
0.528065,0.9982964224872232,0.5294875096574814
0.527873,0.9982964224872232,0.5297450424929179
0.527509,0.9982964224872232,0.5300025753283544
0.527394,0.9982964224872232,0.5302601081637909
0.527235,0.9982964224872232,0.5305176409992274
0.527225,0.9982964224872232,0.5307751738346639
0.527007,0.9982964224872232,0.5310327066701004
0.526747,0.9982964224872232,0.531290239505537
0.526696,0.9982964224872232,0.5315477723409735
0.526278,0.9982964224872232,0.53180530517641
0.526087,0.9982964224872232,0.5320628380118465
0.525947,0.9982964224872232,0.532320370847283
0.525512,0.9982964224872232,0.5325779036827195
0.525302,0.9982964224872232,0.532835436518156
0.524695,0.9982964224872232,0.5330929693535926
0.524602,0.9982964224872232,0.5333505021890291
0.524387,0.9982964224872232,0.5336080350244656
0.524315,0.9982964224872232,0.5338655678599021
0.524214,0.9982964224872232,0.5341231006953386
0.524049,0.9982964224872232,0.5343806335307751
0.52373,0.9982964224872232,0.5346381663662116
0.523613,0.9982964224872232,0.5348956992016483
0.523576,0.9982964224872232,0.5351532320370848
0.523253,0.9982964224872232,0.5354107648725213
0.523159,0.9982964224872232,0.5356682977079578
0.52264,0.9982964224872232,0.5359258305433943
0.522286,0.9982964224872232,0.5361833633788308
0.521782,0.9982964224872232,0.5364408962142673
0.52172,0.9982964224872232,0.5366984290497039
0.52142,0.9982964224872232,0.5369559618851404
0.521235,0.9982964224872232,0.5372134947205769
0.521225,0.9982964224872232,0.5374710275560134
0.520962,0.9982964224872232,0.5377285603914499
0.52064,0.9982964224872232,0.5379860932268864
0.520538,0.9982964224872232,0.5382436260623229
0.520236,0.9982964224872232,0.5385011588977595
0.519658,0.9982964224872232,0.538758691733196
0.51938,0.9982964224872232,0.5390162245686325
0.519272,0.9982964224872232,0.539273757404069
0.519163,1.0,0.5395312902395055
0.518812,1.0,0.539788823074942
0.518488,1.0,0.5400463559103785
0.517622,1.0,0.5403038887458151
0.517554,1.0,0.5405614215812516
0.517249,1.0,0.5408189544166881
0.51716,1.0,0.5410764872521246
0.51691,1.0,0.5413340200875612
0.516698,1.0,0.5415915529229977
0.516235,1.0,0.5418490857584342
0.516142,1.0,0.5421066185938708
0.515946,1.0,0.5423641514293073
0.51584,1.0,0.5426216842647438
0.515486,1.0,0.5428792171001803
0.515396,1.0,0.5431367499356168
0.514982,1.0,0.5433942827710533
0.514779,1.0,0.5436518156064898
0.514749,1.0,0.5439093484419264
0.514645,1.0,0.5441668812773629
0.514622,1.0,0.5444244141127994
0.514334,1.0,0.5446819469482359
0.513805,1.0,0.5449394797836724
0.513778,1.0,0.5451970126191089
0.513671,1.0,0.5454545454545454
0.513595,1.0,0.545712078289982
0.513575,1.0,0.5459696111254185
0.513356,1.0,0.546227143960855
0.513198,1.0,0.5464846767962915
0.512979,1.0,0.546742209631728
0.512912,1.0,0.5469997424671645
0.512808,1.0,0.547257275302601
0.51264,1.0,0.5475148081380375
0.512224,1.0,0.5477723409734742
0.512101,1.0,0.5480298738089107
0.511947,1.0,0.5482874066443472
0.51147,1.0,0.5485449394797837
0.511455,1.0,0.5488024723152202
0.511368,1.0,0.5490600051506567
0.511308,1.0,0.5493175379860932
0.511301,1.0,0.5495750708215298
0.51119,1.0,0.5498326036569663
0.511053,1.0,0.5500901364924028
0.510922,1.0,0.5503476693278393
0.510908,1.0,0.5506052021632758
0.51089,1.0,0.5508627349987123
0.510337,1.0,0.5511202678341488
0.509578,1.0,0.5513778006695854
0.509327,1.0,0.5516353335050219
0.509126,1.0,0.5518928663404584
0.508835,1.0,0.5521503991758949
0.508832,1.0,0.5524079320113314
0.508554,1.0,0.5526654648467679
0.508529,1.0,0.5529229976822044
0.508445,1.0,0.553180530517641
0.507928,1.0,0.5534380633530775
0.50784,1.0,0.553695596188514
0.507522,1.0,0.5539531290239506
0.507331,1.0,0.554210661859387
0.5072,1.0,0.5544681946948236
0.507166,1.0,0.5547257275302601
0.507059,1.0,0.5549832603656967
0.50705,1.0,0.5552407932011332
0.506509,1.0,0.5554983260365697
0.506391,1.0,0.5557558588720062
0.50614,1.0,0.5560133917074427
0.506048,1.0,0.5562709245428792
0.50574,1.0,0.5565284573783157
0.505632,1.0,0.5567859902137523
0.50521,1.0,0.5570435230491888
0.505128,1.0,0.5573010558846253
0.505092,1.0,0.5575585887200618
0.505091,1.0,0.5578161215554983
0.505048,1.0,0.5580736543909348
0.504675,1.0,0.5583311872263713
0.504624,1.0,0.5585887200618079
0.504614,1.0,0.5588462528972444
0.504469,1.0,0.5591037857326809
0.504467,1.0,0.5593613185681174
0.504437,1.0,0.5596188514035539
0.504295,1.0,0.5598763842389904
0.503958,1.0,0.560133917074427
0.503652,1.0,0.5603914499098636
0.50338,1.0,0.5606489827453001
0.503356,1.0,0.5609065155807366
0.503269,1.0,0.5611640484161731
0.503133,1.0,0.5614215812516096
0.502939,1.0,0.5616791140870461
0.502314,1.0,0.5619366469224826
0.502117,1.0,0.5621941797579192
0.502038,1.0,0.5624517125933557
0.501972,1.0,0.5627092454287922
0.501732,1.0,0.5629667782642287
0.501608,1.0,0.5632243110996652
0.5016,1.0,0.5634818439351017
0.501541,1.0,0.5637393767705382
0.501524,1.0,0.5639969096059748
0.501142,1.0,0.5642544424414113
0.50112,1.0,0.5645119752768478
0.500783,1.0,0.5647695081122843
0.500457,1.0,0.5650270409477208
0.500391,1.0,0.5652845737831573
0.500383,1.0,0.5655421066185938
0.500355,1.0,0.5657996394540303
0.500214,1.0,0.566057172289467
0.500118,1.0,0.5663147051249035
0.499743,1.0,0.56657223796034
0.499515,1.0,0.5668297707957765
0.499428,1.0,0.567087303631213
0.499001,1.0,0.5673448364666495
0.498914,1.0,0.567602369302086
0.498865,1.0,0.5678599021375226
0.498492,1.0,0.5681174349729591
0.497911,1.0,0.5683749678083956
0.497412,1.0,0.5686325006438321
0.497284,1.0,0.5688900334792686
0.497181,1.0,0.5691475663147051
0.496975,1.0,0.5694050991501416
0.496825,1.0,0.5696626319855782
0.496702,1.0,0.5699201648210147
0.496493,1.0,0.5701776976564512
0.496294,1.0,0.5704352304918877
0.496036,1.0,0.5706927633273242
0.495638,1.0,0.5709502961627607
0.495434,1.0,0.5712078289981972
0.495084,1.0,0.5714653618336338
0.494537,1.0,0.5717228946690703
0.49452,1.0,0.5719804275045068
0.494456,1.0,0.5722379603399433
0.494297,1.0,0.5724954931753798
0.494245,1.0,0.5727530260108163
0.493968,1.0,0.5730105588462528
0.493701,1.0,0.5732680916816895
0.493421,1.0,0.573525624517126
0.493279,1.0,0.5737831573525625
0.493276,1.0,0.574040690187999
0.493267,1.0,0.5742982230234355
0.493113,1.0,0.574555755858872
0.49297,1.0,0.5748132886943085
0.492508,1.0,0.5750708215297451
0.492365,1.0,0.5753283543651816
0.492336,1.0,0.5755858872006181
0.492218,1.0,0.5758434200360546
0.492134,1.0,0.5761009528714911
0.491906,1.0,0.5763584857069276
0.491752,1.0,0.5766160185423641
0.491709,1.0,0.5768735513778007
0.491691,1.0,0.5771310842132372
0.491572,1.0,0.5773886170486737
0.491272,1.0,0.5776461498841102
0.490673,1.0,0.5779036827195467
0.490431,1.0,0.5781612155549832
0.489896,1.0,0.5784187483904197
0.4898,1.0,0.5786762812258563
0.489743,1.0,0.5789338140612929
0.489298,1.0,0.5791913468967294
0.48912,1.0,0.5794488797321659
0.489099,1.0,0.5797064125676024
0.489039,1.0,0.5799639454030389
0.488862,1.0,0.5802214782384754
0.488839,1.0,0.580479011073912
0.488472,1.0,0.5807365439093485
0.488385,1.0,0.580994076744785
0.488188,1.0,0.5812516095802215
0.487815,1.0,0.581509142415658
0.487631,1.0,0.5817666752510945
0.487578,1.0,0.582024208086531
0.487441,1.0,0.5822817409219676
0.487357,1.0,0.5825392737574041
0.487237,1.0,0.5827968065928406
0.486891,1.0,0.5830543394282771
0.486682,1.0,0.5833118722637136
0.486582,1.0,0.5835694050991501
0.486327,1.0,0.5838269379345866
0.485997,1.0,0.5840844707700231
0.485886,1.0,0.5843420036054597
0.485747,1.0,0.5845995364408962
0.485639,1.0,0.5848570692763327
0.485248,1.0,0.5851146021117692
0.485153,1.0,0.5853721349472057
0.485108,1.0,0.5856296677826422
0.485094,1.0,0.5858872006180788
0.485009,1.0,0.5861447334535154
0.48499,1.0,0.5864022662889519
0.484476,1.0,0.5866597991243884
0.48411,1.0,0.5869173319598249
0.483926,1.0,0.5871748647952614
0.483885,1.0,0.5874323976306979
0.483875,1.0,0.5876899304661344
0.483309,1.0,0.587947463301571
0.483,1.0,0.5882049961370075
0.482745,1.0,0.588462528972444
0.482653,1.0,0.5887200618078805
0.482583,1.0,0.588977594643317
0.482417,1.0,0.5892351274787535
0.482295,1.0,0.58949266031419
0.482213,1.0,0.5897501931496266
0.482047,1.0,0.5900077259850631
0.481935,1.0,0.5902652588204996
0.481857,1.0,0.5905227916559361
0.481796,1.0,0.5907803244913726
0.481733,1.0,0.5910378573268091
0.481649,1.0,0.5912953901622456
0.481642,1.0,0.5915529229976823
0.481496,1.0,0.5918104558331188
0.481384,1.0,0.5920679886685553
0.481095,1.0,0.5923255215039918
0.481035,1.0,0.5925830543394283
0.480885,1.0,0.5928405871748648
0.480536,1.0,0.5930981200103013
0.480402,1.0,0.5933556528457379
0.480375,1.0,0.5936131856811744
0.480191,1.0,0.5938707185166109
0.480133,1.0,0.5941282513520474
0.480083,1.0,0.5943857841874839
0.479809,1.0,0.5946433170229204
0.479803,1.0,0.5949008498583569
0.479567,1.0,0.5951583826937935
0.479337,1.0,0.59541591552923
0.478886,1.0,0.5956734483646665
0.478752,1.0,0.595930981200103
0.47874,1.0,0.5961885140355395
0.478441,1.0,0.596446046870976
0.478398,1.0,0.5967035797064125
0.478345,1.0,0.5969611125418491
0.478196,1.0,0.5972186453772856
0.477843,1.0,0.5974761782127221
0.477751,1.0,0.5977337110481586
0.477536,1.0,0.5979912438835951
0.477504,1.0,0.5982487767190316
0.477402,1.0,0.5985063095544682
0.47728,1.0,0.5987638423899048
0.476668,1.0,0.5990213752253413
0.476324,1.0,0.5992789080607778
0.476128,1.0,0.5995364408962143
0.475353,1.0,0.5997939737316508
0.475312,1.0,0.6000515065670873
0.474776,1.0,0.6003090394025238
0.47437,1.0,0.6005665722379604
0.474274,1.0,0.6008241050733969
0.473978,1.0,0.6010816379088334
0.473644,1.0,0.6013391707442699
0.47352,1.0,0.6015967035797064
0.473499,1.0,0.6018542364151429
0.472905,1.0,0.6021117692505794
0.472808,1.0,0.6023693020860159
0.472354,1.0,0.6026268349214525
0.472161,1.0,0.602884367756889
0.471446,1.0,0.6031419005923255
0.471051,1.0,0.603399433427762
0.470984,1.0,0.6036569662631985
0.470412,1.0,0.603914499098635
0.470372,1.0,0.6041720319340715
0.470117,1.0,0.6044295647695082
0.46999,1.0,0.6046870976049447
0.469934,1.0,0.6049446304403812
0.469272,1.0,0.6052021632758177
0.468996,1.0,0.6054596961112542
0.468794,1.0,0.6057172289466907
0.468786,1.0,0.6059747617821272
0.468722,1.0,0.6062322946175638
0.467373,1.0,0.6064898274530003
0.467259,1.0,0.6067473602884368
0.46704,1.0,0.6070048931238733
0.466841,1.0,0.6072624259593098
0.466457,1.0,0.6075199587947463
0.466077,1.0,0.6077774916301828
0.465933,1.0,0.6080350244656194
0.465654,1.0,0.6082925573010559
0.465638,1.0,0.6085500901364924
0.465241,1.0,0.6088076229719289
0.464935,1.0,0.6090651558073654
0.464819,1.0,0.6093226886428019
0.464503,1.0,0.6095802214782384
0.464499,1.0,0.609837754313675
0.464178,1.0,0.6100952871491115
0.463919,1.0,0.610352819984548
0.463901,1.0,0.6106103528199845
0.463837,1.0,0.610867885655421
0.463721,1.0,0.6111254184908576
0.463715,1.0,0.611382951326294
0.463471,1.0,0.6116404841617307
0.46345,1.0,0.6118980169971672
0.463416,1.0,0.6121555498326037
0.463054,1.0,0.6124130826680402
0.463035,1.0,0.6126706155034767
0.46293,1.0,0.6129281483389132
0.462915,1.0,0.6131856811743497
0.462862,1.0,0.6134432140097863
0.462465,1.0,0.6137007468452228
0.462333,1.0,0.6139582796806593
0.462322,1.0,0.6142158125160958
0.462231,1.0,0.6144733453515323
0.461949,1.0,0.6147308781869688
0.461779,1.0,0.6152459438578419
0.461761,1.0,0.6155034766932784
0.461697,1.0,0.6157610095287149
0.46138,1.0,0.6160185423641514
0.461353,1.0,0.6162760751995879
0.461298,1.0,0.6165336080350244
0.461261,1.0,0.6167911408704609
0.461194,1.0,0.6170486737058976
0.460896,1.0,0.6173062065413341
0.460315,1.0,0.6175637393767706
0.459802,1.0,0.6178212722122071
0.459787,1.0,0.6180788050476436
0.459708,1.0,0.6183363378830801
0.459664,1.0,0.6185938707185166
0.459419,1.0,0.6188514035539532
0.459383,1.0,0.6191089363893897
0.459194,1.0,0.6193664692248262
0.458945,1.0,0.6196240020602627
0.458608,1.0,0.6198815348956992
0.458306,1.0,0.6201390677311357
0.458038,1.0,0.6203966005665722
0.457845,1.0,0.6206541334020087
0.457715,1.0,0.6209116662374453
0.457331,1.0,0.6211691990728818
0.457034,1.0,0.6214267319083183
0.456722,1.0,0.6216842647437548
0.4567,1.0,0.6219417975791913
0.45636,1.0,0.6221993304146278
0.456084,1.0,0.6224568632500643
0.455984,1.0,0.6227143960855009
0.455968,1.0,0.6229719289209374
0.45588,1.0,0.623229461756374
0.455828,1.0,0.6234869945918105
0.455748,1.0,0.623744527427247
0.455732,1.0,0.6240020602626835
0.454994,1.0,0.62425959309812
0.454784,1.0,0.6245171259335566
0.454656,1.0,0.6247746587689931
0.454648,1.0,0.6250321916044296
0.454528,1.0,0.6252897244398661
0.454377,1.0,0.6255472572753026
0.454292,1.0,0.6258047901107391
0.454287,1.0,0.6260623229461756
0.454235,1.0,0.6263198557816122
0.454097,1.0,0.6265773886170487
0.453938,1.0,0.6268349214524852
0.453851,1.0,0.6270924542879217
0.453218,1.0,0.6273499871233582
0.453045,1.0,0.6276075199587947
0.453019,1.0,0.6278650527942312
0.452751,1.0,0.6281225856296678
0.452549,1.0,0.6283801184651043
0.45243,1.0,0.6286376513005408
0.452206,1.0,0.6288951841359773
0.452088,1.0,0.6291527169714138
0.452059,1.0,0.6294102498068503
0.45154,1.0,0.6296677826422868
0.451497,1.0,0.6299253154777235
0.451466,1.0,0.63018284831316
0.451037,1.0,0.6304403811485965
0.450789,1.0,0.630697913984033
0.45074,1.0,0.6309554468194695
0.450398,1.0,0.631212979654906
0.450269,1.0,0.6314705124903425
0.449978,1.0,0.6317280453257791
0.449862,1.0,0.6319855781612156
0.4498,1.0,0.6322431109966521
0.449791,1.0,0.6325006438320886
0.449639,1.0,0.6327581766675251
0.449605,1.0,0.6330157095029616
0.449507,1.0,0.6332732423383981
0.449437,1.0,0.6335307751738347
0.44931,1.0,0.6337883080092712
0.449304,1.0,0.6340458408447077
0.449299,1.0,0.6343033736801442
0.44928,1.0,0.6345609065155807
0.448979,1.0,0.6348184393510172
0.448621,1.0,0.6350759721864537
0.448331,1.0,0.6353335050218903
0.448181,1.0,0.6355910378573268
0.447974,1.0,0.6358485706927633
0.447602,1.0,0.6361061035281999
0.447506,1.0,0.6363636363636364
0.447233,1.0,0.6366211691990729
0.447143,1.0,0.6368787020345094
0.446588,1.0,0.637136234869946
0.446475,1.0,0.6373937677053825
0.446059,1.0,0.637651300540819
0.445897,1.0,0.6379088333762555
0.445868,1.0,0.638166366211692
0.445783,1.0,0.6384238990471285
0.445665,1.0,0.638681431882565
0.445659,1.0,0.6389389647180015
0.444954,1.0,0.6391964975534381
0.444783,1.0,0.6394540303888746
0.444544,1.0,0.6397115632243111
0.444258,1.0,0.6399690960597476
0.444246,1.0,0.6402266288951841
0.443952,1.0,0.6404841617306206
0.443548,1.0,0.6407416945660571
0.443516,1.0,0.6409992274014937
0.442553,1.0,0.6412567602369302
0.442032,1.0,0.6415142930723667
0.440168,1.0,0.6417718259078032
0.440154,1.0,0.6420293587432397
0.44011,1.0,0.6422868915786762
0.440011,1.0,0.6425444244141127
0.439804,1.0,0.6428019572495494
0.439769,1.0,0.6430594900849859
0.439531,1.0,0.6433170229204224
0.439424,1.0,0.6435745557558589
0.439255,1.0,0.6438320885912954
0.439176,1.0,0.6440896214267319
0.438801,1.0,0.6443471542621684
0.438691,1.0,0.644604687097605
0.438439,1.0,0.6448622199330415
0.438123,1.0,0.645119752768478
0.43778,1.0,0.6453772856039145
0.437619,1.0,0.645634818439351
0.437457,1.0,0.6458923512747875
0.437318,1.0,0.646149884110224
0.437273,1.0,0.6464074169456606
0.436976,1.0,0.6466649497810971
0.43692,1.0,0.6469224826165336
0.436521,1.0,0.6471800154519701
0.436242,1.0,0.6474375482874066
0.435947,1.0,0.6476950811228431
0.435712,1.0,0.6479526139582796
0.435705,1.0,0.6482101467937162
0.435288,1.0,0.6484676796291527
0.435248,1.0,0.6487252124645893
0.435238,1.0,0.6489827453000258
0.435183,1.0,0.6492402781354623
0.434459,1.0,0.6494978109708988
0.43443,1.0,0.6497553438063353
0.434398,1.0,0.6500128766417719
0.434272,1.0,0.6502704094772084
0.433437,1.0,0.6505279423126449
0.433109,1.0,0.6507854751480814
0.432911,1.0,0.6510430079835179
0.432404,1.0,0.6513005408189544
0.431811,1.0,0.6515580736543909
0.431808,1.0,0.6518156064898275
0.431739,1.0,0.652073139325264
0.431723,1.0,0.6523306721607005
0.430333,1.0,0.652588204996137
0.429461,1.0,0.6528457378315735
0.429085,1.0,0.65310327066701
0.42901,1.0,0.6533608035024465
0.428781,1.0,0.6536183363378831
0.428593,1.0,0.6538758691733196
0.428084,1.0,0.6541334020087561
0.427909,1.0,0.6543909348441926
0.427451,1.0,0.6546484676796291
0.427344,1.0,0.6549060005150656
0.427327,1.0,0.6551635333505021
0.42709,1.0,0.6554210661859388
0.426785,1.0,0.6556785990213753
0.426249,1.0,0.6559361318568118
0.426032,1.0,0.6561936646922483
0.426015,1.0,0.6564511975276848
0.425998,1.0,0.6567087303631213
0.425911,1.0,0.6569662631985578
0.425849,1.0,0.6572237960339944
0.425513,1.0,0.6574813288694309
0.425455,1.0,0.6577388617048674
0.425262,1.0,0.6579963945403039
0.424931,1.0,0.6582539273757404
0.424767,1.0,0.6585114602111769
0.424072,1.0,0.6587689930466134
0.424001,1.0,0.6590265258820499
0.423995,1.0,0.6592840587174865
0.423916,1.0,0.659541591552923
0.423796,1.0,0.6597991243883595
0.423742,1.0,0.660056657223796
0.423581,1.0,0.6603141900592325
0.423267,1.0,0.660571722894669
0.422947,1.0,0.6608292557301055
0.422535,1.0,0.6610867885655421
0.422511,1.0,0.6613443214009787
0.422422,1.0,0.6616018542364152
0.421922,1.0,0.6618593870718517
0.421732,1.0,0.6621169199072882
0.42145,1.0,0.6623744527427247
0.420859,1.0,0.6626319855781612
0.420446,1.0,0.6628895184135978
0.420251,1.0,0.6631470512490343
0.420248,1.0,0.6634045840844708
0.419878,1.0,0.6636621169199073
0.419823,1.0,0.6639196497553438
0.419423,1.0,0.6641771825907803
0.418956,1.0,0.6644347154262168
0.418817,1.0,0.6646922482616534
0.418736,1.0,0.6649497810970899
0.418605,1.0,0.6652073139325264
0.418391,1.0,0.6654648467679629
0.41835,1.0,0.6657223796033994
0.41816,1.0,0.6659799124388359
0.417709,1.0,0.6662374452742724
0.417476,1.0,0.666494978109709
0.417023,1.0,0.6667525109451455
0.416882,1.0,0.667010043780582
0.416623,1.0,0.6672675766160185
0.416525,1.0,0.667525109451455
0.416352,1.0,0.6677826422868915
0.41621,1.0,0.668040175122328
0.416157,1.0,0.6682977079577647
0.416067,1.0,0.6685552407932012
0.415936,1.0,0.6688127736286377
0.415895,1.0,0.6690703064640742
0.415807,1.0,0.6693278392995107
0.415732,1.0,0.6695853721349472
0.41549,1.0,0.6698429049703837
0.415086,1.0,0.6701004378058203
0.41507,1.0,0.6703579706412568
0.415005,1.0,0.6706155034766933
0.41489,1.0,0.6708730363121298
0.414793,1.0,0.6711305691475663
0.414118,1.0,0.6713881019830028
0.413766,1.0,0.6716456348184393
0.413448,1.0,0.6719031676538759
0.413114,1.0,0.6721607004893124
0.413043,1.0,0.6724182333247489
0.412696,1.0,0.6726757661601854
0.412523,1.0,0.6729332989956219
0.412335,1.0,0.6731908318310584
0.412267,1.0,0.6737058975019315
0.412222,1.0,0.673963430337368
0.412056,1.0,0.6742209631728046
0.410478,1.0,0.6744784960082411
0.410326,1.0,0.6747360288436776
0.4087,1.0,0.6749935616791141
0.408635,1.0,0.6752510945145506
0.40853,1.0,0.6755086273499872
0.408316,1.0,0.6757661601854237
0.408233,1.0,0.6760236930208602
0.408232,1.0,0.6762812258562967
0.408201,1.0,0.6765387586917332
0.407543,1.0,0.6767962915271697
0.407422,1.0,0.6770538243626062
0.407375,1.0,0.6773113571980427
0.40722,1.0,0.6775688900334793
0.407197,1.0,0.6778264228689158
0.407188,1.0,0.6780839557043523
0.406914,1.0,0.6783414885397888
0.406513,1.0,0.6785990213752253
0.406266,1.0,0.6788565542106618
0.405715,1.0,0.6791140870460983
0.40544,1.0,0.6793716198815349
0.405196,1.0,0.6796291527169714
0.404935,1.0,0.6798866855524079
0.404928,1.0,0.6801442183878444
0.404584,1.0,0.680401751223281
0.403705,1.0,0.6806592840587175
0.403625,1.0,0.680916816894154
0.403604,1.0,0.6811743497295906
0.403331,1.0,0.6814318825650271
0.402797,1.0,0.6816894154004636
0.402523,1.0,0.6819469482359001
0.402467,1.0,0.6822044810713366
0.4021,1.0,0.6824620139067731
0.402035,1.0,0.6827195467422096
0.401898,1.0,0.6829770795776462
0.401586,1.0,0.6832346124130827
0.401466,1.0,0.6834921452485192
0.400748,1.0,0.6837496780839557
0.400584,1.0,0.6840072109193922
0.400281,1.0,0.6842647437548287
0.399925,1.0,0.6845222765902652
0.399807,1.0,0.6847798094257018
0.399706,1.0,0.6850373422611383
0.399501,1.0,0.6852948750965748
0.399337,1.0,0.6855524079320113
0.39921,1.0,0.6858099407674478
0.399048,1.0,0.6860674736028843
0.398979,1.0,0.6863250064383208
0.398675,1.0,0.6865825392737575
0.398231,1.0,0.686840072109194
0.398102,1.0,0.6870976049446305
0.398025,1.0,0.687355137780067
0.398006,1.0,0.6876126706155035
0.397852,1.0,0.68787020345094
0.397568,1.0,0.6881277362863765
0.396966,1.0,0.6883852691218131
0.396733,1.0,0.6886428019572496
0.396307,1.0,0.6889003347926861
0.396256,1.0,0.6891578676281226
0.396252,1.0,0.6894154004635591
0.395989,1.0,0.6896729332989956
0.395982,1.0,0.6899304661344321
0.395904,1.0,0.6901879989698687
0.395875,1.0,0.6904455318053052
0.395494,1.0,0.6907030646407417
0.395093,1.0,0.6909605974761782
0.394909,1.0,0.6912181303116147
0.394764,1.0,0.6914756631470512
0.3944,1.0,0.6917331959824877
0.394268,1.0,0.6919907288179243
0.393754,1.0,0.6922482616533608
0.393589,1.0,0.6925057944887973
0.393557,1.0,0.6927633273242338
0.393174,1.0,0.6930208601596703
0.393131,1.0,0.6932783929951069
0.392763,1.0,0.6935359258305434
0.392536,1.0,0.69379345866598
0.392368,1.0,0.6940509915014165
0.392247,1.0,0.694308524336853
0.392005,1.0,0.6945660571722895
0.391839,1.0,0.694823590007726
0.391796,1.0,0.6950811228431625
0.391716,1.0,0.695338655678599
0.391696,1.0,0.6955961885140355
0.391458,1.0,0.6958537213494721
0.391407,1.0,0.6961112541849086
0.391259,1.0,0.6963687870203451
0.391135,1.0,0.6966263198557816
0.390677,1.0,0.6968838526912181
0.390473,1.0,0.6971413855266546
0.390359,1.0,0.6973989183620911
0.390334,1.0,0.6976564511975277
0.389587,1.0,0.6979139840329642
0.389508,1.0,0.6981715168684007
0.389492,1.0,0.6984290497038372
0.389245,1.0,0.6986865825392737
0.388694,1.0,0.6989441153747102
0.387884,1.0,0.6992016482101467
0.387671,1.0,0.6994591810455834
0.38754,1.0,0.6997167138810199
0.387461,1.0,0.6999742467164564
0.387183,1.0,0.7002317795518929
0.387156,1.0,0.7004893123873294
0.38697,1.0,0.7007468452227659
0.38687,1.0,0.7010043780582024
0.386737,1.0,0.701261910893639
0.386707,1.0,0.7015194437290755
0.386602,1.0,0.701776976564512
0.386555,1.0,0.7020345093999485
0.385766,1.0,0.702292042235385
0.385629,1.0,0.7025495750708215
0.385555,1.0,0.702807107906258
0.385447,1.0,0.7030646407416946
0.385381,1.0,0.7033221735771311
0.385364,1.0,0.7035797064125676
0.38531,1.0,0.7038372392480041
0.385235,1.0,0.7040947720834406
0.385225,1.0,0.7043523049188771
0.384683,1.0,0.7046098377543136
0.384545,1.0,0.7048673705897502
0.384508,1.0,0.7051249034251867
0.384462,1.0,0.7053824362606232
0.384419,1.0,0.7056399690960597
0.384289,1.0,0.7058975019314963
0.384229,1.0,0.7061550347669328
0.383996,1.0,0.7064125676023693
0.383668,1.0,0.7066701004378059
0.383575,1.0,0.7069276332732424
0.383536,1.0,0.7071851661086789
0.383294,1.0,0.7074426989441154
0.382864,1.0,0.7077002317795519
0.382765,1.0,0.7079577646149884
0.382109,1.0,0.7082152974504249
0.381749,1.0,0.7084728302858615
0.38146,1.0,0.708730363121298
0.380727,1.0,0.7089878959567345
0.380395,1.0,0.709245428792171
0.380351,1.0,0.7095029616276075
0.380286,1.0,0.709760494463044
0.380283,1.0,0.7100180272984805
0.38011,1.0,0.7102755601339171
0.379587,1.0,0.7105330929693536
0.379417,1.0,0.7107906258047901
0.379208,1.0,0.7110481586402266
0.379169,1.0,0.7113056914756631
0.37861,1.0,0.7115632243110996
0.378595,1.0,0.7118207571465361
0.378521,1.0,0.7120782899819728
0.377829,1.0,0.7123358228174093
0.3777,1.0,0.7125933556528458
0.377273,1.0,0.7128508884882823
0.377142,1.0,0.7131084213237188
0.376808,1.0,0.7133659541591553
0.376807,1.0,0.7136234869945918
0.37654,1.0,0.7138810198300283
0.376487,1.0,0.7141385526654649
0.376112,1.0,0.7143960855009014
0.376053,1.0,0.7146536183363379
0.375661,1.0,0.7149111511717744
0.375466,1.0,0.7151686840072109
0.375365,1.0,0.7154262168426474
0.375255,1.0,0.7156837496780839
0.37522,1.0,0.7159412825135205
0.37492,1.0,0.716198815348957
0.374853,1.0,0.7164563481843935
0.374734,1.0,0.71671388101983
0.374197,1.0,0.7169714138552665
0.374144,1.0,0.717228946690703
0.373927,1.0,0.7174864795261395
0.373861,1.0,0.7177440123615761
0.372879,1.0,0.7180015451970126
0.372507,1.0,0.7182590780324491
0.372233,1.0,0.7185166108678857
0.37181,1.0,0.7187741437033222
0.370865,1.0,0.7190316765387587
0.370633,1.0,0.7192892093741952
0.370351,1.0,0.7195467422096318
0.370196,1.0,0.7198042750450683
0.370034,1.0,0.7200618078805048
0.36998,1.0,0.7203193407159413
0.369253,1.0,0.7205768735513778
0.368841,1.0,0.7208344063868143
0.368699,1.0,0.7210919392222508
0.3679,1.0,0.7213494720576874
0.367707,1.0,0.7216070048931239
0.367349,1.0,0.7218645377285604
0.36673,1.0,0.7221220705639969
0.366624,1.0,0.7223796033994334
0.366592,1.0,0.7226371362348699
0.366491,1.0,0.7228946690703064
0.366401,1.0,0.723152201905743
0.365839,1.0,0.7234097347411795
0.365744,1.0,0.723667267576616
0.36545,1.0,0.7239248004120525
0.365374,1.0,0.724182333247489
0.365191,1.0,0.7244398660829255
0.363918,1.0,0.724697398918362
0.363513,1.0,0.7249549317537987
0.363407,1.0,0.7252124645892352
0.363205,1.0,0.7254699974246717
0.362961,1.0,0.7257275302601082
0.362911,1.0,0.7259850630955447
0.362608,1.0,0.7262425959309812
0.362571,1.0,0.7265001287664177
0.362114,1.0,0.7267576616018543
0.362069,1.0,0.7270151944372908
0.361971,1.0,0.7272727272727273
0.361179,1.0,0.7275302601081638
0.360838,1.0,0.7277877929436003
0.360377,1.0,0.7280453257790368
0.360284,1.0,0.7283028586144733
0.360127,1.0,0.7285603914499099
0.359865,1.0,0.7288179242853464
0.359583,1.0,0.7290754571207829
0.359329,1.0,0.7293329899562194
0.357943,1.0,0.7295905227916559
0.357556,1.0,0.7298480556270924
0.357166,1.0,0.7301055884625289
0.357132,1.0,0.7303631212979655
0.357029,1.0,0.730620654133402
0.357001,1.0,0.7308781869688386
0.356897,1.0,0.731135719804275
0.356631,1.0,0.7313932526397116
0.356542,1.0,0.7316507854751481
0.356168,1.0,0.7319083183105846
0.356015,1.0,0.7321658511460211
0.355527,1.0,0.7324233839814577
0.355515,1.0,0.7326809168168942
0.355094,1.0,0.7329384496523307
0.354924,1.0,0.7331959824877672
0.354817,1.0,0.7334535153232037
0.354556,1.0,0.7337110481586402
0.354439,1.0,0.7339685809940767
0.354183,1.0,0.7342261138295133
0.353967,1.0,0.7344836466649498
0.353809,1.0,0.7347411795003863
0.353719,1.0,0.7349987123358228
0.353703,1.0,0.7352562451712593
0.353531,1.0,0.7355137780066958
0.353284,1.0,0.7357713108421323
0.353051,1.0,0.7360288436775689
0.353022,1.0,0.7362863765130054
0.35217,1.0,0.7365439093484419
0.351879,1.0,0.7368014421838784
0.351869,1.0,0.7370589750193149
0.351638,1.0,0.7373165078547514
0.351275,1.0,0.737574040690188
0.35113,1.0,0.7378315735256246
0.350226,1.0,0.7380891063610611
0.35014,1.0,0.7383466391964976
0.350128,1.0,0.7386041720319341
0.349845,1.0,0.7388617048673706
0.349708,1.0,0.7391192377028071
0.349486,1.0,0.7393767705382436
0.349481,1.0,0.7396343033736802
0.348942,1.0,0.7398918362091167
0.348854,1.0,0.7401493690445532
0.34867,1.0,0.7404069018799897
0.347825,1.0,0.7406644347154262
0.34782,1.0,0.7409219675508627
0.347729,1.0,0.7411795003862992
0.346973,1.0,0.7414370332217358
0.346961,1.0,0.7416945660571723
0.346823,1.0,0.7419520988926088
0.3468,1.0,0.7422096317280453
0.346671,1.0,0.7424671645634818
0.346594,1.0,0.7427246973989183
0.346145,1.0,0.7429822302343548
0.345819,1.0,0.7432397630697914
0.345397,1.0,0.743497295905228
0.345253,1.0,0.7437548287406645
0.345025,1.0,0.744012361576101
0.344417,1.0,0.7442698944115375
0.344348,1.0,0.744527427246974
0.344307,1.0,0.7447849600824105
0.343678,1.0,0.7450424929178471
0.343638,1.0,0.7453000257532836
0.343374,1.0,0.7455575585887201
0.343121,1.0,0.7458150914241566
0.343001,1.0,0.7460726242595931
0.342859,1.0,0.7463301570950296
0.342687,1.0,0.7465876899304661
0.342451,1.0,0.7468452227659027
0.342082,1.0,0.7471027556013392
0.34193,1.0,0.7473602884367757
0.341904,1.0,0.7476178212722122
0.34181,1.0,0.7478753541076487
0.341377,1.0,0.7481328869430852
0.340971,1.0,0.7483904197785217
0.340579,1.0,0.7486479526139583
0.340518,1.0,0.7489054854493948
0.340236,1.0,0.7491630182848313
0.340001,1.0,0.7494205511202678
0.338885,1.0,0.7496780839557043
0.338874,1.0,0.7499356167911408
0.338455,1.0,0.7501931496265773
0.337944,1.0,0.7504506824620139
0.337898,1.0,0.7507082152974505
0.33743,1.0,0.750965748132887
0.337409,1.0,0.7512232809683235
0.337405,1.0,0.75148081380376
0.337011,1.0,0.7517383466391965
0.336929,1.0,0.751995879474633
0.336916,1.0,0.7522534123100695
0.336907,1.0,0.7525109451455061
0.33668,1.0,0.7527684779809426
0.33659,1.0,0.7530260108163791
0.336587,1.0,0.7532835436518156
0.336506,1.0,0.7535410764872521
0.336376,1.0,0.7537986093226886
0.336147,1.0,0.7540561421581251
0.336018,1.0,0.7543136749935617
0.335996,1.0,0.7545712078289982
0.334769,1.0,0.7548287406644347
0.334487,1.0,0.7550862734998712
0.334402,1.0,0.7553438063353077
0.334155,1.0,0.7556013391707442
0.333878,1.0,0.7558588720061807
0.333866,1.0,0.7561164048416174
0.333534,1.0,0.7563739376770539
0.333478,1.0,0.7566314705124904
0.332566,1.0,0.7568890033479269
0.332067,1.0,0.7571465361833634
0.331825,1.0,0.7574040690187999
0.331742,1.0,0.7576616018542364
0.331704,1.0,0.757919134689673
0.331328,1.0,0.7581766675251095
0.331322,1.0,0.758434200360546
0.331144,1.0,0.7586917331959825
0.331106,1.0,0.758949266031419
0.330901,1.0,0.7592067988668555
0.330847,1.0,0.759464331702292
0.330661,1.0,0.7597218645377286
0.330468,1.0,0.7599793973731651
0.33039,1.0,0.7602369302086016
0.330137,1.0,0.7604944630440381
0.330084,1.0,0.7607519958794746
0.329425,1.0,0.7610095287149111
0.329375,1.0,0.7612670615503476
0.329353,1.0,0.7615245943857842
0.32933,1.0,0.7617821272212207
0.329272,1.0,0.7620396600566572
0.329095,1.0,0.7622971928920937
0.328862,1.0,0.7625547257275302
0.327874,1.0,0.7628122585629667
0.32763,1.0,0.7630697913984033
0.327366,1.0,0.7633273242338399
0.326876,1.0,0.7635848570692764
0.326641,1.0,0.7638423899047129
0.326302,1.0,0.7640999227401494
0.325919,1.0,0.7643574555755859
0.325914,1.0,0.7646149884110224
0.325762,1.0,0.7648725212464589
0.325677,1.0,0.7651300540818955
0.325121,1.0,0.765387586917332
0.324956,1.0,0.7656451197527685
0.324948,1.0,0.765902652588205
0.324242,1.0,0.7661601854236415
0.324099,1.0,0.766417718259078
0.323993,1.0,0.7666752510945145
0.323929,1.0,0.7669327839299511
0.32377,1.0,0.7671903167653876
0.323664,1.0,0.7674478496008241
0.32323,1.0,0.7677053824362606
0.322837,1.0,0.7679629152716971
0.321378,1.0,0.7682204481071336
0.321027,1.0,0.7684779809425701
0.320617,1.0,0.7687355137780066
0.320597,1.0,0.7689930466134433
0.320412,1.0,0.7692505794488798
0.320284,1.0,0.7695081122843163
0.320197,1.0,0.7697656451197528
0.319913,1.0,0.7700231779551893
0.319778,1.0,0.7702807107906258
0.319637,1.0,0.7705382436260623
0.319518,1.0,0.7707957764614989
0.319276,1.0,0.7710533092969354
0.319216,1.0,0.7713108421323719
0.318625,1.0,0.7715683749678084
0.318411,1.0,0.7718259078032449
0.318228,1.0,0.7720834406386814
0.317878,1.0,0.7723409734741179
0.317843,1.0,0.7725985063095545
0.317797,1.0,0.772856039144991
0.317392,1.0,0.773371104815864
0.317353,1.0,0.7736286376513005
0.316912,1.0,0.773886170486737
0.316785,1.0,0.7741437033221735
0.316683,1.0,0.7744012361576101
0.316549,1.0,0.7746587689930466
0.31639,1.0,0.7749163018284831
0.31617,1.0,0.7751738346639196
0.315843,1.0,0.7754313674993562
0.315639,1.0,0.7756889003347927
0.31509,1.0,0.7759464331702292
0.314111,1.0,0.7762039660056658
0.314056,1.0,0.7764614988411023
0.31384,1.0,0.7767190316765388
0.313265,1.0,0.7769765645119753
0.31311,1.0,0.7772340973474118
0.313014,1.0,0.7774916301828483
0.312491,1.0,0.7777491630182848
0.312193,1.0,0.7780066958537214
0.311333,1.0,0.7782642286891579
0.310851,1.0,0.7785217615245944
0.31047,1.0,0.7787792943600309
0.310249,1.0,0.7790368271954674
0.309761,1.0,0.7792943600309039
0.309712,1.0,0.7795518928663404
0.309203,1.0,0.779809425701777
0.308755,1.0,0.7800669585372135
0.3087,1.0,0.78032449137265
0.308659,1.0,0.7805820242080865
0.308466,1.0,0.780839557043523
0.307564,1.0,0.7810970898789595
0.307071,1.0,0.781354622714396
0.306949,1.0,0.7816121555498327
0.306334,1.0,0.7818696883852692
0.306208,1.0,0.7821272212207057
0.306207,1.0,0.7823847540561422
0.306174,1.0,0.7826422868915787
0.305982,1.0,0.7828998197270152
0.305415,1.0,0.7831573525624517
0.305383,1.0,0.7834148853978883
0.305376,1.0,0.7836724182333248
0.305142,1.0,0.7839299510687613
0.304889,1.0,0.7841874839041978
0.304691,1.0,0.7844450167396343
0.304434,1.0,0.7847025495750708
0.304402,1.0,0.7849600824105073
0.304091,1.0,0.7852176152459439
0.303548,1.0,0.7854751480813804
0.302635,1.0,0.7857326809168169
0.302572,1.0,0.7859902137522534
0.302458,1.0,0.7862477465876899
0.302455,1.0,0.7865052794231264
0.302338,1.0,0.7867628122585629
0.301995,1.0,0.7870203450939995
0.301541,1.0,0.787277877929436
0.301211,1.0,0.7875354107648725
0.301101,1.0,0.787792943600309
0.301005,1.0,0.7880504764357456
0.300524,1.0,0.788308009271182
0.300496,1.0,0.7885655421066186
0.300471,1.0,0.7888230749420551
0.300189,1.0,0.7890806077774917
0.300154,1.0,0.7893381406129282
0.300126,1.0,0.7895956734483647
0.299969,1.0,0.7898532062838012
0.299944,1.0,0.7901107391192377
0.299859,1.0,0.7903682719546742
0.299084,1.0,0.7906258047901107
0.299032,1.0,0.7908833376255473
0.299029,1.0,0.7911408704609838
0.298774,1.0,0.7913984032964203
0.2981,1.0,0.7916559361318568
0.297863,1.0,0.7919134689672933
0.297791,1.0,0.7921710018027298
0.29685,1.0,0.7924285346381663
0.296724,1.0,0.7926860674736029
0.296364,1.0,0.7929436003090394
0.296153,1.0,0.7932011331444759
0.296151,1.0,0.7934586659799124
0.295745,1.0,0.7937161988153489
0.295717,1.0,0.7939737316507854
0.295438,1.0,0.7942312644862219
0.295107,1.0,0.7944887973216586
0.295092,1.0,0.7947463301570951
0.294782,1.0,0.7950038629925316
0.294712,1.0,0.7952613958279681
0.294606,1.0,0.7955189286634046
0.294374,1.0,0.7957764614988411
0.294178,1.0,0.7960339943342776
0.293643,1.0,0.7962915271697142
0.293486,1.0,0.7965490600051507
0.293045,1.0,0.7968065928405872
0.291633,1.0,0.7970641256760237
0.291216,1.0,0.7973216585114602
0.291028,1.0,0.7975791913468967
0.290896,1.0,0.7978367241823332
0.289667,1.0,0.7980942570177698
0.289513,1.0,0.7983517898532063
0.28913,1.0,0.7986093226886428
0.288256,1.0,0.7988668555240793
0.288016,1.0,0.7991243883595158
0.287982,1.0,0.7993819211949523
0.28685,1.0,0.7996394540303888
0.286817,1.0,0.7998969868658254
0.286692,1.0,0.800154519701262
0.28666,1.0,0.8004120525366984
0.286437,1.0,0.800669585372135
0.285496,1.0,0.8009271182075715
0.285403,1.0,0.801184651043008
0.285326,1.0,0.8014421838784445
0.285247,1.0,0.8016997167138811
0.28467,1.0,0.8019572495493176
0.284635,1.0,0.8022147823847541
0.284318,1.0,0.8024723152201906
0.284138,1.0,0.8027298480556271
0.284053,1.0,0.8029873808910636
0.283425,1.0,0.8032449137265001
0.283252,1.0,0.8035024465619367
0.283048,1.0,0.8037599793973732
0.283045,1.0,0.8040175122328097
0.282882,1.0,0.8042750450682462
0.28265,1.0,0.8045325779036827
0.282507,1.0,0.8047901107391192
0.282388,1.0,0.8050476435745557
0.282223,1.0,0.8053051764099923
0.28216,1.0,0.8055627092454288
0.281851,1.0,0.8058202420808653
0.281318,1.0,0.8060777749163018
0.280866,1.0,0.8063353077517383
0.280786,1.0,0.8065928405871748
0.280706,1.0,0.8068503734226113
0.280525,1.0,0.8071079062580478
0.280261,1.0,0.8073654390934845
0.280146,1.0,0.807622971928921
0.278689,1.0,0.8078805047643575
0.278665,1.0,0.808138037599794
0.278129,1.0,0.8083955704352305
0.277814,1.0,0.808653103270667
0.277721,1.0,0.8089106361061035
0.277041,1.0,0.8091681689415401
0.276842,1.0,0.8094257017769766
0.276716,1.0,0.8096832346124131
0.276501,1.0,0.8099407674478496
0.275658,1.0,0.8101983002832861
0.27509,1.0,0.8104558331187226
0.27351,1.0,0.8107133659541591
0.273481,1.0,0.8109708987895957
0.273309,1.0,0.8112284316250322
0.273212,1.0,0.8114859644604687
0.272977,1.0,0.8117434972959052
0.272869,1.0,0.8120010301313417
0.272106,1.0,0.8122585629667782
0.271927,1.0,0.8125160958022147
0.271518,1.0,0.8127736286376513
0.27139,1.0,0.8130311614730878
0.270832,1.0,0.8132886943085244
0.270423,1.0,0.8135462271439609
0.270289,1.0,0.8138037599793974
0.270241,1.0,0.8140612928148339
0.269947,1.0,0.8143188256502704
0.269584,1.0,0.814576358485707
0.26951,1.0,0.8148338913211435
0.269458,1.0,0.81509142415658
0.269277,1.0,0.8153489569920165
0.268485,1.0,0.815606489827453
0.267863,1.0,0.8158640226628895
0.267775,1.0,0.816121555498326
0.267668,1.0,0.8163790883337626
0.267482,1.0,0.8166366211691991
0.267347,1.0,0.8168941540046356
0.266846,1.0,0.8171516868400721
0.26636,1.0,0.8174092196755086
0.265592,1.0,0.8176667525109451
0.265537,1.0,0.8179242853463816
0.265067,1.0,0.8181818181818182
0.26496,1.0,0.8184393510172547
0.264932,1.0,0.8186968838526912
0.264787,1.0,0.8189544166881277
0.26335,1.0,0.8192119495235642
0.263087,1.0,0.8194694823590007
0.262984,1.0,0.8197270151944372
0.261616,1.0,0.8199845480298739
0.261568,1.0,0.8202420808653104
0.261243,1.0,0.8204996137007469
0.261226,1.0,0.8207571465361834
0.261101,1.0,0.8210146793716199
0.260802,1.0,0.8212722122070564
0.260697,1.0,0.8215297450424929
0.260635,1.0,0.8217872778779295
0.260595,1.0,0.822044810713366
0.260444,1.0,0.8223023435488025
0.260063,1.0,0.822559876384239
0.259781,1.0,0.8228174092196755
0.258757,1.0,0.823074942055112
0.258436,1.0,0.8233324748905485
0.258138,1.0,0.8235900077259851
0.258059,1.0,0.8238475405614216
0.257634,1.0,0.8241050733968581
0.257315,1.0,0.8243626062322946
0.257202,1.0,0.8246201390677311
0.257083,1.0,0.8248776719031676
0.256608,1.0,0.8251352047386041
0.256583,1.0,0.8253927375740406
0.256514,1.0,0.8256502704094772
0.256317,1.0,0.8259078032449138
0.253867,1.0,0.8261653360803503
0.253846,1.0,0.8264228689157868
0.25361,1.0,0.8266804017512233
0.253354,1.0,0.8269379345866598
0.252691,1.0,0.8271954674220963
0.252032,1.0,0.8274530002575329
0.251349,1.0,0.8277105330929694
0.251235,1.0,0.8279680659284059
0.250964,1.0,0.8282255987638424
0.250285,1.0,0.8284831315992789
0.249867,1.0,0.8287406644347154
0.249839,1.0,0.8289981972701519
0.249704,1.0,0.8292557301055885
0.248856,1.0,0.829513262941025
0.248442,1.0,0.8297707957764615
0.248398,1.0,0.830028328611898
0.248045,1.0,0.8302858614473345
0.247485,1.0,0.830543394282771
0.247424,1.0,0.8308009271182075
0.247171,1.0,0.8310584599536441
0.246398,1.0,0.8313159927890806
0.246118,1.0,0.8315735256245171
0.246076,1.0,0.8318310584599536
0.246028,1.0,0.8320885912953901
0.245701,1.0,0.8323461241308266
0.245324,1.0,0.8326036569662632
0.244907,1.0,0.8328611898016998
0.244409,1.0,0.8331187226371363
0.244354,1.0,0.8333762554725728
0.244015,1.0,0.8336337883080093
0.243817,1.0,0.8338913211434458
0.243731,1.0,0.8341488539788823
0.243667,1.0,0.8344063868143188
0.243499,1.0,0.8346639196497554
0.243097,1.0,0.8349214524851919
0.242999,1.0,0.8351789853206284
0.242803,1.0,0.8354365181560649
0.242364,1.0,0.8356940509915014
0.24172,1.0,0.8359515838269379
0.241469,1.0,0.8362091166623744
0.241366,1.0,0.836466649497811
0.241363,1.0,0.8367241823332475
0.241069,1.0,0.836981715168684
0.240941,1.0,0.8372392480041205
0.240742,1.0,0.837496780839557
0.240693,1.0,0.8377543136749935
0.240591,1.0,0.83801184651043
0.240474,1.0,0.8382693793458666
0.239982,1.0,0.8385269121813032
0.23995,1.0,0.8387844450167397
0.239899,1.0,0.8390419778521762
0.239249,1.0,0.8392995106876127
0.239231,1.0,0.8395570435230492
0.238654,1.0,0.8398145763584857
0.238594,1.0,0.8400721091939223
0.237944,1.0,0.8403296420293588
0.237631,1.0,0.8405871748647953
0.237365,1.0,0.8408447077002318
0.237107,1.0,0.8411022405356683
0.236303,1.0,0.8413597733711048
0.236124,1.0,0.8416173062065413
0.235665,1.0,0.8418748390419779
0.235531,1.0,0.8421323718774144
0.23544,1.0,0.8423899047128509
0.235294,1.0,0.8426474375482874
0.235069,1.0,0.8429049703837239
0.234772,1.0,0.8431625032191604
0.234151,1.0,0.8434200360545969
0.234131,1.0,0.8436775688900334
0.233814,1.0,0.84393510172547
0.233773,1.0,0.8441926345609065
0.233551,1.0,0.844450167396343
0.233303,1.0,0.8447077002317795
0.232538,1.0,0.844965233067216
0.23228,1.0,0.8452227659026526
0.232248,1.0,0.845480298738089
0.231981,1.0,0.8457378315735257
0.231686,1.0,0.8459953644089622
0.230835,1.0,0.8462528972443987
0.230657,1.0,0.8465104300798352
0.229559,1.0,0.8467679629152717
0.229069,1.0,0.8470254957507082
0.228602,1.0,0.8472830285861447
0.228253,1.0,0.8475405614215813
0.228141,1.0,0.8477980942570178
0.228063,1.0,0.8480556270924543
0.22749,1.0,0.8483131599278908
0.227483,1.0,0.8485706927633273
0.227119,1.0,0.8488282255987638
0.226441,1.0,0.8490857584342003
0.226391,1.0,0.8493432912696369
0.226363,1.0,0.8496008241050734
0.225408,1.0,0.8498583569405099
0.225045,1.0,0.8501158897759464
0.224297,1.0,0.8503734226113829
0.224296,1.0,0.8506309554468194
0.223653,1.0,0.8508884882822559
0.22353,1.0,0.8511460211176926
0.223305,1.0,0.851403553953129
0.223114,1.0,0.8516610867885656
0.22311,1.0,0.8519186196240021
0.223109,1.0,0.8521761524594386
0.222464,1.0,0.8524336852948751
0.220977,1.0,0.8526912181303116
0.21984,1.0,0.8529487509657482
0.219313,1.0,0.8532062838011847
0.218495,1.0,0.8534638166366212
0.218441,1.0,0.8537213494720577
0.218009,1.0,0.8539788823074942
0.217894,1.0,0.8542364151429307
0.216537,1.0,0.8544939479783672
0.215376,1.0,0.8547514808138038
0.215139,1.0,0.8550090136492403
0.214087,1.0,0.8552665464846768
0.213863,1.0,0.8555240793201133
0.212896,1.0,0.8557816121555498
0.212242,1.0,0.8560391449909863
0.212227,1.0,0.8562966778264228
0.21163,1.0,0.8565542106618594
0.21135,1.0,0.8568117434972959
0.211206,1.0,0.8570692763327324
0.210993,1.0,0.857326809168169
0.210639,1.0,0.8575843420036054
0.210638,1.0,0.857841874839042
0.210625,1.0,0.8580994076744785
0.210245,1.0,0.8583569405099151
0.209655,1.0,0.8586144733453516
0.208868,1.0,0.8588720061807881
0.208721,1.0,0.8591295390162246
0.208421,1.0,0.8593870718516611
0.208068,1.0,0.8596446046870976
0.20753,1.0,0.8599021375225341
0.206961,1.0,0.8601596703579707
0.206905,1.0,0.8604172031934072
0.206055,1.0,0.8606747360288437
0.205776,1.0,0.8609322688642802
0.205572,1.0,0.8611898016997167
0.205507,1.0,0.8614473345351532
0.205175,1.0,0.8617048673705897
0.204556,1.0,0.8619624002060262
0.204348,1.0,0.8622199330414628
0.20379,1.0,0.8624774658768993
0.203763,1.0,0.8627349987123358
0.203456,1.0,0.8629925315477723
0.202917,1.0,0.8632500643832088
0.202904,1.0,0.8635075972186453
0.202552,1.0,0.8637651300540818
0.20245,1.0,0.8640226628895185
0.202056,1.0,0.864280195724955
0.201954,1.0,0.8645377285603915
0.200859,1.0,0.864795261395828
0.200678,1.0,0.8650527942312645
0.200612,1.0,0.865310327066701
0.199602,1.0,0.8655678599021375
0.198972,1.0,0.8658253927375741
0.198354,1.0,0.8660829255730106
0.198153,1.0,0.8663404584084471
0.197701,1.0,0.8665979912438836
0.19763,1.0,0.8668555240793201
0.197526,1.0,0.8671130569147566
0.197386,1.0,0.8673705897501931
0.195908,1.0,0.8676281225856297
0.19587,1.0,0.8678856554210662
0.195304,1.0,0.8681431882565027
0.195125,1.0,0.8684007210919392
0.194512,1.0,0.8686582539273757
0.19279,1.0,0.8689157867628122
0.192699,1.0,0.8691733195982487
0.192407,1.0,0.8694308524336853
0.191609,1.0,0.8696883852691218
0.191602,1.0,0.8699459181045583
0.191544,1.0,0.8702034509399948
0.191348,1.0,0.8704609837754314
0.190613,1.0,0.8707185166108679
0.190561,1.0,0.8709760494463044
0.19039,1.0,0.871233582281741
0.190155,1.0,0.8714911151171775
0.190001,1.0,0.871748647952614
0.189675,1.0,0.8720061807880505
0.18929,1.0,0.872263713623487
0.188613,1.0,0.8725212464589235
0.188102,1.0,0.87277877929436
0.188035,1.0,0.8730363121297966
0.188021,1.0,0.8732938449652331
0.186945,1.0,0.8735513778006696
0.186915,1.0,0.8738089106361061
0.186309,1.0,0.8740664434715426
0.186137,1.0,0.8743239763069791
0.185541,1.0,0.8745815091424156
0.184906,1.0,0.8748390419778522
0.184284,1.0,0.8750965748132887
0.184277,1.0,0.8756116404841617
0.184272,1.0,0.8758691733195982
0.184019,1.0,0.8761267061550347
0.183971,1.0,0.8763842389904712
0.183875,1.0,0.8766417718259079
0.183784,1.0,0.8768993046613444
0.182816,1.0,0.8771568374967809
0.18251,1.0,0.8774143703322174
0.182116,1.0,0.8776719031676539
0.18125,1.0,0.8779294360030904
0.180585,1.0,0.8781869688385269
0.180374,1.0,0.8784445016739635
0.18027,1.0,0.8787020345094
0.18,1.0,0.8789595673448365
0.179819,1.0,0.879217100180273
0.178817,1.0,0.8794746330157095
0.178593,1.0,0.879732165851146
0.178082,1.0,0.8799896986865825
0.178018,1.0,0.880247231522019
0.177492,1.0,0.8805047643574556
0.177254,1.0,0.8807622971928921
0.177232,1.0,0.8810198300283286
0.177146,1.0,0.8812773628637651
0.176626,1.0,0.8815348956992016
0.175887,1.0,0.8817924285346381
0.175754,1.0,0.8820499613700746
0.175551,1.0,0.8823074942055112
0.175057,1.0,0.8825650270409477
0.174851,1.0,0.8828225598763842
0.17381,1.0,0.8830800927118208
0.173689,1.0,0.8833376255472573
0.173529,1.0,0.8835951583826938
0.173504,1.0,0.8838526912181303
0.173146,1.0,0.8841102240535669
0.172537,1.0,0.8843677568890034
0.172284,1.0,0.8846252897244399
0.171771,1.0,0.8848828225598764
0.171136,1.0,0.8851403553953129
0.170157,1.0,0.8853978882307494
0.16986,1.0,0.8856554210661859
0.169813,1.0,0.8859129539016225
0.169765,1.0,0.886170486737059
0.169681,1.0,0.8864280195724955
0.16916,1.0,0.886685552407932
0.168342,1.0,0.8869430852433685
0.168143,1.0,0.887200618078805
0.167933,1.0,0.8874581509142415
0.167912,1.0,0.8877156837496781
0.167604,1.0,0.8879732165851146
0.166966,1.0,0.8882307494205511
0.166877,1.0,0.8884882822559876
0.166637,1.0,0.8887458150914241
0.166299,1.0,0.8890033479268606
0.165722,1.0,0.8892608807622971
0.165122,1.0,0.8895184135977338
0.164038,1.0,0.8897759464331703
0.164028,1.0,0.8900334792686068
0.16398,1.0,0.8902910121040433
0.162831,1.0,0.8905485449394798
0.162788,1.0,0.8908060777749163
0.162687,1.0,0.8910636106103528
0.162175,1.0,0.8913211434457894
0.161879,1.0,0.8915786762812259
0.161802,1.0,0.8918362091166624
0.16151,1.0,0.8920937419520989
0.160798,1.0,0.8923512747875354
0.160754,1.0,0.8926088076229719
0.157769,1.0,0.8928663404584084
0.157337,1.0,0.893123873293845
0.156479,1.0,0.8933814061292815
0.155937,1.0,0.893638938964718
0.155531,1.0,0.8938964718001545
0.154933,1.0,0.894154004635591
0.154823,1.0,0.8944115374710275
0.15352,1.0,0.894669070306464
0.153414,1.0,0.8949266031419006
0.152975,1.0,0.8951841359773371
0.152638,1.0,0.8954416688127737
0.152379,1.0,0.8956992016482102
0.152229,1.0,0.8959567344836467
0.151973,1.0,0.8962142673190832
0.151799,1.0,0.8964718001545197
0.151731,1.0,0.8967293329899563
0.15159,1.0,0.8969868658253928
0.151228,1.0,0.8972443986608293
0.151036,1.0,0.8975019314962658
0.1509,1.0,0.8977594643317023
0.150364,1.0,0.8980169971671388
0.149848,1.0,0.8982745300025753
0.148528,1.0,0.8985320628380118
0.148098,1.0,0.8987895956734484
0.147837,1.0,0.8990471285088849
0.14776,1.0,0.8993046613443214
0.147047,1.0,0.8995621941797579
0.146842,1.0,0.8998197270151944
0.146523,1.0,0.9000772598506309
0.145779,1.0,0.9003347926860674
0.14556,1.0,0.900592325521504
0.145501,1.0,0.9008498583569405
0.145385,1.0,0.901107391192377
0.144998,1.0,0.9013649240278135
0.144818,1.0,0.90162245686325
0.144809,1.0,0.9018799896986865
0.144749,1.0,0.902137522534123
0.144347,1.0,0.9023950553695597
0.144293,1.0,0.9026525882049962
0.144283,1.0,0.9029101210404327
0.143368,1.0,0.9031676538758692
0.143157,1.0,0.9034251867113057
0.142658,1.0,0.9036827195467422
0.142037,1.0,0.9039402523821787
0.142019,1.0,0.9041977852176153
0.141633,1.0,0.9044553180530518
0.141551,1.0,0.9047128508884883
0.141462,1.0,0.9049703837239248
0.141151,1.0,0.9052279165593613
0.141147,1.0,0.9054854493947978
0.141065,1.0,0.9057429822302343
0.140684,1.0,0.9060005150656709
0.139959,1.0,0.9062580479011074
0.139735,1.0,0.9065155807365439
0.139349,1.0,0.9067731135719804
0.138604,1.0,0.9070306464074169
0.138482,1.0,0.9072881792428534
0.138444,1.0,0.9075457120782899
0.137806,1.0,0.9078032449137265
0.137741,1.0,0.908060777749163
0.137634,1.0,0.9083183105845996
0.137583,1.0,0.9085758434200361
0.137255,1.0,0.9088333762554726
0.137056,1.0,0.9090909090909091
0.135305,1.0,0.9093484419263456
0.135286,1.0,0.9096059747617822
0.135102,1.0,0.9098635075972187
0.134582,1.0,0.9101210404326552
0.134339,1.0,0.9103785732680917
0.133676,1.0,0.9106361061035282
0.133048,1.0,0.9108936389389647
0.130376,1.0,0.9111511717744012
0.130196,1.0,0.9114087046098378
0.130134,1.0,0.9116662374452743
0.129814,1.0,0.9119237702807108
0.128904,1.0,0.9121813031161473
0.128898,1.0,0.9124388359515838
0.127854,1.0,0.9126963687870203
0.127573,1.0,0.9129539016224568
0.127447,1.0,0.9132114344578934
0.126243,1.0,0.9134689672933299
0.125982,1.0,0.9137265001287664
0.125573,1.0,0.9139840329642029
0.124805,1.0,0.9142415657996394
0.124453,1.0,0.914499098635076
0.123477,1.0,0.9147566314705124
0.12274,1.0,0.9150141643059491
0.121292,1.0,0.9152716971413856
0.120252,1.0,0.9155292299768221
0.120219,1.0,0.9157867628122586
0.119598,1.0,0.9160442956476951
0.119062,1.0,0.9163018284831316
0.119021,1.0,0.9165593613185681
0.117345,1.0,0.9168168941540046
0.116599,1.0,0.9170744269894412
0.116091,1.0,0.9173319598248777
0.115286,1.0,0.9175894926603142
0.115167,1.0,0.9178470254957507
0.114263,1.0,0.9181045583311872
0.114238,1.0,0.9183620911666237
0.112668,1.0,0.9186196240020602
0.112424,1.0,0.9188771568374968
0.111499,1.0,0.9191346896729333
0.111486,1.0,0.9193922225083698
0.111104,1.0,0.9196497553438063
0.110907,1.0,0.9199072881792428
0.110742,1.0,0.9201648210146793
0.108923,1.0,0.9204223538501158
0.108295,1.0,0.9206798866855525
0.107416,1.0,0.920937419520989
0.107213,1.0,0.9211949523564255
0.107014,1.0,0.921452485191862
0.106581,1.0,0.9217100180272985
0.106254,1.0,0.921967550862735
0.105998,1.0,0.9222250836981715
0.105475,1.0,0.9224826165336081
0.104646,1.0,0.9227401493690446
0.104332,1.0,0.9229976822044811
0.10408,1.0,0.9232552150399176
0.10305,1.0,0.9235127478753541
0.102517,1.0,0.9237702807107906
0.102142,1.0,0.9240278135462271
0.102072,1.0,0.9242853463816637
0.100855,1.0,0.9245428792171002
0.10021,1.0,0.9248004120525367
0.099812,1.0,0.9250579448879732
0.099738,1.0,0.9253154777234097
0.09967,1.0,0.9255730105588462
0.098997,1.0,0.9258305433942827
0.098009,1.0,0.9260880762297193
0.09745,1.0,0.9263456090651558
0.097327,1.0,0.9266031419005923
0.096642,1.0,0.9268606747360288
0.096491,1.0,0.9271182075714653
0.096426,1.0,0.9273757404069018
0.095967,1.0,0.9276332732423384
0.095942,1.0,0.927890806077775
0.095412,1.0,0.9281483389132115
0.095246,1.0,0.928405871748648
0.095084,1.0,0.9286634045840845
0.094667,1.0,0.928920937419521
0.094535,1.0,0.9291784702549575
0.093595,1.0,0.929436003090394
0.093527,1.0,0.9296935359258306
0.092558,1.0,0.9299510687612671
0.092026,1.0,0.9302086015967036
0.091986,1.0,0.9304661344321401
0.091045,1.0,0.9307236672675766
0.089518,1.0,0.9309812001030131
0.089457,1.0,0.9312387329384496
0.088995,1.0,0.9314962657738862
0.088198,1.0,0.9317537986093227
0.087483,1.0,0.9320113314447592
0.087463,1.0,0.9322688642801957
0.087027,1.0,0.9325263971156322
0.085497,1.0,0.9327839299510687
0.085449,1.0,0.9330414627865052
0.085169,1.0,0.9332989956219419
0.08443,1.0,0.9335565284573784
0.083598,1.0,0.9338140612928149
0.083311,1.0,0.9340715941282514
0.082073,1.0,0.9343291269636879
0.081621,1.0,0.9345866597991244
0.081201,1.0,0.9348441926345609
0.080909,1.0,0.9351017254699975
0.079274,1.0,0.935359258305434
0.076905,1.0,0.9356167911408705
0.075435,1.0,0.935874323976307
0.074948,1.0,0.9361318568117435
0.074434,1.0,0.93638938964718
0.072355,1.0,0.9366469224826165
0.072296,1.0,0.936904455318053
0.071185,1.0,0.9371619881534896
0.06946,1.0,0.9374195209889261
0.069143,1.0,0.9376770538243626
0.068002,1.0,0.9379345866597991
0.067561,1.0,0.9381921194952356
0.067152,1.0,0.9384496523306721
0.066816,1.0,0.9387071851661086
0.066092,1.0,0.9389647180015452
0.065661,1.0,0.9392222508369817
0.065182,1.0,0.9394797836724182
0.063779,1.0,0.9397373165078547
0.063315,1.0,0.9399948493432912
0.063056,1.0,0.9402523821787278
0.062911,1.0,0.9405099150141643
0.062442,1.0,0.9407674478496009
0.061184,1.0,0.9410249806850374
0.060945,1.0,0.9412825135204739
0.060413,1.0,0.9415400463559104
0.060198,1.0,0.9417975791913469
0.060102,1.0,0.9420551120267834
0.057062,1.0,0.9423126448622199
0.05654,1.0,0.9425701776976565
0.056288,1.0,0.942827710533093
0.055835,1.0,0.9430852433685295
0.055085,1.0,0.943342776203966
0.052563,1.0,0.9436003090394025
0.0521,1.0,0.943857841874839
0.051817,1.0,0.9441153747102755
0.051404,1.0,0.9443729075457121
0.050127,1.0,0.9446304403811486
0.04874,1.0,0.9448879732165851
0.048127,1.0,0.9451455060520216
0.047478,1.0,0.9454030388874581
0.046269,1.0,0.9456605717228946
0.045216,1.0,0.9459181045583311
0.044917,1.0,0.9461756373937678
0.044898,1.0,0.9464331702292043
0.043705,1.0,0.9466907030646408
0.04315,1.0,0.9469482359000773
0.042454,1.0,0.9472057687355138
0.040885,1.0,0.9474633015709503
0.039348,1.0,0.9477208344063868
0.03906,1.0,0.9479783672418234
0.038566,1.0,0.9482359000772599
0.038478,1.0,0.9484934329126964
0.038367,1.0,0.9487509657481329
0.037136,1.0,0.9490084985835694
0.034785,1.0,0.9492660314190059
0.033839,1.0,0.9495235642544424
0.0331,1.0,0.949781097089879
0.031959,1.0,0.9500386299253155
0.030852,1.0,0.950296162760752
0.029098,1.0,0.9505536955961885
0.028268,1.0,0.950811228431625
0.027168,1.0,0.9510687612670615
0.027014,1.0,0.951326294102498
0.0267,1.0,0.9515838269379346
0.025922,1.0,0.9518413597733711
0.02465,1.0,0.9520988926088076
0.024519,1.0,0.9523564254442441
0.023748,1.0,0.9526139582796807
0.023559,1.0,0.9528714911151172
0.023339,1.0,0.9531290239505537
0.021119,1.0,0.9533865567859903
0.020368,1.0,0.9536440896214268
0.018941,1.0,0.9539016224568633
0.018743,1.0,0.9541591552922998
0.018706,1.0,0.9544166881277363
0.018256,1.0,0.9546742209631728
0.016877,1.0,0.9549317537986093
0.016518,1.0,0.9551892866340458
0.016198,1.0,0.9554468194694824
0.01558,1.0,0.9557043523049189
0.013667,1.0,0.9559618851403554
0.010514,1.0,0.9562194179757919
0.010036,1.0,0.9564769508112284
0.008789,1.0,0.9567344836466649
0.007796,1.0,0.9569920164821014
0.006729,1.0,0.957249549317538
0.006686,1.0,0.9575070821529745
0.006185,1.0,0.957764614988411
0.00501,1.0,0.9580221478238475
0.00426,1.0,0.958279680659284
0.003883,1.0,0.9585372134947205
0.003357,1.0,0.958794746330157
0.002859,1.0,0.9590522791655937
0.001396,1.0,0.9593098120010302
0.000712,1.0,0.9595673448364667
0.000412,1.0,0.9598248776719032
-0.000232,1.0,0.9600824105073397
-0.000357,1.0,0.9603399433427762
-0.000862,1.0,0.9605974761782127
-0.002095,1.0,0.9608550090136493
-0.002443,1.0,0.9611125418490858
-0.002601,1.0,0.9613700746845223
-0.002604,1.0,0.9616276075199588
-0.003085,1.0,0.9618851403553953
-0.00574,1.0,0.9621426731908318
-0.006549,1.0,0.9624002060262683
-0.008118,1.0,0.9626577388617049
-0.008624,1.0,0.9629152716971414
-0.00885,1.0,0.9631728045325779
-0.009289,1.0,0.9634303373680144
-0.009795,1.0,0.9636878702034509
-0.010289,1.0,0.9639454030388874
-0.015347,1.0,0.9642029358743239
-0.017113,1.0,0.9644604687097605
-0.017597,1.0,0.964718001545197
-0.017664,1.0,0.9649755343806335
-0.018168,1.0,0.96523306721607
-0.01842,1.0,0.9654906000515066
-0.020381,1.0,0.9657481328869431
-0.022372,1.0,0.9660056657223796
-0.023672,1.0,0.9662631985578162
-0.025441,1.0,0.9665207313932527
-0.026743,1.0,0.9667782642286892
-0.026791,1.0,0.9670357970641257
-0.027581,1.0,0.9672933298995622
-0.02847,1.0,0.9675508627349987
-0.028633,1.0,0.9678083955704352
-0.028708,1.0,0.9680659284058718
-0.028893,1.0,0.9683234612413083
-0.029636,1.0,0.9685809940767448
-0.033089,1.0,0.9688385269121813
-0.033175,1.0,0.9690960597476178
-0.033223,1.0,0.9693535925830543
-0.033821,1.0,0.9696111254184908
-0.034492,1.0,0.9698686582539274
-0.03488,1.0,0.9701261910893639
-0.036012,1.0,0.9703837239248004
-0.03655,1.0,0.9706412567602369
-0.036574,1.0,0.9708987895956734
-0.036703,1.0,0.9711563224311099
-0.0369,1.0,0.9714138552665464
-0.037776,1.0,0.9716713881019831
-0.037887,1.0,0.9719289209374196
-0.041235,1.0,0.9721864537728561
-0.041588,1.0,0.9724439866082926
-0.041837,1.0,0.9727015194437291
-0.045277,1.0,0.9729590522791656
-0.045452,1.0,0.9732165851146021
-0.049306,1.0,0.9737316507854752
-0.049609,1.0,0.9739891836209117
-0.049687,1.0,0.9742467164563482
-0.050904,1.0,0.9745042492917847
-0.052008,1.0,0.9747617821272212
-0.057454,1.0,0.9750193149626577
-0.057968,1.0,0.9752768477980942
-0.058675,1.0,0.9755343806335308
-0.060166,1.0,0.9757919134689673
-0.060444,1.0,0.9760494463044038
-0.060758,1.0,0.9763069791398403
-0.063061,1.0,0.9765645119752768
-0.066053,1.0,0.9768220448107133
-0.066527,1.0,0.9770795776461498
-0.066665,1.0,0.9773371104815864
-0.067236,1.0,0.977594643317023
-0.067522,1.0,0.9778521761524595
-0.068085,1.0,0.978109708987896
-0.068563,1.0,0.9783672418233325
-0.069605,1.0,0.978624774658769
-0.070041,1.0,0.9788823074942055
-0.070641,1.0,0.9791398403296421
-0.070751,1.0,0.9793973731650786
-0.070795,1.0,0.9796549060005151
-0.07105,1.0,0.9799124388359516
-0.073523,1.0,0.9801699716713881
-0.076151,1.0,0.9804275045068246
-0.080651,1.0,0.9806850373422611
-0.081898,1.0,0.9809425701776977
-0.082313,1.0,0.9812001030131342
-0.082532,1.0,0.9814576358485707
-0.08319,1.0,0.9817151686840072
-0.087414,1.0,0.9819727015194437
-0.089929,1.0,0.9822302343548802
-0.090062,1.0,0.9824877671903167
-0.091112,1.0,0.9827453000257533
-0.091176,1.0,0.9830028328611898
-0.09128,1.0,0.9832603656966263
-0.091359,1.0,0.9835178985320628
-0.091647,1.0,0.9837754313674993
-0.092568,1.0,0.9840329642029358
-0.096116,1.0,0.9842904970383723
-0.098699,1.0,0.984548029873809
-0.100962,1.0,0.9848055627092455
-0.101431,1.0,0.985063095544682
-0.101825,1.0,0.9853206283801185
-0.10542,1.0,0.985578161215555
-0.107632,1.0,0.9858356940509915
-0.109056,1.0,0.986093226886428
-0.11037,1.0,0.9863507597218646
-0.110631,1.0,0.9866082925573011
-0.1129,1.0,0.9868658253927376
-0.114502,1.0,0.9871233582281741
-0.118908,1.0,0.9873808910636106
-0.119603,1.0,0.9876384238990471
-0.123567,1.0,0.9878959567344836
-0.125674,1.0,0.9881534895699202
-0.126406,1.0,0.9884110224053567
-0.12658,1.0,0.9886685552407932
-0.131012,1.0,0.9889260880762297
-0.133174,1.0,0.9891836209116662
-0.133819,1.0,0.9894411537471027
-0.134347,1.0,0.9896986865825392
-0.135498,1.0,0.9899562194179758
-0.137146,1.0,0.9902137522534123
-0.139189,1.0,0.9904712850888489
-0.140759,1.0,0.9907288179242854
-0.141372,1.0,0.9909863507597219
-0.1424,1.0,0.9912438835951584
-0.142962,1.0,0.9915014164305949
-0.144099,1.0,0.9917589492660314
-0.144471,1.0,0.992016482101468
-0.145998,1.0,0.9922740149369045
-0.147175,1.0,0.992531547772341
-0.152244,1.0,0.9927890806077775
-0.154466,1.0,0.993046613443214
-0.160136,1.0,0.9933041462786505
-0.161102,1.0,0.993561679114087
-0.16198,1.0,0.9938192119495236
-0.178315,1.0,0.9940767447849601
-0.184172,1.0,0.9943342776203966
-0.19059,1.0,0.9945918104558331
-0.191099,1.0,0.9948493432912696
-0.192406,1.0,0.9951068761267061
-0.193589,1.0,0.9953644089621426
-0.198689,1.0,0.9956219417975792
-0.202266,1.0,0.9958794746330157
-0.203096,1.0,0.9961370074684522
-0.205403,1.0,0.9963945403038887
-0.205967,1.0,0.9966520731393252
-0.207053,1.0,0.9969096059747617
-0.219254,1.0,0.9971671388101983
-0.219847,1.0,0.9974246716456349
-0.229589,1.0,0.9976822044810714
-0.25281,1.0,0.9979397373165079
-0.270303,1.0,0.9981972701519444
-0.285104,1.0,0.9984548029873809
-0.285504,1.0,0.9987123358228174
-0.30286,1.0,0.9989698686582539
-0.360988,1.0,0.9992274014936905
-0.363901,1.0,0.999484934329127
-0.38583,1.0,0.9997424671645635
-0.391098,1.0,1.0
-inf,1.0,1.0
