id,date,systeme_id,asset_id,score,vrai_defaut,alerte,cout
INSP_3EE95106,2026-01-19,SYS_079,AST_F5251E52,0.277306,0,0,60.0
INSP_33D9FB7A,2026-01-21,SYS_059,AST_1F05FC1B,0.753496,0,0,60.0
INSP_86422050,2026-01-22,SYS_084,AST_F5A48F47,0.088924,0,0,60.0
INSP_E7204F7C,2026-01-22,SYS_112,AST_72528000,0.177913,0,0,60.0
INSP_2843EB10,2026-01-22,SYS_120,AST_F223BB43,0.285072,0,0,60.0
INSP_1FAD2702,2026-01-23,SYS_036,AST_ABE04F58,0.36991,0,0,60.0
INSP_6B68FD80,2026-01-23,SYS_098,AST_336E36C7,0.015715,0,0,60.0
INSP_86C98303,2026-01-23,SYS_123,AST_745D2B0D,0.10977,0,0,60.0
INSP_5292E389,2026-01-23,SYS_177,AST_D268BF76,0.223197,0,0,60.0
INSP_8108A0CC,2026-01-24,SYS_087,AST_CEA7BD4E,0.20044,0,0,60.0
INSP_EC49A438,2026-01-24,SYS_162,AST_FA7C66DB,-0.098067,0,0,60.0
INSP_4288A868,2026-01-25,SYS_005,AST_2355582B,0.154304,0,0,60.0
INSP_88A32972,2026-01-25,SYS_012,AST_400DB418,-0.005562,0,0,60.0
INSP_64C2315A,2026-01-25,SYS_017,AST_06D80C94,0.232428,0,0,60.0
INSP_BDE91FE5,2026-01-25,SYS_044,AST_24282EF9,0.084358,0,0,60.0
INSP_7A6B007D,2026-01-25,SYS_105,AST_7866AE54,0.274602,0,0,60.0
INSP_A20BBDA0,2026-01-25,SYS_171,AST_BFB41487,0.100246,0,0,60.0
INSP_45018059,2026-01-26,SYS_010,AST_BA1E579E,0.331335,0,0,60.0
INSP_C1B2E753,2026-01-26,SYS_020,AST_A7767CC7,-0.075862,0,0,60.0
INSP_F7A183C9,2026-01-26,SYS_023,AST_7155CAE3,0.194182,0,0,60.0
INSP_3823CF88,2026-01-26,SYS_024,AST_360766DC,0.183599,0,0,60.0
INSP_DB8E0E8B,2026-01-26,SYS_037,AST_12C3D6E6,0.245753,0,0,60.0
INSP_DCFA3266,2026-01-26,SYS_040,AST_D89EE066,0.572333,0,0,60.0
INSP_1AA2B1D1,2026-01-26,SYS_041,AST_5F735C82,0.239162,0,0,60.0
INSP_5E532452,2026-01-26,SYS_081,AST_2559F2BC,0.389244,0,0,60.0
INSP_98D07891,2026-01-26,SYS_094,AST_DDF229A0,0.464632,0,0,60.0
INSP_BE488CB7,2026-01-26,SYS_099,AST_2E2BCA5E,0.143715,0,0,60.0
INSP_6FEFB273,2026-01-26,SYS_118,AST_CD01BE37,0.360906,0,0,60.0
INSP_4213765C,2026-01-26,SYS_140,AST_82DF0E33,0.412863,0,0,60.0
INSP_C7C396C0,2026-01-26,SYS_153,AST_416FD4D1,0.387258,0,0,60.0
INSP_14CC1911,2026-01-26,SYS_164,AST_79E11B35,0.486882,0,0,60.0
INSP_33865F50,2026-01-26,SYS_166,AST_DA889646,0.128191,0,0,60.0
INSP_0F7F4144,2026-01-26,SYS_170,AST_41E4C47D,0.31795,0,0,60.0
INSP_C1B6B576,2026-01-26,SYS_183,AST_3AC31DE4,-0.129048,0,0,60.0
INSP_F21C6AB4,2026-01-26,SYS_194,AST_AFC2A365,0.088087,0,0,60.0
INSP_48CA4D5A,2026-01-27,SYS_006,AST_01B706B3,0.312536,0,0,60.0
INSP_C9AE0C25,2026-01-27,SYS_158,AST_FA571F5C,0.63672,0,0,60.0
INSP_72016728,2026-01-27,SYS_161,AST_D05D43D5,0.131488,0,0,60.0
INSP_83DE14BC,2026-01-27,SYS_165,AST_849D44BE,0.487743,0,0,60.0
INSP_50A2718C,2026-01-27,SYS_193,AST_B624BE5F,0.105359,0,0,60.0
INSP_8212E868,2026-01-27,SYS_197,AST_C302525D,0.481671,0,0,60.0
INSP_75F02D71,2026-01-28,SYS_004,AST_34B81456,0.180442,0,0,60.0
INSP_4C3539D4,2026-01-28,SYS_031,AST_9FC6C1DF,0.246329,0,0,60.0
INSP_15E373C0,2026-01-28,SYS_033,AST_78A40885,0.316216,0,0,60.0
INSP_2C5671B2,2026-01-28,SYS_050,AST_F69AFC56,0.16477,0,0,60.0
INSP_EEEA44D4,2026-01-28,SYS_082,AST_677BB75C,0.130007,0,0,60.0
INSP_5106E76B,2026-01-28,SYS_089,AST_F3FA3B59,0.543364,0,0,60.0
INSP_21776905,2026-01-28,SYS_096,AST_757A2281,0.362721,0,0,60.0
INSP_FB917D40,2026-01-28,SYS_124,AST_C6FED7CE,0.260652,0,0,60.0
INSP_D0D85FB4,2026-01-28,SYS_136,AST_46F2626C,0.561732,0,0,60.0
INSP_151696A9,2026-01-28,SYS_141,AST_C841EE03,-0.163541,0,0,60.0
INSP_C44C2317,2026-01-28,SYS_155,AST_EB9D2923,0.480753,0,0,60.0
INSP_FD3D9BF6,2026-01-28,SYS_157,AST_07151874,0.129615,0,0,60.0
INSP_C0D17FE9,2026-01-28,SYS_176,AST_5DF61EE8,-0.243808,0,0,60.0
INSP_934FA57B,2026-01-28,SYS_186,AST_5CB7885A,0.118311,0,0,60.0
INSP_4616296E,2026-01-28,SYS_198,AST_8C8EC664,-0.159962,0,0,60.0
INSP_F8B57537,2026-01-29,SYS_013,AST_0D114CD8,0.432805,0,0,60.0
INSP_9B66F206,2026-01-29,SYS_014,AST_C582AD53,0.269707,0,0,60.0
INSP_204CAC6A,2026-01-29,SYS_039,AST_0C2D90D2,0.043268,0,0,60.0
INSP_77238931,2026-01-29,SYS_043,AST_11D07EA3,-0.047275,0,0,60.0
INSP_FE946044,2026-01-29,SYS_051,AST_8936EA7E,0.048506,0,0,60.0
INSP_17A20FD9,2026-01-29,SYS_086,AST_0728AF86,0.136795,0,0,60.0
INSP_1CE07725,2026-01-29,SYS_091,AST_FF3BACB3,0.156245,0,0,60.0
INSP_211C9916,2026-01-29,SYS_100,AST_5436F9AF,-0.10613,0,0,60.0
INSP_65C41E05,2026-01-29,SYS_119,AST_A9E07DCD,0.356303,0,0,60.0
INSP_7F168D27,2026-01-29,SYS_131,AST_348BD6C0,0.49918,0,0,60.0
INSP_7DBDD5DC,2026-01-29,SYS_132,AST_B471717C,0.074541,0,0,60.0
INSP_EEE3E2BE,2026-01-29,SYS_133,AST_36645A9F,0.262688,0,0,60.0
INSP_E886A003,2026-01-29,SYS_154,AST_8779BF08,0.172566,0,0,60.0
INSP_789CBF99,2026-01-29,SYS_156,AST_C014C40A,0.31514,0,0,60.0
INSP_69A728A0,2026-01-29,SYS_163,AST_67436F82,0.16566,0,0,60.0
INSP_E786972A,2026-01-29,SYS_179,AST_65CE1E5F,0.09712,0,0,60.0
INSP_12C301FF,2026-01-29,SYS_188,AST_0D8C5A64,0.465396,0,0,60.0
INSP_4DE23BEB,2026-01-30,SYS_018,AST_D2AAE75F,-0.103173,0,0,60.0
INSP_7B6D4B26,2026-01-30,SYS_026,AST_DC1A2F24,0.326257,0,0,60.0
INSP_6C923612,2026-01-30,SYS_038,AST_C09E7897,0.391149,0,0,60.0
INSP_6D4FF606,2026-01-30,SYS_045,AST_71683139,0.200009,0,0,60.0
INSP_03CB2A07,2026-01-30,SYS_049,AST_8B590081,0.377826,0,0,60.0
INSP_1EBCB2D2,2026-01-30,SYS_055,AST_65BC7AF4,0.21972,0,0,60.0
INSP_6A9AD336,2026-01-30,SYS_061,AST_A35FE079,0.217655,0,0,60.0
INSP_26498975,2026-01-30,SYS_063,AST_54F1946F,0.176181,0,0,60.0
INSP_14DAA326,2026-01-30,SYS_072,AST_2677C73B,0.091497,0,0,60.0
INSP_49C70EF4,2026-01-30,SYS_078,AST_22724B56,0.639631,0,0,60.0
INSP_1ACFB165,2026-01-30,SYS_097,AST_78B2DAF5,0.563507,0,0,60.0
INSP_D0AAD27E,2026-01-30,SYS_107,AST_0C8966EF,0.195552,0,0,60.0
INSP_E0982394,2026-01-30,SYS_109,AST_0C852F01,0.158812,0,0,60.0
INSP_45B0DF90,2026-01-30,SYS_121,AST_57E427AB,0.492184,0,0,60.0
INSP_95BA9222,2026-01-30,SYS_125,AST_3F4357D4,0.731799,0,0,60.0
INSP_AB17236A,2026-01-30,SYS_130,AST_3A50A6C8,0.100304,0,0,60.0
INSP_702D86A6,2026-01-30,SYS_134,AST_513E84BA,0.63891,0,0,60.0
INSP_1C653F7B,2026-01-30,SYS_144,AST_E96A36D9,0.093491,0,0,60.0
INSP_7FD40579,2026-01-30,SYS_146,AST_1B8D46F6,0.193122,0,0,60.0
INSP_27CC6449,2026-01-30,SYS_152,AST_A78D477C,0.114026,0,0,60.0
INSP_21F31C9D,2026-01-30,SYS_167,AST_BF41CB64,0.221221,0,0,60.0
INSP_CA7136A8,2026-01-30,SYS_172,AST_ADEC264C,0.161727,0,0,60.0
INSP_3AC9E326,2026-01-30,SYS_173,AST_761AB970,0.418996,0,0,60.0
INSP_9CCC91F3,2026-01-30,SYS_181,AST_69222B18,-0.100516,0,0,60.0
INSP_48966A43,2026-01-30,SYS_182,AST_005BCD3C,0.102478,0,0,60.0
INSP_3C2F3FE3,2026-01-30,SYS_196,AST_83AEE438,0.015708,0,0,60.0
INSP_5A7E0DCD,2026-01-31,SYS_021,AST_47CEED8F,0.340225,0,0,60.0
INSP_3E896742,2026-01-31,SYS_025,AST_E767A2E7,0.023321,0,0,60.0
INSP_FA80AF2D,2026-01-31,SYS_048,AST_B7D85950,0.614812,0,0,60.0
INSP_31BD4CA2,2026-01-31,SYS_060,AST_93EE11F2,0.14605,0,0,60.0
INSP_1DFA9569,2026-01-31,SYS_073,AST_7072115A,0.514243,0,0,60.0
INSP_96EA4E91,2026-01-31,SYS_075,AST_E60AAA9C,0.103334,0,0,60.0
INSP_7344F250,2026-01-31,SYS_077,AST_71806DDB,0.2282,0,0,60.0
INSP_E07AF881,2026-01-31,SYS_085,AST_BC13EB44,0.33524,0,0,60.0
INSP_F182F440,2026-01-31,SYS_090,AST_3E900085,0.461584,0,0,60.0
INSP_12F499DF,2026-01-31,SYS_117,AST_62292464,0.32478,0,0,60.0
INSP_1E07F393,2026-01-31,SYS_128,AST_D607EFBB,0.61841,0,0,60.0
INSP_B10091A6,2026-01-31,SYS_129,AST_B8F71FDD,0.210876,0,0,60.0
INSP_AA28CE33,2026-01-31,SYS_135,AST_33AE7546,0.104195,0,0,60.0
INSP_B70611A8,2026-01-31,SYS_138,AST_BDEBA9F4,0.275493,0,0,60.0
INSP_9DB81361,2026-01-31,SYS_142,AST_A42F6532,0.247313,0,0,60.0
INSP_33356EBD,2026-01-31,SYS_184,AST_F713DE74,0.199786,0,0,60.0
INSP_2F99D6F6,2026-01-31,SYS_190,AST_FDA57079,0.264421,0,0,60.0
INSP_E54D3D48,2026-02-01,SYS_001,AST_5733BC75,0.296514,0,0,60.0
INSP_DEDE581B,2026-02-01,SYS_007,AST_48BC3EF9,0.209119,0,0,60.0
INSP_445A2BED,2026-02-01,SYS_009,AST_59AE948D,0.344209,0,0,60.0
INSP_7A40C483,2026-02-01,SYS_015,AST_0CF332F9,0.120055,0,0,60.0
INSP_F04AB905,2026-02-01,SYS_019,AST_295F6162,0.53567,0,0,60.0
INSP_4FCD4D82,2026-02-01,SYS_022,AST_3A3ABCBA,0.182047,0,0,60.0
INSP_BC0F6CFB,2026-02-01,SYS_027,AST_F62C7205,0.451919,0,0,60.0
INSP_11A50DF7,2026-02-01,SYS_065,AST_C0195FDC,0.140741,0,0,60.0
INSP_DCCC5F77,2026-02-01,SYS_102,AST_D4717E02,0.423374,0,0,60.0
INSP_E502ED7C,2026-02-01,SYS_110,AST_FED5DCED,0.263593,0,0,60.0
INSP_7CD61BC7,2026-02-01,SYS_114,AST_71208FE4,0.411048,0,0,60.0
INSP_769C806F,2026-02-01,SYS_116,AST_AA3DF989,0.300851,0,0,60.0
INSP_9E3BE6CC,2026-02-01,SYS_143,AST_F29B86AB,0.348985,0,0,60.0
INSP_47FB5004,2026-02-01,SYS_159,AST_09334FDB,0.427225,0,0,60.0
INSP_78AF5C6B,2026-02-01,SYS_187,AST_423F5534,0.26214,0,0,60.0
INSP_19EA677B,2026-02-01,SYS_192,AST_149EEDF0,0.334532,0,0,60.0
INSP_4A939D09,2026-02-02,SYS_030,AST_BC560A24,0.353542,0,0,60.0
INSP_34DF1F2A,2026-02-02,SYS_052,AST_79A75A88,0.248455,0,0,60.0
INSP_FDF58C36,2026-02-02,SYS_058,AST_CC418360,0.197942,0,0,60.0
INSP_9B68C474,2026-02-02,SYS_064,AST_6BB62FDB,-0.149256,0,0,60.0
INSP_DE00FDEB,2026-02-02,SYS_076,AST_F603957B,0.51621,0,0,60.0
INSP_5288129C,2026-02-02,SYS_088,AST_60C93140,0.375551,0,0,60.0
INSP_4DDFFAEA,2026-02-02,SYS_103,AST_E421B8F7,0.497847,0,0,60.0
INSP_E988350D,2026-02-02,SYS_139,AST_594EB63A,0.266914,0,0,60.0
INSP_4CE9F4FE,2026-02-02,SYS_150,AST_4A9758F4,0.281709,0,0,60.0
INSP_E30D5FF4,2026-02-02,SYS_151,AST_0CA6C74F,-0.039692,0,0,60.0
INSP_8DA33B56,2026-02-02,SYS_168,AST_FB44B477,0.593836,0,0,60.0
INSP_51729835,2026-02-02,SYS_178,AST_FB8BAAE3,0.034334,0,0,60.0
INSP_B8724FC2,2026-02-02,SYS_191,AST_28102D1A,0.459986,0,0,60.0
INSP_9C51B484,2026-02-03,SYS_002,AST_8C3021C3,0.230092,0,0,60.0
INSP_E1787E2A,2026-02-03,SYS_042,AST_85108019,0.662402,0,0,60.0
INSP_93E9E3A5,2026-02-03,SYS_057,AST_3260BE22,0.366681,0,0,60.0
INSP_41A5BF6D,2026-02-03,SYS_067,AST_5CA81E57,0.471179,0,0,60.0
INSP_F5E39632,2026-02-03,SYS_071,AST_E62B116D,0.457543,0,0,60.0
INSP_87DEDC48,2026-02-03,SYS_092,AST_A654FA74,0.234381,0,0,60.0
INSP_B23FD726,2026-02-03,SYS_095,AST_F7A145A0,0.240591,0,0,60.0
INSP_83A334CE,2026-02-03,SYS_101,AST_199E4ED5,0.526531,0,0,60.0
INSP_A1EA8DC1,2026-02-03,SYS_104,AST_34B52F7C,0.383593,0,0,60.0
INSP_AB81F5A0,2026-02-03,SYS_108,AST_8823CDE5,0.025046,0,0,60.0
INSP_FBCA5AC4,2026-02-03,SYS_111,AST_9DD15F47,0.231959,0,0,60.0
INSP_C855411C,2026-02-03,SYS_137,AST_CC32FEC1,0.166997,0,0,60.0
INSP_119CB610,2026-02-03,SYS_149,AST_A36B2B62,0.616206,0,0,60.0
INSP_4193C277,2026-02-04,SYS_003,AST_10E8FC0A,0.189577,0,0,60.0
INSP_52EE9164,2026-02-04,SYS_008,AST_18D5AB2B,-0.012842,0,0,60.0
INSP_A320394C,2026-02-04,SYS_016,AST_75491F89,0.533437,0,0,60.0
INSP_3A2B6495,2026-02-04,SYS_029,AST_72182962,0.606253,0,0,60.0
INSP_1104C108,2026-02-04,SYS_032,AST_A2D2456E,0.460435,0,0,60.0
INSP_23B5DDE5,2026-02-04,SYS_046,AST_B6A18F44,0.283513,0,0,60.0
INSP_C6D92041,2026-02-04,SYS_056,AST_1FD22902,0.419817,0,0,60.0
INSP_007C3A87,2026-02-04,SYS_068,AST_E6CD9897,0.074458,0,0,60.0
INSP_6E38B59C,2026-02-04,SYS_070,AST_EF1723A7,-0.209005,0,0,60.0
INSP_1F8DF589,2026-02-04,SYS_115,AST_E485A485,0.349427,0,0,60.0
INSP_D56B342F,2026-02-04,SYS_189,AST_BA2068C4,0.129597,0,0,60.0
INSP_5BD3CC7A,2026-02-05,SYS_035,AST_EC002B8E,0.261239,0,0,60.0
INSP_02A971A8,2026-02-05,SYS_053,AST_1421CD29,0.076635,0,0,60.0
INSP_F17AA61B,2026-02-05,SYS_054,AST_C88F0D7A,0.178977,0,0,60.0
INSP_CEA81C75,2026-02-05,SYS_062,AST_E6F98CD6,0.14817,0,0,60.0
INSP_3EC3A685,2026-02-05,SYS_066,AST_F5795CF8,0.043429,0,0,60.0
INSP_5442E4DF,2026-02-05,SYS_083,AST_35C2C263,-0.215273,0,0,60.0
INSP_737C44C5,2026-02-05,SYS_126,AST_BCC36F08,0.351034,0,0,60.0
INSP_769D6D13,2026-02-05,SYS_127,AST_E66E58BF,0.377376,0,0,60.0
INSP_54505865,2026-02-05,SYS_175,AST_987787EC,0.096097,0,0,60.0
INSP_279AC80D,2026-02-05,SYS_180,AST_ABEDAC5D,0.313899,0,0,60.0
INSP_5B1B1055,2026-02-05,SYS_185,AST_A2B95F2A,0.73694,0,0,60.0
INSP_3FA138AB,2026-02-05,SYS_195,AST_112DC772,0.212408,0,0,60.0
INSP_16F4EC45,2026-02-06,SYS_000,AST_611BCAFE,0.072787,0,0,60.0
INSP_0CE49FD3,2026-02-06,SYS_011,AST_C95E4C36,0.483364,0,0,60.0
INSP_A7BAB323,2026-02-06,SYS_034,AST_898B9A3E,0.487662,0,0,60.0
INSP_25A05201,2026-02-06,SYS_069,AST_2CCCF5B1,0.131276,0,0,60.0
INSP_86361942,2026-02-06,SYS_106,AST_F68C2B16,0.526431,0,0,60.0
INSP_394534F6,2026-02-06,SYS_122,AST_0A8960BD,-0.091616,0,0,60.0
INSP_0454C664,2026-02-06,SYS_145,AST_C80BFBDE,0.190795,0,0,60.0
INSP_5EBFEAEA,2026-02-06,SYS_147,AST_059BC199,0.308474,0,0,60.0
INSP_DE6061BD,2026-02-06,SYS_148,AST_0CAAF0CA,0.070781,0,0,60.0
INSP_6229490C,2026-02-06,SYS_160,AST_EE42B4EE,0.030077,0,0,60.0
INSP_9F4087AE,2026-02-06,SYS_174,AST_0CF3B1AB,0.205133,0,0,60.0
INSP_0828E315,2026-02-07,SYS_047,AST_BFCB2B08,0.237653,0,0,60.0
INSP_7018CDBC,2026-02-07,SYS_080,AST_2CC51A78,0.364031,0,0,60.0
INSP_562E46B2,2026-02-07,SYS_199,AST_92492C9A,0.309064,0,0,60.0
INSP_C69CFE57,2026-02-08,SYS_113,AST_177B93F0,-0.033382,0,0,60.0
INSP_E0A2DD0F,2026-02-09,SYS_028,AST_01BDCD63,0.470086,0,0,60.0
INSP_32DFB3E6,2026-02-09,SYS_074,AST_005C2060,0.459383,0,0,60.0
INSP_F36039DB,2026-02-09,SYS_093,AST_E008ABAF,0.460192,0,0,60.0
INSP_A76FE5B7,2026-02-09,SYS_169,AST_55F0F9F6,0.281778,0,0,60.0
INSP_2AFA013F,2026-02-13,SYS_123,AST_745D2B0D,0.421826,0,0,60.0
INSP_208F8991,2026-02-15,SYS_100,AST_5436F9AF,0.200316,0,0,60.0
INSP_27E1DACD,2026-02-17,SYS_059,AST_1F05FC1B,0.375824,0,0,60.0
INSP_7E4C38CC,2026-02-18,SYS_084,AST_F5A48F47,0.420596,0,0,60.0
INSP_B566837B,2026-02-19,SYS_177,AST_D268BF76,0.556946,0,0,60.0
INSP_8FA9161A,2026-02-19,SYS_193,AST_B624BE5F,0.329606,0,0,60.0
INSP_B0285E81,2026-02-20,SYS_033,AST_78A40885,0.124257,0,0,60.0
INSP_531421FF,2026-02-20,SYS_051,AST_8936EA7E,-0.157763,0,0,60.0
INSP_F0C8DE8D,2026-02-20,SYS_098,AST_336E36C7,0.379355,0,0,60.0
INSP_E16BE064,2026-02-20,SYS_105,AST_7866AE54,0.007682,0,0,60.0
INSP_E62D61CC,2026-02-20,SYS_154,AST_8779BF08,0.286659,0,0,60.0
INSP_2414FC42,2026-02-21,SYS_014,AST_C582AD53,0.334663,0,0,60.0
INSP_01534D34,2026-02-21,SYS_018,AST_D2AAE75F,0.262343,0,0,60.0
INSP_8F41BA33,2026-02-21,SYS_036,AST_ABE04F58,0.26303,0,0,60.0
INSP_9DB20812,2026-02-21,SYS_044,AST_24282EF9,0.419666,0,0,60.0
INSP_14A610D3,2026-02-21,SYS_120,AST_F223BB43,0.073341,0,0,60.0
INSP_62FE21C9,2026-02-21,SYS_157,AST_07151874,0.467863,0,0,60.0
INSP_464191C6,2026-02-22,SYS_024,AST_360766DC,0.247087,0,0,60.0
INSP_CE33DFB0,2026-02-22,SYS_140,AST_82DF0E33,0.868149,0,0,60.0
INSP_A6054FEA,2026-02-23,SYS_006,AST_01B706B3,0.08612,0,0,60.0
INSP_0D774060,2026-02-23,SYS_012,AST_400DB418,0.610057,0,0,60.0
INSP_B43FB0E8,2026-02-23,SYS_037,AST_12C3D6E6,0.55185,0,0,60.0
INSP_172EDB44,2026-02-23,SYS_041,AST_5F735C82,0.573343,0,0,60.0
INSP_668CE40A,2026-02-23,SYS_096,AST_757A2281,0.603447,0,0,60.0
INSP_F85541E0,2026-02-23,SYS_165,AST_849D44BE,0.370856,0,0,60.0
INSP_B0CDAC22,2026-02-23,SYS_176,AST_5DF61EE8,0.651816,0,0,60.0
INSP_9CDF9401,2026-02-24,SYS_015,AST_0CF332F9,0.331451,0,0,60.0
INSP_6F7BC5C6,2026-02-24,SYS_021,AST_47CEED8F,0.451774,0,0,60.0
INSP_FBD7DFAA,2026-02-24,SYS_030,AST_BC560A24,0.559441,0,0,60.0
INSP_043FD661,2026-02-24,SYS_045,AST_71683139,1.008115,0,1,60.0
INSP_34F8FCD8,2026-02-24,SYS_081,AST_2559F2BC,0.429703,0,0,60.0
INSP_0B05D2B9,2026-02-24,SYS_136,AST_46F2626C,0.461598,0,0,60.0
INSP_178C2B82,2026-02-24,SYS_163,AST_67436F82,0.109971,0,0,60.0
INSP_2B8B5EA8,2026-02-25,SYS_013,AST_0D114CD8,0.634895,0,0,60.0
INSP_E5D4CA6C,2026-02-25,SYS_017,AST_06D80C94,0.281465,0,0,60.0
INSP_C79E8E0E,2026-02-25,SYS_020,AST_A7767CC7,0.584419,0,0,60.0
INSP_7B06E23A,2026-02-25,SYS_023,AST_7155CAE3,0.228933,0,0,60.0
INSP_DB1F18FE,2026-02-25,SYS_040,AST_D89EE066,0.369404,0,0,60.0
INSP_6490CF63,2026-02-25,SYS_086,AST_0728AF86,0.412165,0,0,60.0
INSP_CFBB4202,2026-02-25,SYS_112,AST_72528000,0.71944,0,0,60.0
INSP_22312ED1,2026-02-25,SYS_132,AST_B471717C,0.159266,0,0,60.0
INSP_EBB2DBA0,2026-02-25,SYS_183,AST_3AC31DE4,0.230349,0,0,60.0
INSP_3008219A,2026-02-25,SYS_186,AST_5CB7885A,0.279079,0,0,60.0
INSP_D277B4BB,2026-02-26,SYS_043,AST_11D07EA3,0.387092,0,0,60.0
INSP_7BA3289B,2026-02-26,SYS_063,AST_54F1946F,0.464689,0,0,60.0
INSP_C87435CC,2026-02-26,SYS_073,AST_7072115A,0.315747,0,0,60.0
INSP_B0B0F378,2026-02-26,SYS_127,AST_E66E58BF,0.592011,0,0,60.0
INSP_5F5E6CD8,2026-02-26,SYS_162,AST_FA7C66DB,0.464118,0,0,60.0
INSP_45778FB4,2026-02-26,SYS_166,AST_DA889646,0.392043,0,0,60.0
INSP_5E466DA6,2026-02-26,SYS_182,AST_005BCD3C,0.357755,0,0,60.0
INSP_64B5A84D,2026-02-26,SYS_196,AST_83AEE438,0.687943,0,0,60.0
INSP_D8B41D19,2026-02-26,SYS_197,AST_C302525D,0.093462,0,0,60.0
INSP_2C76C808,2026-02-27,SYS_010,AST_BA1E579E,0.687241,0,0,60.0
INSP_FC53429C,2026-02-27,SYS_079,AST_F5251E52,0.334137,0,0,60.0
INSP_E6613D14,2026-02-27,SYS_091,AST_FF3BACB3,0.54608,0,0,60.0
INSP_D430E09E,2026-02-27,SYS_094,AST_DDF229A0,0.349688,0,0,60.0
INSP_05610E4D,2026-02-27,SYS_117,AST_62292464,0.267762,0,0,60.0
INSP_6884C675,2026-02-27,SYS_118,AST_CD01BE37,0.3521,0,0,60.0
INSP_FFEDFF3B,2026-02-27,SYS_119,AST_A9E07DCD,0.519189,0,0,60.0
INSP_F34B4AB2,2026-02-27,SYS_133,AST_36645A9F,0.46742,0,0,60.0
INSP_FDE3C94C,2026-02-27,SYS_137,AST_CC32FEC1,0.514035,0,0,60.0
INSP_51B477C0,2026-02-27,SYS_161,AST_D05D43D5,0.599059,0,0,60.0
INSP_C97A1A94,2026-02-27,SYS_179,AST_65CE1E5F,0.372819,0,0,60.0
INSP_C60F59C3,2026-02-27,SYS_188,AST_0D8C5A64,0.28613,0,0,60.0
INSP_42D92072,2026-02-27,SYS_198,AST_8C8EC664,0.414715,0,0,60.0
INSP_9CDD3401,2026-02-28,SYS_004,AST_34B81456,0.658997,0,0,60.0
INSP_122240F1,2026-02-28,SYS_009,AST_59AE948D,0.312047,0,0,60.0
INSP_326E88AE,2026-02-28,SYS_019,AST_295F6162,0.372965,0,0,60.0
INSP_D83F0202,2026-02-28,SYS_031,AST_9FC6C1DF,0.291921,0,0,60.0
INSP_3C64E2FF,2026-02-28,SYS_038,AST_C09E7897,0.393204,0,0,60.0
INSP_6BE17B45,2026-02-28,SYS_050,AST_F69AFC56,0.697615,0,0,60.0
INSP_318E1920,2026-02-28,SYS_065,AST_C0195FDC,0.61291,0,0,60.0
INSP_D08C3716,2026-02-28,SYS_076,AST_F603957B,0.284118,0,0,60.0
INSP_9D0EE365,2026-02-28,SYS_078,AST_22724B56,0.636669,0,0,60.0
INSP_D4BA81B5,2026-02-28,SYS_101,AST_199E4ED5,0.201567,0,0,60.0
INSP_82E7DB8B,2026-02-28,SYS_141,AST_C841EE03,0.493577,0,0,60.0
INSP_D716CA7E,2026-02-28,SYS_152,AST_A78D477C,0.300752,0,0,60.0
INSP_F34AFC11,2026-02-28,SYS_158,AST_FA571F5C,0.57925,0,0,60.0
INSP_59D63A75,2026-02-28,SYS_164,AST_79E11B35,0.572246,0,0,60.0
INSP_6E4B4EAF,2026-02-28,SYS_171,AST_BFB41487,0.475161,0,0,60.0
INSP_E187B40D,2026-02-28,SYS_172,AST_ADEC264C,0.306878,0,0,60.0
INSP_5B943844,2026-03-01,SYS_001,AST_5733BC75,0.68811,0,0,60.0
INSP_CC5B650E,2026-03-01,SYS_056,AST_1FD22902,0.713327,0,0,60.0
INSP_5D91C5E0,2026-03-01,SYS_085,AST_BC13EB44,0.425756,0,0,60.0
INSP_B07E912E,2026-03-01,SYS_114,AST_71208FE4,0.292548,0,0,60.0
INSP_D5CAFC5C,2026-03-01,SYS_134,AST_513E84BA,0.45221,0,0,60.0
INSP_584026DE,2026-03-01,SYS_142,AST_A42F6532,0.255925,0,0,60.0
INSP_78C3141B,2026-03-01,SYS_147,AST_059BC199,0.073119,0,0,60.0
INSP_58B28BFC,2026-03-01,SYS_155,AST_EB9D2923,0.827513,0,0,60.0
INSP_2D0373AA,2026-03-01,SYS_170,AST_41E4C47D,0.578714,0,0,60.0
INSP_96EF0EE4,2026-03-01,SYS_187,AST_423F5534,0.471738,0,0,60.0
INSP_E8B7EFCA,2026-03-02,SYS_005,AST_2355582B,0.478268,0,0,60.0
INSP_B6B11DC1,2026-03-02,SYS_027,AST_F62C7205,0.358082,0,0,60.0
INSP_57916233,2026-03-02,SYS_039,AST_0C2D90D2,0.302324,0,0,60.0
INSP_7DE8A1BE,2026-03-02,SYS_048,AST_B7D85950,0.2218,0,0,60.0
INSP_042765A6,2026-03-02,SYS_055,AST_65BC7AF4,0.400348,0,0,60.0
INSP_FB009072,2026-03-02,SYS_058,AST_CC418360,0.533999,0,0,60.0
INSP_516666B8,2026-03-02,SYS_067,AST_5CA81E57,0.38594,0,0,60.0
INSP_5EE6AFD7,2026-03-02,SYS_072,AST_2677C73B,0.391251,0,0,60.0
INSP_43F92422,2026-03-02,SYS_075,AST_E60AAA9C,0.256364,0,0,60.0
INSP_62291D88,2026-03-02,SYS_082,AST_677BB75C,0.342909,0,0,60.0
INSP_0A82AB59,2026-03-02,SYS_110,AST_FED5DCED,0.733211,0,0,60.0
INSP_F796CAC7,2026-03-02,SYS_121,AST_57E427AB,0.314114,0,0,60.0
INSP_3D82A6E0,2026-03-02,SYS_130,AST_3A50A6C8,0.070109,0,0,60.0
INSP_7A18A829,2026-03-02,SYS_138,AST_BDEBA9F4,0.408581,0,0,60.0
INSP_0037D6A5,2026-03-02,SYS_167,AST_BF41CB64,0.523178,0,0,60.0
INSP_526A8F51,2026-03-03,SYS_032,AST_A2D2456E,0.656144,0,0,60.0
INSP_4A8AAF48,2026-03-03,SYS_060,AST_93EE11F2,0.274898,0,0,60.0
INSP_4C6CF65A,2026-03-03,SYS_077,AST_71806DDB,0.581186,0,0,60.0
INSP_5F8C4395,2026-03-03,SYS_103,AST_E421B8F7,0.78103,0,0,60.0
INSP_21C3DDD1,2026-03-03,SYS_108,AST_8823CDE5,0.608654,0,0,60.0
INSP_D9491946,2026-03-03,SYS_109,AST_0C852F01,0.614958,0,0,60.0
INSP_E207F5E8,2026-03-03,SYS_111,AST_9DD15F47,0.019724,0,0,60.0
INSP_CD57C023,2026-03-03,SYS_128,AST_D607EFBB,0.37432,0,0,60.0
INSP_4F410949,2026-03-03,SYS_153,AST_416FD4D1,0.475774,0,0,60.0
INSP_DC2B2B31,2026-03-03,SYS_181,AST_69222B18,0.945976,0,0,60.0
INSP_729A927D,2026-03-03,SYS_189,AST_BA2068C4,0.500181,0,0,60.0
INSP_AB78D65C,2026-03-04,SYS_042,AST_85108019,0.409447,0,0,60.0
INSP_75CBBE69,2026-03-04,SYS_046,AST_B6A18F44,0.228576,0,0,60.0
INSP_8A8DB87F,2026-03-04,SYS_083,AST_35C2C263,0.655663,0,0,60.0
INSP_7E3B21A6,2026-03-04,SYS_087,AST_CEA7BD4E,0.65972,0,0,60.0
INSP_5B55A7DC,2026-03-04,SYS_090,AST_3E900085,0.328827,0,0,60.0
INSP_5524D4FC,2026-03-04,SYS_107,AST_0C8966EF,0.077452,0,0,60.0
INSP_99CAEA80,2026-03-04,SYS_125,AST_3F4357D4,0.765441,0,0,60.0
INSP_F875451E,2026-03-04,SYS_129,AST_B8F71FDD,0.646686,0,0,60.0
INSP_F6CA9D3A,2026-03-04,SYS_131,AST_348BD6C0,0.1471,0,0,60.0
INSP_ABE383E2,2026-03-04,SYS_139,AST_594EB63A,0.450436,0,0,60.0
INSP_86DEF99F,2026-03-04,SYS_144,AST_E96A36D9,0.636715,0,0,60.0
INSP_F70867C2,2026-03-04,SYS_146,AST_1B8D46F6,0.075811,0,0,60.0
INSP_38E6B0DF,2026-03-04,SYS_173,AST_761AB970,0.866883,0,0,60.0
INSP_5A47BD93,2026-03-05,SYS_049,AST_8B590081,0.637122,0,0,60.0
INSP_57F0FD7C,2026-03-05,SYS_061,AST_A35FE079,0.654085,0,0,60.0
INSP_6BB35A40,2026-03-05,SYS_089,AST_F3FA3B59,0.56502,0,0,60.0
INSP_53E556BC,2026-03-05,SYS_092,AST_A654FA74,0.314076,0,0,60.0
INSP_28F4E763,2026-03-05,SYS_102,AST_D4717E02,0.236219,0,0,60.0
INSP_A54D8881,2026-03-05,SYS_115,AST_E485A485,0.415013,0,0,60.0
INSP_63A3857F,2026-03-05,SYS_124,AST_C6FED7CE,0.816948,0,0,60.0
INSP_1AAB1393,2026-03-05,SYS_151,AST_0CA6C74F,0.891412,0,0,60.0
INSP_7B7FD01A,2026-03-05,SYS_185,AST_A2B95F2A,0.524967,0,0,60.0
INSP_82A3AD74,2026-03-05,SYS_192,AST_149EEDF0,0.292686,0,0,60.0
INSP_FE3C919F,2026-03-06,SYS_016,AST_75491F89,0.454714,0,0,60.0
INSP_469E0C4C,2026-03-06,SYS_026,AST_DC1A2F24,0.247976,0,0,60.0
INSP_A01652BF,2026-03-06,SYS_029,AST_72182962,0.218868,0,0,60.0
INSP_A498B720,2026-03-06,SYS_035,AST_EC002B8E,0.438698,0,0,60.0
INSP_B285CA8D,2026-03-06,SYS_057,AST_3260BE22,0.484158,0,0,60.0
INSP_6829AAF2,2026-03-06,SYS_062,AST_E6F98CD6,0.264614,0,0,60.0
INSP_9B222FC6,2026-03-06,SYS_071,AST_E62B116D,0.270306,0,0,60.0
INSP_DDBB696F,2026-03-06,SYS_097,AST_78B2DAF5,0.789213,0,0,60.0
INSP_D44831FD,2026-03-06,SYS_099,AST_2E2BCA5E,0.528396,0,0,60.0
INSP_E3E9DBB2,2026-03-06,SYS_168,AST_FB44B477,0.400587,0,0,60.0
INSP_7763CAB9,2026-03-06,SYS_194,AST_AFC2A365,0.506817,0,0,60.0
INSP_1057B579,2026-03-07,SYS_002,AST_8C3021C3,0.409369,0,0,60.0
INSP_8AFBE6A7,2026-03-07,SYS_007,AST_48BC3EF9,0.42998,0,0,60.0
INSP_DAAC3D83,2026-03-07,SYS_022,AST_3A3ABCBA,0.512523,0,0,60.0
INSP_562D48A2,2026-03-07,SYS_025,AST_E767A2E7,0.420423,0,0,60.0
INSP_26ECB411,2026-03-07,SYS_034,AST_898B9A3E,0.294023,0,0,60.0
INSP_1CAD3EFD,2026-03-07,SYS_068,AST_E6CD9897,0.990367,0,0,60.0
INSP_512DB73E,2026-03-07,SYS_080,AST_2CC51A78,0.353302,0,0,60.0
INSP_05975A84,2026-03-07,SYS_095,AST_F7A145A0,0.651502,0,0,60.0
INSP_AD4CE7E4,2026-03-07,SYS_104,AST_34B52F7C,0.366401,0,0,60.0
INSP_490A3EB1,2026-03-07,SYS_106,AST_F68C2B16,0.498012,0,0,60.0
INSP_1D7519A7,2026-03-07,SYS_113,AST_177B93F0,0.262204,0,0,60.0
INSP_245F8579,2026-03-07,SYS_116,AST_AA3DF989,0.70732,0,0,60.0
INSP_CBF0EAA5,2026-03-07,SYS_135,AST_33AE7546,0.674463,0,0,60.0
INSP_ED7B419A,2026-03-07,SYS_178,AST_FB8BAAE3,0.466255,0,0,60.0
INSP_DBC5EAA6,2026-03-07,SYS_190,AST_FDA57079,0.488798,0,0,60.0
INSP_27E58582,2026-03-08,SYS_003,AST_10E8FC0A,0.625409,0,0,60.0
INSP_31F329C0,2026-03-08,SYS_064,AST_6BB62FDB,0.399099,0,0,60.0
INSP_F80F4D99,2026-03-08,SYS_066,AST_F5795CF8,0.623767,0,0,60.0
INSP_1516E53C,2026-03-08,SYS_149,AST_A36B2B62,0.800714,0,0,60.0
INSP_CA403652,2026-03-08,SYS_150,AST_4A9758F4,0.456753,0,0,60.0
INSP_2EE01294,2026-03-08,SYS_156,AST_C014C40A,0.620275,0,0,60.0
INSP_AFB4D5E0,2026-03-08,SYS_159,AST_09334FDB,0.34112,0,0,60.0
INSP_89251CB1,2026-03-08,SYS_169,AST_55F0F9F6,0.58281,0,0,60.0
INSP_DB91536F,2026-03-08,SYS_175,AST_987787EC,0.45397,0,0,60.0
INSP_AD3C21FE,2026-03-08,SYS_184,AST_F713DE74,0.379287,0,0,60.0
INSP_5B0115D3,2026-03-09,SYS_008,AST_18D5AB2B,0.764311,0,0,60.0
INSP_681EDC0B,2026-03-09,SYS_047,AST_BFCB2B08,0.712429,0,0,60.0
INSP_B329697C,2026-03-09,SYS_093,AST_E008ABAF,0.511007,0,0,60.0
INSP_72583794,2026-03-09,SYS_143,AST_F29B86AB,0.481802,0,0,60.0
INSP_CF5232E4,2026-03-09,SYS_174,AST_0CF3B1AB,0.759267,0,0,60.0
INSP_12D5EFAB,2026-03-09,SYS_191,AST_28102D1A,0.561357,0,0,60.0
INSP_790A216C,2026-03-10,SYS_052,AST_79A75A88,1.108966,0,1,60.0
INSP_B02233A0,2026-03-10,SYS_074,AST_005C2060,0.202763,0,0,60.0
INSP_99BA8B37,2026-03-10,SYS_123,AST_745D2B0D,0.138984,0,0,60.0
INSP_8523EE6F,2026-03-10,SYS_145,AST_C80BFBDE,0.622867,0,0,60.0
INSP_930A7B31,2026-03-11,SYS_011,AST_C95E4C36,0.330024,0,0,60.0
INSP_0BDE1235,2026-03-11,SYS_195,AST_112DC772,0.517551,0,0,60.0
INSP_66FAF4A8,2026-03-12,SYS_000,AST_611BCAFE,0.359669,0,0,60.0
INSP_1D84E355,2026-03-12,SYS_069,AST_2CCCF5B1,0.721204,0,0,60.0
INSP_2D952E31,2026-03-12,SYS_199,AST_92492C9A,0.416484,0,0,60.0
INSP_534E0EA4,2026-03-13,SYS_053,AST_1421CD29,0.237395,0,0,60.0
INSP_4EAF6471,2026-03-13,SYS_088,AST_60C93140,0.273259,0,0,60.0
INSP_70B5EEEB,2026-03-13,SYS_122,AST_0A8960BD,0.603811,0,0,60.0
INSP_AF4BD15D,2026-03-13,SYS_148,AST_0CAAF0CA,0.623722,0,0,60.0
INSP_E599ECBA,2026-03-14,SYS_028,AST_01BDCD63,1.009973,0,1,60.0
INSP_0BE84FD0,2026-03-14,SYS_033,AST_78A40885,0.738669,0,0,60.0
INSP_CFE0209A,2026-03-14,SYS_084,AST_F5A48F47,0.398196,0,0,60.0
INSP_8A6803A1,2026-03-14,SYS_126,AST_BCC36F08,0.738937,0,0,60.0
INSP_6230B7D4,2026-03-14,SYS_160,AST_EE42B4EE,0.487319,0,0,60.0
INSP_224C62D6,2026-03-14,SYS_180,AST_ABEDAC5D,0.669951,0,0,60.0
INSP_323B6A86,2026-03-16,SYS_070,AST_EF1723A7,0.384752,0,0,60.0
INSP_B5F34116,2026-03-17,SYS_100,AST_5436F9AF,0.041723,0,0,60.0
INSP_4D6C4C3E,2026-03-18,SYS_044,AST_24282EF9,0.186871,0,0,60.0
INSP_331C763E,2026-03-18,SYS_054,AST_C88F0D7A,0.45995,0,0,60.0
INSP_31FF3332,2026-03-18,SYS_096,AST_757A2281,0.496885,0,0,60.0
INSP_A64A0977,2026-03-19,SYS_059,AST_1F05FC1B,0.500502,0,0,60.0
INSP_6CD85420,2026-03-20,SYS_024,AST_360766DC,0.458245,0,0,60.0
INSP_D3FB95EF,2026-03-20,SYS_188,AST_0D8C5A64,0.822899,0,0,60.0
INSP_F8D4ACD6,2026-03-22,SYS_050,AST_F69AFC56,0.562037,0,0,60.0
INSP_A9AC18EC,2026-03-22,SYS_098,AST_336E36C7,0.599863,0,0,60.0
INSP_01572E8D,2026-03-22,SYS_154,AST_8779BF08,0.703362,0,0,60.0
INSP_D8AE55A9,2026-03-22,SYS_176,AST_5DF61EE8,0.482847,0,0,60.0
INSP_5CCF06F3,2026-03-22,SYS_193,AST_B624BE5F,0.882534,0,0,60.0
INSP_00890329,2026-03-23,SYS_017,AST_06D80C94,0.756664,0,0,60.0
INSP_A0936317,2026-03-23,SYS_041,AST_5F735C82,0.53011,0,0,60.0
INSP_3B419BEB,2026-03-23,SYS_065,AST_C0195FDC,0.58866,0,0,60.0
INSP_1A0510E2,2026-03-23,SYS_073,AST_7072115A,0.576038,0,0,60.0
INSP_D48AAEAD,2026-03-23,SYS_112,AST_72528000,0.860116,0,0,60.0
INSP_2E5C9CA2,2026-03-23,SYS_117,AST_62292464,0.688016,0,0,60.0
INSP_F340D9EE,2026-03-23,SYS_183,AST_3AC31DE4,0.430921,0,0,60.0
INSP_F8CAB026,2026-03-24,SYS_036,AST_ABE04F58,0.652503,0,0,60.0
INSP_71393914,2026-03-24,SYS_120,AST_F223BB43,0.427896,0,0,60.0
INSP_FDE7D578,2026-03-24,SYS_127,AST_E66E58BF,0.842094,0,0,60.0
INSP_4FE02BEA,2026-03-24,SYS_162,AST_FA7C66DB,0.468303,0,0,60.0
INSP_79EE96EB,2026-03-24,SYS_177,AST_D268BF76,0.478986,0,0,60.0
INSP_321F78C8,2026-03-24,SYS_182,AST_005BCD3C,0.423694,0,0,60.0
INSP_2ADF8B36,2026-03-24,SYS_197,AST_C302525D,0.873492,0,0,60.0
INSP_57D280D7,2026-03-25,SYS_013,AST_0D114CD8,0.47836,0,0,60.0
INSP_26BA986D,2026-03-25,SYS_014,AST_C582AD53,0.611799,0,0,60.0
INSP_12F6FD43,2026-03-25,SYS_015,AST_0CF332F9,0.853788,0,0,60.0
INSP_31667BAC,2026-03-25,SYS_051,AST_8936EA7E,0.549216,0,0,60.0
INSP_706EE78D,2026-03-25,SYS_133,AST_36645A9F,0.951801,0,0,60.0
INSP_986CD9D6,2026-03-25,SYS_136,AST_46F2626C,0.476132,0,0,60.0
INSP_1C6B165B,2026-03-25,SYS_165,AST_849D44BE,0.663452,0,0,60.0
INSP_68825F3F,2026-03-25,SYS_186,AST_5CB7885A,0.167575,0,0,60.0
INSP_62F6DE4B,2026-03-25,SYS_196,AST_83AEE438,0.918554,0,0,60.0
INSP_05A9FEE8,2026-03-25,SYS_198,AST_8C8EC664,0.616147,0,0,60.0
INSP_AC928725,2026-03-26,SYS_012,AST_400DB418,0.709932,0,0,60.0
INSP_ABBCB4BC,2026-03-26,SYS_048,AST_B7D85950,0.638938,0,0,60.0
INSP_9390E765,2026-03-26,SYS_101,AST_199E4ED5,0.725783,0,0,60.0
INSP_CB9F454D,2026-03-26,SYS_157,AST_07151874,0.819271,0,0,60.0
INSP_7D285FFC,2026-03-26,SYS_163,AST_67436F82,0.681529,0,0,60.0
INSP_9EB0AD58,2026-03-27,SYS_001,AST_5733BC75,0.786144,0,0,60.0
INSP_DCA27D88,2026-03-27,SYS_004,AST_34B81456,0.296017,0,0,60.0
INSP_B74E1236,2026-03-27,SYS_010,AST_BA1E579E,0.552883,0,0,60.0
INSP_59216157,2026-03-27,SYS_030,AST_BC560A24,0.958223,0,0,60.0
INSP_70A1F446,2026-03-27,SYS_034,AST_898B9A3E,0.882643,0,0,60.0
INSP_176130E8,2026-03-27,SYS_037,AST_12C3D6E6,0.804259,0,0,60.0
INSP_0780D718,2026-03-27,SYS_043,AST_11D07EA3,0.58767,0,0,60.0
INSP_ADC046AB,2026-03-27,SYS_045,AST_71683139,-0.058994,0,0,60.0
INSP_9E1C4261,2026-03-27,SYS_058,AST_CC418360,0.409186,0,0,60.0
INSP_9DE37E70,2026-03-27,SYS_077,AST_71806DDB,0.238761,0,0,60.0
INSP_F837338F,2026-03-27,SYS_105,AST_7866AE54,0.886424,0,0,60.0
INSP_9259AF68,2026-03-27,SYS_140,AST_82DF0E33,0.514284,0,0,60.0
INSP_5F6BF166,2026-03-27,SYS_158,AST_FA571F5C,1.121541,0,1,60.0
INSP_FD96ED28,2026-03-27,SYS_164,AST_79E11B35,0.791777,0,0,60.0
INSP_F5556153,2026-03-27,SYS_167,AST_BF41CB64,0.411947,0,0,60.0
INSP_533541AE,2026-03-27,SYS_173,AST_761AB970,0.880024,0,0,60.0
INSP_FFCF5C56,2026-03-27,SYS_179,AST_65CE1E5F,0.27231,0,0,60.0
INSP_95DBB053,2026-03-28,SYS_018,AST_D2AAE75F,0.702583,0,0,60.0
INSP_D815E6C6,2026-03-28,SYS_067,AST_5CA81E57,0.887814,0,0,60.0
INSP_21998266,2026-03-28,SYS_076,AST_F603957B,0.27066,0,0,60.0
INSP_DBFF6D9D,2026-03-28,SYS_079,AST_F5251E52,0.775169,0,0,60.0
INSP_3364D615,2026-03-28,SYS_119,AST_A9E07DCD,0.502976,0,0,60.0
INSP_C05B468B,2026-03-28,SYS_132,AST_B471717C,0.703228,0,0,60.0
INSP_43D1CCA9,2026-03-28,SYS_151,AST_0CA6C74F,0.589239,0,0,60.0
INSP_B5DE52E0,2026-03-28,SYS_153,AST_416FD4D1,0.718713,0,0,60.0
INSP_C71E613E,2026-03-28,SYS_161,AST_D05D43D5,0.740808,0,0,60.0
INSP_AA1F6283,2026-03-29,SYS_021,AST_47CEED8F,0.601747,0,0,60.0
INSP_93C2B38E,2026-03-29,SYS_031,AST_9FC6C1DF,0.561307,0,0,60.0
INSP_A51F82E5,2026-03-29,SYS_040,AST_D89EE066,0.454164,0,0,60.0
INSP_A1A4141A,2026-03-29,SYS_046,AST_B6A18F44,0.823866,0,0,60.0
INSP_FDF07B91,2026-03-29,SYS_055,AST_65BC7AF4,0.657198,0,0,60.0
INSP_E7EFF0A3,2026-03-29,SYS_081,AST_2559F2BC,0.529255,0,0,60.0
INSP_439863D6,2026-03-29,SYS_114,AST_71208FE4,0.485544,0,0,60.0
INSP_3B76EE01,2026-03-29,SYS_134,AST_513E84BA,0.860944,0,0,60.0
INSP_C70F6FA3,2026-03-29,SYS_141,AST_C841EE03,0.805644,0,0,60.0
INSP_1ADD437E,2026-03-29,SYS_147,AST_059BC199,0.522853,0,0,60.0
INSP_83BBA9ED,2026-03-29,SYS_171,AST_BFB41487,0.650763,0,0,60.0
INSP_923FE853,2026-03-30,SYS_020,AST_A7767CC7,0.905498,0,0,60.0
INSP_D5F66582,2026-03-30,SYS_025,AST_E767A2E7,0.825647,0,0,60.0
INSP_9568D118,2026-03-30,SYS_026,AST_DC1A2F24,0.652399,0,0,60.0
INSP_C2539A28,2026-03-30,SYS_038,AST_C09E7897,0.874678,0,0,60.0
INSP_7EA4F733,2026-03-30,SYS_091,AST_FF3BACB3,0.76906,0,0,60.0
INSP_F60599B1,2026-03-30,SYS_128,AST_D607EFBB,0.705507,0,0,60.0
INSP_E00F8A9E,2026-03-30,SYS_166,AST_DA889646,0.713718,0,0,60.0
INSP_DB7B149F,2026-03-31,SYS_090,AST_3E900085,0.926506,0,0,60.0
INSP_1D0E4E2A,2026-03-31,SYS_152,AST_A78D477C,0.581306,0,0,60.0
INSP_A357CE6C,2026-03-31,SYS_170,AST_41E4C47D,0.972835,0,0,60.0
INSP_4C2077E0,2026-04-01,SYS_009,AST_59AE948D,0.359929,0,0,60.0
INSP_DFEF0AD1,2026-04-01,SYS_023,AST_7155CAE3,0.476468,0,0,60.0
INSP_6C8E630B,2026-04-01,SYS_042,AST_85108019,1.193192,0,1,60.0
INSP_CC1F8D1C,2026-04-01,SYS_052,AST_79A75A88,0.300444,0,0,60.0
INSP_A4522E76,2026-04-01,SYS_063,AST_54F1946F,0.568772,0,0,60.0
INSP_F748EFE1,2026-04-01,SYS_072,AST_2677C73B,0.567133,0,0,60.0
INSP_69DFE635,2026-04-01,SYS_075,AST_E60AAA9C,0.528566,0,0,60.0
INSP_B41F407C,2026-04-01,SYS_086,AST_0728AF86,0.55432,0,0,60.0
INSP_1AA1351D,2026-04-01,SYS_103,AST_E421B8F7,0.867551,0,0,60.0
INSP_6E7E54F8,2026-04-01,SYS_106,AST_F68C2B16,0.44734,0,0,60.0
INSP_41FA90DC,2026-04-01,SYS_108,AST_8823CDE5,0.632246,0,0,60.0
INSP_8825420C,2026-04-01,SYS_115,AST_E485A485,0.680054,0,0,60.0
INSP_3EF6FA3B,2026-04-01,SYS_118,AST_CD01BE37,0.774214,0,0,60.0
INSP_237F82E3,2026-04-01,SYS_137,AST_CC32FEC1,0.577493,0,0,60.0
INSP_664D9D0E,2026-04-01,SYS_146,AST_1B8D46F6,1.107208,0,1,60.0
INSP_DF9C52F9,2026-04-01,SYS_172,AST_ADEC264C,1.026362,0,1,60.0
INSP_D1956E03,2026-04-02,SYS_006,AST_01B706B3,0.699226,0,0,60.0
INSP_0AD3782C,2026-04-02,SYS_032,AST_A2D2456E,0.497027,0,0,60.0
INSP_58F10CE5,2026-04-02,SYS_035,AST_EC002B8E,0.665833,0,0,60.0
INSP_824367A2,2026-04-02,SYS_066,AST_F5795CF8,0.763936,0,0,60.0
INSP_3F5756B0,2026-04-02,SYS_085,AST_BC13EB44,0.517775,0,0,60.0
INSP_21DD0727,2026-04-02,SYS_107,AST_0C8966EF,0.722883,0,0,60.0
INSP_4029E033,2026-04-02,SYS_110,AST_FED5DCED,0.868887,0,0,60.0
INSP_30D76AF4,2026-04-02,SYS_116,AST_AA3DF989,0.717528,0,0,60.0
INSP_A4EBD454,2026-04-02,SYS_138,AST_BDEBA9F4,0.83286,0,0,60.0
INSP_BEC8A4F0,2026-04-02,SYS_139,AST_594EB63A,1.074715,0,1,60.0
INSP_C2A6FA0A,2026-04-02,SYS_155,AST_EB9D2923,0.351394,0,0,60.0
INSP_77F6910C,2026-04-02,SYS_181,AST_69222B18,0.348246,0,0,60.0
INSP_FC941482,2026-04-03,SYS_068,AST_E6CD9897,0.783614,0,0,60.0
INSP_7B65B8A4,2026-04-03,SYS_094,AST_DDF229A0,0.654175,0,0,60.0
INSP_C4E22AEE,2026-04-03,SYS_109,AST_0C852F01,0.863152,0,0,60.0
INSP_8BF3F90B,2026-04-03,SYS_113,AST_177B93F0,0.932025,0,0,60.0
INSP_A7BDFF60,2026-04-03,SYS_124,AST_C6FED7CE,1.037463,0,1,60.0
INSP_75C022FE,2026-04-03,SYS_145,AST_C80BFBDE,0.761951,0,0,60.0
INSP_C37FE0B1,2026-04-03,SYS_189,AST_BA2068C4,0.419062,0,0,60.0
INSP_A00A8031,2026-04-03,SYS_194,AST_AFC2A365,0.854612,0,0,60.0
INSP_87C2A835,2026-04-04,SYS_016,AST_75491F89,0.899659,0,0,60.0
INSP_79936D30,2026-04-04,SYS_027,AST_F62C7205,0.500757,0,0,60.0
INSP_E89F8D20,2026-04-04,SYS_029,AST_72182962,0.671895,0,0,60.0
INSP_7FC2E996,2026-04-04,SYS_056,AST_1FD22902,0.722817,0,0,60.0
INSP_E3835189,2026-04-04,SYS_062,AST_E6F98CD6,0.977373,0,0,60.0
INSP_9C50DC0E,2026-04-04,SYS_069,AST_2CCCF5B1,0.94584,0,0,60.0
INSP_A738A206,2026-04-04,SYS_083,AST_35C2C263,0.90071,0,0,60.0
INSP_D51EE67A,2026-04-04,SYS_092,AST_A654FA74,1.030491,0,1,60.0
INSP_4C59567A,2026-04-04,SYS_104,AST_34B52F7C,0.629621,0,0,60.0
INSP_3C1A6FB9,2026-04-04,SYS_121,AST_57E427AB,0.947558,0,0,60.0
INSP_9308994D,2026-04-04,SYS_129,AST_B8F71FDD,0.391505,0,0,60.0
INSP_128DA65A,2026-04-04,SYS_192,AST_149EEDF0,0.794678,0,0,60.0
INSP_7E65F2DA,2026-04-05,SYS_003,AST_10E8FC0A,0.752271,0,0,60.0
INSP_0D6975DD,2026-04-05,SYS_005,AST_2355582B,0.334118,0,0,60.0
INSP_BD181CD4,2026-04-05,SYS_033,AST_78A40885,0.66003,0,0,60.0
INSP_46531968,2026-04-05,SYS_039,AST_0C2D90D2,0.718095,0,0,60.0
INSP_2F56C473,2026-04-05,SYS_061,AST_A35FE079,0.810817,0,0,60.0
INSP_80B715FA,2026-04-05,SYS_078,AST_22724B56,0.737148,0,0,60.0
INSP_62E8BA7B,2026-04-05,SYS_099,AST_2E2BCA5E,0.706764,0,0,60.0
INSP_0003A283,2026-04-05,SYS_135,AST_33AE7546,1.130004,0,1,60.0
INSP_C6355428,2026-04-06,SYS_019,AST_295F6162,0.639192,0,0,60.0
INSP_F0620EA5,2026-04-06,SYS_057,AST_3260BE22,0.571433,0,0,60.0
INSP_46719F60,2026-04-06,SYS_087,AST_CEA7BD4E,1.044532,0,1,60.0
INSP_A483AB39,2026-04-06,SYS_095,AST_F7A145A0,0.903018,0,0,60.0
INSP_3DB14FB2,2026-04-06,SYS_130,AST_3A50A6C8,0.773769,0,0,60.0
INSP_28100A0F,2026-04-06,SYS_142,AST_A42F6532,0.539848,0,0,60.0
INSP_DAD2A764,2026-04-06,SYS_185,AST_A2B95F2A,1.012945,0,1,60.0
INSP_1D249047,2026-04-06,SYS_187,AST_423F5534,0.836256,0,0,60.0
INSP_BB2D49B3,2026-04-07,SYS_002,AST_8C3021C3,0.778067,0,0,60.0
INSP_D991D32A,2026-04-07,SYS_007,AST_48BC3EF9,0.751395,0,0,60.0
INSP_9DA7BD53,2026-04-07,SYS_049,AST_8B590081,0.500044,0,0,60.0
INSP_ADD5692E,2026-04-07,SYS_102,AST_D4717E02,0.963708,0,0,60.0
INSP_4CABCB1B,2026-04-07,SYS_159,AST_09334FDB,0.885941,0,0,60.0
INSP_4D81E365,2026-04-07,SYS_168,AST_FB44B477,0.544501,0,0,60.0
INSP_72F6D2F2,2026-04-07,SYS_184,AST_F713DE74,0.885798,0,0,60.0
INSP_5844665C,2026-04-07,SYS_190,AST_FDA57079,0.622271,0,0,60.0
INSP_AC2A6CBE,2026-04-08,SYS_011,AST_C95E4C36,1.338534,0,1,60.0
INSP_321CDEAC,2026-04-08,SYS_064,AST_6BB62FDB,0.651957,0,0,60.0
INSP_9E28C0F3,2026-04-08,SYS_074,AST_005C2060,0.425202,0,0,60.0
INSP_8DFB0103,2026-04-08,SYS_111,AST_9DD15F47,0.777808,0,0,60.0
INSP_1E39549F,2026-04-08,SYS_150,AST_4A9758F4,0.430607,0,0,60.0
INSP_ECF88175,2026-04-08,SYS_174,AST_0CF3B1AB,0.468928,0,0,60.0
INSP_CCAE4955,2026-04-08,SYS_195,AST_112DC772,0.757487,0,0,60.0
INSP_B12E07E0,2026-04-09,SYS_000,AST_611BCAFE,1.044172,0,1,60.0
INSP_612555C4,2026-04-09,SYS_047,AST_BFCB2B08,0.735032,0,0,60.0
INSP_D15C1678,2026-04-09,SYS_097,AST_78B2DAF5,0.860607,0,0,60.0
INSP_99DF7004,2026-04-09,SYS_125,AST_3F4357D4,0.868206,0,0,60.0
INSP_9389308A,2026-04-09,SYS_144,AST_E96A36D9,1.180271,0,1,60.0
INSP_A2F44114,2026-04-09,SYS_175,AST_987787EC,0.86683,0,0,60.0
INSP_76975311,2026-04-09,SYS_178,AST_FB8BAAE3,0.807019,0,0,60.0
INSP_A0B774D0,2026-04-09,SYS_199,AST_92492C9A,0.542726,0,0,60.0
INSP_38A703FB,2026-04-10,SYS_008,AST_18D5AB2B,0.549787,0,0,60.0
INSP_A093DD1D,2026-04-10,SYS_044,AST_24282EF9,0.639053,0,0,60.0
INSP_69B13056,2026-04-10,SYS_096,AST_757A2281,0.888511,0,0,60.0
INSP_A07F6B6F,2026-04-10,SYS_143,AST_F29B86AB,0.62233,0,0,60.0
INSP_F2978322,2026-04-11,SYS_080,AST_2CC51A78,0.758956,0,0,60.0
INSP_B240C1F1,2026-04-11,SYS_131,AST_348BD6C0,0.88458,0,0,60.0
INSP_71CE0D93,2026-04-11,SYS_148,AST_0CAAF0CA,0.807469,0,0,60.0
INSP_3BE9D942,2026-04-11,SYS_191,AST_28102D1A,0.839258,0,0,60.0
INSP_1628D0D7,2026-04-12,SYS_054,AST_C88F0D7A,0.798473,0,0,60.0
INSP_C989DED7,2026-04-12,SYS_060,AST_93EE11F2,0.513677,0,0,60.0
INSP_0936A4C8,2026-04-12,SYS_071,AST_E62B116D,0.809558,0,0,60.0
INSP_A610868E,2026-04-12,SYS_082,AST_677BB75C,0.747054,0,0,60.0
INSP_6F0F0D2D,2026-04-12,SYS_089,AST_F3FA3B59,0.829936,0,0,60.0
INSP_FCA58209,2026-04-12,SYS_123,AST_745D2B0D,0.558228,0,0,60.0
INSP_289B423B,2026-04-12,SYS_126,AST_BCC36F08,0.776581,0,0,60.0
INSP_0CA3AC61,2026-04-12,SYS_149,AST_A36B2B62,0.557205,0,0,60.0
INSP_A38CA8DC,2026-04-13,SYS_022,AST_3A3ABCBA,0.578628,0,0,60.0
INSP_28070182,2026-04-13,SYS_093,AST_E008ABAF,0.83849,0,0,60.0
INSP_9490CAB9,2026-04-13,SYS_169,AST_55F0F9F6,0.912439,0,0,60.0
INSP_D72E553A,2026-04-14,SYS_070,AST_EF1723A7,0.677704,0,0,60.0
INSP_EC118163,2026-04-14,SYS_156,AST_C014C40A,0.900047,0,0,60.0
INSP_DD5C90B1,2026-04-15,SYS_017,AST_06D80C94,0.84779,0,0,60.0
INSP_E354B0CF,2026-04-15,SYS_122,AST_0A8960BD,0.69042,0,0,60.0
INSP_363F02F2,2026-04-15,SYS_182,AST_005BCD3C,0.949567,0,0,60.0
INSP_034E8F86,2026-04-16,SYS_028,AST_01BDCD63,0.261455,0,0,60.0
INSP_67E96F2E,2026-04-16,SYS_084,AST_F5A48F47,0.875214,0,0,60.0
INSP_D4E979C7,2026-04-16,SYS_098,AST_336E36C7,0.738853,0,0,60.0
INSP_B0525EFC,2026-04-16,SYS_100,AST_5436F9AF,0.776171,0,0,60.0
INSP_100D7D64,2026-04-16,SYS_133,AST_36645A9F,0.910115,0,0,60.0
INSP_1D7CADBD,2026-04-16,SYS_180,AST_ABEDAC5D,0.668483,0,0,60.0
INSP_CAF6544D,2026-04-16,SYS_196,AST_83AEE438,0.868596,0,0,60.0
INSP_0B31C9CF,2026-04-17,SYS_117,AST_62292464,0.791758,0,0,60.0
INSP_93E240D2,2026-04-17,SYS_197,AST_C302525D,0.648724,0,0,60.0
INSP_FC072F54,2026-04-18,SYS_053,AST_1421CD29,0.663418,0,0,60.0
INSP_603E7783,2026-04-18,SYS_059,AST_1F05FC1B,0.920611,0,0,60.0
INSP_945F3F36,2026-04-18,SYS_120,AST_F223BB43,1.042602,0,1,60.0
INSP_72DFAF49,2026-04-18,SYS_154,AST_8779BF08,0.777422,0,0,60.0
INSP_0C4B91A2,2026-04-19,SYS_088,AST_60C93140,0.97838,0,0,60.0
INSP_DEC83337,2026-04-19,SYS_188,AST_0D8C5A64,0.703752,0,0,60.0
INSP_5DFA4751,2026-04-19,SYS_193,AST_B624BE5F,0.46815,0,0,60.0
INSP_CB917991,2026-04-20,SYS_041,AST_5F735C82,0.526394,0,0,60.0
INSP_DF2C9D5F,2026-04-20,SYS_166,AST_DA889646,0.730901,0,0,60.0
INSP_665BAE11,2026-04-21,SYS_024,AST_360766DC,1.074509,0,1,60.0
INSP_538FB6EE,2026-04-21,SYS_081,AST_2559F2BC,0.503622,0,0,60.0
INSP_6D191A23,2026-04-21,SYS_136,AST_46F2626C,0.771219,0,0,60.0
INSP_65AAE1E8,2026-04-21,SYS_160,AST_EE42B4EE,0.765091,0,0,60.0
INSP_D35EFBB5,2026-04-21,SYS_198,AST_8C8EC664,0.998958,0,0,60.0
INSP_ACA336A7,2026-04-22,SYS_043,AST_11D07EA3,0.621547,0,0,60.0
INSP_640AD735,2026-04-22,SYS_077,AST_71806DDB,0.781911,0,0,60.0
INSP_2AA4B3E7,2026-04-22,SYS_101,AST_199E4ED5,1.057527,0,1,60.0
INSP_C7C134BF,2026-04-22,SYS_114,AST_71208FE4,0.978579,0,0,60.0
INSP_27B3C353,2026-04-22,SYS_167,AST_BF41CB64,1.015218,0,1,60.0
INSP_F5195760,2026-04-23,SYS_004,AST_34B81456,1.001461,0,1,60.0
INSP_B7D12AB9,2026-04-23,SYS_036,AST_ABE04F58,0.713792,0,0,60.0
INSP_EDC7C466,2026-04-23,SYS_046,AST_B6A18F44,0.798032,0,0,60.0
INSP_37BB6613,2026-04-23,SYS_051,AST_8936EA7E,0.554833,0,0,60.0
INSP_61CD3182,2026-04-23,SYS_073,AST_7072115A,0.941576,0,0,60.0
INSP_75CB0D2F,2026-04-23,SYS_106,AST_F68C2B16,1.013969,1,1,60.0
INSP_2516771A,2026-04-23,SYS_152,AST_A78D477C,0.62708,0,0,60.0
INSP_8701C187,2026-04-23,SYS_162,AST_FA7C66DB,0.684564,0,0,60.0
INSP_B539B8CB,2026-04-24,SYS_030,AST_BC560A24,0.87183,0,0,60.0
INSP_033A87B1,2026-04-24,SYS_050,AST_F69AFC56,0.933559,0,0,60.0
INSP_6D116BCC,2026-04-24,SYS_058,AST_CC418360,0.636799,0,0,60.0
INSP_054FB5DD,2026-04-24,SYS_108,AST_8823CDE5,1.158064,0,1,60.0
INSP_ED0FE134,2026-04-24,SYS_112,AST_72528000,0.887114,0,0,60.0
INSP_26261194,2026-04-24,SYS_118,AST_CD01BE37,1.123679,0,1,60.0
INSP_0A457E45,2026-04-24,SYS_147,AST_059BC199,0.592757,0,0,60.0
INSP_83D87EF2,2026-04-24,SYS_153,AST_416FD4D1,0.874557,0,0,60.0
INSP_B512FB66,2026-04-24,SYS_186,AST_5CB7885A,0.36815,0,0,60.0
INSP_5E6926B2,2026-04-25,SYS_065,AST_C0195FDC,0.964609,0,0,60.0
INSP_6F3761D6,2026-04-25,SYS_085,AST_BC13EB44,0.773954,0,0,60.0
INSP_7ED5E95B,2026-04-25,SYS_086,AST_0728AF86,0.528805,0,0,60.0
INSP_5F356160,2026-04-25,SYS_140,AST_82DF0E33,1.014718,0,1,60.0
INSP_58487D6B,2026-04-25,SYS_173,AST_761AB970,0.742922,0,0,60.0
INSP_D690ED5F,2026-04-26,SYS_031,AST_9FC6C1DF,0.857119,0,0,60.0
INSP_06F5D04C,2026-04-26,SYS_040,AST_D89EE066,1.119149,1,1,60.0
INSP_C92E1515,2026-04-26,SYS_048,AST_B7D85950,0.913833,1,0,60.0
INSP_9779C36A,2026-04-26,SYS_105,AST_7866AE54,1.150471,1,1,60.0
INSP_AD1A820B,2026-04-26,SYS_151,AST_0CA6C74F,0.942372,0,0,60.0
INSP_0AFBE894,2026-04-26,SYS_161,AST_D05D43D5,0.780113,0,0,60.0
INSP_C2E6C56A,2026-04-26,SYS_165,AST_849D44BE,0.794681,0,0,60.0
INSP_7567E1BA,2026-04-26,SYS_176,AST_5DF61EE8,0.899234,0,0,60.0
INSP_2574A4C7,2026-04-27,SYS_001,AST_5733BC75,1.227325,1,1,60.0
INSP_9EF9C659,2026-04-27,SYS_010,AST_BA1E579E,0.968307,0,0,60.0
INSP_C98561A7,2026-04-27,SYS_015,AST_0CF332F9,1.173219,0,1,60.0
INSP_376B0F98,2026-04-27,SYS_023,AST_7155CAE3,0.984358,0,0,60.0
INSP_5F9F9B99,2026-04-27,SYS_027,AST_F62C7205,0.784756,0,0,60.0
INSP_0D34377D,2026-04-27,SYS_045,AST_71683139,0.480964,0,0,60.0
INSP_E65CE992,2026-04-27,SYS_063,AST_54F1946F,0.945724,0,0,60.0
INSP_6F6D6FFD,2026-04-27,SYS_072,AST_2677C73B,1.165369,0,1,60.0
INSP_6B057544,2026-04-27,SYS_134,AST_513E84BA,0.946408,0,0,60.0
INSP_79DEA926,2026-04-27,SYS_139,AST_594EB63A,0.26209,0,0,60.0
INSP_B4EF23F5,2026-04-27,SYS_158,AST_FA571F5C,0.559645,0,0,60.0
INSP_348510FF,2026-04-27,SYS_164,AST_79E11B35,0.863541,0,0,60.0
INSP_598898A0,2026-04-27,SYS_183,AST_3AC31DE4,0.2966,0,0,60.0
INSP_DB7C9533,2026-04-28,SYS_006,AST_01B706B3,1.203107,0,1,60.0
INSP_E42A5289,2026-04-28,SYS_026,AST_B7959A5C,0.194549,0,0,60.0
INSP_BDE22400,2026-04-28,SYS_034,AST_898B9A3E,1.039822,0,1,60.0
INSP_94B21802,2026-04-28,SYS_037,AST_12C3D6E6,1.156789,0,1,60.0
INSP_F92FF47D,2026-04-28,SYS_055,AST_65BC7AF4,0.7507,0,0,60.0
INSP_7C50E667,2026-04-28,SYS_128,AST_D607EFBB,0.90809,0,0,60.0
INSP_BDEB3CB3,2026-04-28,SYS_146,AST_1B8D46F6,0.583887,0,0,60.0
INSP_CACF08E4,2026-04-28,SYS_157,AST_07151874,0.809524,0,0,60.0
INSP_1FD1276A,2026-04-29,SYS_013,AST_0D114CD8,0.69061,0,0,60.0
INSP_A71EB14D,2026-04-29,SYS_014,AST_C582AD53,1.180524,0,1,60.0
INSP_EEEB92AB,2026-04-29,SYS_018,AST_D2AAE75F,0.976213,0,0,60.0
INSP_15304519,2026-04-29,SYS_020,AST_A7767CC7,1.243125,1,1,60.0
INSP_6B049657,2026-04-29,SYS_025,AST_E767A2E7,0.801428,0,0,60.0
INSP_02E3374D,2026-04-29,SYS_052,AST_79A75A88,0.090388,0,0,60.0
INSP_7F28205F,2026-04-29,SYS_062,AST_E6F98CD6,1.089359,0,1,60.0
INSP_FBA22998,2026-04-29,SYS_075,AST_E60AAA9C,0.803696,0,0,60.0
INSP_1F8D5DA2,2026-04-29,SYS_079,AST_F5251E52,0.730633,1,0,60.0
INSP_1E28D2D5,2026-04-29,SYS_090,AST_3E900085,0.920256,1,0,60.0
INSP_4CD0A0E1,2026-04-29,SYS_091,AST_FF3BACB3,0.923463,0,0,60.0
INSP_8CE3FCA5,2026-04-29,SYS_094,AST_DDF229A0,1.001609,0,1,60.0
INSP_DE3C8661,2026-04-29,SYS_107,AST_0C8966EF,0.479053,0,0,60.0
INSP_C17F9293,2026-04-29,SYS_177,AST_D268BF76,1.213342,0,1,60.0
INSP_56BDE2F4,2026-04-29,SYS_179,AST_65CE1E5F,1.119275,0,1,60.0
INSP_9EB99B28,2026-04-30,SYS_127,AST_E66E58BF,0.642426,0,0,60.0
INSP_2476B571,2026-04-30,SYS_141,AST_C841EE03,1.138106,0,1,60.0
INSP_A403AECA,2026-04-30,SYS_194,AST_AFC2A365,1.087027,0,1,60.0
INSP_32DB92A8,2026-05-01,SYS_039,AST_0C2D90D2,0.735867,0,0,60.0
INSP_B456C6D5,2026-05-01,SYS_066,AST_F5795CF8,1.014122,1,1,60.0
INSP_242B750C,2026-05-01,SYS_110,AST_FED5DCED,1.019614,1,1,60.0
INSP_37F8F1F9,2026-05-01,SYS_115,AST_E485A485,0.727571,1,0,60.0
INSP_A1DC1D0E,2026-05-01,SYS_155,AST_EB9D2923,0.715156,0,0,60.0
INSP_4F68CD29,2026-05-01,SYS_170,AST_41E4C47D,1.131771,0,1,60.0
INSP_E5D2F419,2026-05-02,SYS_012,AST_400DB418,1.272756,0,1,60.0
INSP_5C664B36,2026-05-02,SYS_021,AST_47CEED8F,1.095241,0,1,60.0
INSP_A6DDE354,2026-05-02,SYS_042,AST_85108019,0.329126,0,0,60.0
INSP_906A305C,2026-05-02,SYS_056,AST_1FD22902,1.132091,0,1,60.0
INSP_ED9B63C8,2026-05-02,SYS_068,AST_E6CD9897,0.531282,0,0,60.0
INSP_3C4CD092,2026-05-02,SYS_076,AST_F603957B,1.155236,0,1,60.0
INSP_CB5D5996,2026-05-02,SYS_113,AST_177B93F0,1.068664,1,1,60.0
INSP_A9701222,2026-05-02,SYS_116,AST_AA3DF989,0.596355,0,0,60.0
INSP_B7888CC6,2026-05-02,SYS_163,AST_67436F82,0.812849,0,0,60.0
INSP_6D16EF7E,2026-05-02,SYS_178,AST_FB8BAAE3,0.950476,0,0,60.0
INSP_58003AEE,2026-05-02,SYS_181,AST_69222B18,0.898197,0,0,60.0
INSP_A3D0CC67,2026-05-02,SYS_191,AST_28102D1A,1.041846,1,1,60.0
INSP_0E14B153,2026-05-03,SYS_003,AST_10E8FC0A,0.968656,1,0,60.0
INSP_C396D4F1,2026-05-03,SYS_035,AST_EC002B8E,1.111353,0,1,60.0
INSP_44B26726,2026-05-03,SYS_087,AST_CEA7BD4E,0.234772,0,0,60.0
INSP_7044B122,2026-05-03,SYS_104,AST_34B52F7C,0.984609,1,0,60.0
INSP_D86208B4,2026-05-03,SYS_119,AST_A9E07DCD,0.980788,1,0,60.0
INSP_4EA93F3D,2026-05-04,SYS_008,AST_18D5AB2B,0.97111,1,0,60.0
INSP_5037330B,2026-05-04,SYS_083,AST_35C2C263,1.155331,0,1,60.0
INSP_704BDB8E,2026-05-04,SYS_095,AST_F7A145A0,0.946725,1,0,60.0
INSP_DC26ED24,2026-05-04,SYS_099,AST_2E2BCA5E,1.150055,1,1,60.0
INSP_BBE59200,2026-05-04,SYS_125,AST_3F4357D4,0.862837,1,0,60.0
INSP_979265BB,2026-05-04,SYS_132,AST_B471717C,0.893847,1,0,60.0
INSP_7F82CE59,2026-05-04,SYS_192,AST_149EEDF0,1.00499,1,1,60.0
INSP_623FCEC5,2026-05-05,SYS_005,AST_2355582B,0.945334,0,0,60.0
INSP_FE61C5A5,2026-05-05,SYS_029,AST_72182962,1.190383,1,1,60.0
INSP_D25CA2A4,2026-05-05,SYS_033,AST_78A40885,1.013306,0,1,60.0
INSP_70ADA81D,2026-05-05,SYS_047,AST_BFCB2B08,1.225547,0,1,60.0
INSP_2572AC9D,2026-05-05,SYS_069,AST_2CCCF5B1,1.19188,1,1,60.0
INSP_BECA9219,2026-05-05,SYS_092,AST_A654FA74,0.179752,0,0,60.0
INSP_A910275E,2026-05-05,SYS_097,AST_78B2DAF5,1.12713,0,1,60.0
INSP_58C28D57,2026-05-05,SYS_102,AST_D4717E02,1.081527,1,1,60.0
INSP_0A87926C,2026-05-05,SYS_121,AST_57E427AB,1.313631,0,1,60.0
INSP_21B6FE65,2026-05-05,SYS_123,AST_745D2B0D,1.115314,0,1,60.0
INSP_B14A39B3,2026-05-05,SYS_168,AST_FB44B477,1.146798,0,1,60.0
INSP_AE8C19BC,2026-05-06,SYS_009,AST_59AE948D,1.100056,0,1,60.0
INSP_AC48B8DD,2026-05-06,SYS_019,AST_295F6162,0.819073,0,0,60.0
INSP_2F65DAF7,2026-05-06,SYS_032,AST_A2D2456E,0.950891,0,0,60.0
INSP_30D98AB1,2026-05-06,SYS_038,AST_C09E7897,1.180409,0,1,60.0
INSP_BB0E05AA,2026-05-06,SYS_103,AST_E421B8F7,1.439594,1,1,60.0
INSP_95BB6BDF,2026-05-06,SYS_109,AST_0C852F01,0.758071,0,0,60.0
INSP_E83D37AC,2026-05-06,SYS_124,AST_C6FED7CE,0.50041,0,0,60.0
INSP_37328845,2026-05-06,SYS_129,AST_B8F71FDD,1.022693,0,1,60.0
INSP_202744FB,2026-05-06,SYS_138,AST_BDEBA9F4,0.909558,1,0,60.0
INSP_20299D15,2026-05-06,SYS_175,AST_987787EC,0.917701,0,0,60.0
INSP_53A7CF93,2026-05-06,SYS_185,AST_A2B95F2A,0.414023,0,0,60.0
INSP_C7504867,2026-05-07,SYS_016,AST_75491F89,1.322451,1,1,60.0
INSP_6A060308,2026-05-07,SYS_054,AST_C88F0D7A,0.998778,0,0,60.0
INSP_0CB0D8EC,2026-05-07,SYS_172,AST_ADEC264C,0.690838,0,0,60.0
INSP_EE1F5A3F,2026-05-07,SYS_199,AST_92492C9A,0.585718,0,0,60.0
INSP_12D0727A,2026-05-08,SYS_002,AST_8C3021C3,1.027242,0,1,60.0
INSP_00928BAD,2026-05-08,SYS_057,AST_3260BE22,0.71193,0,0,60.0
INSP_DA14C606,2026-05-08,SYS_061,AST_A35FE079,1.021867,0,1,60.0
INSP_907E76D2,2026-05-08,SYS_067,AST_5CA81E57,0.807721,0,0,60.0
INSP_3D1EF230,2026-05-08,SYS_096,AST_757A2281,1.012457,0,1,60.0
INSP_87388B09,2026-05-08,SYS_135,AST_33AE7546,0.017798,0,0,60.0
INSP_498249AD,2026-05-08,SYS_142,AST_A42F6532,0.813414,0,0,60.0
INSP_4788FD67,2026-05-08,SYS_195,AST_112DC772,0.822066,1,0,60.0
INSP_F07EC7C7,2026-05-09,SYS_000,AST_611BCAFE,0.159665,0,0,60.0
INSP_10409FE0,2026-05-09,SYS_049,AST_8B590081,0.780486,0,0,60.0
INSP_3D063D61,2026-05-09,SYS_089,AST_F3FA3B59,0.698181,0,0,60.0
INSP_DFAFB0BA,2026-05-09,SYS_100,AST_5436F9AF,1.13706,1,1,60.0
INSP_0A7DC925,2026-05-09,SYS_137,AST_CC32FEC1,0.808801,0,0,60.0
INSP_C7267D8D,2026-05-09,SYS_150,AST_4A9758F4,0.736817,0,0,60.0
INSP_4D8FF5F6,2026-05-09,SYS_189,AST_BA2068C4,0.995721,0,0,60.0
INSP_D6DD98AC,2026-05-10,SYS_130,AST_3A50A6C8,0.821221,1,0,60.0
INSP_0C464A8F,2026-05-10,SYS_131,AST_348BD6C0,1.022051,0,1,60.0
INSP_4F57820B,2026-05-10,SYS_145,AST_C80BFBDE,1.097392,1,1,60.0
INSP_80B17110,2026-05-10,SYS_159,AST_09334FDB,1.270215,1,1,60.0
INSP_2AD3871C,2026-05-10,SYS_171,AST_BFB41487,0.90452,1,0,60.0
INSP_4134C7EB,2026-05-10,SYS_184,AST_F713DE74,0.934798,1,0,60.0
INSP_1425EEC9,2026-05-11,SYS_011,AST_C95E4C36,0.32248,0,0,60.0
INSP_926007C0,2026-05-11,SYS_064,AST_6BB62FDB,0.849069,0,0,60.0
INSP_0F9A9E44,2026-05-11,SYS_080,AST_2CC51A78,0.874614,0,0,60.0
INSP_3433AFFB,2026-05-11,SYS_122,AST_0A8960BD,1.458262,1,1,60.0
INSP_32EE2F93,2026-05-11,SYS_167,AST_BF41CB64,0.327332,0,0,60.0
INSP_653EB5F5,2026-05-11,SYS_190,AST_FDA57079,0.84815,1,0,60.0
INSP_2201CC1D,2026-05-12,SYS_111,AST_9DD15F47,0.872104,0,0,60.0
INSP_0EBDDB94,2026-05-12,SYS_126,AST_BCC36F08,1.221694,1,1,60.0
INSP_1EC3D5EA,2026-05-12,SYS_143,AST_F29B86AB,1.221787,0,1,60.0
INSP_9795ACA4,2026-05-12,SYS_149,AST_A36B2B62,0.906879,1,0,60.0
INSP_55132DBC,2026-05-12,SYS_156,AST_C014C40A,0.870183,1,0,60.0
INSP_68F1F7B5,2026-05-13,SYS_007,AST_48BC3EF9,0.924924,1,0,60.0
INSP_A720E244,2026-05-13,SYS_044,AST_24282EF9,1.217911,1,1,60.0
INSP_C348A7F0,2026-05-14,SYS_071,AST_E62B116D,0.823779,1,0,60.0
INSP_C2C4225F,2026-05-14,SYS_074,AST_005C2060,1.065165,0,1,60.0
INSP_0D81F707,2026-05-14,SYS_098,AST_336E36C7,1.409347,0,1,60.0
INSP_4B1D1869,2026-05-14,SYS_144,AST_E96A36D9,0.596926,0,0,60.0
INSP_49277484,2026-05-14,SYS_148,AST_0CAAF0CA,1.069725,1,1,60.0
INSP_976E6742,2026-05-14,SYS_169,AST_55F0F9F6,1.220692,1,1,60.0
INSP_E1AD13BC,2026-05-14,SYS_180,AST_ABEDAC5D,1.098924,0,1,60.0
INSP_D91405AE,2026-05-14,SYS_182,AST_005BCD3C,1.295922,0,1,60.0
INSP_D1460E25,2026-05-15,SYS_022,AST_3A3ABCBA,0.704341,1,0,60.0
INSP_0AA9528F,2026-05-15,SYS_053,AST_1421CD29,0.876861,1,0,60.0
INSP_033BC540,2026-05-15,SYS_078,AST_22724B56,1.206921,1,1,60.0
INSP_0320BF57,2026-05-15,SYS_082,AST_677BB75C,1.403855,1,1,60.0
INSP_6EE32CD8,2026-05-15,SYS_117,AST_62292464,0.995087,1,0,60.0
INSP_DE43ECE3,2026-05-15,SYS_120,AST_F223BB43,0.526079,0,0,60.0
INSP_D7486339,2026-05-15,SYS_133,AST_36645A9F,1.411793,1,1,60.0
INSP_9F90ECAA,2026-05-16,SYS_024,AST_360766DC,0.1689,0,0,60.0
INSP_2C5551B2,2026-05-16,SYS_106,AST_F68C2B16,0.399427,0,0,60.0
INSP_4A6AB690,2026-05-16,SYS_160,AST_EE42B4EE,1.194567,1,1,60.0
INSP_B399A845,2026-05-17,SYS_041,AST_5F735C82,1.040431,1,1,60.0
INSP_3070C278,2026-05-17,SYS_059,AST_1F05FC1B,0.923215,0,0,60.0
INSP_C7AE5262,2026-05-17,SYS_060,AST_93EE11F2,0.798842,1,0,60.0
INSP_5E27CFEF,2026-05-17,SYS_084,AST_F5A48F47,1.127898,1,1,60.0
INSP_7C76DAC5,2026-05-17,SYS_174,AST_0CF3B1AB,1.00004,1,1,60.0
INSP_52634388,2026-05-18,SYS_136,AST_46F2626C,1.03672,1,1,60.0
INSP_AC87E6A0,2026-05-18,SYS_197,AST_C302525D,0.967243,1,0,60.0
INSP_8C260867,2026-05-19,SYS_070,AST_EF1723A7,0.887454,0,0,60.0
INSP_0B6BBCA8,2026-05-19,SYS_088,AST_60C93140,0.677188,1,0,60.0
INSP_3244A6C0,2026-05-19,SYS_101,AST_199E4ED5,0.41317,0,0,60.0
INSP_C3CFD2FC,2026-05-19,SYS_196,AST_83AEE438,1.277438,1,1,60.0
INSP_D08868B3,2026-05-20,SYS_028,AST_01BDCD63,0.563143,0,0,60.0
INSP_72D415D0,2026-05-20,SYS_046,AST_B6A18F44,1.563859,0,1,60.0
INSP_542FB36E,2026-05-20,SYS_090,AST_3E900085,1.120435,1,1,60.0
INSP_1550E6EE,2026-05-20,SYS_093,AST_E008ABAF,1.217839,1,1,60.0
INSP_3BA8407F,2026-05-20,SYS_154,AST_8779BF08,0.921882,1,0,60.0
INSP_E6518A9F,2026-05-21,SYS_004,AST_34B81456,0.053801,0,0,60.0
INSP_62128EB4,2026-05-21,SYS_013,AST_0D114CD8,0.987876,1,0,60.0
INSP_B9CF0242,2026-05-21,SYS_027,AST_F62C7205,1.16771,1,1,60.0
INSP_492171FC,2026-05-21,SYS_040,AST_D89EE066,0.325872,0,0,60.0
INSP_FE4C6630,2026-05-21,SYS_114,AST_71208FE4,1.093027,1,1,60.0
INSP_ACFCF951,2026-05-21,SYS_147,AST_059BC199,0.872806,1,0,60.0
INSP_0135FB5D,2026-05-21,SYS_164,AST_79E11B35,0.791924,1,0,60.0
INSP_15153698,2026-05-21,SYS_187,AST_362F6E1D,0.286284,0,0,60.0
INSP_0D742418,2026-05-22,SYS_030,AST_BC560A24,1.201087,1,1,60.0
INSP_D5BC4EFE,2026-05-22,SYS_045,AST_71683139,0.759293,0,0,60.0
INSP_C8897999,2026-05-22,SYS_152,AST_A78D477C,1.272022,1,1,60.0
INSP_E677878D,2026-05-22,SYS_165,AST_849D44BE,1.172396,1,1,60.0
INSP_AD60F8A6,2026-05-22,SYS_166,AST_DA889646,1.428694,1,1,60.0
INSP_7F35CE12,2026-05-23,SYS_094,AST_DDF229A0,0.190736,0,0,60.0
INSP_E6980D33,2026-05-23,SYS_112,AST_72528000,1.205023,1,1,60.0
INSP_B6DB17F3,2026-05-23,SYS_139,AST_594EB63A,0.557162,0,0,60.0
INSP_E2F4526A,2026-05-23,SYS_161,AST_D05D43D5,1.295058,1,1,60.0
INSP_364C6089,2026-05-23,SYS_188,AST_0D8C5A64,1.275683,1,1,60.0
INSP_1B651BB2,2026-05-23,SYS_198,AST_8C8EC664,1.34155,1,1,60.0
INSP_EA963F5E,2026-05-24,SYS_077,AST_71806DDB,1.15187,1,1,60.0
INSP_4BEB678B,2026-05-24,SYS_096,AST_757A2281,0.409063,0,0,60.0
INSP_81F1EECE,2026-05-24,SYS_151,AST_0CA6C74F,1.336052,1,1,60.0
INSP_C6ED123C,2026-05-24,SYS_153,AST_416FD4D1,1.104704,1,1,60.0
INSP_D7BD66FB,2026-05-24,SYS_168,AST_FB44B477,-0.004281,0,0,60.0
INSP_831464A6,2026-05-24,SYS_193,AST_B624BE5F,0.741029,1,0,60.0
INSP_5664A8F1,2026-05-25,SYS_001,AST_5733BC75,0.540295,0,0,60.0
INSP_DC42F25D,2026-05-25,SYS_025,AST_E767A2E7,1.092475,1,1,60.0
INSP_B902C455,2026-05-25,SYS_043,AST_11D07EA3,1.057743,1,1,60.0
INSP_32BFFEA3,2026-05-25,SYS_050,AST_F69AFC56,0.591266,1,0,60.0
INSP_41F9964E,2026-05-25,SYS_075,AST_E60AAA9C,1.126942,1,1,60.0
INSP_2C25B0DF,2026-05-25,SYS_081,AST_2559F2BC,1.313715,1,1,60.0
INSP_6C6EDC21,2026-05-25,SYS_186,AST_5CB7885A,1.20887,1,1,60.0
INSP_8CD8A5CB,2026-05-26,SYS_031,AST_9FC6C1DF,1.031627,1,1,60.0
INSP_502A3E30,2026-05-26,SYS_037,AST_12C3D6E6,0.395886,0,0,60.0
INSP_7D6EE1BA,2026-05-26,SYS_048,AST_B7D85950,1.403209,1,1,60.0
INSP_D0431E6B,2026-05-26,SYS_052,AST_79A75A88,0.612242,0,0,60.0
INSP_98CFDD29,2026-05-26,SYS_063,AST_54F1946F,0.85948,1,0,60.0
INSP_25D45A79,2026-05-26,SYS_073,AST_7072115A,1.291514,1,1,60.0
INSP_578CAA93,2026-05-26,SYS_108,AST_8823CDE5,0.469172,0,0,60.0
INSP_81B4BD62,2026-05-26,SYS_146,AST_1B8D46F6,0.72931,0,0,60.0
INSP_A4DD5987,2026-05-26,SYS_158,AST_FA571F5C,1.054397,0,1,60.0
INSP_55D1B86B,2026-05-26,SYS_162,AST_FA7C66DB,0.953874,1,0,60.0
INSP_07BF6A50,2026-05-26,SYS_179,AST_65CE1E5F,0.223757,0,0,60.0
INSP_517FEF2F,2026-05-27,SYS_018,AST_D2AAE75F,1.103349,1,1,60.0
INSP_E936F047,2026-05-27,SYS_056,AST_1FD22902,0.759538,0,0,60.0
INSP_2CF152C7,2026-05-27,SYS_058,AST_CC418360,1.01052,1,1,60.0
INSP_6FDCA6F3,2026-05-27,SYS_065,AST_C0195FDC,1.374595,1,1,60.0
INSP_AEA100E1,2026-05-27,SYS_105,AST_7866AE54,0.445685,0,0,60.0
INSP_2D211D6B,2026-05-27,SYS_107,AST_0C8966EF,0.804068,1,0,60.0
INSP_5A9DF372,2026-05-27,SYS_140,AST_82DF0E33,0.874718,0,0,60.0
INSP_0DEB4D36,2026-05-27,SYS_163,AST_67436F82,1.010288,1,1,60.0
INSP_8414D268,2026-05-28,SYS_006,AST_01B706B3,0.443028,0,0,60.0
INSP_51557410,2026-05-28,SYS_010,AST_BA1E579E,0.989835,1,0,60.0
INSP_55D56912,2026-05-28,SYS_015,AST_0CF332F9,0.710377,0,0,60.0
INSP_8A56776E,2026-05-28,SYS_026,AST_B7959A5C,0.582333,0,0,60.0
INSP_ACD1C80A,2026-05-28,SYS_035,AST_EC002B8E,0.457859,0,0,60.0
INSP_F46F0F49,2026-05-28,SYS_036,AST_ABE04F58,0.956913,1,0,60.0
INSP_0DEBED00,2026-05-28,SYS_047,AST_BFCB2B08,0.360875,0,0,60.0
INSP_91999C1A,2026-05-28,SYS_051,AST_8936EA7E,1.058851,1,1,60.0
INSP_3B775CAE,2026-05-28,SYS_072,AST_2677C73B,0.417437,0,0,60.0
INSP_D4366406,2026-05-28,SYS_085,AST_BC13EB44,1.238774,1,1,60.0
INSP_AF84B559,2026-05-28,SYS_102,AST_D4717E02,0.332913,0,0,60.0
INSP_12F920B1,2026-05-28,SYS_110,AST_FED5DCED,0.724386,0,0,60.0
INSP_52ACD171,2026-05-28,SYS_119,AST_A9E07DCD,1.327304,1,1,60.0
INSP_C9B7CC4B,2026-05-28,SYS_134,AST_513E84BA,1.113399,1,1,60.0
INSP_32A4F8E5,2026-05-28,SYS_170,AST_41E4C47D,0.479626,0,0,60.0
INSP_94543BA6,2026-05-28,SYS_173,AST_761AB970,1.162701,1,1,60.0
INSP_93C64269,2026-05-29,SYS_062,AST_E6F98CD6,0.390193,0,0,60.0
INSP_2C94B212,2026-05-29,SYS_079,AST_F5251E52,1.225162,1,1,60.0
INSP_5E78C03D,2026-05-29,SYS_118,AST_CD01BE37,0.296955,0,0,60.0
INSP_C323818C,2026-05-29,SYS_194,AST_AFC2A365,0.367155,0,0,60.0
INSP_7233E7C2,2026-05-30,SYS_020,AST_A7767CC7,0.533481,0,0,60.0
INSP_32D4CCB9,2026-05-30,SYS_086,AST_0728AF86,0.668496,1,0,60.0
INSP_2CAEE404,2026-05-30,SYS_127,AST_E66E58BF,1.07741,1,1,60.0
INSP_A12A1974,2026-05-30,SYS_183,AST_3AC31DE4,1.313457,1,1,60.0
INSP_9BB3F14D,2026-05-31,SYS_014,AST_C582AD53,0.548852,0,0,60.0
INSP_98C5DDDE,2026-05-31,SYS_023,AST_7155CAE3,1.241789,1,1,60.0
INSP_153BAAB0,2026-05-31,SYS_068,AST_E6CD9897,1.219041,1,1,60.0
INSP_225E95AA,2026-05-31,SYS_091,AST_FF3BACB3,1.307565,1,1,60.0
INSP_DCF2F22F,2026-05-31,SYS_115,AST_E485A485,1.264155,1,1,60.0
INSP_4F84DD79,2026-05-31,SYS_191,AST_28102D1A,0.644459,0,0,60.0
INSP_19D6331D,2026-06-01,SYS_039,AST_0C2D90D2,1.37448,1,1,60.0
INSP_97ED7479,2026-06-01,SYS_055,AST_65BC7AF4,1.045994,1,1,60.0
INSP_65A96ED1,2026-06-01,SYS_083,AST_35C2C263,0.41439,0,0,60.0
INSP_EE67D0F1,2026-06-01,SYS_116,AST_AA3DF989,0.797595,1,0,60.0
INSP_928788B0,2026-06-01,SYS_128,AST_D607EFBB,1.36763,1,1,60.0
INSP_8BFBB7FB,2026-06-01,SYS_157,AST_07151874,1.060698,1,1,60.0
INSP_A8EF559F,2026-06-01,SYS_185,AST_A2B95F2A,0.67996,0,0,60.0
INSP_A9CFAECC,2026-06-02,SYS_012,AST_400DB418,0.642915,0,0,60.0
INSP_53017FF2,2026-06-02,SYS_034,AST_898B9A3E,0.795464,0,0,60.0
INSP_2DC61203,2026-06-02,SYS_038,AST_C09E7897,0.391674,0,0,60.0
INSP_B54A875D,2026-06-02,SYS_071,AST_E62B116D,1.140028,1,1,60.0
INSP_E7E23747,2026-06-02,SYS_104,AST_34B52F7C,1.286384,1,1,60.0
INSP_46577AA3,2026-06-02,SYS_113,AST_177B93F0,0.495931,0,0,60.0
INSP_E8FF38B7,2026-06-02,SYS_123,AST_745D2B0D,0.4196,0,0,60.0
INSP_676EA7C5,2026-06-02,SYS_142,AST_A42F6532,1.235109,1,1,60.0
INSP_36B2CE4B,2026-06-02,SYS_178,AST_FB8BAAE3,1.327768,1,1,60.0
INSP_C5CC4BE0,2026-06-02,SYS_181,AST_69222B18,1.113252,1,1,60.0
INSP_53531A78,2026-06-03,SYS_003,AST_10E8FC0A,0.980603,1,0,60.0
INSP_04846A90,2026-06-03,SYS_005,AST_2355582B,1.458131,1,1,60.0
INSP_439785C6,2026-06-03,SYS_019,AST_295F6162,1.018366,1,1,60.0
INSP_0CD281B1,2026-06-03,SYS_049,AST_8B590081,1.070566,1,1,60.0
INSP_1454CA1B,2026-06-03,SYS_066,AST_F5795CF8,0.505549,0,0,60.0
INSP_2D82DE41,2026-06-03,SYS_078,AST_22724B56,0.502164,0,0,60.0
INSP_C1B8F798,2026-06-03,SYS_087,AST_CEA7BD4E,0.901858,0,0,60.0
INSP_78FE3433,2026-06-03,SYS_129,AST_B8F71FDD,0.43221,0,0,60.0
INSP_59BCB62F,2026-06-03,SYS_137,AST_CC32FEC1,1.292683,1,1,60.0
INSP_0C3DAA58,2026-06-03,SYS_141,AST_C841EE03,0.911352,0,0,60.0
INSP_953ACEC9,2026-06-03,SYS_155,AST_EB9D2923,1.247491,1,1,60.0
INSP_8A5164CF,2026-06-03,SYS_177,AST_D268BF76,0.649837,0,0,60.0
INSP_8BBF7ECC,2026-06-04,SYS_000,AST_611BCAFE,0.551914,0,0,60.0
INSP_4296DC69,2026-06-04,SYS_016,AST_75491F89,0.65715,0,0,60.0
INSP_BB53BE90,2026-06-04,SYS_069,AST_2CCCF5B1,0.24894,0,0,60.0
INSP_A9BB0D89,2026-06-04,SYS_097,AST_78B2DAF5,0.73697,0,0,60.0
INSP_8E755796,2026-06-04,SYS_099,AST_2E2BCA5E,0.590401,0,0,60.0
INSP_7405B213,2026-06-04,SYS_175,AST_987787EC,1.300051,1,1,60.0
INSP_1A59A40A,2026-06-04,SYS_176,AST_5DF61EE8,1.462438,1,1,60.0
INSP_AD770FB0,2026-06-05,SYS_057,AST_3260BE22,1.301673,1,1,60.0
INSP_FE7F1D93,2026-06-05,SYS_076,AST_F603957B,0.316209,0,0,60.0
INSP_7D857075,2026-06-05,SYS_092,AST_A654FA74,0.851108,0,0,60.0
INSP_6D18F1F6,2026-06-06,SYS_008,AST_18D5AB2B,0.937119,1,0,60.0
INSP_FE0A9DCA,2026-06-06,SYS_021,AST_47CEED8F,0.643874,0,0,60.0
INSP_D1A7EBC4,2026-06-06,SYS_029,AST_72182962,0.820076,0,0,60.0
INSP_20A42332,2026-06-06,SYS_042,AST_85108019,0.664965,0,0,60.0
INSP_582B821F,2026-06-06,SYS_064,AST_6BB62FDB,1.208446,1,1,60.0
INSP_5430723A,2026-06-06,SYS_067,AST_5CA81E57,1.347106,1,1,60.0
INSP_65DCF2EA,2026-06-06,SYS_121,AST_57E427AB,0.16566,0,0,60.0
INSP_5A2C8D36,2026-06-06,SYS_124,AST_C6FED7CE,0.559505,0,0,60.0
INSP_EB2137CD,2026-06-06,SYS_125,AST_3F4357D4,1.194071,1,1,60.0
INSP_CDAA7376,2026-06-06,SYS_132,AST_B471717C,1.305813,1,1,60.0
INSP_19E4B8DF,2026-06-06,SYS_138,AST_BDEBA9F4,1.512045,1,1,60.0
INSP_1B6B2E61,2026-06-07,SYS_033,AST_78A40885,0.818014,0,0,60.0
INSP_A40FBD4C,2026-06-07,SYS_103,AST_E421B8F7,0.926963,0,0,60.0
INSP_3D8F6931,2026-06-07,SYS_133,AST_36645A9F,0.071404,0,0,60.0
INSP_94A77371,2026-06-07,SYS_150,AST_4A9758F4,1.587664,1,1,60.0
INSP_2272D2EF,2026-06-07,SYS_184,AST_F713DE74,1.296079,1,1,60.0
INSP_E57702BF,2026-06-07,SYS_189,AST_BA2068C4,1.269089,1,1,60.0
INSP_AA181079,2026-06-07,SYS_192,AST_149EEDF0,0.730318,0,0,60.0
INSP_8BB271CB,2026-06-08,SYS_100,AST_5436F9AF,0.629776,0,0,60.0
INSP_F3175D65,2026-06-08,SYS_122,AST_0A8960BD,0.376435,0,0,60.0
INSP_9AB36905,2026-06-08,SYS_131,AST_348BD6C0,0.511342,0,0,60.0
INSP_D13E4597,2026-06-08,SYS_135,AST_33AE7546,0.773579,0,0,60.0
INSP_C4DDE0F8,2026-06-08,SYS_199,AST_92492C9A,1.217123,1,1,60.0
INSP_B204E7B9,2026-06-09,SYS_032,AST_A2D2456E,0.996048,1,0,60.0
INSP_08CE17BE,2026-06-09,SYS_080,AST_2CC51A78,1.201056,1,1,60.0
INSP_AA58DC94,2026-06-09,SYS_095,AST_F7A145A0,1.108142,1,1,60.0
INSP_CF643FD2,2026-06-10,SYS_044,AST_24282EF9,0.609333,0,0,60.0
INSP_20A32BE6,2026-06-10,SYS_054,AST_C88F0D7A,1.152401,1,1,60.0
INSP_88E1D62C,2026-06-10,SYS_061,AST_A35FE079,0.894691,0,0,60.0
INSP_B24E641C,2026-06-10,SYS_082,AST_677BB75C,0.416372,0,0,60.0
INSP_3DBCF88F,2026-06-10,SYS_130,AST_3A50A6C8,1.165844,1,1,60.0
INSP_F80D5299,2026-06-10,SYS_143,AST_F29B86AB,0.582012,0,0,60.0
INSP_6CF6A898,2026-06-10,SYS_149,AST_A36B2B62,0.993806,1,0,60.0
INSP_71D38488,2026-06-10,SYS_171,AST_BFB41487,1.007226,1,1,60.0
INSP_98648304,2026-06-11,SYS_074,AST_005C2060,0.391109,0,0,60.0
INSP_43FBBB9B,2026-06-11,SYS_169,AST_55F0F9F6,0.621899,0,0,60.0
INSP_FEEE6562,2026-06-11,SYS_172,AST_ADEC264C,0.623293,0,0,60.0
INSP_BF2AC11F,2026-06-11,SYS_182,AST_005BCD3C,0.622556,0,0,60.0
INSP_926F1C0A,2026-06-11,SYS_195,AST_112DC772,1.199352,1,1,60.0
INSP_ED638B65,2026-06-12,SYS_011,AST_C95E4C36,0.716545,0,0,60.0
INSP_981BE8F5,2026-06-12,SYS_041,AST_5F735C82,0.609957,0,0,60.0
INSP_F4AE6B0A,2026-06-12,SYS_059,AST_1F05FC1B,0.765388,1,0,60.0
INSP_DBC05862,2026-06-12,SYS_159,AST_09334FDB,0.377718,0,0,60.0
INSP_08145744,2026-06-13,SYS_002,AST_8C3021C3,0.766434,0,0,60.0
INSP_01967F70,2026-06-13,SYS_024,AST_360766DC,0.040258,0,0,60.0
INSP_59D07319,2026-06-13,SYS_084,AST_F5A48F47,0.300568,0,0,60.0
INSP_1CEBB683,2026-06-13,SYS_098,AST_336E36C7,0.451328,0,0,60.0
INSP_AD984888,2026-06-14,SYS_007,AST_48BC3EF9,1.13844,1,1,60.0
INSP_A868E0DD,2026-06-14,SYS_009,AST_59AE948D,0.565403,0,0,60.0
INSP_2565AA5E,2026-06-14,SYS_053,AST_1421CD29,1.024776,1,1,60.0
INSP_E0C27964,2026-06-14,SYS_144,AST_E96A36D9,0.268638,0,0,60.0
INSP_04BDD43C,2026-06-14,SYS_148,AST_0CAAF0CA,0.201488,0,0,60.0
INSP_AAFB8F18,2026-06-14,SYS_156,AST_C014C40A,1.674041,1,1,60.0
INSP_5358EA85,2026-06-14,SYS_166,AST_DA889646,0.970385,0,0,60.0
INSP_4D24B0DE,2026-06-14,SYS_180,AST_ABEDAC5D,0.19586,0,0,60.0
INSP_A6C43184,2026-06-15,SYS_004,AST_34B81456,0.592282,0,0,60.0
INSP_D52B7E5E,2026-06-15,SYS_017,AST_75433D0E,0.391904,0,0,60.0
INSP_415BFEAB,2026-06-15,SYS_040,AST_D89EE066,0.563209,0,0,60.0
INSP_4C1A7844,2026-06-15,SYS_114,AST_71208FE4,0.587346,0,0,60.0
INSP_1DD78B01,2026-06-15,SYS_174,AST_0CF3B1AB,0.46828,0,0,60.0
INSP_73628D08,2026-06-16,SYS_070,AST_EF1723A7,1.246179,1,1,60.0
INSP_3C3BDA8F,2026-06-16,SYS_145,AST_C80BFBDE,0.734629,0,0,60.0
INSP_24767285,2026-06-16,SYS_190,AST_FDA57079,1.375324,1,1,60.0
INSP_4DE29575,2026-06-16,SYS_196,AST_83AEE438,0.467417,0,0,60.0
INSP_86C4C406,2026-06-17,SYS_022,AST_3A3ABCBA,1.46747,1,1,60.0
INSP_55691E86,2026-06-17,SYS_027,AST_F62C7205,0.575594,0,0,60.0
INSP_C9C27D37,2026-06-17,SYS_154,AST_8779BF08,1.43027,1,1,60.0
INSP_F38C63EE,2026-06-17,SYS_167,AST_BF41CB64,0.553403,0,0,60.0
INSP_7C7F8704,2026-06-18,SYS_045,AST_71683139,0.95617,1,0,60.0
INSP_472F31F5,2026-06-18,SYS_060,AST_93EE11F2,1.080841,1,1,60.0
INSP_526D2FE9,2026-06-18,SYS_089,AST_F3FA3B59,1.028686,1,1,60.0
INSP_C500B4B7,2026-06-18,SYS_126,AST_BCC36F08,0.409684,0,0,60.0
INSP_45FF4A37,2026-06-19,SYS_077,AST_71806DDB,0.630824,0,0,60.0
INSP_5AE5FA1B,2026-06-19,SYS_106,AST_F68C2B16,0.739538,0,0,60.0
INSP_0919A7B1,2026-06-19,SYS_111,AST_9DD15F47,1.364818,1,1,60.0
INSP_2E827604,2026-06-19,SYS_117,AST_62292464,2.009077,1,1,60.0
INSP_DABEBF6B,2026-06-19,SYS_120,AST_F223BB43,0.797394,0,0,60.0
INSP_FD6A0809,2026-06-19,SYS_136,AST_46F2626C,0.79976,0,0,60.0
INSP_C7B32336,2026-06-19,SYS_160,AST_EE42B4EE,0.537116,0,0,60.0
INSP_88C31698,2026-06-19,SYS_165,AST_849D44BE,0.821361,0,0,60.0
INSP_9FF2DF15,2026-06-19,SYS_187,AST_362F6E1D,0.423132,0,0,60.0
INSP_22FEB25C,2026-06-19,SYS_197,AST_C302525D,1.333999,1,1,60.0
INSP_7429CE81,2026-06-20,SYS_001,AST_5733BC75,0.721973,0,0,60.0
INSP_F58BFBD3,2026-06-20,SYS_023,AST_7155CAE3,0.607676,0,0,60.0
INSP_5887EC27,2026-06-20,SYS_028,AST_01BDCD63,0.78767,0,0,60.0
INSP_958145AB,2026-06-20,SYS_046,AST_B6A18F44,0.553442,0,0,60.0
INSP_4E054680,2026-06-20,SYS_065,AST_C0195FDC,0.27567,0,0,60.0
INSP_F94A4001,2026-06-20,SYS_081,AST_2559F2BC,0.717336,0,0,60.0
INSP_E445A3EB,2026-06-20,SYS_094,AST_DDF229A0,0.674375,0,0,60.0
INSP_F12A8E5C,2026-06-21,SYS_013,AST_0D114CD8,1.470122,1,1,60.0
INSP_2082DBE6,2026-06-21,SYS_026,AST_B7959A5C,0.412324,0,0,60.0
INSP_9CE48160,2026-06-21,SYS_043,AST_11D07EA3,0.147131,0,0,60.0
INSP_EBCCCD22,2026-06-21,SYS_052,AST_79A75A88,1.189575,0,1,60.0
INSP_B189DF87,2026-06-21,SYS_090,AST_3E900085,0.638368,0,0,60.0
INSP_AC2BB042,2026-06-21,SYS_093,AST_E008ABAF,0.556061,0,0,60.0
INSP_658F4449,2026-06-21,SYS_161,AST_D05D43D5,0.222282,0,0,60.0
INSP_77EE87AF,2026-06-21,SYS_168,AST_FB44B477,0.142813,0,0,60.0
INSP_701B66EA,2026-06-22,SYS_014,AST_C582AD53,0.676029,0,0,60.0
INSP_EB5AEFAF,2026-06-22,SYS_102,AST_D4717E02,0.843878,0,0,60.0
INSP_31751320,2026-06-22,SYS_146,AST_1B8D46F6,1.282917,0,1,60.0
INSP_306DBF67,2026-06-22,SYS_151,AST_0CA6C74F,0.493308,0,0,60.0
INSP_CB68A910,2026-06-22,SYS_153,AST_416FD4D1,0.749981,0,0,60.0
INSP_B88479F4,2026-06-22,SYS_198,AST_8C8EC664,0.646183,0,0,60.0
INSP_EFACF22C,2026-06-23,SYS_036,AST_ABE04F58,1.35073,1,1,60.0
INSP_A7CFDEA2,2026-06-23,SYS_037,AST_12C3D6E6,0.719128,0,0,60.0
INSP_376771D2,2026-06-23,SYS_050,AST_F69AFC56,1.337127,1,1,60.0
INSP_1B1E4786,2026-06-23,SYS_085,AST_BC13EB44,0.77775,0,0,60.0
INSP_E7D6DB60,2026-06-23,SYS_101,AST_199E4ED5,1.158502,0,1,60.0
INSP_C6F62D71,2026-06-23,SYS_147,AST_059BC199,1.15531,1,1,60.0
INSP_E7E8E543,2026-06-23,SYS_164,AST_79E11B35,1.102381,1,1,60.0
INSP_DEFE31B4,2026-06-24,SYS_030,AST_BC560A24,0.846377,0,0,60.0
INSP_1D41BB72,2026-06-24,SYS_096,AST_757A2281,0.887644,0,0,60.0
INSP_86E1DA7C,2026-06-24,SYS_139,AST_594EB63A,1.266386,0,1,60.0
INSP_5B957223,2026-06-24,SYS_152,AST_A78D477C,0.739207,0,0,60.0
INSP_84B6249C,2026-06-24,SYS_181,AST_69222B18,0.503385,0,0,60.0
INSP_53C398AE,2026-06-24,SYS_188,AST_0D8C5A64,0.731734,0,0,60.0
INSP_22E2C732,2026-06-25,SYS_006,AST_01B706B3,1.084385,0,1,60.0
INSP_B84DCA96,2026-06-25,SYS_075,AST_E60AAA9C,0.15814,0,0,60.0
INSP_6271F483,2026-06-25,SYS_108,AST_8823CDE5,0.682632,0,0,60.0
INSP_D4F8EF7F,2026-06-25,SYS_110,AST_FED5DCED,1.185393,0,1,60.0
INSP_BF707A93,2026-06-25,SYS_112,AST_72528000,0.452881,0,0,60.0
INSP_829F2DAA,2026-06-25,SYS_118,AST_CD01BE37,1.004387,0,1,60.0
INSP_41335715,2026-06-25,SYS_170,AST_41E4C47D,0.854311,0,0,60.0
INSP_AA3143B2,2026-06-26,SYS_047,AST_BFCB2B08,0.564638,0,0,60.0
INSP_FB0EFBAB,2026-06-26,SYS_062,AST_E6F98CD6,0.84211,0,0,60.0
INSP_EFD08500,2026-06-26,SYS_063,AST_54F1946F,1.700791,1,1,60.0
INSP_1F860858,2026-06-26,SYS_119,AST_A9E07DCD,0.453708,0,0,60.0
INSP_2A9588BA,2026-06-26,SYS_137,AST_CC32FEC1,0.883466,0,0,60.0
INSP_CC448A4A,2026-06-26,SYS_163,AST_67436F82,0.421816,0,0,60.0
INSP_6D6F8513,2026-06-27,SYS_025,AST_E767A2E7,0.463983,0,0,60.0
INSP_D69B880B,2026-06-27,SYS_035,AST_EC002B8E,0.635044,0,0,60.0
INSP_4F58921A,2026-06-27,SYS_058,AST_CC418360,0.532704,0,0,60.0
INSP_19AA9EB7,2026-06-27,SYS_068,AST_E6CD9897,0.703788,0,0,60.0
INSP_060EA22A,2026-06-27,SYS_072,AST_2677C73B,0.795841,0,0,60.0
INSP_77DD5FF8,2026-06-27,SYS_073,AST_7072115A,0.624097,0,0,60.0
INSP_3C7C6010,2026-06-27,SYS_116,AST_AA3DF989,1.254474,1,1,60.0
INSP_53A070B9,2026-06-27,SYS_142,AST_A42F6532,0.752292,0,0,60.0
INSP_61654E29,2026-06-27,SYS_158,AST_FA571F5C,0.432574,0,0,60.0
INSP_017142FF,2026-06-27,SYS_185,AST_A2B95F2A,0.91827,0,0,60.0
INSP_0E536A7A,2026-06-27,SYS_186,AST_5CB7885A,0.807553,0,0,60.0
INSP_040279F5,2026-06-28,SYS_005,AST_2355582B,0.535961,0,0,60.0
INSP_DF811AED,2026-06-28,SYS_015,AST_0CF332F9,0.810934,0,0,60.0
INSP_C1FBFACA,2026-06-28,SYS_038,AST_C09E7897,0.622875,0,0,60.0
INSP_A9DBBBBD,2026-06-28,SYS_039,AST_0C2D90D2,0.694568,0,0,60.0
INSP_0CD1F3D3,2026-06-28,SYS_079,AST_F5251E52,0.466307,0,0,60.0
INSP_A8D8E79D,2026-06-28,SYS_087,AST_CEA7BD4E,1.105014,1,1,60.0
INSP_C2CA62B0,2026-06-28,SYS_105,AST_7866AE54,1.29711,0,1,60.0
INSP_74705653,2026-06-28,SYS_127,AST_E66E58BF,0.453101,0,0,60.0
INSP_B7EB7E04,2026-06-28,SYS_134,AST_513E84BA,0.565685,0,0,60.0
INSP_17F6A3F1,2026-06-28,SYS_162,AST_FA7C66DB,1.561154,1,1,60.0
INSP_43C148AF,2026-06-28,SYS_175,AST_987787EC,0.640908,0,0,60.0
INSP_A04CFA74,2026-06-28,SYS_189,AST_BA2068C4,0.354847,0,0,60.0
INSP_C767FC58,2026-06-28,SYS_191,AST_28102D1A,0.731355,0,0,60.0
INSP_A87BE20D,2026-06-28,SYS_193,AST_B624BE5F,1.305828,1,1,60.0
INSP_FFE1416B,2026-06-29,SYS_018,AST_D2AAE75F,0.600854,0,0,60.0
INSP_6F471B5A,2026-06-29,SYS_021,AST_47CEED8F,0.645722,0,0,60.0
INSP_5B03611C,2026-06-29,SYS_048,AST_B7D85950,0.678609,0,0,60.0
INSP_96FB2F65,2026-06-29,SYS_088,AST_8881A08E,0.309237,0,0,60.0
INSP_4982CD79,2026-06-29,SYS_141,AST_C841EE03,0.606313,0,0,60.0
INSP_727984C2,2026-06-29,SYS_178,AST_FB8BAAE3,0.517694,0,0,60.0
INSP_178F15BE,2026-06-30,SYS_031,AST_9FC6C1DF,0.910622,0,0,60.0
INSP_2E71D9F2,2026-06-30,SYS_055,AST_65BC7AF4,0.737109,0,0,60.0
INSP_FC5F4BF8,2026-06-30,SYS_056,AST_1FD22902,0.97498,0,0,60.0
INSP_63E1BC4F,2026-06-30,SYS_140,AST_82DF0E33,0.757712,0,0,60.0
INSP_A5716A44,2026-06-30,SYS_179,AST_65CE1E5F,0.989114,0,0,60.0
INSP_1EDD7ECE,2026-06-30,SYS_194,AST_AFC2A365,0.893199,0,0,60.0
INSP_896DBF87,2026-07-01,SYS_083,AST_35C2C263,0.96192,0,0,60.0
INSP_0F9A29A1,2026-07-01,SYS_129,AST_B8F71FDD,1.065904,0,1,60.0
INSP_E162FCC5,2026-07-01,SYS_155,AST_EB9D2923,0.91028,0,0,60.0
INSP_C9714E25,2026-07-01,SYS_173,AST_761AB970,0.564723,0,0,60.0
INSP_EE8D3496,2026-07-02,SYS_019,AST_295F6162,0.703892,0,0,60.0
INSP_8DBE0240,2026-07-02,SYS_099,AST_2E2BCA5E,0.803795,0,0,60.0
INSP_9D6BE2DE,2026-07-02,SYS_107,AST_4ED453A3,-0.027812,0,0,60.0
INSP_7A57C219,2026-07-02,SYS_176,AST_5DF61EE8,0.683786,0,0,60.0
INSP_86A3C3A3,2026-07-02,SYS_184,AST_F713DE74,0.38534,0,0,60.0
INSP_942B56CB,2026-07-03,SYS_012,AST_400DB418,0.596918,0,0,60.0
INSP_BE5D324D,2026-07-03,SYS_044,AST_24282EF9,0.638722,0,0,60.0
INSP_880ECD24,2026-07-03,SYS_057,AST_3260BE22,0.912913,0,0,60.0
INSP_263AEB58,2026-07-03,SYS_076,AST_F603957B,0.561842,0,0,60.0
INSP_64D21804,2026-07-03,SYS_091,AST_FF3BACB3,0.436181,0,0,60.0
INSP_09D01C16,2026-07-03,SYS_128,AST_D607EFBB,0.961764,0,0,60.0
INSP_19225AF0,2026-07-03,SYS_183,AST_3AC31DE4,0.310086,0,0,60.0
INSP_C1C3E718,2026-07-04,SYS_003,AST_10E8FC0A,1.806228,1,1,60.0
INSP_06CAF34D,2026-07-04,SYS_020,AST_A7767CC7,0.621886,0,0,60.0
INSP_E690AB6D,2026-07-04,SYS_034,AST_898B9A3E,0.937033,0,0,60.0
INSP_A56963BC,2026-07-04,SYS_115,AST_E485A485,0.986284,0,0,60.0
INSP_42B9D16B,2026-07-04,SYS_125,AST_3F4357D4,0.723142,0,0,60.0
INSP_2EB00331,2026-07-04,SYS_177,AST_D268BF76,0.835503,0,0,60.0
INSP_8A4FAE0A,2026-07-04,SYS_195,AST_112DC772,0.689751,0,0,60.0
INSP_0AF09E9D,2026-07-05,SYS_000,AST_611BCAFE,1.15588,0,1,60.0
INSP_0FF723D3,2026-07-05,SYS_016,AST_75491F89,0.810371,0,0,60.0
INSP_8F76C2A4,2026-07-05,SYS_049,AST_8B590081,0.689373,0,0,60.0
INSP_80E615B6,2026-07-05,SYS_069,AST_2CCCF5B1,0.924553,0,0,60.0
INSP_80ECB9E1,2026-07-05,SYS_150,AST_4A9758F4,0.797948,0,0,60.0
INSP_5812571A,2026-07-06,SYS_010,AST_BA1E579E,1.064951,1,1,60.0
INSP_6D2677BC,2026-07-06,SYS_054,AST_C88F0D7A,0.694748,0,0,60.0
INSP_40ABB54C,2026-07-06,SYS_078,AST_22724B56,1.034054,0,1,60.0
INSP_469425F2,2026-07-06,SYS_095,AST_F7A145A0,0.37115,0,0,60.0
INSP_A02E02B4,2026-07-06,SYS_104,AST_34B52F7C,0.580431,0,0,60.0
INSP_20A4ACA3,2026-07-07,SYS_008,AST_18D5AB2B,1.522666,1,1,60.0
INSP_9E75937E,2026-07-07,SYS_066,AST_F5795CF8,0.611113,0,0,60.0
INSP_64B9C0E4,2026-07-07,SYS_097,AST_78B2DAF5,0.450364,0,0,60.0
INSP_578C66A6,2026-07-07,SYS_123,AST_745D2B0D,1.08765,0,1,60.0
INSP_3DF49255,2026-07-07,SYS_124,AST_C6FED7CE,1.109113,1,1,60.0
INSP_63E9BE09,2026-07-07,SYS_132,AST_B471717C,0.731089,0,0,60.0
INSP_5A6B67BD,2026-07-08,SYS_011,AST_C95E4C36,0.619395,0,0,60.0
INSP_56A2CD87,2026-07-08,SYS_092,AST_A654FA74,1.136428,0,1,60.0
INSP_6038C0EB,2026-07-08,SYS_100,AST_5436F9AF,0.939948,0,0,60.0
INSP_89CBAC1D,2026-07-08,SYS_135,AST_33AE7546,1.25804,0,1,60.0
INSP_D6297FDC,2026-07-09,SYS_009,AST_59AE948D,0.844958,0,0,60.0
INSP_1E973BD6,2026-07-09,SYS_029,AST_72182962,0.837491,0,0,60.0
INSP_80E3E7BD,2026-07-09,SYS_051,AST_8936EA7E,0.856708,0,0,60.0
INSP_EE5D43EE,2026-07-09,SYS_084,AST_F5A48F47,0.631062,0,0,60.0
INSP_341D3700,2026-07-09,SYS_121,AST_57E427AB,0.992504,0,0,60.0
INSP_83782748,2026-07-09,SYS_199,AST_92492C9A,0.796401,0,0,60.0
INSP_295C791A,2026-07-10,SYS_007,AST_48BC3EF9,0.643808,0,0,60.0
INSP_31905800,2026-07-10,SYS_042,AST_85108019,1.146452,0,1,60.0
INSP_18E7DDD6,2026-07-10,SYS_061,AST_A35FE079,0.64144,0,0,60.0
INSP_113D3CF1,2026-07-10,SYS_064,AST_6BB62FDB,0.705795,0,0,60.0
INSP_EB9FE8BE,2026-07-10,SYS_071,AST_E62B116D,0.543541,0,0,60.0
INSP_06D35941,2026-07-10,SYS_080,AST_2CC51A78,0.329749,0,0,60.0
INSP_4490AFAC,2026-07-10,SYS_113,AST_177B93F0,0.669162,0,0,60.0
INSP_18D8AD6F,2026-07-10,SYS_122,AST_0A8960BD,0.78398,0,0,60.0
INSP_33102C2F,2026-07-10,SYS_157,AST_07151874,0.858373,0,0,60.0
INSP_67C589E9,2026-07-10,SYS_182,AST_005BCD3C,0.612575,0,0,60.0
INSP_F12968B1,2026-07-11,SYS_032,AST_A2D2456E,1.729555,1,1,60.0
INSP_46F7F19F,2026-07-11,SYS_041,AST_5F735C82,0.737528,0,0,60.0
INSP_779D663A,2026-07-11,SYS_059,AST_1F05FC1B,1.37223,1,1,60.0
INSP_2A24D1AE,2026-07-11,SYS_103,AST_E421B8F7,0.898601,0,0,60.0
INSP_6DCEFDA4,2026-07-11,SYS_109,AST_36E83F9B,0.529463,0,0,60.0
INSP_2703C7F1,2026-07-11,SYS_117,AST_EE3B7502,0.289735,0,0,60.0
INSP_A5F95DD3,2026-07-11,SYS_133,AST_36645A9F,0.752207,0,0,60.0
INSP_923E66D4,2026-07-11,SYS_138,AST_BDEBA9F4,0.259873,0,0,60.0
INSP_B4FA4C7E,2026-07-11,SYS_149,AST_A36B2B62,1.740653,1,1,60.0
INSP_AA7F9824,2026-07-11,SYS_166,AST_DA889646,0.958655,0,0,60.0
INSP_A7AE10BD,2026-07-12,SYS_033,AST_78A40885,0.887808,0,0,60.0
INSP_D4D6B3CD,2026-07-12,SYS_082,AST_677BB75C,0.948122,0,0,60.0
INSP_5DEFA6DF,2026-07-12,SYS_114,AST_71208FE4,0.977151,0,0,60.0
INSP_F5C50788,2026-07-12,SYS_130,AST_3A50A6C8,0.445394,0,0,60.0
INSP_CEB2F900,2026-07-12,SYS_144,AST_E96A36D9,0.821895,1,0,60.0
INSP_B7C75B23,2026-07-12,SYS_168,AST_FB44B477,1.048249,0,1,60.0
INSP_41BDDF86,2026-07-13,SYS_017,AST_75433D0E,0.346358,0,0,60.0
INSP_80FC671D,2026-07-13,SYS_027,AST_F62C7205,0.562262,0,0,60.0
INSP_89832272,2026-07-13,SYS_053,AST_1421CD29,0.603738,0,0,60.0
INSP_38514B9D,2026-07-13,SYS_143,AST_F29B86AB,0.895748,0,0,60.0
INSP_9336B072,2026-07-13,SYS_172,AST_ADEC264C,1.037543,1,1,60.0
INSP_10C0DCE6,2026-07-13,SYS_180,AST_ABEDAC5D,0.611259,0,0,60.0
INSP_0BA971EB,2026-07-13,SYS_190,AST_FDA57079,0.295211,0,0,60.0
INSP_0E16E2DA,2026-07-14,SYS_131,AST_348BD6C0,0.770605,0,0,60.0
INSP_1EC7E33B,2026-07-14,SYS_197,AST_C302525D,0.972187,0,0,60.0
INSP_393A768B,2026-07-15,SYS_081,AST_2559F2BC,0.924816,0,0,60.0
INSP_4A17B275,2026-07-15,SYS_148,AST_0CAAF0CA,0.87997,0,0,60.0
INSP_69CB9A61,2026-07-15,SYS_154,AST_8779BF08,0.485567,0,0,60.0
INSP_5FE77DC4,2026-07-15,SYS_169,AST_55F0F9F6,0.718038,0,0,60.0
INSP_34232C1C,2026-07-15,SYS_187,AST_362F6E1D,0.644741,0,0,60.0
INSP_71949D53,2026-07-15,SYS_192,AST_149EEDF0,0.927558,0,0,60.0
INSP_2E4B5CF0,2026-07-16,SYS_013,AST_0D114CD8,0.498563,0,0,60.0
INSP_FAF932A1,2026-07-16,SYS_024,AST_360766DC,1.230869,0,1,60.0
INSP_EF06D9AF,2026-07-16,SYS_040,AST_D89EE066,1.113536,0,1,60.0
INSP_F0BF9220,2026-07-16,SYS_070,AST_EF1723A7,0.91356,0,0,60.0
INSP_1C6B6B1C,2026-07-16,SYS_074,AST_005C2060,0.800933,0,0,60.0
INSP_53E086A8,2026-07-16,SYS_160,AST_EE42B4EE,0.688475,0,0,60.0
INSP_A2A67449,2026-07-16,SYS_171,AST_BFB41487,0.993369,0,0,60.0
INSP_10A7F711,2026-07-17,SYS_004,AST_34B81456,0.812574,0,0,60.0
INSP_0E9D1409,2026-07-17,SYS_046,AST_B6A18F44,0.524071,0,0,60.0
INSP_5DFB0F80,2026-07-17,SYS_065,AST_C0195FDC,0.779261,0,0,60.0
INSP_71A6D896,2026-07-17,SYS_153,AST_416FD4D1,0.61592,0,0,60.0
INSP_3BE28260,2026-07-17,SYS_161,AST_D05D43D5,1.084138,0,1,60.0
INSP_28708610,2026-07-18,SYS_001,AST_5733BC75,1.141183,1,1,60.0
INSP_6B2E0588,2026-07-18,SYS_022,AST_3A3ABCBA,0.397104,0,0,60.0
INSP_AF5F96E2,2026-07-18,SYS_023,AST_7155CAE3,0.347486,0,0,60.0
INSP_82434ADA,2026-07-18,SYS_043,AST_11D07EA3,0.586732,0,0,60.0
INSP_01B65961,2026-07-18,SYS_045,AST_71683139,1.413562,1,1,60.0
INSP_981CFD21,2026-07-18,SYS_077,AST_71806DDB,0.587526,0,0,60.0
INSP_EDB96D5A,2026-07-18,SYS_136,AST_46F2626C,0.841305,0,0,60.0
INSP_492D66D2,2026-07-18,SYS_146,AST_1B8D46F6,0.519826,0,0,60.0
INSP_99E79ED0,2026-07-18,SYS_159,AST_09334FDB,1.165023,0,1,60.0
INSP_B1E1C1E0,2026-07-18,SYS_196,AST_83AEE438,0.646324,0,0,60.0
INSP_124F0FC1,2026-07-19,SYS_006,AST_01B706B3,0.306476,0,0,60.0
INSP_E9723255,2026-07-19,SYS_014,AST_C582AD53,0.917564,0,0,60.0
INSP_3F4033C6,2026-07-19,SYS_089,AST_F3FA3B59,0.555011,0,0,60.0
INSP_8B5FC46E,2026-07-19,SYS_093,AST_E008ABAF,0.867778,0,0,60.0
INSP_39FF26E9,2026-07-19,SYS_094,AST_DDF229A0,0.781713,0,0,60.0
INSP_997145AA,2026-07-19,SYS_174,AST_0CF3B1AB,1.000327,0,1,60.0
INSP_145885C3,2026-07-19,SYS_191,AST_28102D1A,0.971693,0,0,60.0
INSP_377FE5D9,2026-07-20,SYS_052,AST_79A75A88,0.513379,0,0,60.0
INSP_2624AB1D,2026-07-20,SYS_075,AST_E60AAA9C,0.593297,0,0,60.0
INSP_DE00CEEF,2026-07-20,SYS_098,AST_336E36C7,0.869404,0,0,60.0
INSP_953B29B0,2026-07-20,SYS_108,AST_8823CDE5,0.881103,0,0,60.0
INSP_4CED8ADC,2026-07-20,SYS_145,AST_C80BFBDE,0.860667,0,0,60.0
INSP_31C3F92D,2026-07-20,SYS_156,AST_C014C40A,0.603772,0,0,60.0
INSP_5FCA399A,2026-07-20,SYS_165,AST_849D44BE,0.848847,0,0,60.0
INSP_555A2FA6,2026-07-20,SYS_181,AST_69222B18,0.760086,0,0,60.0
INSP_7F2A473C,2026-07-21,SYS_060,AST_93EE11F2,0.741742,0,0,60.0
INSP_003E2E24,2026-07-21,SYS_142,AST_A42F6532,0.704559,0,0,60.0
INSP_3D9305E3,2026-07-21,SYS_167,AST_BF41CB64,1.179708,1,1,60.0
INSP_C5E75A6F,2026-07-22,SYS_002,AST_8C3021C3,0.868134,0,0,60.0
INSP_315640C2,2026-07-22,SYS_005,AST_2355582B,0.678719,0,0,60.0
INSP_C35D2877,2026-07-22,SYS_050,AST_F69AFC56,0.714501,0,0,60.0
INSP_5C6A74B6,2026-07-22,SYS_090,AST_3E900085,0.62866,0,0,60.0
INSP_D901D9E1,2026-07-22,SYS_096,AST_757A2281,1.057046,0,1,60.0
INSP_1FC5AF1A,2026-07-22,SYS_106,AST_F68C2B16,1.262721,1,1,60.0
INSP_3A4CBA79,2026-07-22,SYS_120,AST_F223BB43,0.867013,1,0,60.0
INSP_E34338D5,2026-07-22,SYS_126,AST_BCC36F08,0.985951,0,0,60.0
INSP_10252158,2026-07-22,SYS_152,AST_A78D477C,0.90002,0,0,60.0
INSP_1A633684,2026-07-22,SYS_163,AST_67436F82,1.007839,0,1,60.0
INSP_6284CA7E,2026-07-22,SYS_164,AST_79E11B35,0.718779,0,0,60.0
INSP_0004C116,2026-07-22,SYS_175,AST_987787EC,0.497427,0,0,60.0
INSP_BECE94FA,2026-07-23,SYS_025,AST_E767A2E7,0.645164,0,0,60.0
INSP_BB12E581,2026-07-23,SYS_026,AST_B7959A5C,0.61353,0,0,60.0
INSP_07C7EF42,2026-07-23,SYS_073,AST_7072115A,1.088705,0,1,60.0
INSP_47A175DC,2026-07-23,SYS_185,AST_A2B95F2A,0.596473,1,0,60.0
INSP_F2BFBC7F,2026-07-24,SYS_062,AST_E6F98CD6,1.117693,1,1,60.0
INSP_8509DC19,2026-07-24,SYS_072,AST_2677C73B,1.237858,1,1,60.0
INSP_2FFFFE50,2026-07-24,SYS_088,AST_8881A08E,0.26625,0,0,60.0
INSP_B5C11746,2026-07-24,SYS_101,AST_199E4ED5,0.605737,0,0,60.0
INSP_40203189,2026-07-24,SYS_173,AST_761AB970,0.779354,0,0,60.0
INSP_D382FF88,2026-07-25,SYS_028,AST_01BDCD63,1.434113,1,1,60.0
INSP_5E38DB29,2026-07-25,SYS_035,AST_EC002B8E,0.977112,0,0,60.0
INSP_815B8B7A,2026-07-25,SYS_068,AST_E6CD9897,0.524341,1,0,60.0
INSP_DA264371,2026-07-25,SYS_085,AST_BC13EB44,1.247693,0,1,60.0
INSP_DE9A74EA,2026-07-25,SYS_118,AST_CD01BE37,0.250624,0,0,60.0
INSP_35E58361,2026-07-25,SYS_139,AST_594EB63A,0.684307,0,0,60.0
INSP_E66A118F,2026-07-25,SYS_151,AST_0CA6C74F,0.925376,0,0,60.0
INSP_37CDF0ED,2026-07-25,SYS_193,AST_B624BE5F,0.559302,0,0,60.0
INSP_1F7B97F0,2026-07-26,SYS_036,AST_201A44F7,0.631872,0,0,60.0
INSP_DEBC058B,2026-07-26,SYS_037,AST_12C3D6E6,0.964943,1,0,60.0
INSP_02FFC2E5,2026-07-26,SYS_086,AST_1F6FC1A0,0.146073,0,0,60.0
INSP_41D21F3B,2026-07-26,SYS_102,AST_D4717E02,0.563182,0,0,60.0
INSP_F13AD074,2026-07-26,SYS_186,AST_5CB7885A,1.021386,0,1,60.0
INSP_C380F600,2026-07-26,SYS_188,AST_0D8C5A64,0.8469,0,0,60.0
INSP_DB27E24C,2026-07-27,SYS_038,AST_C09E7897,0.653035,0,0,60.0
INSP_D7D34B78,2026-07-27,SYS_047,AST_BFCB2B08,0.545305,0,0,60.0
INSP_940C316B,2026-07-27,SYS_056,AST_1FD22902,1.013685,1,1,60.0
INSP_9091234C,2026-07-27,SYS_063,AST_54F1946F,0.892276,0,0,60.0
INSP_1E53FFE5,2026-07-27,SYS_111,AST_AA47D855,0.398439,0,0,60.0
INSP_E1876B6B,2026-07-27,SYS_116,AST_AA3DF989,0.832136,0,0,60.0
INSP_7283A05F,2026-07-27,SYS_134,AST_513E84BA,0.958003,0,0,60.0
INSP_69A6F345,2026-07-27,SYS_195,AST_112DC772,0.914409,0,0,60.0
INSP_5EF53A69,2026-07-28,SYS_029,AST_72182962,0.70028,0,0,60.0
INSP_C84FDC71,2026-07-28,SYS_030,AST_BC560A24,0.814147,0,0,60.0
INSP_325EFD30,2026-07-28,SYS_083,AST_35C2C263,1.173462,1,1,60.0
INSP_B17ACC54,2026-07-28,SYS_194,AST_AFC2A365,1.161763,1,1,60.0
INSP_E57ED20F,2026-07-28,SYS_198,AST_8C8EC664,0.82146,0,0,60.0
INSP_67B76755,2026-07-29,SYS_018,AST_D2AAE75F,1.296013,0,1,60.0
INSP_89EDE128,2026-07-29,SYS_055,AST_65BC7AF4,0.839758,0,0,60.0
INSP_F228D293,2026-07-29,SYS_119,AST_A9E07DCD,0.839769,0,0,60.0
INSP_BC7320A5,2026-07-29,SYS_127,AST_E66E58BF,0.788527,0,0,60.0
INSP_F29821AE,2026-07-29,SYS_147,AST_059BC199,0.199918,0,0,60.0
INSP_AA32E92B,2026-07-29,SYS_158,AST_FA571F5C,0.592741,0,0,60.0
INSP_B8310AAA,2026-07-29,SYS_189,AST_BA2068C4,0.474883,0,0,60.0
INSP_BC218950,2026-07-30,SYS_110,AST_FED5DCED,0.736309,0,0,60.0
INSP_0FC3E6FA,2026-07-30,SYS_112,AST_72528000,1.140891,0,1,60.0
INSP_475135ED,2026-07-30,SYS_140,AST_82DF0E33,1.144704,1,1,60.0
INSP_15A903CB,2026-07-30,SYS_155,AST_EB9D2923,0.854988,0,0,60.0
INSP_CA699E4B,2026-07-31,SYS_015,AST_0CF332F9,0.697505,1,0,60.0
INSP_D33A28E4,2026-07-31,SYS_039,AST_0C2D90D2,0.83915,0,0,60.0
INSP_CFA1ABA2,2026-07-31,SYS_048,AST_B7D85950,0.898126,0,0,60.0
INSP_C70ACC48,2026-07-31,SYS_058,AST_CC418360,1.233277,0,1,60.0
INSP_8964FC45,2026-07-31,SYS_091,AST_FF3BACB3,1.13793,0,1,60.0
INSP_1530F771,2026-07-31,SYS_107,AST_4ED453A3,0.095193,0,0,60.0
INSP_3700F299,2026-07-31,SYS_129,AST_B8F71FDD,0.425847,0,0,60.0
INSP_862409E5,2026-07-31,SYS_141,AST_C841EE03,1.193704,1,1,60.0
INSP_00FBD5EF,2026-07-31,SYS_162,AST_FA7C66DB,0.671834,0,0,60.0
INSP_B30AA2CA,2026-07-31,SYS_170,AST_41E4C47D,0.906819,1,0,60.0
INSP_9E566E98,2026-07-31,SYS_176,AST_5DF61EE8,1.172335,0,1,60.0
INSP_2CFEBC77,2026-07-31,SYS_183,AST_3AC31DE4,0.651993,0,0,60.0
INSP_74806042,2026-08-01,SYS_011,AST_C95E4C36,1.040234,1,1,60.0
INSP_A958FEA4,2026-08-01,SYS_019,AST_295F6162,1.034427,0,1,60.0
INSP_704A7726,2026-08-01,SYS_031,AST_9FC6C1DF,1.110536,0,1,60.0
INSP_637655D2,2026-08-01,SYS_115,AST_E485A485,1.026744,0,1,60.0
INSP_0C9F1585,2026-08-01,SYS_137,AST_CC32FEC1,0.853711,0,0,60.0
INSP_CFD1199F,2026-08-01,SYS_178,AST_FB8BAAE3,0.606476,0,0,60.0
INSP_3265B1D3,2026-08-01,SYS_184,AST_F713DE74,0.448701,0,0,60.0
INSP_612BE3E9,2026-08-02,SYS_016,AST_75491F89,1.398397,1,1,60.0
INSP_98F83935,2026-08-02,SYS_049,AST_8B590081,0.87301,0,0,60.0
INSP_566FDF99,2026-08-02,SYS_128,AST_D607EFBB,0.486346,0,0,60.0
INSP_7B55AAED,2026-08-03,SYS_034,AST_898B9A3E,0.577054,1,0,60.0
INSP_E8F6E3DD,2026-08-04,SYS_003,AST_C2536FD0,0.283951,0,0,60.0
INSP_0906D28D,2026-08-04,SYS_012,AST_400DB418,0.6472,0,0,60.0
INSP_15786EE3,2026-08-04,SYS_051,AST_8936EA7E,0.88055,0,0,60.0
INSP_DD79C021,2026-08-04,SYS_064,AST_6BB62FDB,0.668531,0,0,60.0
INSP_80CBEF39,2026-08-04,SYS_069,AST_2CCCF5B1,0.943205,1,0,60.0
INSP_E16E996D,2026-08-04,SYS_097,AST_78B2DAF5,1.058214,1,1,60.0
INSP_855A9311,2026-08-04,SYS_104,AST_34B52F7C,1.128413,0,1,60.0
INSP_C02FD822,2026-08-04,SYS_150,AST_4A9758F4,1.028744,0,1,60.0
INSP_838D5F9C,2026-08-04,SYS_168,AST_FB44B477,0.110783,0,0,60.0
INSP_3DCE96F3,2026-08-05,SYS_010,AST_BA1E579E,0.867933,0,0,60.0
INSP_1089C458,2026-08-05,SYS_057,AST_3260BE22,0.974191,0,0,60.0
INSP_ABCA69B5,2026-08-05,SYS_066,AST_F5795CF8,0.937586,1,0,60.0
INSP_1DB929CF,2026-08-06,SYS_000,AST_611BCAFE,0.403532,0,0,60.0
INSP_9EEEDB05,2026-08-06,SYS_021,AST_47CEED8F,1.103782,1,1,60.0
INSP_C6A2B756,2026-08-06,SYS_080,AST_2CC51A78,0.712955,0,0,60.0
INSP_4024C364,2026-08-06,SYS_092,AST_A654FA74,0.620014,0,0,60.0
INSP_FF5D6925,2026-08-06,SYS_095,AST_F7A145A0,0.678295,0,0,60.0
INSP_1DD38C7B,2026-08-06,SYS_105,AST_7866AE54,0.782776,0,0,60.0
INSP_0B60ECD8,2026-08-06,SYS_148,AST_0CAAF0CA,0.816689,1,0,60.0
INSP_E8CC461D,2026-08-06,SYS_182,AST_005BCD3C,1.202945,1,1,60.0
INSP_6EEDD689,2026-08-06,SYS_190,AST_FDA57079,0.814237,0,0,60.0
INSP_573633F5,2026-08-07,SYS_007,AST_48BC3EF9,0.690006,0,0,60.0
INSP_50FEB12A,2026-08-07,SYS_020,AST_A7767CC7,1.193453,1,1,60.0
INSP_D4152BDA,2026-08-07,SYS_027,AST_F62C7205,1.032068,1,1,60.0
INSP_23103897,2026-08-07,SYS_079,AST_F5251E52,1.518895,0,1,60.0
INSP_C3F4455D,2026-08-07,SYS_084,AST_F5A48F47,1.058765,0,1,60.0
INSP_D941C921,2026-08-07,SYS_100,AST_5436F9AF,1.509547,1,1,60.0
INSP_551E5934,2026-08-07,SYS_114,AST_71208FE4,1.202314,0,1,60.0
INSP_3DC61395,2026-08-07,SYS_124,AST_C6FED7CE,0.445467,0,0,60.0
INSP_02D4A25A,2026-08-07,SYS_132,AST_B471717C,0.924604,0,0,60.0
INSP_9FE08C53,2026-08-07,SYS_135,AST_33AE7546,0.424669,0,0,60.0
INSP_E5335323,2026-08-07,SYS_166,AST_DA889646,1.023181,0,1,60.0
INSP_A800963C,2026-08-07,SYS_177,AST_D268BF76,0.785577,1,0,60.0
INSP_B837B2AC,2026-08-08,SYS_071,AST_E62B116D,1.029717,0,1,60.0
INSP_42578288,2026-08-08,SYS_087,AST_CEA7BD4E,0.748528,0,0,60.0
INSP_A627F228,2026-08-08,SYS_113,AST_177B93F0,0.668959,1,0,60.0
INSP_F59EB566,2026-08-08,SYS_121,AST_57E427AB,1.31728,1,1,60.0
INSP_93E659BF,2026-08-08,SYS_125,AST_3F4357D4,0.911123,0,0,60.0
INSP_6B1DD625,2026-08-08,SYS_157,AST_07151874,0.646963,0,0,60.0
INSP_E48689C3,2026-08-09,SYS_044,AST_24282EF9,1.232256,1,1,60.0
INSP_2D473C9B,2026-08-09,SYS_067,AST_4F5BB5C0,0.204205,0,0,60.0
INSP_A520A47F,2026-08-09,SYS_130,AST_3A50A6C8,0.939963,0,0,60.0
INSP_CD42DA48,2026-08-09,SYS_199,AST_92492C9A,0.537215,0,0,60.0
INSP_8C1AA281,2026-08-10,SYS_008,AST_8CDA59B0,0.097764,0,0,60.0
INSP_103D9122,2026-08-10,SYS_022,AST_3A3ABCBA,1.123392,0,1,60.0
INSP_AE92F05C,2026-08-10,SYS_061,AST_A35FE079,1.053371,1,1,60.0
INSP_5FE7A16E,2026-08-10,SYS_065,AST_C0195FDC,0.970859,1,0,60.0
INSP_107DCC17,2026-08-10,SYS_076,AST_F603957B,1.348239,1,1,60.0
INSP_461CA7AD,2026-08-10,SYS_096,AST_757A2281,0.376471,0,0,60.0
INSP_BD12F3F1,2026-08-10,SYS_099,AST_2E2BCA5E,1.175589,1,1,60.0
INSP_653C4E77,2026-08-10,SYS_103,AST_E421B8F7,1.210027,1,1,60.0
INSP_1B8CE486,2026-08-10,SYS_122,AST_0A8960BD,0.973219,1,0,60.0
INSP_643D0A75,2026-08-10,SYS_123,AST_745D2B0D,0.401269,0,0,60.0
INSP_AA9ED08D,2026-08-10,SYS_133,AST_36645A9F,1.401057,1,1,60.0
INSP_5F4AAE56,2026-08-10,SYS_172,AST_ADEC264C,0.563128,0,0,60.0
INSP_805B125A,2026-08-10,SYS_174,AST_0CF3B1AB,0.457803,0,0,60.0
INSP_C424F16B,2026-08-11,SYS_032,AST_9EA318AD,0.219477,0,0,60.0
INSP_C04E0F7F,2026-08-11,SYS_054,AST_C88F0D7A,0.622524,0,0,60.0
INSP_10AB8D1E,2026-08-11,SYS_082,AST_677BB75C,1.093469,0,1,60.0
INSP_9D87B55A,2026-08-11,SYS_109,AST_36E83F9B,0.444981,0,0,60.0
INSP_70D51D8A,2026-08-11,SYS_131,AST_348BD6C0,1.350485,1,1,60.0
INSP_2E7802DC,2026-08-11,SYS_149,AST_AB74CC0D,0.188874,0,0,60.0
INSP_2EDB5698,2026-08-12,SYS_009,AST_59AE948D,1.076085,1,1,60.0
INSP_329FCA40,2026-08-12,SYS_040,AST_D89EE066,0.389933,0,0,60.0
INSP_008255DA,2026-08-12,SYS_078,AST_22724B56,1.064389,0,1,60.0
INSP_A261331E,2026-08-12,SYS_089,AST_F3FA3B59,0.815934,0,0,60.0
INSP_29580051,2026-08-12,SYS_138,AST_BDEBA9F4,1.256515,0,1,60.0
INSP_0E408263,2026-08-13,SYS_004,AST_34B81456,1.327936,1,1,60.0
INSP_4666CA92,2026-08-13,SYS_033,AST_78A40885,1.033718,1,1,60.0
INSP_F1ABDF11,2026-08-13,SYS_041,AST_5F735C82,1.165325,0,1,60.0
INSP_119DF20E,2026-08-13,SYS_042,AST_85108019,0.707365,0,0,60.0
INSP_5D357EE3,2026-08-13,SYS_059,AST_1F05FC1B,0.769298,0,0,60.0
INSP_22284058,2026-08-13,SYS_154,AST_8779BF08,0.613803,0,0,60.0
INSP_729FDF12,2026-08-13,SYS_171,AST_BFB41487,1.035417,0,1,60.0
INSP_0ECB3DBD,2026-08-13,SYS_197,AST_C302525D,0.878742,0,0,60.0
INSP_A822A7F2,2026-08-14,SYS_060,AST_93EE11F2,0.578891,0,0,60.0
INSP_7BC0217E,2026-08-14,SYS_081,AST_2559F2BC,0.946964,0,0,60.0
INSP_B688C9F9,2026-08-14,SYS_094,AST_DDF229A0,1.442505,1,1,60.0
INSP_7C560227,2026-08-14,SYS_117,AST_EE3B7502,0.903929,0,0,60.0
INSP_2EB03297,2026-08-14,SYS_143,AST_5AB29CA1,0.481783,0,0,60.0
INSP_81C4E8A1,2026-08-14,SYS_144,AST_E96A36D9,1.195363,1,1,60.0
INSP_910ED562,2026-08-14,SYS_169,AST_55F0F9F6,0.970315,1,0,60.0
INSP_71A0DFFE,2026-08-14,SYS_181,AST_69222B18,0.725014,1,0,60.0
INSP_98BDDA64,2026-08-14,SYS_192,AST_149EEDF0,0.8519,1,0,60.0
INSP_3C920864,2026-08-15,SYS_159,AST_09334FDB,0.688224,0,0,60.0
INSP_764A41AE,2026-08-16,SYS_001,AST_5733BC75,0.755587,0,0,60.0
INSP_98A23ED7,2026-08-16,SYS_017,AST_75433D0E,0.391385,0,0,60.0
INSP_7CEED2C9,2026-08-16,SYS_053,AST_1421CD29,0.964102,0,0,60.0
INSP_AAB8F6AF,2026-08-16,SYS_156,AST_C014C40A,0.918761,0,0,60.0
INSP_DB751F4C,2026-08-16,SYS_161,AST_D05D43D5,0.182241,0,0,60.0
INSP_DD0863BE,2026-08-16,SYS_196,AST_83AEE438,1.11386,1,1,60.0
INSP_22F61CAA,2026-08-17,SYS_070,AST_EF1723A7,1.248017,0,1,60.0
INSP_C18543E0,2026-08-17,SYS_085,AST_BC13EB44,0.23631,0,0,60.0
INSP_037E396D,2026-08-17,SYS_145,AST_C80BFBDE,0.930757,1,0,60.0
INSP_2682A5BE,2026-08-17,SYS_179,AST_05AA0B71,0.218002,0,0,60.0
INSP_EA35B7C9,2026-08-17,SYS_187,AST_362F6E1D,0.950812,0,0,60.0
INSP_B105F442,2026-08-18,SYS_052,AST_79A75A88,0.445694,0,0,60.0
INSP_CBF83F92,2026-08-18,SYS_136,AST_46F2626C,1.151718,1,1,60.0
INSP_11A00E3E,2026-08-19,SYS_005,AST_2355582B,1.076557,1,1,60.0
INSP_7055A00C,2026-08-19,SYS_014,AST_C582AD53,1.098255,1,1,60.0
INSP_1F8D693E,2026-08-19,SYS_023,AST_7155CAE3,0.669347,1,0,60.0
INSP_902B43EB,2026-08-19,SYS_024,AST_360766DC,0.221488,0,0,60.0
INSP_09D416C9,2026-08-19,SYS_045,AST_71683139,0.609978,0,0,60.0
INSP_17B1785D,2026-08-19,SYS_046,AST_B6A18F44,0.836306,1,0,60.0
INSP_ABE562CE,2026-08-19,SYS_068,AST_E6CD9897,1.325567,1,1,60.0
INSP_3833FEE1,2026-08-19,SYS_073,AST_7072115A,0.594978,0,0,60.0
INSP_09E34BA3,2026-08-19,SYS_074,AST_005C2060,1.085267,1,1,60.0
INSP_F3A0EF36,2026-08-19,SYS_153,AST_416FD4D1,0.958749,1,0,60.0
INSP_88FD9014,2026-08-19,SYS_175,AST_987787EC,1.039213,1,1,60.0
INSP_3574103E,2026-08-19,SYS_183,AST_3AC31DE4,0.904139,0,0,60.0
INSP_28216A72,2026-08-19,SYS_185,AST_A2B95F2A,1.543506,1,1,60.0
INSP_B5ECD950,2026-08-19,SYS_191,AST_28102D1A,1.404709,1,1,60.0
INSP_73BF391C,2026-08-20,SYS_025,AST_E767A2E7,0.908378,0,0,60.0
INSP_E2FED90B,2026-08-20,SYS_077,AST_71806DDB,0.799115,1,0,60.0
INSP_32E71854,2026-08-20,SYS_090,AST_3E900085,1.234535,1,1,60.0
INSP_4E3992AB,2026-08-20,SYS_118,AST_CD01BE37,0.800511,0,0,60.0
INSP_CB66AFF0,2026-08-20,SYS_160,AST_EE42B4EE,1.281317,1,1,60.0
INSP_6F5FA8D1,2026-08-20,SYS_165,AST_849D44BE,1.251987,1,1,60.0
INSP_8840B247,2026-08-21,SYS_006,AST_01B706B3,0.510583,0,0,60.0
INSP_E13F8196,2026-08-21,SYS_013,AST_0D114CD8,0.753665,0,0,60.0
INSP_D7526776,2026-08-21,SYS_026,AST_B7959A5C,1.312057,1,1,60.0
INSP_D8E432BE,2026-08-21,SYS_035,AST_EC002B8E,1.008885,1,1,60.0
INSP_00D65EE4,2026-08-21,SYS_093,AST_E008ABAF,1.220336,1,1,60.0
INSP_625DD8D2,2026-08-21,SYS_098,AST_336E36C7,1.175607,1,1,60.0
INSP_171B7AF1,2026-08-21,SYS_106,AST_F68C2B16,0.957659,0,0,60.0
INSP_4B363315,2026-08-21,SYS_120,AST_F223BB43,0.978989,1,0,60.0
INSP_3EC01129,2026-08-21,SYS_126,AST_BCC36F08,1.108518,1,1,60.0
INSP_A3B8EE0C,2026-08-21,SYS_164,AST_79E11B35,1.136772,0,1,60.0
INSP_53BEA4EC,2026-08-21,SYS_180,AST_ABEDAC5D,0.939253,1,0,60.0
INSP_30253B58,2026-08-22,SYS_050,AST_F69AFC56,1.024505,0,1,60.0
INSP_294C346A,2026-08-22,SYS_072,AST_2677C73B,0.589705,0,0,60.0
INSP_4C741567,2026-08-22,SYS_101,AST_199E4ED5,0.499407,0,0,60.0
INSP_8A85DE74,2026-08-22,SYS_151,AST_0CA6C74F,1.378769,1,1,60.0
INSP_DD542D6A,2026-08-22,SYS_163,AST_67436F82,0.772595,0,0,60.0
INSP_D369D7A0,2026-08-22,SYS_198,AST_8C8EC664,1.223858,1,1,60.0
INSP_60061791,2026-08-23,SYS_015,AST_0CF332F9,0.954589,1,0,60.0
INSP_7231D9D5,2026-08-23,SYS_036,AST_201A44F7,0.343066,0,0,60.0
INSP_9AC5A9F7,2026-08-23,SYS_056,AST_1FD22902,0.511201,0,0,60.0
INSP_8C968C7C,2026-08-23,SYS_108,AST_8823CDE5,1.266022,1,1,60.0
INSP_E9B7A0E5,2026-08-23,SYS_116,AST_AA3DF989,1.171785,0,1,60.0
INSP_427E45D6,2026-08-23,SYS_127,AST_E66E58BF,0.899965,1,0,60.0
INSP_EF85F2B3,2026-08-24,SYS_016,AST_75491F89,0.276946,0,0,60.0
INSP_CED0BF0D,2026-08-24,SYS_029,AST_72182962,1.220369,1,1,60.0
INSP_6A94D6CE,2026-08-24,SYS_030,AST_BC560A24,0.864469,1,0,60.0
INSP_74E4D5C4,2026-08-24,SYS_048,AST_B7D85950,1.645775,1,1,60.0
INSP_5DB8169E,2026-08-24,SYS_088,AST_8881A08E,0.72942,0,0,60.0
INSP_01C14698,2026-08-24,SYS_111,AST_AA47D855,0.504874,0,0,60.0
INSP_589D3977,2026-08-24,SYS_146,AST_1B8D46F6,0.550527,0,0,60.0
INSP_4F1F7AEB,2026-08-24,SYS_173,AST_761AB970,0.822879,1,0,60.0
INSP_143CEA75,2026-08-24,SYS_186,AST_5CB7885A,0.526844,0,0,60.0
INSP_B431EC40,2026-08-24,SYS_189,AST_BA2068C4,1.103872,1,1,60.0
INSP_D15143B9,2026-08-24,SYS_193,AST_B624BE5F,1.098303,1,1,60.0
INSP_55CDDF56,2026-08-25,SYS_028,AST_01BDCD63,0.331561,0,0,60.0
INSP_D4EED585,2026-08-25,SYS_062,AST_E6F98CD6,0.626524,0,0,60.0
INSP_35D8FFF6,2026-08-25,SYS_152,AST_A78D477C,0.985687,1,0,60.0
INSP_5F157576,2026-08-25,SYS_158,AST_FA571F5C,1.231318,1,1,60.0
INSP_A47AFB38,2026-08-25,SYS_170,AST_41E4C47D,0.892549,1,0,60.0
INSP_73998458,2026-08-26,SYS_018,AST_D2AAE75F,0.571465,0,0,60.0
INSP_121F31D4,2026-08-26,SYS_037,AST_12C3D6E6,1.418454,1,1,60.0
INSP_289DB133,2026-08-26,SYS_043,AST_11D07EA3,1.173097,1,1,60.0
INSP_7C91FEE6,2026-08-26,SYS_110,AST_FED5DCED,0.659363,0,0,60.0
INSP_F178A1A2,2026-08-26,SYS_134,AST_513E84BA,0.951603,1,0,60.0
INSP_1444C17C,2026-08-26,SYS_142,AST_A42F6532,1.132316,0,1,60.0
INSP_624B42D1,2026-08-26,SYS_147,AST_059BC199,1.015519,0,1,60.0
INSP_ED88C9EA,2026-08-27,SYS_047,AST_BFCB2B08,0.929707,1,0,60.0
INSP_83DA905B,2026-08-27,SYS_104,AST_34B52F7C,0.624173,0,0,60.0
INSP_EA059ABA,2026-08-27,SYS_112,AST_72528000,0.481899,0,0,60.0
INSP_F8154EA9,2026-08-27,SYS_119,AST_A9E07DCD,1.580404,1,1,60.0
INSP_2CD2D21E,2026-08-27,SYS_155,AST_EB9D2923,1.102854,1,1,60.0
INSP_3B04BE86,2026-08-27,SYS_176,AST_5DF61EE8,0.803661,0,0,60.0
INSP_D0C6CE3D,2026-08-27,SYS_195,AST_112DC772,0.964294,0,0,60.0
INSP_C5FAE2AA,2026-08-28,SYS_002,AST_8C3021C3,1.440243,1,1,60.0
INSP_48896A94,2026-08-28,SYS_058,AST_CC418360,0.514187,0,0,60.0
INSP_7356FCC7,2026-08-28,SYS_064,AST_6BB62FDB,1.187573,1,1,60.0
INSP_805A3334,2026-08-28,SYS_168,AST_FB44B477,1.106532,0,1,60.0
INSP_337B5F08,2026-08-29,SYS_022,AST_3A3ABCBA,0.472281,0,0,60.0
INSP_1CDE639B,2026-08-29,SYS_039,AST_0C2D90D2,1.452166,1,1,60.0
INSP_D75ECF28,2026-08-29,SYS_083,AST_35C2C263,0.306567,0,0,60.0
INSP_556BC3AB,2026-08-29,SYS_139,AST_594EB63A,0.658333,0,0,60.0
INSP_7A376C96,2026-08-29,SYS_167,AST_BF41CB64,1.116383,0,1,60.0
INSP_B39DB282,2026-08-30,SYS_011,AST_C95E4C36,0.539587,0,0,60.0
INSP_DA3F00C3,2026-08-30,SYS_031,AST_9FC6C1DF,0.398935,0,0,60.0
INSP_ADA848B6,2026-08-30,SYS_086,AST_1F6FC1A0,0.566872,0,0,60.0
INSP_78AB2119,2026-08-30,SYS_137,AST_CC32FEC1,1.082985,1,1,60.0
INSP_8F545DAE,2026-08-30,SYS_141,AST_C841EE03,0.911625,0,0,60.0
INSP_A97D0624,2026-08-30,SYS_150,AST_4A9758F4,0.364302,0,0,60.0
INSP_E106A7A7,2026-08-30,SYS_184,AST_F713DE74,0.922502,1,0,60.0
INSP_39A8699B,2026-08-30,SYS_188,AST_0D8C5A64,1.46944,1,1,60.0
INSP_CFDE1CCA,2026-08-31,SYS_012,AST_400DB418,1.243806,1,1,60.0
INSP_983B352F,2026-08-31,SYS_038,AST_C09E7897,1.252772,1,1,60.0
INSP_AE9F8B02,2026-08-31,SYS_055,AST_65BC7AF4,1.553279,1,1,60.0
INSP_15A03C60,2026-08-31,SYS_063,AST_54F1946F,0.650886,0,0,60.0
INSP_BFCC2BC7,2026-08-31,SYS_102,AST_D4717E02,1.275782,1,1,60.0
INSP_1318886A,2026-08-31,SYS_129,AST_B8F71FDD,0.69361,0,0,60.0
INSP_D8325D9F,2026-09-01,SYS_080,AST_2CC51A78,1.136235,1,1,60.0
INSP_937C2B66,2026-09-01,SYS_100,AST_5436F9AF,0.33508,0,0,60.0
INSP_00EB000A,2026-09-01,SYS_115,AST_E485A485,0.473429,0,0,60.0
INSP_DEF377B1,2026-09-01,SYS_124,AST_C6FED7CE,0.910907,0,0,60.0
INSP_C68CC33A,2026-09-01,SYS_140,AST_82DF0E33,0.571318,0,0,60.0
INSP_56DE8282,2026-09-02,SYS_066,AST_F5795CF8,1.31895,1,1,60.0
INSP_DA0B0DA3,2026-09-02,SYS_075,AST_E60AAA9C,0.864631,1,0,60.0
INSP_A0AAA3C0,2026-09-02,SYS_182,AST_005BCD3C,0.622295,0,0,60.0
INSP_BB995B4D,2026-09-02,SYS_190,AST_FDA57079,1.591841,1,1,60.0
INSP_22C249AA,2026-09-03,SYS_007,AST_48BC3EF9,1.013802,1,1,60.0
INSP_C616F79C,2026-09-03,SYS_065,AST_C0195FDC,1.721781,1,1,60.0
INSP_E0446334,2026-09-03,SYS_095,AST_F7A145A0,1.094758,1,1,60.0
INSP_6221EA69,2026-09-03,SYS_097,AST_78B2DAF5,0.432264,0,0,60.0
INSP_9E38BCBF,2026-09-03,SYS_114,AST_71208FE4,0.650996,0,0,60.0
INSP_C0E4A7E5,2026-09-03,SYS_128,AST_D607EFBB,0.844549,1,0,60.0
INSP_5A5FB52B,2026-09-03,SYS_135,AST_33AE7546,0.571014,0,0,60.0
INSP_5D611110,2026-09-03,SYS_178,AST_FB8BAAE3,0.896133,1,0,60.0
INSP_F57C8411,2026-09-04,SYS_019,AST_295F6162,0.601387,0,0,60.0
INSP_35930BC0,2026-09-04,SYS_020,AST_A7767CC7,0.663743,0,0,60.0
INSP_3F837A34,2026-09-04,SYS_021,AST_47CEED8F,0.821307,0,0,60.0
INSP_73DE9377,2026-09-04,SYS_069,AST_2CCCF5B1,1.294442,1,1,60.0
INSP_9E7E770B,2026-09-04,SYS_094,AST_DDF229A0,0.436374,0,0,60.0
INSP_AD042C9A,2026-09-04,SYS_107,AST_4ED453A3,0.493327,0,0,60.0
INSP_364A1B14,2026-09-04,SYS_121,AST_57E427AB,0.434218,0,0,60.0
INSP_ECDAA897,2026-09-04,SYS_162,AST_FA7C66DB,1.094712,1,1,60.0
INSP_AF9364C0,2026-09-04,SYS_171,AST_BFB41487,0.437637,0,0,60.0
INSP_2D0CBD40,2026-09-05,SYS_010,AST_BA1E579E,0.917399,0,0,60.0
INSP_5A15D621,2026-09-05,SYS_034,AST_898B9A3E,1.630137,1,1,60.0
INSP_ECA5E629,2026-09-05,SYS_044,AST_24282EF9,0.444082,0,0,60.0
INSP_59E4DA88,2026-09-05,SYS_079,AST_F5251E52,0.380361,0,0,60.0
INSP_D1B8386D,2026-09-05,SYS_092,AST_A654FA74,0.865094,0,0,60.0
INSP_310E25E8,2026-09-05,SYS_117,AST_EE3B7502,0.415842,0,0,60.0
INSP_CD316A13,2026-09-05,SYS_122,AST_0A8960BD,1.175433,1,1,60.0
INSP_D210EA76,2026-09-05,SYS_130,AST_3A50A6C8,1.468378,1,1,60.0
INSP_D9238C7D,2026-09-05,SYS_148,AST_0CAAF0CA,1.305894,1,1,60.0
INSP_AC142C60,2026-09-05,SYS_172,AST_ADEC264C,0.582538,0,0,60.0
INSP_89D28BC3,2026-09-05,SYS_174,AST_0CF3B1AB,0.479843,0,0,60.0
INSP_B6816651,2026-09-06,SYS_091,AST_FF3BACB3,0.454134,0,0,60.0
INSP_5E139734,2026-09-06,SYS_105,AST_7866AE54,1.010717,0,1,60.0
INSP_CF5005BE,2026-09-06,SYS_153,AST_416FD4D1,1.451235,1,1,60.0
INSP_49FBE7E2,2026-09-07,SYS_027,AST_F62C7205,0.274942,0,0,60.0
INSP_DAAA695D,2026-09-07,SYS_040,AST_D89EE066,0.585279,0,0,60.0
INSP_3A3B7D12,2026-09-07,SYS_049,AST_8B590081,1.061633,1,1,60.0
INSP_6480EE16,2026-09-07,SYS_132,AST_B471717C,1.07715,1,1,60.0
INSP_2C463A3D,2026-09-08,SYS_008,AST_8CDA59B0,0.451576,0,0,60.0
INSP_A156F412,2026-09-08,SYS_032,AST_9EA318AD,0.280125,0,0,60.0
INSP_9B98FBC5,2026-09-08,SYS_033,AST_78A40885,0.751923,0,0,60.0
INSP_C1D78D75,2026-09-08,SYS_084,AST_F5A48F47,0.506456,0,0,60.0
INSP_AD12628A,2026-09-08,SYS_149,AST_AB74CC0D,0.576716,0,0,60.0
INSP_2F1A47B9,2026-09-08,SYS_154,AST_8779BF08,1.054173,1,1,60.0
INSP_EA29213A,2026-09-09,SYS_060,AST_93EE11F2,1.324747,1,1,60.0
INSP_38CB80E2,2026-09-09,SYS_071,AST_E62B116D,0.353172,0,0,60.0
INSP_A62ACF4B,2026-09-09,SYS_078,AST_22724B56,0.279761,0,0,60.0
INSP_C140257D,2026-09-09,SYS_103,AST_E421B8F7,0.381465,0,0,60.0
INSP_65554E71,2026-09-09,SYS_109,AST_36E83F9B,0.957065,0,0,60.0
INSP_49300911,2026-09-09,SYS_181,AST_69222B18,1.463102,1,1,60.0
INSP_48AC1869,2026-09-10,SYS_051,AST_8936EA7E,1.230186,1,1,60.0
INSP_7603236A,2026-09-10,SYS_057,AST_3260BE22,0.814689,1,0,60.0
INSP_7DF37E75,2026-09-10,SYS_059,AST_1F05FC1B,0.777952,0,0,60.0
INSP_15DEEBFE,2026-09-10,SYS_082,AST_677BB75C,0.778771,0,0,60.0
INSP_A1DCCCBC,2026-09-10,SYS_096,AST_757A2281,0.754587,0,0,60.0
INSP_EAD21C2E,2026-09-11,SYS_009,AST_59AE948D,0.491002,0,0,60.0
INSP_AF8F4006,2026-09-11,SYS_042,AST_85108019,0.955645,0,0,60.0
INSP_666F1222,2026-09-11,SYS_061,AST_A35FE079,0.842657,0,0,60.0
INSP_8313EF94,2026-09-11,SYS_125,AST_3F4357D4,1.333363,1,1,60.0
INSP_3B25362D,2026-09-11,SYS_131,AST_348BD6C0,0.857548,0,0,60.0
INSP_D861F7E6,2026-09-11,SYS_166,AST_DA889646,0.724569,0,0,60.0
INSP_AFBC1537,2026-09-11,SYS_169,AST_55F0F9F6,1.382343,1,1,60.0
INSP_D769CF51,2026-09-12,SYS_000,AST_611BCAFE,1.281344,0,1,60.0
INSP_CBDF4D2B,2026-09-12,SYS_026,AST_B7959A5C,0.218651,0,0,60.0
INSP_69D11577,2026-09-12,SYS_053,AST_1421CD29,1.120247,1,1,60.0
INSP_807242A5,2026-09-12,SYS_087,AST_CEA7BD4E,1.141943,1,1,60.0
INSP_93E0B30C,2026-09-12,SYS_098,AST_336E36C7,0.99941,0,0,60.0
INSP_7A2B5FF2,2026-09-12,SYS_113,AST_177B93F0,1.274939,1,1,60.0
INSP_86410938,2026-09-12,SYS_123,AST_745D2B0D,0.820929,0,0,60.0
INSP_90AD44C9,2026-09-12,SYS_133,AST_36645A9F,0.57606,0,0,60.0
INSP_987FB5B7,2026-09-12,SYS_157,AST_07151874,1.192607,1,1,60.0
INSP_DAAA665C,2026-09-12,SYS_161,AST_D05D43D5,0.588588,0,0,60.0
INSP_1C3AF4DF,2026-09-12,SYS_199,AST_92492C9A,0.995025,1,0,60.0
INSP_448BFC3F,2026-09-13,SYS_041,AST_5F735C82,0.937045,0,0,60.0
INSP_3A5F0FAB,2026-09-13,SYS_076,AST_F603957B,0.624523,0,0,60.0
INSP_A36CD823,2026-09-13,SYS_089,AST_F3FA3B59,1.181686,1,1,60.0
INSP_77771097,2026-09-13,SYS_099,AST_2E2BCA5E,0.972175,0,0,60.0
INSP_E090FDA4,2026-09-13,SYS_160,AST_EE42B4EE,0.204223,0,0,60.0
INSP_598CA497,2026-09-14,SYS_004,AST_34B81456,0.723157,0,0,60.0
INSP_7D3584B0,2026-09-14,SYS_016,AST_75491F89,1.081325,0,1,60.0
INSP_63C78024,2026-09-14,SYS_024,AST_360766DC,1.054616,0,1,60.0
INSP_1D169EF3,2026-09-14,SYS_045,AST_71683139,0.99958,0,0,60.0
INSP_59B3473D,2026-09-14,SYS_067,AST_4F5BB5C0,0.308753,0,0,60.0
INSP_BB1DDD40,2026-09-14,SYS_074,AST_005C2060,0.840708,0,0,60.0
INSP_F7EAC298,2026-09-14,SYS_138,AST_BDEBA9F4,0.551992,0,0,60.0
INSP_FE098716,2026-09-14,SYS_177,AST_D268BF76,1.026216,1,1,60.0
INSP_AFC875CF,2026-09-15,SYS_003,AST_C2536FD0,0.208187,0,0,60.0
INSP_8BA88A7B,2026-09-15,SYS_050,AST_F69AFC56,0.229784,0,0,60.0
INSP_CDFBE272,2026-09-15,SYS_143,AST_5AB29CA1,0.535242,0,0,60.0
INSP_3CBD451C,2026-09-15,SYS_145,AST_C80BFBDE,1.581031,1,1,60.0
INSP_661AA43F,2026-09-15,SYS_179,AST_05AA0B71,0.504129,0,0,60.0
INSP_C3DBDE3E,2026-09-15,SYS_187,AST_362F6E1D,1.493072,1,1,60.0
INSP_8B02CD0C,2026-09-15,SYS_196,AST_83AEE438,0.321934,0,0,60.0
INSP_87D6C8EA,2026-09-16,SYS_023,AST_7155CAE3,1.295775,1,1,60.0
INSP_371DA4F8,2026-09-16,SYS_163,AST_67436F82,0.730341,0,0,60.0
INSP_2A625939,2026-09-16,SYS_186,AST_5CB7885A,0.755436,0,0,60.0
INSP_7D5629D3,2026-09-16,SYS_192,AST_149EEDF0,1.513785,1,1,60.0
INSP_E81FED94,2026-09-16,SYS_197,AST_C302525D,1.254291,1,1,60.0
INSP_CAC68005,2026-09-16,SYS_198,AST_8C8EC664,0.268617,0,0,60.0
INSP_D4B7BBBF,2026-09-17,SYS_085,AST_BC13EB44,0.784694,0,0,60.0
INSP_26DD6E5F,2026-09-17,SYS_090,AST_3E900085,0.525097,0,0,60.0
INSP_841F609A,2026-09-17,SYS_101,AST_199E4ED5,0.896434,0,0,60.0
INSP_68CE1636,2026-09-17,SYS_126,AST_BCC36F08,0.732575,0,0,60.0
INSP_583E1ADF,2026-09-17,SYS_144,AST_E96A36D9,0.4846,0,0,60.0
INSP_7ADE55B5,2026-09-17,SYS_164,AST_79E11B35,0.288036,0,0,60.0
INSP_0C405B3B,2026-09-17,SYS_165,AST_849D44BE,0.503159,0,0,60.0
INSP_615B1825,2026-09-17,SYS_175,AST_987787EC,0.482088,0,0,60.0
INSP_561B1187,2026-09-17,SYS_189,AST_BA2068C4,0.522838,0,0,60.0
INSP_958A70EB,2026-09-18,SYS_017,AST_75433D0E,0.932404,0,0,60.0
INSP_6A665995,2026-09-18,SYS_068,AST_E6CD9897,1.058456,0,1,60.0
INSP_ED997366,2026-09-18,SYS_070,AST_EF1723A7,0.540973,0,0,60.0
INSP_F576D1BC,2026-09-18,SYS_081,AST_2559F2BC,1.179819,1,1,60.0
INSP_3B3E9A72,2026-09-18,SYS_118,AST_CD01BE37,0.589292,0,0,60.0
INSP_236AF1FB,2026-09-18,SYS_159,AST_09334FDB,0.797515,0,0,60.0
INSP_B2F4B6CD,2026-09-18,SYS_185,AST_A2B95F2A,0.714778,0,0,60.0
INSP_8AC5037F,2026-09-19,SYS_001,AST_5733BC75,0.951904,0,0,60.0
INSP_38B56558,2026-09-19,SYS_006,AST_01B706B3,1.247031,0,1,60.0
INSP_0B13D2D6,2026-09-19,SYS_025,AST_E767A2E7,1.440287,1,1,60.0
INSP_FED6C5BA,2026-09-19,SYS_037,AST_12C3D6E6,0.995995,0,0,60.0
INSP_046E2FAD,2026-09-19,SYS_054,AST_C88F0D7A,1.156401,1,1,60.0
INSP_F6E95C27,2026-09-19,SYS_108,AST_8823CDE5,0.650538,0,0,60.0
INSP_44156DD2,2026-09-19,SYS_110,AST_FED5DCED,1.033091,1,1,60.0
INSP_58AACC8B,2026-09-19,SYS_120,AST_F223BB43,1.915351,1,1,60.0
INSP_D7B4FBA6,2026-09-19,SYS_170,AST_41E4C47D,1.581234,1,1,60.0
INSP_6C10030F,2026-09-20,SYS_030,AST_BC560A24,1.521731,1,1,60.0
INSP_24D0846D,2026-09-20,SYS_043,AST_11D07EA3,0.534182,0,0,60.0
INSP_86C7254F,2026-09-20,SYS_116,AST_AA3DF989,0.299204,0,0,60.0
INSP_E9C416A2,2026-09-20,SYS_191,AST_28102D1A,0.809745,0,0,60.0
INSP_6C44525B,2026-09-21,SYS_018,AST_D2AAE75F,0.484719,0,0,60.0
INSP_DD287B83,2026-09-21,SYS_046,AST_B6A18F44,0.963815,1,0,60.0
INSP_E2E179ED,2026-09-21,SYS_052,AST_79A75A88,1.34869,1,1,60.0
INSP_CA64A954,2026-09-21,SYS_088,AST_8881A08E,0.851719,0,0,60.0
INSP_0CCDFAB5,2026-09-21,SYS_134,AST_513E84BA,1.284305,1,1,60.0
INSP_F83E802F,2026-09-21,SYS_151,AST_0CA6C74F,0.869903,0,0,60.0
INSP_6E189A14,2026-09-21,SYS_156,AST_C014C40A,1.170961,1,1,60.0
INSP_BBD8057A,2026-09-22,SYS_012,AST_400DB418,0.622517,0,0,60.0
INSP_78E36436,2026-09-22,SYS_014,AST_C582AD53,0.550553,0,0,60.0
INSP_9A05489F,2026-09-22,SYS_036,AST_201A44F7,0.680423,0,0,60.0
INSP_365A8568,2026-09-22,SYS_106,AST_F68C2B16,0.692694,0,0,60.0
INSP_A5520CFD,2026-09-22,SYS_142,AST_A42F6532,0.546275,0,0,60.0
INSP_480B75A4,2026-09-22,SYS_146,AST_1B8D46F6,1.539705,1,1,60.0
INSP_469DC35A,2026-09-23,SYS_013,AST_0D114CD8,1.45456,1,1,60.0
INSP_6A98B399,2026-09-23,SYS_039,AST_0C2D90D2,0.753951,0,0,60.0
INSP_12768DA9,2026-09-23,SYS_048,AST_B7D85950,0.595221,0,0,60.0
INSP_DFFE90E2,2026-09-23,SYS_062,AST_E6F98CD6,1.198937,0,1,60.0
INSP_271615DD,2026-09-23,SYS_112,AST_72528000,0.800087,0,0,60.0
INSP_C597F6C3,2026-09-23,SYS_127,AST_E66E58BF,1.586063,1,1,60.0
INSP_5057902C,2026-09-23,SYS_136,AST_46F2626C,0.717847,0,0,60.0
INSP_DFB97807,2026-09-23,SYS_152,AST_A78D477C,1.593786,1,1,60.0
INSP_E00E6CEB,2026-09-23,SYS_168,AST_FB44B477,0.499341,0,0,60.0
INSP_DBEC9AF6,2026-09-23,SYS_173,AST_761AB970,1.135783,1,1,60.0
INSP_2933D8A1,2026-09-23,SYS_183,AST_3AC31DE4,1.092225,1,1,60.0
INSP_5EAC3C6A,2026-09-24,SYS_011,AST_C95E4C36,1.03092,0,1,60.0
INSP_95AB746B,2026-09-24,SYS_072,AST_2677C73B,1.26025,0,1,60.0
INSP_F471E707,2026-09-24,SYS_073,AST_7072115A,0.217785,0,0,60.0
INSP_91319B88,2026-09-24,SYS_104,AST_34B52F7C,0.911961,0,0,60.0
INSP_CA6CC74C,2026-09-24,SYS_119,AST_A9E07DCD,0.741896,0,0,60.0
INSP_A3E2D2D1,2026-09-24,SYS_167,AST_BF41CB64,0.34345,0,0,60.0
INSP_464ED9E6,2026-09-24,SYS_190,AST_FDA57079,0.55405,0,0,60.0
INSP_7163AAF8,2026-09-24,SYS_195,AST_112DC772,1.075245,1,1,60.0
INSP_B2B2CF04,2026-09-25,SYS_028,AST_01BDCD63,1.254239,0,1,60.0
INSP_6E58B155,2026-09-25,SYS_029,AST_72182962,0.379289,0,0,60.0
INSP_D492484B,2026-09-25,SYS_035,AST_EC002B8E,0.696726,0,0,60.0
INSP_FE412576,2026-09-25,SYS_056,AST_1FD22902,1.350922,0,1,60.0
INSP_5FB40E92,2026-09-25,SYS_083,AST_35C2C263,0.785714,0,0,60.0
INSP_DD9DF516,2026-09-25,SYS_158,AST_FA571F5C,0.378135,0,0,60.0
INSP_083CE562,2026-09-25,SYS_176,AST_5DF61EE8,0.721633,0,0,60.0
INSP_22AF3FAD,2026-09-25,SYS_180,AST_ABEDAC5D,1.051392,1,1,60.0
INSP_B14FF78B,2026-09-26,SYS_047,AST_BFCB2B08,1.528759,1,1,60.0
INSP_08E02C62,2026-09-26,SYS_064,AST_6BB62FDB,0.831844,0,0,60.0
INSP_14912819,2026-09-26,SYS_077,AST_71806DDB,1.233544,1,1,60.0
INSP_EF23DE06,2026-09-26,SYS_124,AST_C6FED7CE,0.979104,1,0,60.0
INSP_F38FDAFB,2026-09-26,SYS_193,AST_B624BE5F,1.016506,0,1,60.0
INSP_91F58D4A,2026-09-27,SYS_005,AST_2355582B,0.565178,0,0,60.0
INSP_1F948617,2026-09-27,SYS_038,AST_C09E7897,0.857803,0,0,60.0
INSP_15338734,2026-09-27,SYS_093,AST_E008ABAF,0.897601,0,0,60.0
INSP_F2F38E51,2026-09-27,SYS_129,AST_B8F71FDD,0.861587,0,0,60.0
INSP_246F4C40,2026-09-27,SYS_147,AST_059BC199,0.596709,0,0,60.0
INSP_2D922E99,2026-09-28,SYS_111,AST_AA47D855,0.867268,0,0,60.0
INSP_9FDEC61A,2026-09-28,SYS_194,AST_94955F5C,0.16081,0,0,60.0
INSP_DF06E0F1,2026-09-29,SYS_010,AST_BA1E579E,0.826043,1,0,60.0
INSP_93646A7D,2026-09-29,SYS_031,AST_9FC6C1DF,0.817384,0,0,60.0
INSP_92970B35,2026-09-29,SYS_058,AST_CC418360,0.933486,0,0,60.0
INSP_6560395B,2026-09-29,SYS_086,AST_1F6FC1A0,0.851781,0,0,60.0
INSP_A79A679E,2026-09-29,SYS_140,AST_82DF0E33,0.649547,0,0,60.0
INSP_3918A0C9,2026-09-29,SYS_141,AST_C841EE03,0.963612,0,0,60.0
INSP_B019A9AE,2026-09-30,SYS_015,AST_0CF332F9,1.799968,1,1,60.0
INSP_654F1E06,2026-09-30,SYS_022,AST_3A3ABCBA,0.919511,0,0,60.0
INSP_469A5913,2026-09-30,SYS_137,AST_CC32FEC1,0.716201,0,0,60.0
INSP_2547A91F,2026-10-01,SYS_019,AST_295F6162,0.983913,0,0,60.0
INSP_A06774B5,2026-10-01,SYS_132,AST_B471717C,0.729747,0,0,60.0
INSP_16B635BF,2026-10-02,SYS_020,AST_A7767CC7,0.708206,0,0,60.0
INSP_5BC8A4E7,2026-10-02,SYS_066,AST_F5795CF8,0.575185,0,0,60.0
INSP_C37143C8,2026-10-02,SYS_080,AST_2CC51A78,0.495168,0,0,60.0
INSP_C5F72AB0,2026-10-02,SYS_100,AST_5436F9AF,0.677555,0,0,60.0
INSP_457F6EC0,2026-10-02,SYS_102,AST_D4717E02,0.648704,0,0,60.0
INSP_A4FACEA0,2026-10-02,SYS_139,AST_594EB63A,1.237757,1,1,60.0
INSP_6442B368,2026-10-02,SYS_150,AST_4A9758F4,1.14516,0,1,60.0
INSP_A5D13C68,2026-10-02,SYS_184,AST_F713DE74,1.599849,1,1,60.0
INSP_C0CB4104,2026-10-03,SYS_044,AST_24282EF9,0.943019,0,0,60.0
INSP_4C9E2F02,2026-10-03,SYS_055,AST_65BC7AF4,0.733703,0,0,60.0
INSP_FF1A8CE5,2026-10-03,SYS_065,AST_C0195FDC,0.701113,0,0,60.0
INSP_AA9DB1DA,2026-10-03,SYS_122,AST_0A8960BD,0.701533,0,0,60.0
INSP_0E7ACC11,2026-10-03,SYS_155,AST_EB9D2923,0.669452,0,0,60.0
INSP_75CD97FA,2026-10-03,SYS_162,AST_FA7C66DB,0.551509,0,0,60.0
INSP_9E08CAA4,2026-10-03,SYS_178,AST_FB8BAAE3,1.272306,1,1,60.0
INSP_EBCEFFEA,2026-10-04,SYS_002,AST_8C3021C3,0.578709,0,0,60.0
INSP_E852AD73,2026-10-04,SYS_040,AST_D89EE066,0.848521,1,0,60.0
INSP_04930B41,2026-10-04,SYS_075,AST_E60AAA9C,1.342084,1,1,60.0
INSP_C358EA27,2026-10-04,SYS_091,AST_FF3BACB3,0.579363,0,0,60.0
INSP_5F212DD7,2026-10-04,SYS_092,AST_A654FA74,1.392694,1,1,60.0
INSP_CD4783F4,2026-10-04,SYS_094,AST_DDF229A0,0.73449,0,0,60.0
INSP_247BD440,2026-10-04,SYS_107,AST_4ED453A3,0.976607,0,0,60.0
INSP_B382E6B3,2026-10-04,SYS_114,AST_71208FE4,0.977222,0,0,60.0
INSP_EFAD9405,2026-10-04,SYS_115,AST_E485A485,0.974985,0,0,60.0
INSP_1BE7BAA7,2026-10-04,SYS_117,AST_EE3B7502,0.689008,0,0,60.0
INSP_2AE14564,2026-10-04,SYS_121,AST_57E427AB,0.378681,0,0,60.0
INSP_A4EEAFB6,2026-10-04,SYS_131,AST_348BD6C0,0.814978,0,0,60.0
INSP_D4976F60,2026-10-04,SYS_145,AST_FDBA2A0E,0.2517,0,0,60.0
INSP_054F4992,2026-10-04,SYS_149,AST_AB74CC0D,1.099371,0,1,60.0
INSP_3DA09266,2026-10-04,SYS_154,AST_8779BF08,0.477019,0,0,60.0
INSP_E50C6C2B,2026-10-04,SYS_188,AST_0D8C5A64,0.450874,0,0,60.0
INSP_20768401,2026-10-05,SYS_021,AST_47CEED8F,0.572506,0,0,60.0
INSP_A9EA5083,2026-10-05,SYS_087,AST_CEA7BD4E,0.611717,0,0,60.0
INSP_B26E4CB8,2026-10-05,SYS_128,AST_D607EFBB,1.521306,1,1,60.0
INSP_4CCB4EDD,2026-10-06,SYS_007,AST_48BC3EF9,0.868194,0,0,60.0
INSP_5C73CE0D,2026-10-06,SYS_061,AST_A35FE079,1.00904,0,1,60.0
INSP_B28A300E,2026-10-06,SYS_078,AST_22724B56,0.264532,0,0,60.0
INSP_88C524A5,2026-10-06,SYS_095,AST_F7A145A0,0.850075,0,0,60.0
INSP_FAAFCC53,2026-10-06,SYS_097,AST_78B2DAF5,1.024465,0,1,60.0
INSP_1268476C,2026-10-06,SYS_109,AST_36E83F9B,1.046334,1,1,60.0
INSP_FF50198B,2026-10-06,SYS_133,AST_36645A9F,0.940897,0,0,60.0
INSP_348BED25,2026-10-06,SYS_172,AST_ADEC264C,1.501604,1,1,60.0
INSP_0EAB9FE7,2026-10-06,SYS_197,AST_C302525D,0.574901,0,0,60.0
INSP_C66E6D20,2026-10-07,SYS_000,AST_611BCAFE,0.621966,0,0,60.0
INSP_18B2AB2B,2026-10-07,SYS_023,AST_7155CAE3,0.462698,0,0,60.0
INSP_0035DFF1,2026-10-07,SYS_027,AST_F62C7205,0.555552,0,0,60.0
INSP_E140EA11,2026-10-07,SYS_060,AST_93EE11F2,0.673165,0,0,60.0
INSP_21A61A4D,2026-10-07,SYS_069,AST_2CCCF5B1,1.053917,0,1,60.0
INSP_997A1223,2026-10-07,SYS_103,AST_E421B8F7,0.936742,0,0,60.0
INSP_B1787066,2026-10-07,SYS_130,AST_3A50A6C8,0.557291,0,0,60.0
INSP_E2DF0D29,2026-10-07,SYS_135,AST_33AE7546,1.632984,1,1,60.0
INSP_5E945640,2026-10-08,SYS_009,AST_59AE948D,0.742023,0,0,60.0
INSP_9172A727,2026-10-08,SYS_032,AST_9EA318AD,0.940443,0,0,60.0
INSP_EB6BD4B7,2026-10-08,SYS_042,AST_85108019,1.182387,1,1,60.0
INSP_5C03EBE1,2026-10-08,SYS_049,AST_8B590081,0.63329,0,0,60.0
INSP_B64A4547,2026-10-08,SYS_059,AST_1F05FC1B,1.335178,1,1,60.0
INSP_65AC1E18,2026-10-08,SYS_067,AST_4F5BB5C0,0.540632,0,0,60.0
INSP_3A725AF8,2026-10-08,SYS_079,AST_F5251E52,0.510391,0,0,60.0
INSP_3F8E5FD6,2026-10-08,SYS_105,AST_7866AE54,0.454099,0,0,60.0
INSP_F4A00E59,2026-10-08,SYS_174,AST_0CF3B1AB,1.142686,1,1,60.0
INSP_57519F4B,2026-10-08,SYS_198,AST_8C8EC664,0.851512,0,0,60.0
INSP_D2884BC0,2026-10-09,SYS_034,AST_898B9A3E,1.064182,0,1,60.0
INSP_703EADFD,2026-10-09,SYS_041,AST_5F735C82,0.629026,0,0,60.0
INSP_C8FD05A7,2026-10-10,SYS_008,AST_8CDA59B0,0.839234,0,0,60.0
INSP_87AAC84F,2026-10-10,SYS_089,AST_F3FA3B59,0.662825,0,0,60.0
INSP_7EDC6635,2026-10-10,SYS_123,AST_745D2B0D,1.03988,1,1,60.0
INSP_A9A90003,2026-10-10,SYS_153,AST_416FD4D1,0.478217,0,0,60.0
INSP_4ED652DB,2026-10-10,SYS_181,AST_69222B18,0.427273,0,0,60.0
INSP_F61FDB3D,2026-10-10,SYS_182,AST_99B17A89,0.080862,0,0,60.0
INSP_637FB8B4,2026-10-11,SYS_053,AST_1421CD29,0.369296,0,0,60.0
INSP_71F662EB,2026-10-11,SYS_082,AST_677BB75C,1.044171,0,1,60.0
INSP_04BF0C68,2026-10-12,SYS_026,AST_B7959A5C,0.558626,0,0,60.0
INSP_5A6786AD,2026-10-12,SYS_050,AST_F69AFC56,0.79192,0,0,60.0
INSP_BFEC014D,2026-10-12,SYS_051,AST_8936EA7E,0.839207,0,0,60.0
INSP_C908DAF7,2026-10-12,SYS_071,AST_E62B116D,0.740251,0,0,60.0
INSP_D0C9F5FA,2026-10-12,SYS_084,AST_F5A48F47,0.836933,0,0,60.0
INSP_B4D2AB04,2026-10-12,SYS_096,AST_757A2281,1.219358,0,1,60.0
INSP_59382280,2026-10-12,SYS_161,AST_D05D43D5,0.934828,0,0,60.0
INSP_C68093F7,2026-10-12,SYS_186,AST_5CB7885A,1.137106,1,1,60.0
INSP_6DB88BAA,2026-10-13,SYS_004,AST_34B81456,1.107377,0,1,60.0
INSP_9594E383,2026-10-13,SYS_033,AST_78A40885,0.819674,0,0,60.0
INSP_F68978EE,2026-10-13,SYS_037,AST_12C3D6E6,1.082864,0,1,60.0
INSP_9C8839C1,2026-10-13,SYS_068,AST_E6CD9897,0.460029,0,0,60.0
INSP_8E947800,2026-10-13,SYS_157,AST_07151874,0.498838,0,0,60.0
INSP_2D4CA0FA,2026-10-13,SYS_160,AST_EE42B4EE,0.858949,0,0,60.0
INSP_DACA23AB,2026-10-14,SYS_054,AST_C88F0D7A,0.4785,0,0,60.0
INSP_051BED23,2026-10-14,SYS_074,AST_005C2060,0.783847,0,0,60.0
INSP_0AE5E1F7,2026-10-14,SYS_110,AST_FED5DCED,0.072669,0,0,60.0
INSP_0202FC41,2026-10-14,SYS_148,AST_0CAAF0CA,0.459353,0,0,60.0
INSP_3F332D8A,2026-10-14,SYS_166,AST_DA889646,0.645687,0,0,60.0
INSP_7D4E6A7B,2026-10-14,SYS_177,AST_D268BF76,0.703795,0,0,60.0
INSP_C356060C,2026-10-14,SYS_187,AST_362F6E1D,0.605462,0,0,60.0
INSP_B563FC6B,2026-10-15,SYS_016,AST_75491F89,0.413948,0,0,60.0
INSP_9B0F6EA9,2026-10-15,SYS_018,AST_D2AAE75F,1.308767,0,1,60.0
INSP_31B8E630,2026-10-15,SYS_063,AST_36AFB794,0.192374,0,0,60.0
INSP_FC007D14,2026-10-15,SYS_159,AST_09334FDB,1.207227,1,1,60.0
INSP_C38EAC9A,2026-10-15,SYS_168,AST_FB44B477,0.811502,0,0,60.0
INSP_96047C9A,2026-10-16,SYS_039,AST_0C2D90D2,0.65703,0,0,60.0
INSP_D27965EA,2026-10-16,SYS_045,AST_71683139,1.480604,1,1,60.0
INSP_F71B3C1D,2026-10-16,SYS_057,AST_3D7F459C,0.326446,0,0,60.0
INSP_59F97378,2026-10-16,SYS_076,AST_F603957B,0.971345,0,0,60.0
INSP_E7AB9435,2026-10-16,SYS_098,AST_336E36C7,0.974553,0,0,60.0
INSP_C1BBF917,2026-10-16,SYS_125,AST_3F4357D4,0.391224,0,0,60.0
INSP_DAFFE5BE,2026-10-16,SYS_138,AST_BDEBA9F4,1.071649,0,1,60.0
INSP_5090293C,2026-10-16,SYS_143,AST_5AB29CA1,0.902742,0,0,60.0
INSP_4AA643CC,2026-10-16,SYS_169,AST_55F0F9F6,0.569992,0,0,60.0
INSP_E42906EC,2026-10-17,SYS_001,AST_5733BC75,1.248691,1,1,60.0
INSP_DD776E5C,2026-10-17,SYS_017,AST_75433D0E,1.058188,1,1,60.0
INSP_D35A4BE8,2026-10-17,SYS_052,AST_79A75A88,0.594355,0,0,60.0
INSP_6F85018B,2026-10-17,SYS_070,AST_EF1723A7,0.789648,0,0,60.0
INSP_B3F2CE66,2026-10-17,SYS_081,AST_2559F2BC,0.448358,0,0,60.0
INSP_1428E8A8,2026-10-17,SYS_099,AST_2E2BCA5E,0.850489,1,0,60.0
INSP_A0481ED7,2026-10-17,SYS_126,AST_BCC36F08,1.012834,0,1,60.0
INSP_E4FC68E3,2026-10-17,SYS_167,AST_BF41CB64,0.592206,0,0,60.0
INSP_00D1AD0D,2026-10-17,SYS_170,AST_41E4C47D,0.448647,0,0,60.0
INSP_F4AD2D3D,2026-10-17,SYS_185,AST_A2B95F2A,1.133391,0,1,60.0
INSP_AA6656ED,2026-10-17,SYS_189,AST_BA2068C4,0.778365,0,0,60.0
INSP_0583E5F6,2026-10-17,SYS_196,AST_83AEE438,0.929167,0,0,60.0
INSP_B3284CDF,2026-10-18,SYS_014,AST_C582AD53,0.865385,0,0,60.0
INSP_E8C7170C,2026-10-18,SYS_024,AST_360766DC,0.554743,0,0,60.0
INSP_3B4AA9A6,2026-10-18,SYS_151,AST_0CA6C74F,0.871114,0,0,60.0
INSP_90919CC2,2026-10-18,SYS_173,AST_761AB970,0.709373,0,0,60.0
INSP_A80CE0ED,2026-10-19,SYS_046,AST_B6A18F44,1.565323,1,1,60.0
INSP_057CAF8A,2026-10-19,SYS_113,AST_177B93F0,0.833762,0,0,60.0
INSP_1206DC8E,2026-10-19,SYS_164,AST_79E11B35,1.059562,0,1,60.0
INSP_1DAD2194,2026-10-19,SYS_179,AST_05AA0B71,0.803136,0,0,60.0
INSP_AAD8B60E,2026-10-19,SYS_191,AST_28102D1A,0.976514,0,0,60.0
INSP_3CF72B61,2026-10-19,SYS_193,AST_B624BE5F,0.434897,0,0,60.0
INSP_F5EA261C,2026-10-20,SYS_003,AST_C2536FD0,0.915947,0,0,60.0
INSP_AFD9F7E6,2026-10-20,SYS_012,AST_400DB418,0.983469,0,0,60.0
INSP_C6B7DF87,2026-10-20,SYS_029,AST_72182962,0.606402,0,0,60.0
INSP_37B6DB49,2026-10-20,SYS_036,AST_201A44F7,0.959473,0,0,60.0
INSP_66B26140,2026-10-20,SYS_083,AST_35C2C263,1.102165,0,1,60.0
INSP_868EFCBF,2026-10-20,SYS_085,AST_BC13EB44,1.414581,1,1,60.0
INSP_0A7D7436,2026-10-20,SYS_090,AST_3E900085,0.685649,0,0,60.0
INSP_5ED90B39,2026-10-20,SYS_134,AST_513E84BA,0.603599,0,0,60.0
INSP_AAF7F574,2026-10-20,SYS_144,AST_E96A36D9,1.009331,1,1,60.0
INSP_2231198D,2026-10-20,SYS_152,AST_25E0634B,-0.277068,0,0,60.0
INSP_B5B234D6,2026-10-20,SYS_171,AST_27532D26,0.520015,0,0,60.0
INSP_37C13D41,2026-10-21,SYS_006,AST_01B706B3,0.461762,0,0,60.0
INSP_4FD61C2A,2026-10-21,SYS_035,AST_EC002B8E,0.483166,0,0,60.0
INSP_12AA3C71,2026-10-21,SYS_112,AST_72528000,0.81404,0,0,60.0
INSP_06EF5541,2026-10-21,SYS_116,AST_AA3DF989,0.894692,0,0,60.0
INSP_7E582803,2026-10-21,SYS_120,AST_8176A690,-0.117939,0,0,60.0
INSP_332F4AED,2026-10-21,SYS_175,AST_987787EC,0.829163,0,0,60.0
INSP_9168B06C,2026-10-21,SYS_190,AST_FDA57079,0.775674,0,0,60.0
INSP_834F6DD5,2026-10-21,SYS_199,AST_92492C9A,1.328771,1,1,60.0
INSP_0345B783,2026-10-22,SYS_047,AST_BFCB2B08,0.324538,0,0,60.0
INSP_ACD2F794,2026-10-22,SYS_048,AST_B7D85950,0.95238,0,0,60.0
INSP_39DA123B,2026-10-22,SYS_064,AST_6BB62FDB,1.070934,0,1,60.0
INSP_11F7BAA3,2026-10-22,SYS_073,AST_7072115A,1.248725,1,1,60.0
INSP_9835E1AE,2026-10-22,SYS_136,AST_46F2626C,1.093723,1,1,60.0
INSP_22F5A0A2,2026-10-22,SYS_165,AST_849D44BE,0.832964,0,0,60.0
INSP_C2B5325E,2026-10-22,SYS_192,AST_D07C19AF,-0.141114,0,0,60.0
INSP_FE8A6BDB,2026-10-23,SYS_011,AST_C95E4C36,0.28769,0,0,60.0
INSP_731D27E3,2026-10-23,SYS_025,AST_E767A2E7,0.682519,0,0,60.0
INSP_13DDE9DC,2026-10-23,SYS_028,AST_01BDCD63,0.335719,0,0,60.0
INSP_AA710EBB,2026-10-23,SYS_093,AST_E008ABAF,1.003192,0,1,60.0
INSP_79FA5FB9,2026-10-23,SYS_101,AST_199E4ED5,1.321753,1,1,60.0
INSP_B81DE6C4,2026-10-23,SYS_106,AST_F68C2B16,1.29234,1,1,60.0
INSP_FC7341D8,2026-10-23,SYS_108,AST_8823CDE5,0.876078,0,0,60.0
INSP_3057F021,2026-10-23,SYS_118,AST_CD01BE37,1.345231,1,1,60.0
INSP_5D1D7702,2026-10-23,SYS_129,AST_B8F71FDD,1.474755,1,1,60.0
INSP_CBA5D346,2026-10-23,SYS_142,AST_A42F6532,0.8412,0,0,60.0
INSP_15EDAE6C,2026-10-23,SYS_163,AST_67436F82,1.316069,1,1,60.0
INSP_8736B77E,2026-10-23,SYS_176,AST_5DF61EE8,1.106024,0,1,60.0
INSP_83FF10F8,2026-10-23,SYS_180,AST_ABEDAC5D,0.4881,0,0,60.0
INSP_DED13499,2026-10-24,SYS_005,AST_2355582B,0.832953,0,0,60.0
INSP_4659380A,2026-10-24,SYS_030,AST_BC560A24,1.017051,0,1,60.0
INSP_512885B9,2026-10-24,SYS_062,AST_E6F98CD6,1.070903,0,1,60.0
INSP_3CF381ED,2026-10-24,SYS_127,AST_E66E58BF,0.510245,0,0,60.0
INSP_4F4ED64E,2026-10-25,SYS_013,AST_0D114CD8,0.759528,0,0,60.0
INSP_B5CC19EB,2026-10-25,SYS_020,AST_A7767CC7,1.145236,1,1,60.0
INSP_3E509103,2026-10-25,SYS_038,AST_C09E7897,1.051621,0,1,60.0
INSP_D1B11216,2026-10-25,SYS_043,AST_11D07EA3,0.684324,0,0,60.0
INSP_A61365A7,2026-10-25,SYS_088,AST_8881A08E,1.20068,1,1,60.0
INSP_7DF965AA,2026-10-25,SYS_104,AST_34B52F7C,1.028197,1,1,60.0
INSP_C7A3C6AC,2026-10-26,SYS_019,AST_295F6162,0.835772,0,0,60.0
INSP_4B0B4344,2026-10-26,SYS_056,AST_1FD22902,0.269874,0,0,60.0
INSP_DA6A9ABE,2026-10-26,SYS_121,AST_57E427AB,1.604995,1,1,60.0
INSP_49C04D57,2026-10-26,SYS_140,AST_82DF0E33,1.097939,1,1,60.0
INSP_D09D9ACF,2026-10-27,SYS_015,AST_972033C2,0.098921,0,0,60.0
INSP_FD6626C2,2026-10-27,SYS_049,AST_8B590081,1.138241,0,1,60.0
INSP_BA057C22,2026-10-27,SYS_072,AST_2677C73B,0.480004,0,0,60.0
INSP_A83A88D2,2026-10-27,SYS_124,AST_C6FED7CE,1.323006,1,1,60.0
INSP_1AEB4B1B,2026-10-27,SYS_146,AST_1B8D46F6,0.754753,0,0,60.0
INSP_2E69DB4A,2026-10-27,SYS_155,AST_EB9D2923,1.017069,0,1,60.0
INSP_DD104218,2026-10-27,SYS_183,AST_3AC31DE4,0.769312,0,0,60.0
INSP_84DD2253,2026-10-27,SYS_195,AST_112DC772,0.642865,0,0,60.0
INSP_3FAA0609,2026-10-28,SYS_007,AST_48BC3EF9,1.011951,0,1,60.0
INSP_9A2E542E,2026-10-28,SYS_086,AST_1F6FC1A0,0.687053,0,0,60.0
INSP_58F8DFA9,2026-10-28,SYS_111,AST_AA47D855,0.74947,0,0,60.0
INSP_28AD8477,2026-10-28,SYS_128,AST_D607EFBB,0.500772,0,0,60.0
INSP_4106EFE3,2026-10-28,SYS_132,AST_B471717C,0.918692,0,0,60.0
INSP_25D39C3A,2026-10-28,SYS_141,AST_C841EE03,1.321246,1,1,60.0
INSP_638AC7AF,2026-10-28,SYS_178,AST_FB8BAAE3,0.776738,0,0,60.0
INSP_D58C9AEC,2026-10-29,SYS_044,AST_24282EF9,1.108187,1,1,60.0
INSP_4CD05BCA,2026-10-29,SYS_066,AST_F5795CF8,1.186559,0,1,60.0
INSP_EE5ACBFB,2026-10-29,SYS_077,AST_71806DDB,0.943648,0,0,60.0
INSP_2A5EB78B,2026-10-29,SYS_091,AST_FF3BACB3,1.265608,1,1,60.0
INSP_2460F6EC,2026-10-29,SYS_149,AST_AB74CC0D,0.765478,0,0,60.0
INSP_6D1A7075,2026-10-30,SYS_021,AST_47CEED8F,1.150363,1,1,60.0
INSP_3CD6DBAC,2026-10-30,SYS_058,AST_CC418360,0.980553,1,0,60.0
INSP_959C008F,2026-10-30,SYS_080,AST_2CC51A78,0.704896,0,0,60.0
INSP_351A800E,2026-10-30,SYS_147,AST_059BC199,1.169645,0,1,60.0
INSP_B623E22B,2026-10-30,SYS_194,AST_94955F5C,0.331116,0,0,60.0
INSP_DE4E8E1D,2026-10-31,SYS_010,AST_BA1E579E,1.45805,1,1,60.0
INSP_22A9BF38,2026-10-31,SYS_092,AST_A654FA74,0.658654,0,0,60.0
INSP_EE0FDF9A,2026-10-31,SYS_158,AST_FA571F5C,0.940315,0,0,60.0
INSP_040C5094,2026-11-01,SYS_031,AST_9FC6C1DF,1.462735,1,1,60.0
INSP_0C3D53AA,2026-11-01,SYS_042,AST_85108019,0.549248,0,0,60.0
INSP_19B5B92E,2026-11-01,SYS_075,AST_E60AAA9C,0.874866,0,0,60.0
INSP_CAE0A352,2026-11-01,SYS_094,AST_DDF229A0,0.910157,1,0,60.0
INSP_B4B70DCC,2026-11-01,SYS_103,AST_E421B8F7,1.026638,1,1,60.0
INSP_3ECA4DB9,2026-11-01,SYS_154,AST_8779BF08,0.910716,0,0,60.0
INSP_C42A8F4F,2026-11-02,SYS_115,AST_E485A485,1.100446,1,1,60.0
INSP_C6699D7E,2026-11-02,SYS_117,AST_EE3B7502,0.792457,0,0,60.0
INSP_67CB9E70,2026-11-02,SYS_122,AST_0A8960BD,0.688711,0,0,60.0
INSP_EE3E6EFE,2026-11-02,SYS_150,AST_4A9758F4,0.382375,0,0,60.0
INSP_52F5F394,2026-11-02,SYS_184,AST_F713DE74,0.588724,0,0,60.0
INSP_8C0A1BBA,2026-11-02,SYS_188,AST_0D8C5A64,0.836319,0,0,60.0
INSP_608B0609,2026-11-03,SYS_041,AST_5F735C82,0.89443,0,0,60.0
INSP_2422BA2B,2026-11-03,SYS_065,AST_C0195FDC,1.228204,0,1,60.0
INSP_AD154944,2026-11-03,SYS_069,AST_2CCCF5B1,0.624173,0,0,60.0
INSP_DA1C934E,2026-11-03,SYS_097,AST_78B2DAF5,0.660093,0,0,60.0
INSP_22B2ED69,2026-11-03,SYS_114,AST_71208FE4,0.775843,1,0,60.0
INSP_6BB88BD3,2026-11-03,SYS_135,AST_33AE7546,0.704021,0,0,60.0
INSP_3758EFC6,2026-11-03,SYS_197,AST_C302525D,1.046304,0,1,60.0
INSP_CD638C32,2026-11-04,SYS_022,AST_3A3ABCBA,1.071098,1,1,60.0
INSP_35C0C517,2026-11-04,SYS_055,AST_65BC7AF4,0.631545,0,0,60.0
INSP_6CE2652B,2026-11-04,SYS_061,AST_A35FE079,0.668337,0,0,60.0
INSP_BCDB3A71,2026-11-04,SYS_084,AST_F5A48F47,1.121095,1,1,60.0
INSP_0A7C827D,2026-11-04,SYS_100,AST_5436F9AF,0.993742,1,0,60.0
INSP_B432F90B,2026-11-04,SYS_102,AST_D4717E02,0.800031,0,0,60.0
INSP_9FB8DBBB,2026-11-04,SYS_139,AST_594EB63A,0.524782,0,0,60.0
INSP_916CC8F8,2026-11-04,SYS_186,AST_5CB7885A,0.352074,0,0,60.0
INSP_63CE1707,2026-11-05,SYS_002,AST_8C3021C3,1.186858,1,1,60.0
INSP_BD582B2F,2026-11-05,SYS_009,AST_59AE948D,1.289655,1,1,60.0
INSP_5E63D4AA,2026-11-05,SYS_059,AST_1F05FC1B,0.537972,0,0,60.0
INSP_7D9803A5,2026-11-05,SYS_095,AST_F7A145A0,0.742773,0,0,60.0
INSP_A8C9850C,2026-11-05,SYS_107,AST_4ED453A3,1.225731,1,1,60.0
INSP_96874A3E,2026-11-05,SYS_123,AST_745D2B0D,0.55791,0,0,60.0
INSP_961E269B,2026-11-05,SYS_137,AST_CC32FEC1,0.835137,0,0,60.0
INSP_DFD803AD,2026-11-05,SYS_148,AST_0CAAF0CA,0.94,0,0,60.0
INSP_92F4F29E,2026-11-05,SYS_182,AST_99B17A89,0.157818,0,0,60.0
INSP_DFA70A1D,2026-11-06,SYS_008,AST_8CDA59B0,0.485144,0,0,60.0
INSP_CB00AF18,2026-11-06,SYS_087,AST_CEA7BD4E,1.053238,0,1,60.0
INSP_C548868E,2026-11-07,SYS_027,AST_F62C7205,1.304628,1,1,60.0
INSP_239AA988,2026-11-07,SYS_067,AST_4F5BB5C0,0.985728,0,0,60.0
INSP_C8909BBD,2026-11-07,SYS_078,AST_22724B56,0.985809,0,0,60.0
INSP_1F51D774,2026-11-07,SYS_081,AST_2559F2BC,1.113506,0,1,60.0
INSP_2696DF53,2026-11-07,SYS_110,AST_FED5DCED,0.890465,0,0,60.0
INSP_59B1CBF1,2026-11-07,SYS_130,AST_3A50A6C8,0.873081,0,0,60.0
INSP_DBF440D3,2026-11-07,SYS_131,AST_348BD6C0,1.0851,1,1,60.0
INSP_D0441B5D,2026-11-07,SYS_145,AST_FDBA2A0E,0.70768,0,0,60.0
INSP_0A2D7AA6,2026-11-07,SYS_172,AST_ADEC264C,0.572972,0,0,60.0
INSP_577B6E5C,2026-11-08,SYS_053,AST_1421CD29,1.039292,0,1,60.0
INSP_0AB5BD01,2026-11-08,SYS_157,AST_07151874,0.724012,0,0,60.0
INSP_98825528,2026-11-08,SYS_166,AST_DA889646,1.196165,1,1,60.0
INSP_59A964E6,2026-11-08,SYS_167,AST_BF41CB64,1.061182,0,1,60.0
INSP_FF02935B,2026-11-09,SYS_000,AST_611BCAFE,0.964796,0,0,60.0
INSP_A0025B74,2026-11-09,SYS_034,AST_898B9A3E,0.331411,0,0,60.0
INSP_F966FF58,2026-11-09,SYS_050,AST_F69AFC56,1.221695,0,1,60.0
INSP_014ADA71,2026-11-09,SYS_082,AST_677BB75C,0.459699,0,0,60.0
INSP_273F98A8,2026-11-09,SYS_105,AST_7866AE54,0.860867,0,0,60.0
INSP_63AC8CF2,2026-11-09,SYS_198,AST_8C8EC664,0.854055,1,0,60.0
INSP_4946691B,2026-11-10,SYS_016,AST_75491F89,0.516097,0,0,60.0
INSP_30FDEDF7,2026-11-10,SYS_033,AST_78A40885,0.779532,1,0,60.0
INSP_10C3F12C,2026-11-10,SYS_039,AST_0C2D90D2,0.8302,1,0,60.0
INSP_9B170E92,2026-11-10,SYS_045,AST_71683139,0.870218,0,0,60.0
INSP_2C440059,2026-11-10,SYS_060,AST_93EE11F2,0.882773,0,0,60.0
INSP_F0BA2FBA,2026-11-10,SYS_089,AST_F3FA3B59,0.901719,0,0,60.0
INSP_EFD4197D,2026-11-10,SYS_109,AST_36E83F9B,0.441001,0,0,60.0
INSP_70EA1C7D,2026-11-10,SYS_138,AST_BDEBA9F4,0.306715,0,0,60.0
INSP_E7F73CBA,2026-11-10,SYS_153,AST_416FD4D1,0.854809,0,0,60.0
INSP_117CC0B5,2026-11-10,SYS_162,AST_FA7C66DB,0.991486,0,0,60.0
INSP_4D104540,2026-11-11,SYS_004,AST_34B81456,0.12165,0,0,60.0
INSP_C36B5838,2026-11-11,SYS_032,AST_9EA318AD,1.13468,0,1,60.0
INSP_87696828,2026-11-11,SYS_040,AST_D89EE066,1.391034,1,1,60.0
INSP_DAE69E1B,2026-11-11,SYS_071,AST_E62B116D,1.170216,1,1,60.0
INSP_ACB23A05,2026-11-11,SYS_076,AST_F603957B,1.155558,1,1,60.0
INSP_18C03335,2026-11-11,SYS_096,AST_757A2281,0.612177,0,0,60.0
INSP_D77FB90F,2026-11-11,SYS_161,AST_D05D43D5,1.246893,1,1,60.0
INSP_14019ECA,2026-11-12,SYS_013,AST_0D114CD8,1.07186,0,1,60.0
INSP_09773FEC,2026-11-12,SYS_035,AST_EC002B8E,1.47878,1,1,60.0
INSP_CBE70E4E,2026-11-12,SYS_037,AST_12C3D6E6,0.687829,0,0,60.0
INSP_E830FE26,2026-11-12,SYS_048,AST_B7D85950,1.403014,1,1,60.0
INSP_1A6F485C,2026-11-12,SYS_051,AST_8936EA7E,1.097547,0,1,60.0
INSP_8AE07082,2026-11-12,SYS_054,AST_C88F0D7A,0.764844,0,0,60.0
INSP_39280057,2026-11-12,SYS_057,AST_3D7F459C,0.588327,0,0,60.0
INSP_AFCF9FB6,2026-11-12,SYS_169,AST_55F0F9F6,1.22174,0,1,60.0
INSP_6F52606C,2026-11-12,SYS_174,AST_0CF3B1AB,0.563436,0,0,60.0
INSP_99D774A6,2026-11-12,SYS_181,AST_69222B18,0.642322,1,0,60.0
INSP_61292358,2026-11-13,SYS_036,AST_201A44F7,1.033927,1,1,60.0
INSP_C84D7332,2026-11-13,SYS_052,AST_79A75A88,0.853255,0,0,60.0
INSP_E0E0FBE1,2026-11-13,SYS_133,AST_36645A9F,1.129508,1,1,60.0
INSP_B1451257,2026-11-13,SYS_187,AST_362F6E1D,0.545746,0,0,60.0
INSP_C9407A8D,2026-11-14,SYS_003,AST_C2536FD0,0.976359,1,0,60.0
INSP_E733CE6E,2026-11-14,SYS_025,AST_E767A2E7,0.792111,0,0,60.0
INSP_3391B5E5,2026-11-14,SYS_026,AST_B7959A5C,0.983068,0,0,60.0
INSP_7ED01FD1,2026-11-14,SYS_068,AST_E6CD9897,0.734861,0,0,60.0
INSP_8C7A5F53,2026-11-14,SYS_074,AST_005C2060,1.222501,1,1,60.0
INSP_46CE746D,2026-11-14,SYS_189,AST_BA2068C4,1.221722,1,1,60.0
INSP_79597B64,2026-11-15,SYS_012,AST_400DB418,0.854653,1,0,60.0
INSP_E94D2885,2026-11-15,SYS_120,AST_8176A690,0.449853,0,0,60.0
INSP_967863F3,2026-11-15,SYS_170,AST_41E4C47D,1.162724,1,1,60.0
INSP_514B512B,2026-11-15,SYS_196,AST_83AEE438,1.166854,1,1,60.0
INSP_A1F7B31C,2026-11-16,SYS_017,AST_75433D0E,0.593072,0,0,60.0
INSP_5D0DCA1E,2026-11-16,SYS_024,AST_360766DC,0.663836,0,0,60.0
INSP_980D1B83,2026-11-16,SYS_046,AST_CA11BC6D,0.156111,0,0,60.0
INSP_2AC7287F,2026-11-16,SYS_063,AST_36AFB794,0.462644,0,0,60.0
INSP_18B6792F,2026-11-16,SYS_079,AST_F5251E52,0.980527,1,0,60.0
INSP_F3999196,2026-11-16,SYS_085,AST_BC13EB44,0.99068,0,0,60.0
INSP_5E11381B,2026-11-16,SYS_173,AST_761AB970,0.83172,0,0,60.0
INSP_4260F1FB,2026-11-16,SYS_193,AST_B624BE5F,0.71571,0,0,60.0
INSP_AEBE86B0,2026-11-17,SYS_073,AST_7072115A,0.470844,0,0,60.0
INSP_9261878D,2026-11-17,SYS_099,AST_2E2BCA5E,1.366474,1,1,60.0
INSP_15546ACC,2026-11-17,SYS_143,AST_5AB29CA1,1.223595,0,1,60.0
INSP_A8B24029,2026-11-17,SYS_185,AST_A2B95F2A,0.345709,0,0,60.0
INSP_310862E1,2026-11-18,SYS_001,AST_5733BC75,0.467686,0,0,60.0
INSP_458218C7,2026-11-18,SYS_047,AST_BFCB2B08,0.743016,0,0,60.0
INSP_A3D60C10,2026-11-18,SYS_062,AST_E6F98CD6,0.421656,0,0,60.0
INSP_CBC14A3E,2026-11-18,SYS_179,AST_05AA0B71,1.082757,0,1,60.0
INSP_26E415F2,2026-11-18,SYS_199,AST_B4105540,0.530445,0,0,60.0
INSP_D4698550,2026-11-19,SYS_088,AST_8881A08E,0.307272,0,0,60.0
INSP_7AF9DA1B,2026-11-19,SYS_125,AST_3F4357D4,1.245548,1,1,60.0
INSP_A7480824,2026-11-19,SYS_129,AST_B8F71FDD,0.707362,0,0,60.0
INSP_C9310FD0,2026-11-19,SYS_159,AST_09334FDB,0.772739,0,0,60.0
INSP_C412059B,2026-11-20,SYS_019,AST_295F6162,1.471182,1,1,60.0
INSP_3523BB52,2026-11-20,SYS_070,AST_EF1723A7,1.128038,1,1,60.0
INSP_06D804C4,2026-11-20,SYS_098,AST_336E36C7,1.092943,1,1,60.0
INSP_F5695506,2026-11-20,SYS_113,AST_177B93F0,1.132029,1,1,60.0
INSP_9B367C14,2026-11-20,SYS_140,AST_82DF0E33,0.66811,0,0,60.0
INSP_23016884,2026-11-20,SYS_191,AST_28102D1A,1.443182,1,1,60.0
INSP_54D33B58,2026-11-21,SYS_028,AST_01BDCD63,0.851847,0,0,60.0
INSP_878C16C5,2026-11-21,SYS_029,AST_72182962,0.98531,1,0,60.0
INSP_86FFC022,2026-11-21,SYS_136,AST_46F2626C,0.874617,0,0,60.0
INSP_17667765,2026-11-21,SYS_142,AST_A42F6532,1.270067,1,1,60.0
INSP_4BB42202,2026-11-21,SYS_164,AST_79E11B35,0.719785,0,0,60.0
INSP_114F719C,2026-11-21,SYS_165,AST_849D44BE,1.097383,1,1,60.0
INSP_CBAB6EE1,2026-11-21,SYS_168,AST_FB44B477,1.135402,1,1,60.0
INSP_CFC27EFF,2026-11-21,SYS_195,AST_112DC772,0.875793,0,0,60.0
INSP_F1BC2D49,2026-11-22,SYS_038,AST_C09E7897,0.643432,0,0,60.0
INSP_96724D1D,2026-11-22,SYS_043,AST_11D07EA3,1.272229,1,1,60.0
INSP_966AE40F,2026-11-22,SYS_056,AST_1FD22902,1.063896,0,1,60.0
INSP_1C486BD7,2026-11-22,SYS_064,AST_6BB62FDB,0.435742,0,0,60.0
INSP_0F51890B,2026-11-22,SYS_104,AST_34B52F7C,0.695813,0,0,60.0
INSP_E39A0D98,2026-11-22,SYS_144,AST_E96A36D9,0.6299,0,0,60.0
INSP_DC2541A8,2026-11-22,SYS_151,AST_0CA6C74F,1.306069,1,1,60.0
INSP_615AEA4C,2026-11-22,SYS_177,AST_D268BF76,1.079324,1,1,60.0
INSP_20DBC61D,2026-11-23,SYS_090,AST_3E900085,0.995557,1,0,60.0
INSP_03E14075,2026-11-23,SYS_121,AST_57E427AB,0.651907,0,0,60.0
INSP_1526EDEC,2026-11-23,SYS_126,AST_BCC36F08,0.796358,0,0,60.0
INSP_FC64D5A8,2026-11-23,SYS_134,AST_513E84BA,0.867361,1,0,60.0
INSP_47609466,2026-11-23,SYS_163,AST_67436F82,0.715384,0,0,60.0
INSP_64B2F9EA,2026-11-23,SYS_171,AST_27532D26,0.237937,0,0,60.0
INSP_D0F7CCD3,2026-11-23,SYS_176,AST_5DF61EE8,0.411774,0,0,60.0
INSP_06CB9D73,2026-11-23,SYS_183,AST_3AC31DE4,0.995957,0,0,60.0
INSP_3D56B64D,2026-11-23,SYS_190,AST_FDA57079,1.513782,1,1,60.0
INSP_FC58A5CF,2026-11-24,SYS_007,AST_48BC3EF9,0.627659,0,0,60.0
INSP_F9F454AC,2026-11-24,SYS_011,AST_C95E4C36,0.847765,0,0,60.0
INSP_037F11E9,2026-11-24,SYS_014,AST_C582AD53,1.363935,1,1,60.0
INSP_E4E2F951,2026-11-24,SYS_018,AST_D2AAE75F,0.801263,0,0,60.0
INSP_79ED42BD,2026-11-24,SYS_083,AST_35C2C263,0.37669,0,0,60.0
INSP_CC14C45D,2026-11-24,SYS_103,AST_E421B8F7,0.500362,0,0,60.0
INSP_B0B6C22E,2026-11-24,SYS_112,AST_72528000,1.485366,1,1,60.0
INSP_0774931D,2026-11-24,SYS_152,AST_25E0634B,0.192706,0,0,60.0
INSP_1CBE180B,2026-11-24,SYS_192,AST_D07C19AF,0.451631,0,0,60.0
INSP_EDE1A322,2026-11-25,SYS_023,AST_E2660384,0.455048,0,0,60.0
INSP_323FFAC9,2026-11-25,SYS_080,AST_2CC51A78,0.998448,1,0,60.0
INSP_2A2BCC58,2026-11-25,SYS_092,AST_A654FA74,1.213822,0,1,60.0
INSP_25E87DCE,2026-11-25,SYS_108,AST_8823CDE5,1.40591,1,1,60.0
INSP_BAC1968B,2026-11-25,SYS_128,AST_D607EFBB,0.91313,0,0,60.0
INSP_147BDD28,2026-11-25,SYS_132,AST_B471717C,1.096739,1,1,60.0
INSP_B2A4F91F,2026-11-26,SYS_006,AST_01B706B3,0.783987,0,0,60.0
INSP_EB0A72DA,2026-11-26,SYS_065,AST_C0195FDC,0.928616,0,0,60.0
INSP_65B86A06,2026-11-26,SYS_101,AST_199E4ED5,1.062669,0,1,60.0
INSP_3D647574,2026-11-26,SYS_111,AST_AA47D855,1.184061,0,1,60.0
INSP_BA8F8EAE,2026-11-26,SYS_116,AST_AA3DF989,0.839161,1,0,60.0
INSP_BDC84E6D,2026-11-26,SYS_118,AST_CD01BE37,0.593521,0,0,60.0
INSP_5F2FF11B,2026-11-26,SYS_124,AST_C6FED7CE,0.712954,0,0,60.0
INSP_C1B0B46D,2026-11-26,SYS_146,AST_1B8D46F6,0.76724,0,0,60.0
INSP_FA4F17ED,2026-11-26,SYS_155,AST_EB9D2923,0.620102,0,0,60.0
INSP_F425D8DB,2026-11-26,SYS_175,AST_987787EC,1.182177,1,1,60.0
INSP_E98F32E4,2026-11-27,SYS_027,AST_F62C7205,0.490527,0,0,60.0
INSP_5AF8C396,2026-11-27,SYS_030,AST_BC560A24,0.242464,0,0,60.0
INSP_34654466,2026-11-27,SYS_119,AST_82BD2C04,-0.218349,0,0,60.0
INSP_6B1ABA72,2026-11-27,SYS_154,AST_8779BF08,1.338812,1,1,60.0
INSP_6ACB2B72,2026-11-27,SYS_180,AST_ABEDAC5D,0.997511,0,0,60.0
INSP_B0AF4DB4,2026-11-27,SYS_194,AST_94955F5C,0.774356,0,0,60.0
INSP_8993735B,2026-11-28,SYS_005,AST_2355582B,0.994022,1,0,60.0
INSP_920CE578,2026-11-28,SYS_020,AST_A7767CC7,0.782624,0,0,60.0
INSP_66B0D8B1,2026-11-28,SYS_021,AST_47CEED8F,0.854588,0,0,60.0
INSP_7E9958CA,2026-11-28,SYS_067,AST_4F5BB5C0,1.02828,1,1,60.0
INSP_006C0136,2026-11-28,SYS_100,AST_5436F9AF,1.409752,1,1,60.0
INSP_CCDB6494,2026-11-28,SYS_114,AST_71208FE4,1.365262,1,1,60.0
INSP_51B86514,2026-11-28,SYS_149,AST_AB74CC0D,0.551523,0,0,60.0
INSP_593189E5,2026-11-28,SYS_160,AST_16366C7F,0.158908,0,0,60.0
INSP_649C48AD,2026-11-29,SYS_010,AST_BA1E579E,0.967451,0,0,60.0
INSP_08E5DDC9,2026-11-29,SYS_015,AST_972033C2,0.358046,0,0,60.0
INSP_BE093326,2026-11-29,SYS_031,AST_9FC6C1DF,0.561467,0,0,60.0
INSP_777D73B0,2026-11-29,SYS_093,AST_5B1AF013,-0.241156,0,0,60.0
INSP_4D4FEAF9,2026-11-29,SYS_127,AST_E66E58BF,0.992192,1,0,60.0
INSP_5F497E31,2026-11-29,SYS_150,AST_4A9758F4,1.073457,0,1,60.0
INSP_F85CC7CF,2026-11-29,SYS_156,AST_E775854F,0.217083,0,0,60.0
INSP_E1EC2F7D,2026-11-29,SYS_188,AST_0D8C5A64,1.774002,1,1,60.0
INSP_0028D222,2026-11-30,SYS_042,AST_85108019,0.783658,0,0,60.0
INSP_2D24813F,2026-11-30,SYS_044,AST_24282EF9,0.291715,0,0,60.0
INSP_A0D41598,2026-11-30,SYS_055,AST_65BC7AF4,1.009045,1,1,60.0
INSP_8E6A1597,2026-11-30,SYS_086,AST_1F6FC1A0,1.309807,1,1,60.0
INSP_D68D26AF,2026-11-30,SYS_095,AST_F7A145A0,1.030169,1,1,60.0
INSP_A980A1EE,2026-11-30,SYS_197,AST_C302525D,0.431437,0,0,60.0
INSP_F331CC83,2026-12-01,SYS_049,AST_8B590081,0.697351,0,0,60.0
INSP_E63B1A30,2026-12-01,SYS_072,AST_2677C73B,0.744877,0,0,60.0
INSP_B115BFA9,2026-12-01,SYS_094,AST_DDF229A0,1.530151,1,1,60.0
INSP_2DACFBE9,2026-12-01,SYS_110,AST_FED5DCED,1.145115,1,1,60.0
INSP_1F61E06A,2026-12-01,SYS_122,AST_0A8960BD,1.441947,1,1,60.0
INSP_5AA12A33,2026-12-01,SYS_178,AST_FB8BAAE3,0.965966,0,0,60.0
INSP_A779138C,2026-12-02,SYS_022,AST_3A3ABCBA,0.3902,0,0,60.0
INSP_7231EC15,2026-12-02,SYS_084,AST_F5A48F47,0.528228,0,0,60.0
INSP_600838F1,2026-12-02,SYS_091,AST_FF3BACB3,0.842616,0,0,60.0
INSP_1116F768,2026-12-02,SYS_117,AST_EE3B7502,1.193797,1,1,60.0
INSP_94A9F955,2026-12-02,SYS_147,AST_059BC199,1.019041,0,1,60.0
INSP_61D2A839,2026-12-03,SYS_075,AST_E60AAA9C,1.245741,0,1,60.0
INSP_5BD73A45,2026-12-03,SYS_123,AST_745D2B0D,0.626576,0,0,60.0
INSP_12368570,2026-12-03,SYS_130,AST_3A50A6C8,1.291181,1,1,60.0
INSP_E09ED475,2026-12-03,SYS_135,AST_33AE7546,0.654803,0,0,60.0
INSP_BE6C2131,2026-12-03,SYS_141,AST_C841EE03,0.706529,0,0,60.0
INSP_1685E6E2,2026-12-03,SYS_184,AST_F713DE74,0.788789,0,0,60.0
INSP_DCFDD173,2026-12-04,SYS_009,AST_59AE948D,0.826775,0,0,60.0
INSP_EB4617E2,2026-12-04,SYS_059,AST_1F05FC1B,0.836756,0,0,60.0
INSP_2BD24394,2026-12-04,SYS_077,AST_71806DDB,0.780851,1,0,60.0
INSP_EB900654,2026-12-04,SYS_087,AST_CEA7BD4E,0.589615,0,0,60.0
INSP_D512F130,2026-12-04,SYS_105,AST_7866AE54,1.201716,1,1,60.0
INSP_33788F97,2026-12-04,SYS_115,AST_E485A485,0.64119,0,0,60.0
INSP_EA3D0232,2026-12-05,SYS_069,AST_2CCCF5B1,1.029777,0,1,60.0
INSP_77290A4A,2026-12-05,SYS_102,AST_D4717E02,1.213211,1,1,60.0
INSP_01AEBA2C,2026-12-05,SYS_137,AST_CC32FEC1,1.19583,1,1,60.0
INSP_CA9BAB51,2026-12-05,SYS_139,AST_594EB63A,1.065521,1,1,60.0
INSP_E7CCEC28,2026-12-05,SYS_158,AST_FA571F5C,0.989448,1,0,60.0
INSP_D104643F,2026-12-05,SYS_166,AST_DA889646,0.369453,0,0,60.0
INSP_3D709D73,2026-12-06,SYS_058,AST_CC418360,1.640582,1,1,60.0
INSP_AEE276C3,2026-12-06,SYS_061,AST_A35FE079,0.7207,0,0,60.0
INSP_4AD6BE44,2026-12-06,SYS_066,AST_F5795CF8,0.605257,0,0,60.0
INSP_A3911E6D,2026-12-06,SYS_071,AST_E62B116D,0.726347,0,0,60.0
INSP_12369562,2026-12-06,SYS_078,AST_22724B56,1.40367,1,1,60.0
INSP_56293AE5,2026-12-06,SYS_138,AST_BDEBA9F4,0.619965,0,0,60.0
INSP_3BB858D0,2026-12-07,SYS_008,AST_8CDA59B0,0.939613,1,0,60.0
INSP_F3815D46,2026-12-07,SYS_035,AST_EC002B8E,0.705945,0,0,60.0
INSP_43F701A1,2026-12-07,SYS_036,AST_201A44F7,0.911079,0,0,60.0
INSP_1C9876E3,2026-12-07,SYS_040,AST_D89EE066,0.940781,0,0,60.0
INSP_01A57CAC,2026-12-07,SYS_041,AST_5F735C82,1.515828,1,1,60.0
INSP_5BFB91A0,2026-12-07,SYS_157,AST_07151874,0.748735,1,0,60.0
INSP_945E53F3,2026-12-08,SYS_034,AST_898B9A3E,0.495268,0,0,60.0
INSP_B4620DB0,2026-12-08,SYS_039,AST_0C2D90D2,1.160867,1,1,60.0
INSP_3AC01132,2026-12-08,SYS_045,AST_71683139,0.805256,1,0,60.0
INSP_1BEAA979,2026-12-08,SYS_074,AST_005C2060,0.409016,0,0,60.0
INSP_70CFA219,2026-12-08,SYS_081,AST_2559F2BC,0.74446,0,0,60.0
INSP_B1645EFC,2026-12-08,SYS_131,AST_348BD6C0,0.73391,0,0,60.0
INSP_26BB277F,2026-12-08,SYS_153,AST_416FD4D1,1.555605,1,1,60.0
INSP_160126BC,2026-12-08,SYS_186,AST_5CB7885A,0.783286,0,0,60.0
INSP_30560302,2026-12-09,SYS_037,AST_12C3D6E6,0.497145,0,0,60.0
INSP_57F01B90,2026-12-09,SYS_053,AST_1421CD29,0.612405,0,0,60.0
INSP_F554F195,2026-12-09,SYS_097,AST_78B2DAF5,0.888934,0,0,60.0
INSP_2E0674C4,2026-12-10,SYS_148,AST_0CAAF0CA,1.129925,1,1,60.0
INSP_8E923F47,2026-12-10,SYS_182,AST_99B17A89,0.224669,0,0,60.0
INSP_9DD27CF3,2026-12-11,SYS_012,AST_400DB418,1.235508,1,1,60.0
INSP_584A3584,2026-12-11,SYS_050,AST_F69AFC56,0.56089,0,0,60.0
INSP_3ED33678,2026-12-11,SYS_051,AST_8936EA7E,0.57679,0,0,60.0
INSP_72499137,2026-12-11,SYS_089,AST_F3FA3B59,0.782955,1,0,60.0
INSP_669A55E5,2026-12-11,SYS_096,AST_757A2281,0.778704,0,0,60.0
INSP_11A00AE3,2026-12-11,SYS_106,AST_2B28FACA,-0.011326,0,0,60.0
INSP_8717615F,2026-12-11,SYS_133,AST_36645A9F,0.621071,0,0,60.0
INSP_9E778969,2026-12-11,SYS_174,AST_0CF3B1AB,0.921081,0,0,60.0
INSP_56AD9D48,2026-12-11,SYS_187,AST_362F6E1D,0.82802,1,0,60.0
INSP_B737FD79,2026-12-11,SYS_198,AST_8C8EC664,1.17747,1,1,60.0
INSP_4C063756,2026-12-12,SYS_002,AST_8C3021C3,0.864163,0,0,60.0
INSP_1C6B5D04,2026-12-12,SYS_024,AST_360766DC,1.387494,1,1,60.0
INSP_85157AC4,2026-12-12,SYS_068,AST_E6CD9897,1.075549,1,1,60.0
INSP_27C044CF,2026-12-12,SYS_076,AST_F603957B,0.597503,0,0,60.0
INSP_B604669E,2026-12-12,SYS_082,AST_677BB75C,0.81852,0,0,60.0
INSP_7F4DBB92,2026-12-13,SYS_019,AST_295F6162,0.771447,0,0,60.0
INSP_8CDA7E26,2026-12-13,SYS_026,AST_B7959A5C,1.188959,1,1,60.0
INSP_09DF1843,2026-12-13,SYS_029,AST_72182962,1.371399,1,1,60.0
INSP_779BCFFE,2026-12-13,SYS_052,AST_79A75A88,1.205448,1,1,60.0
INSP_130D8070,2026-12-13,SYS_060,AST_93EE11F2,0.988358,1,0,60.0
INSP_1D8491BF,2026-12-13,SYS_134,AST_513E84BA,1.096395,1,1,60.0
INSP_C30E9F92,2026-12-13,SYS_145,AST_FDBA2A0E,0.442236,0,0,60.0
INSP_BBDD9A52,2026-12-13,SYS_172,AST_ADEC264C,0.817007,0,0,60.0
INSP_59C959E3,2026-12-14,SYS_025,AST_E767A2E7,1.358506,1,1,60.0
INSP_CE938536,2026-12-14,SYS_033,AST_78A40885,1.392038,1,1,60.0
INSP_319092CE,2026-12-14,SYS_073,AST_7072115A,0.680092,0,0,60.0
INSP_9BAE2EDF,2026-12-14,SYS_088,AST_8881A08E,0.835977,0,0,60.0
INSP_E81CB78B,2026-12-14,SYS_107,AST_4ED453A3,0.555948,0,0,60.0
INSP_FB216F55,2026-12-15,SYS_001,AST_5733BC75,0.926302,0,0,60.0
INSP_93E42F1B,2026-12-15,SYS_016,AST_75491F89,1.01424,1,1,60.0
INSP_9500E12C,2026-12-15,SYS_017,AST_75433D0E,0.873314,0,0,60.0
INSP_4182696A,2026-12-15,SYS_032,AST_9EA318AD,0.906908,0,0,60.0
INSP_30066051,2026-12-15,SYS_099,AST_2E2BCA5E,0.700003,0,0,60.0
INSP_4E14397D,2026-12-15,SYS_109,AST_36E83F9B,0.945428,0,0,60.0
INSP_D14933E6,2026-12-15,SYS_120,AST_8176A690,0.546688,0,0,60.0
INSP_BC2E7C0F,2026-12-15,SYS_143,AST_5AB29CA1,0.425656,0,0,60.0
INSP_CC72FC1C,2026-12-15,SYS_167,AST_BF41CB64,0.312579,0,0,60.0
INSP_FD17FA26,2026-12-15,SYS_169,AST_55F0F9F6,0.542433,0,0,60.0
INSP_50123B0A,2026-12-15,SYS_196,AST_83AEE438,0.847902,0,0,60.0
INSP_4FD074B4,2026-12-16,SYS_004,AST_34B81456,0.691881,0,0,60.0
INSP_FA932CF1,2026-12-16,SYS_013,AST_0D114CD8,0.556857,0,0,60.0
INSP_EB9E3B93,2026-12-16,SYS_054,AST_C88F0D7A,1.238011,1,1,60.0
INSP_38B2212E,2026-12-16,SYS_079,AST_F5251E52,1.506047,1,1,60.0
INSP_D0E3076D,2026-12-16,SYS_085,AST_BC13EB44,1.068956,0,1,60.0
INSP_24B807E9,2026-12-16,SYS_101,AST_199E4ED5,0.109438,0,0,60.0
INSP_E5BF3357,2026-12-16,SYS_142,AST_A42F6532,0.663753,0,0,60.0
INSP_800C962F,2026-12-16,SYS_185,AST_A2B95F2A,1.200571,0,1,60.0
INSP_A1AD3BCE,2026-12-16,SYS_193,AST_B624BE5F,1.025705,1,1,60.0
INSP_9D54E2C3,2026-12-16,SYS_195,AST_112DC772,1.062216,1,1,60.0
INSP_BB35ECCD,2026-12-17,SYS_028,AST_01BDCD63,0.975442,1,0,60.0
INSP_CE2269AD,2026-12-17,SYS_057,AST_3D7F459C,0.759361,0,0,60.0
INSP_3CF274BB,2026-12-17,SYS_070,AST_EF1723A7,0.615654,0,0,60.0
INSP_26ED5FF7,2026-12-17,SYS_090,AST_3E900085,1.34339,1,1,60.0
INSP_2D418A6F,2026-12-17,SYS_125,AST_3F4357D4,0.748414,0,0,60.0
INSP_A5E6E966,2026-12-17,SYS_161,AST_D05D43D5,0.711263,0,0,60.0
INSP_8AD50425,2026-12-17,SYS_162,AST_FA7C66DB,1.779834,1,1,60.0
INSP_28423AD5,2026-12-17,SYS_173,AST_761AB970,1.230011,1,1,60.0
INSP_B2BD7411,2026-12-18,SYS_003,AST_C2536FD0,0.925216,1,0,60.0
INSP_CE23E19E,2026-12-18,SYS_047,AST_BFCB2B08,0.850474,1,0,60.0
INSP_270A8EFB,2026-12-18,SYS_181,AST_69222B18,1.182556,1,1,60.0
INSP_D7C74435,2026-12-19,SYS_140,AST_82DF0E33,0.374426,0,0,60.0
INSP_87DDB4DC,2026-12-19,SYS_154,AST_8779BF08,0.492471,0,0,60.0
INSP_9F4EE325,2026-12-19,SYS_163,AST_67436F82,0.865664,0,0,60.0
INSP_26D7F166,2026-12-19,SYS_170,AST_41E4C47D,0.792031,0,0,60.0
INSP_53FEC7B7,2026-12-19,SYS_199,AST_B4105540,0.518736,0,0,60.0
INSP_7FDEAE17,2026-12-20,SYS_015,AST_972033C2,0.590885,0,0,60.0
INSP_A23D9888,2026-12-20,SYS_046,AST_CA11BC6D,0.601277,0,0,60.0
INSP_B7CFD5C1,2026-12-20,SYS_048,AST_B7D85950,0.680828,0,0,60.0
INSP_CEB51767,2026-12-20,SYS_067,AST_4F5BB5C0,0.709849,0,0,60.0
INSP_208C7B7B,2026-12-20,SYS_164,AST_79E11B35,0.671597,0,0,60.0
INSP_552988A2,2026-12-20,SYS_168,AST_FB44B477,0.761382,0,0,60.0
INSP_9C60D655,2026-12-20,SYS_179,AST_05AA0B71,0.383004,0,0,60.0
INSP_B6E5B985,2026-12-20,SYS_189,AST_BA2068C4,0.286609,0,0,60.0
INSP_CF6B4A12,2026-12-21,SYS_014,AST_C582AD53,0.666659,0,0,60.0
INSP_4689C16A,2026-12-21,SYS_038,AST_C09E7897,0.935338,0,0,60.0
INSP_E3A6D1E1,2026-12-21,SYS_056,AST_1FD22902,0.5345,0,0,60.0
INSP_6E1B356B,2026-12-21,SYS_063,AST_36AFB794,0.816091,0,0,60.0
INSP_487061D2,2026-12-21,SYS_083,AST_35C2C263,0.885895,0,0,60.0
INSP_438775E1,2026-12-21,SYS_104,AST_34B52F7C,1.12459,1,1,60.0
INSP_E85DDD88,2026-12-21,SYS_112,AST_72528000,0.447933,0,0,60.0
INSP_BCB71D30,2026-12-21,SYS_129,AST_B8F71FDD,0.939555,0,0,60.0
INSP_4A8D7D1B,2026-12-21,SYS_155,AST_EB9D2923,0.70784,0,0,60.0
INSP_8EF150A3,2026-12-22,SYS_062,AST_E6F98CD6,0.757428,0,0,60.0
INSP_475DFD3A,2026-12-22,SYS_093,AST_5B1AF013,0.529031,0,0,60.0
INSP_06ACA9F6,2026-12-22,SYS_132,AST_B471717C,0.734666,0,0,60.0
INSP_E1DB2BCC,2026-12-22,SYS_159,AST_09334FDB,0.479883,0,0,60.0
INSP_7C42DD76,2026-12-22,SYS_165,AST_849D44BE,0.467004,0,0,60.0
INSP_795DD5B6,2026-12-22,SYS_176,AST_5DF61EE8,0.83679,0,0,60.0
INSP_305CF080,2026-12-22,SYS_194,AST_94955F5C,0.946229,0,0,60.0
INSP_5B47F138,2026-12-23,SYS_098,AST_336E36C7,0.572679,0,0,60.0
INSP_900FA6B4,2026-12-23,SYS_149,AST_AB74CC0D,0.948992,0,0,60.0
INSP_BE67BB60,2026-12-23,SYS_151,AST_0CA6C74F,0.752165,0,0,60.0
INSP_C6646C7F,2026-12-23,SYS_180,AST_ABEDAC5D,1.186284,1,1,60.0
INSP_D1FD8A94,2026-12-23,SYS_183,AST_3AC31DE4,1.709466,1,1,60.0
INSP_CD0205DA,2026-12-23,SYS_191,AST_28102D1A,0.672775,0,0,60.0
INSP_B03A6D8D,2026-12-24,SYS_018,AST_D2AAE75F,0.579864,0,0,60.0
INSP_28C8FFA7,2026-12-24,SYS_064,AST_6BB62FDB,0.292936,0,0,60.0
INSP_D8FB8886,2026-12-24,SYS_065,AST_C0195FDC,0.775737,0,0,60.0
INSP_18E6F4AD,2026-12-24,SYS_126,AST_BCC36F08,1.023635,0,1,60.0
INSP_BAB0B7BC,2026-12-24,SYS_136,AST_46F2626C,0.88871,1,0,60.0
INSP_3FB622C8,2026-12-24,SYS_144,AST_E96A36D9,0.67749,0,0,60.0
INSP_FA4F8482,2026-12-24,SYS_150,AST_4A9758F4,0.373839,0,0,60.0
INSP_F2F29D10,2026-12-24,SYS_175,AST_987787EC,0.482618,0,0,60.0
INSP_6EEAFE1B,2026-12-24,SYS_190,AST_FDA57079,0.407376,0,0,60.0
INSP_CA639ECA,2026-12-25,SYS_000,AST_611BCAFE,1.478639,1,1,60.0
INSP_CA5A751F,2026-12-25,SYS_023,AST_E2660384,0.427203,0,0,60.0
INSP_B63F4D97,2026-12-25,SYS_113,AST_177B93F0,0.585203,0,0,60.0
INSP_E11681E8,2026-12-25,SYS_124,AST_C6FED7CE,1.100152,0,1,60.0
INSP_AD8B258B,2026-12-25,SYS_146,AST_1B8D46F6,1.37785,1,1,60.0
INSP_3FDE6A32,2026-12-25,SYS_171,AST_27532D26,0.699249,0,0,60.0
INSP_FDDA2973,2026-12-25,SYS_177,AST_D268BF76,0.439653,0,0,60.0
INSP_4D02DE14,2026-12-26,SYS_007,AST_48BC3EF9,1.145514,0,1,60.0
INSP_5615765F,2026-12-26,SYS_080,AST_2CC51A78,1.815625,1,1,60.0
INSP_F7F13269,2026-12-26,SYS_121,AST_57E427AB,0.976926,0,0,60.0
INSP_09C56402,2026-12-26,SYS_156,AST_E775854F,0.125221,0,0,60.0
INSP_C068C780,2026-12-26,SYS_192,AST_D07C19AF,0.661066,0,0,60.0
INSP_6A123325,2026-12-27,SYS_027,AST_F62C7205,0.746067,0,0,60.0
INSP_6F07FC93,2026-12-27,SYS_072,AST_2677C73B,1.013802,1,1,60.0
INSP_F1F5DB1F,2026-12-27,SYS_084,AST_D1DA8606,-0.039235,0,0,60.0
INSP_42CDC94B,2026-12-27,SYS_108,AST_8823CDE5,1.040364,0,1,60.0
INSP_4AC28FB0,2026-12-28,SYS_005,AST_2355582B,1.614042,1,1,60.0
INSP_11119F61,2026-12-28,SYS_021,AST_47CEED8F,0.654222,0,0,60.0
INSP_BDC9FCB2,2026-12-28,SYS_030,AST_BC560A24,0.515486,0,0,60.0
INSP_7B2FE191,2026-12-28,SYS_092,AST_A654FA74,0.109591,0,0,60.0
INSP_1EAC4925,2026-12-28,SYS_103,AST_E421B8F7,0.784382,0,0,60.0
INSP_C68F1968,2026-12-28,SYS_114,AST_71208FE4,0.480341,0,0,60.0
INSP_B3DA3B17,2026-12-28,SYS_119,AST_82BD2C04,0.717462,0,0,60.0
INSP_A879F8DF,2026-12-28,SYS_122,AST_0A8960BD,0.846438,0,0,60.0
INSP_21B2EB3D,2026-12-28,SYS_123,AST_745D2B0D,1.223144,1,1,60.0
INSP_CF04F932,2026-12-29,SYS_011,AST_C95E4C36,0.916643,1,0,60.0
INSP_02335507,2026-12-29,SYS_020,AST_A7767CC7,0.600521,0,0,60.0
INSP_DB97708B,2026-12-29,SYS_043,AST_11D07EA3,0.716331,0,0,60.0
INSP_AAFA49D1,2026-12-29,SYS_127,AST_E66E58BF,0.984714,1,0,60.0
INSP_BB6BF1EA,2026-12-29,SYS_128,AST_D607EFBB,1.33219,1,1,60.0
INSP_64C8DC1A,2026-12-30,SYS_006,AST_01B706B3,1.189657,1,1,60.0
INSP_A59CA92A,2026-12-30,SYS_022,AST_3A3ABCBA,0.679249,0,0,60.0
INSP_80A26897,2026-12-30,SYS_036,AST_201A44F7,0.878275,0,0,60.0
INSP_C586A4B3,2026-12-30,SYS_049,AST_8B590081,0.865072,0,0,60.0
INSP_A0E45927,2026-12-30,SYS_086,AST_1F6FC1A0,0.486734,0,0,60.0
INSP_84C024D2,2026-12-30,SYS_102,AST_D4717E02,0.45247,0,0,60.0
INSP_EABCCE21,2026-12-30,SYS_116,AST_AA3DF989,1.833441,1,1,60.0
INSP_419243C1,2026-12-30,SYS_188,AST_0D8C5A64,0.630265,0,0,60.0
INSP_3704AA5F,2026-12-31,SYS_055,AST_65BC7AF4,0.697649,0,0,60.0
INSP_8F5EA2A7,2026-12-31,SYS_059,AST_1F05FC1B,1.267863,1,1,60.0
INSP_23D70200,2026-12-31,SYS_100,AST_5436F9AF,0.717822,0,0,60.0
INSP_1A900CE9,2026-12-31,SYS_111,AST_AA47D855,0.392524,0,0,60.0
INSP_079A6669,2026-12-31,SYS_139,AST_594EB63A,0.613069,0,0,60.0
INSP_FF91B5FD,2026-12-31,SYS_152,AST_25E0634B,0.498048,0,0,60.0
INSP_6D0A31FF,2027-01-01,SYS_178,AST_FB8BAAE3,1.375283,1,1,60.0
INSP_E687C380,2027-01-01,SYS_184,AST_F713DE74,1.067354,1,1,60.0
INSP_14223C29,2027-01-02,SYS_008,AST_8CDA59B0,1.789431,1,1,60.0
INSP_06D002A2,2027-01-02,SYS_031,AST_9FC6C1DF,1.034704,0,1,60.0
INSP_E9931D6F,2027-01-02,SYS_044,AST_24282EF9,1.052891,0,1,60.0
INSP_E43DA6C4,2027-01-02,SYS_087,AST_CEA7BD4E,0.776798,0,0,60.0
INSP_A5C1CD1F,2027-01-02,SYS_117,AST_EE3B7502,0.617985,0,0,60.0
INSP_E026C325,2027-01-02,SYS_118,AST_CD01BE37,0.969918,1,0,60.0
INSP_26EB5D30,2027-01-02,SYS_160,AST_16366C7F,0.388663,0,0,60.0
INSP_7ED8E25D,2027-01-02,SYS_197,AST_C302525D,1.03186,0,1,60.0
INSP_78B0C73D,2027-01-03,SYS_010,AST_BA1E579E,1.228476,1,1,60.0
INSP_AFBBF749,2027-01-03,SYS_042,AST_85108019,1.340404,1,1,60.0
INSP_672E9B50,2027-01-03,SYS_074,AST_005C2060,0.87732,0,0,60.0
INSP_BCD77CC8,2027-01-03,SYS_075,AST_E60AAA9C,0.787202,0,0,60.0
INSP_DC3A0340,2027-01-03,SYS_115,AST_E485A485,1.103698,1,1,60.0
INSP_25CE6BCB,2027-01-03,SYS_137,AST_CC32FEC1,0.401832,0,0,60.0
INSP_B28B7112,2027-01-03,SYS_198,AST_8C8EC664,0.81495,0,0,60.0
INSP_C09A9DEC,2027-01-04,SYS_041,AST_5F735C82,1.388685,0,1,60.0
INSP_1E77BA7F,2027-01-04,SYS_091,AST_FF3BACB3,0.94717,0,0,60.0
INSP_5A9E1DAA,2027-01-04,SYS_105,AST_7866AE54,0.754809,0,0,60.0
INSP_B5B7BBEF,2027-01-04,SYS_166,AST_DA889646,0.673486,0,0,60.0
INSP_13CA49D4,2027-01-04,SYS_172,AST_ADEC264C,1.129836,1,1,60.0
INSP_5A5083D9,2027-01-05,SYS_035,AST_EC002B8E,0.708473,0,0,60.0
INSP_D1BDE619,2027-01-05,SYS_077,AST_71806DDB,1.312227,1,1,60.0
INSP_E54305F8,2027-01-05,SYS_095,AST_F7A145A0,0.656383,0,0,60.0
INSP_CD647194,2027-01-05,SYS_110,AST_FED5DCED,0.181598,0,0,60.0
INSP_D03968B7,2027-01-05,SYS_138,AST_BDEBA9F4,1.021175,1,1,60.0
INSP_05B78384,2027-01-05,SYS_147,AST_059BC199,0.596774,0,0,60.0
INSP_91332DD3,2027-01-05,SYS_157,AST_07151874,1.340018,1,1,60.0
INSP_41D4F928,2027-01-05,SYS_187,AST_362F6E1D,0.841204,1,0,60.0
INSP_D12CF41D,2027-01-06,SYS_009,AST_59AE948D,0.938681,1,0,60.0
INSP_894712DA,2027-01-06,SYS_033,AST_78A40885,1.014025,0,1,60.0
INSP_E0B8E125,2027-01-06,SYS_058,AST_29C69D87,-0.306967,0,0,60.0
INSP_588A6BEA,2027-01-06,SYS_068,AST_E6CD9897,0.621346,0,0,60.0
INSP_2C1F5163,2027-01-06,SYS_096,AST_757A2281,1.250472,1,1,60.0
INSP_B0F50B00,2027-01-06,SYS_131,AST_348BD6C0,0.803861,0,0,60.0
INSP_3A607E7F,2027-01-07,SYS_052,AST_79A75A88,0.497221,0,0,60.0
INSP_45AF48B5,2027-01-07,SYS_061,AST_A35FE079,1.043998,1,1,60.0
INSP_247EAF1C,2027-01-07,SYS_094,AST_DDF229A0,0.542974,0,0,60.0
INSP_615143D8,2027-01-07,SYS_130,AST_3A50A6C8,0.564506,0,0,60.0
INSP_F8EAAEF0,2027-01-07,SYS_135,AST_33AE7546,1.03287,1,1,60.0
INSP_2591AA03,2027-01-08,SYS_034,AST_898B9A3E,0.732664,1,0,60.0
INSP_728FCFB5,2027-01-08,SYS_060,AST_93EE11F2,1.559675,1,1,60.0
INSP_43E67CD6,2027-01-08,SYS_107,AST_4ED453A3,1.112738,0,1,60.0
INSP_7460A93B,2027-01-08,SYS_186,AST_5CB7885A,1.062561,1,1,60.0
INSP_CD03711E,2027-01-09,SYS_002,AST_8C3021C3,1.242489,0,1,60.0
INSP_9E2051BA,2027-01-09,SYS_012,AST_400DB418,0.813613,0,0,60.0
INSP_F1740B44,2027-01-09,SYS_015,AST_972033C2,1.080706,0,1,60.0
INSP_A96C4859,2027-01-09,SYS_053,AST_1421CD29,0.912215,0,0,60.0
INSP_5875E747,2027-01-09,SYS_071,AST_E62B116D,1.112101,0,1,60.0
INSP_FE3D43A1,2027-01-09,SYS_078,AST_22724B56,1.027463,0,1,60.0
INSP_E1F4C0AE,2027-01-09,SYS_189,AST_BA2068C4,0.991765,0,0,60.0
INSP_C5F1FD9D,2027-01-10,SYS_003,AST_C2536FD0,1.773866,1,1,60.0
INSP_3D5B7687,2027-01-10,SYS_017,AST_75433D0E,1.299548,1,1,60.0
INSP_B015AF84,2027-01-10,SYS_039,AST_0C2D90D2,0.664143,0,0,60.0
INSP_4C8C7DD4,2027-01-10,SYS_066,AST_F5795CF8,1.294004,0,1,60.0
INSP_B1F58078,2027-01-10,SYS_069,AST_2CCCF5B1,0.572015,0,0,60.0
INSP_29C4A42A,2027-01-10,SYS_081,AST_2559F2BC,1.044291,1,1,60.0
INSP_AD860ECE,2027-01-10,SYS_097,AST_78B2DAF5,1.174493,1,1,60.0
INSP_AF9CEC5C,2027-01-10,SYS_145,AST_FDBA2A0E,0.631542,0,0,60.0
INSP_076A4A36,2027-01-10,SYS_153,AST_416FD4D1,0.583576,0,0,60.0
INSP_B739FA81,2027-01-10,SYS_193,AST_B624BE5F,0.969886,0,0,60.0
INSP_F1C597DD,2027-01-11,SYS_037,AST_12C3D6E6,1.182739,1,1,60.0
INSP_D2EAD88B,2027-01-11,SYS_040,AST_D89EE066,1.070303,0,1,60.0
INSP_4A0888FB,2027-01-11,SYS_051,AST_8936EA7E,0.80306,0,0,60.0
INSP_2BC17E99,2027-01-11,SYS_073,AST_7072115A,1.076668,1,1,60.0
INSP_EC88B108,2027-01-11,SYS_088,AST_8881A08E,1.133666,0,1,60.0
INSP_54B91DA7,2027-01-11,SYS_141,AST_C841EE03,0.80057,1,0,60.0
INSP_0CC74642,2027-01-11,SYS_167,AST_BF41CB64,0.459812,0,0,60.0
INSP_B61A0DBC,2027-01-11,SYS_182,AST_99B17A89,0.630724,0,0,60.0
INSP_62CA9ABD,2027-01-11,SYS_196,AST_83AEE438,0.884381,0,0,60.0
INSP_1395D4A7,2027-01-12,SYS_004,AST_34B81456,0.898634,1,0,60.0
INSP_7558B9C3,2027-01-12,SYS_024,AST_360766DC,0.792914,0,0,60.0
INSP_64135ADC,2027-01-12,SYS_026,AST_B7959A5C,0.466486,0,0,60.0
INSP_C5986F7F,2027-01-12,SYS_045,AST_71683139,1.322154,1,1,60.0
INSP_B2596471,2027-01-12,SYS_076,AST_F603957B,1.141484,0,1,60.0
INSP_5858B651,2027-01-12,SYS_120,AST_8176A690,1.091077,0,1,60.0
INSP_89CB31CC,2027-01-12,SYS_133,AST_36645A9F,1.061208,0,1,60.0
INSP_09EF1846,2027-01-12,SYS_143,AST_5AB29CA1,0.594865,0,0,60.0
INSP_E3CC4E00,2027-01-13,SYS_057,AST_3D7F459C,1.345489,0,1,60.0
INSP_45376A73,2027-01-13,SYS_070,AST_EF1723A7,0.826452,0,0,60.0
INSP_9D40AB91,2027-01-13,SYS_085,AST_BC13EB44,0.9124,0,0,60.0
INSP_E4048081,2027-01-13,SYS_106,AST_2B28FACA,0.621313,0,0,60.0
INSP_59A11136,2027-01-13,SYS_129,AST_B8F71FDD,1.186536,1,1,60.0
INSP_51EF38C5,2027-01-14,SYS_013,AST_0D114CD8,1.033746,0,1,60.0
INSP_14A03794,2027-01-14,SYS_019,AST_295F6162,0.727164,0,0,60.0
INSP_6DD683B6,2027-01-14,SYS_029,AST_72182962,0.432016,0,0,60.0
INSP_ECB5C8AA,2027-01-14,SYS_032,AST_9EA318AD,0.836773,0,0,60.0
INSP_B66BFEA2,2027-01-14,SYS_038,AST_C09E7897,1.158227,1,1,60.0
INSP_4E0C58FE,2027-01-14,SYS_067,AST_4F5BB5C0,0.882553,0,0,60.0
INSP_C0B7639F,2027-01-14,SYS_079,AST_D2724D76,0.375562,0,0,60.0
INSP_12E48C3C,2027-01-14,SYS_089,AST_F3FA3B59,1.631249,1,1,60.0
INSP_C19910A1,2027-01-14,SYS_142,AST_A42F6532,0.995301,0,0,60.0
INSP_30EAC1F6,2027-01-14,SYS_162,AST_FA7C66DB,0.736715,0,0,60.0
INSP_47E02378,2027-01-14,SYS_173,AST_761AB970,0.964284,0,0,60.0
INSP_229E3522,2027-01-15,SYS_050,AST_F69AFC56,0.99813,1,0,60.0
INSP_39DF88F9,2027-01-15,SYS_054,AST_C88F0D7A,0.705647,0,0,60.0
INSP_5987BC7C,2027-01-15,SYS_125,AST_3F4357D4,0.524009,0,0,60.0
INSP_6BC846E4,2027-01-15,SYS_148,AST_0CAAF0CA,0.685508,0,0,60.0
INSP_86769EB0,2027-01-15,SYS_163,AST_67436F82,1.387917,1,1,60.0
INSP_F8D4CE91,2027-01-15,SYS_165,AST_849D44BE,0.72193,0,0,60.0
INSP_DDFC8492,2027-01-15,SYS_174,AST_0CF3B1AB,0.778292,1,0,60.0
INSP_3AFC285F,2027-01-16,SYS_025,AST_E767A2E7,0.946068,0,0,60.0
INSP_81B0AA1D,2027-01-16,SYS_063,AST_36AFB794,1.106308,0,1,60.0
INSP_D2F6D04F,2027-01-16,SYS_109,AST_36E83F9B,1.149967,1,1,60.0
INSP_7848884F,2027-01-16,SYS_134,AST_513E84BA,0.258184,0,0,60.0
INSP_E43DE585,2027-01-16,SYS_161,AST_D05D43D5,1.41057,1,1,60.0
INSP_29577C04,2027-01-16,SYS_169,AST_55F0F9F6,1.194096,0,1,60.0
INSP_2CE574AF,2027-01-16,SYS_179,AST_05AA0B71,0.650998,0,0,60.0
INSP_5FFE8880,2027-01-16,SYS_185,AST_A2B95F2A,0.347763,0,0,60.0
INSP_8613E86D,2027-01-17,SYS_046,AST_CA11BC6D,0.782736,0,0,60.0
INSP_AEDDD2C5,2027-01-17,SYS_082,AST_677BB75C,1.330399,1,1,60.0
INSP_04E72A01,2027-01-17,SYS_132,AST_B471717C,0.713796,0,0,60.0
INSP_D0DBF619,2027-01-17,SYS_149,AST_AB74CC0D,1.062472,1,1,60.0
INSP_8C2BAD3C,2027-01-17,SYS_159,AST_09334FDB,0.929132,1,0,60.0
INSP_97DFD3D9,2027-01-17,SYS_181,AST_69222B18,0.223894,0,0,60.0
INSP_2CD4B97E,2027-01-18,SYS_072,AST_2677C73B,0.56565,0,0,60.0
INSP_20F9892B,2027-01-18,SYS_083,AST_35C2C263,1.333711,1,1,60.0
INSP_DC59853F,2027-01-18,SYS_099,AST_2E2BCA5E,1.015782,1,1,60.0
INSP_13096944,2027-01-18,SYS_154,AST_8779BF08,0.870887,0,0,60.0
INSP_E4FD5377,2027-01-18,SYS_170,AST_41E4C47D,1.193924,0,1,60.0
INSP_BA68F197,2027-01-18,SYS_176,AST_5DF61EE8,1.131135,1,1,60.0
INSP_6BAEA9E7,2027-01-19,SYS_093,AST_5B1AF013,0.308208,0,0,60.0
INSP_9C4B2DA2,2027-01-19,SYS_101,AST_199E4ED5,0.931614,0,0,60.0
INSP_8086D759,2027-01-19,SYS_104,AST_34B52F7C,0.338785,0,0,60.0
INSP_BC89F8ED,2027-01-19,SYS_112,AST_72528000,1.283799,0,1,60.0
INSP_54E3F5F0,2027-01-19,SYS_140,AST_82DF0E33,1.026302,1,1,60.0
INSP_0B513E35,2027-01-19,SYS_155,AST_EB9D2923,1.169336,1,1,60.0
INSP_8FB3B52E,2027-01-19,SYS_164,AST_79E11B35,1.064947,1,1,60.0
INSP_4DC4D26D,2027-01-19,SYS_180,AST_ABEDAC5D,0.442329,0,0,60.0
INSP_82F87C56,2027-01-19,SYS_195,AST_112DC772,0.644097,0,0,60.0
INSP_A0CE704C,2027-01-19,SYS_199,AST_B4105540,0.684044,0,0,60.0
INSP_FE93DD46,2027-01-20,SYS_001,AST_5733BC75,1.29087,1,1,60.0
INSP_3DDD75FA,2027-01-20,SYS_005,AST_2355582B,0.994871,0,0,60.0
INSP_43A965E5,2027-01-20,SYS_014,AST_C582AD53,1.039747,0,1,60.0
INSP_6600CECE,2027-01-20,SYS_090,AST_3E900085,0.816344,0,0,60.0
INSP_D1190DC2,2027-01-20,SYS_150,AST_4A9758F4,0.859241,0,0,60.0
INSP_AA86C354,2027-01-21,SYS_048,AST_B7D85950,0.917217,1,0,60.0
INSP_8B9B7494,2027-01-21,SYS_098,AST_336E36C7,1.167581,0,1,60.0
INSP_7BB4E76D,2027-01-21,SYS_108,AST_8823CDE5,0.156496,0,0,60.0
INSP_4F2EE9FD,2027-01-21,SYS_144,AST_E96A36D9,1.334561,1,1,60.0
INSP_AE2E36D8,2027-01-21,SYS_151,AST_0CA6C74F,0.964397,0,0,60.0
INSP_DCC091D3,2027-01-21,SYS_152,AST_25E0634B,1.050766,0,1,60.0
INSP_89E90169,2027-01-21,SYS_158,AST_72555574,0.170436,0,0,60.0
INSP_12B09B62,2027-01-21,SYS_194,AST_94955F5C,1.031385,1,1,60.0
INSP_7E61C907,2027-01-22,SYS_016,AST_75491F89,0.759063,0,0,60.0
INSP_ED165583,2027-01-22,SYS_018,AST_D2AAE75F,1.253261,1,1,60.0
INSP_73E244C3,2027-01-22,SYS_080,AST_2CC51A78,1.032298,0,1,60.0
INSP_365B6504,2027-01-22,SYS_113,AST_177B93F0,0.795126,0,0,60.0
INSP_3E5A482A,2027-01-22,SYS_123,AST_745D2B0D,0.405012,0,0,60.0
INSP_3AF14266,2027-01-22,SYS_128,AST_D607EFBB,0.44785,0,0,60.0
INSP_1F09936F,2027-01-22,SYS_168,AST_FB44B477,0.614024,0,0,60.0
INSP_BFC06C99,2027-01-22,SYS_175,AST_987787EC,0.88684,0,0,60.0
INSP_02EBA491,2027-01-22,SYS_191,AST_28102D1A,1.079571,1,1,60.0
INSP_2F8DBB89,2027-01-23,SYS_020,AST_A7767CC7,1.1241,1,1,60.0
INSP_12915FE9,2027-01-23,SYS_022,AST_3A3ABCBA,0.843335,1,0,60.0
INSP_71004AF4,2027-01-23,SYS_028,AST_01BDCD63,1.191285,1,1,60.0
INSP_982B2684,2027-01-23,SYS_121,AST_57E427AB,1.424823,1,1,60.0
INSP_8297FB42,2027-01-23,SYS_192,AST_D07C19AF,0.789666,0,0,60.0
INSP_03430A4B,2027-01-24,SYS_000,AST_611BCAFE,0.422054,0,0,60.0
INSP_25E2FCA2,2027-01-24,SYS_027,AST_F62C7205,0.988202,1,0,60.0
INSP_D0FD65BA,2027-01-24,SYS_030,AST_BC560A24,0.949305,1,0,60.0
INSP_1716D22D,2027-01-24,SYS_065,AST_C0195FDC,0.979032,1,0,60.0
INSP_C690218D,2027-01-24,SYS_146,AST_1B8D46F6,0.491614,0,0,60.0
INSP_B377A074,2027-01-24,SYS_171,AST_27532D26,0.741484,0,0,60.0
INSP_DFE70DE8,2027-01-24,SYS_177,AST_D268BF76,0.889698,1,0,60.0
INSP_D2F7C3C7,2027-01-24,SYS_183,AST_3AC31DE4,0.73275,0,0,60.0
INSP_BA2C760E,2027-01-25,SYS_007,AST_48BC3EF9,0.547686,0,0,60.0
INSP_57607573,2027-01-25,SYS_047,AST_BFCB2B08,1.320424,1,1,60.0
INSP_64B0AD2D,2027-01-25,SYS_049,AST_8B590081,1.292738,1,1,60.0
INSP_9B11905F,2027-01-25,SYS_062,AST_E6F98CD6,1.165812,1,1,60.0
INSP_2FB403D2,2027-01-25,SYS_064,AST_6BB62FDB,1.106831,1,1,60.0
INSP_303D8661,2027-01-25,SYS_074,AST_005C2060,1.079565,0,1,60.0
INSP_583165CA,2027-01-25,SYS_092,AST_A654FA74,0.982544,0,0,60.0
INSP_C8E46A55,2027-01-25,SYS_136,AST_46F2626C,1.509025,1,1,60.0
INSP_4C7113B3,2027-01-26,SYS_111,AST_AA47D855,0.166036,0,0,60.0
INSP_0B9ED8F5,2027-01-26,SYS_126,AST_BCC36F08,0.930503,0,0,60.0
INSP_2C515862,2027-01-26,SYS_198,AST_8C8EC664,0.668196,0,0,60.0
INSP_BF374E6A,2027-01-27,SYS_124,AST_C6FED7CE,0.79931,0,0,60.0
INSP_F3E67377,2027-01-28,SYS_021,AST_47CEED8F,1.097566,1,1,60.0
INSP_F8B38F6D,2027-01-28,SYS_023,AST_E2660384,1.048896,0,1,60.0
INSP_950ACC05,2027-01-28,SYS_100,AST_5436F9AF,0.85086,0,0,60.0
INSP_0B7AE532,2027-01-28,SYS_119,AST_82BD2C04,0.857093,0,0,60.0
INSP_2BE89A23,2027-01-28,SYS_122,AST_0A8960BD,0.909469,0,0,60.0
INSP_0DA747C9,2027-01-28,SYS_127,AST_E66E58BF,1.302102,1,1,60.0
INSP_EAD2855C,2027-01-28,SYS_188,AST_0D8C5A64,1.287607,1,1,60.0
INSP_2731B677,2027-01-29,SYS_011,AST_C95E4C36,1.33811,1,1,60.0
INSP_CE5DF49D,2027-01-29,SYS_055,AST_65BC7AF4,1.029722,0,1,60.0
INSP_8A0CAB55,2027-01-29,SYS_087,AST_CEA7BD4E,1.266232,1,1,60.0
INSP_73F32A24,2027-01-29,SYS_114,AST_71208FE4,1.115493,1,1,60.0
INSP_7545E489,2027-01-29,SYS_118,AST_CD01BE37,1.210612,1,1,60.0
INSP_0D699307,2027-01-29,SYS_139,AST_594EB63A,1.075166,0,1,60.0
INSP_67C190D0,2027-01-30,SYS_102,AST_D4717E02,0.676414,0,0,60.0
INSP_652AAC04,2027-01-30,SYS_187,AST_362F6E1D,1.624332,1,1,60.0
INSP_A65F999A,2027-01-31,SYS_010,AST_BA1E579E,0.319999,0,0,60.0
INSP_6B08B958,2027-01-31,SYS_036,AST_201A44F7,1.041709,1,1,60.0
INSP_A7D5E850,2027-01-31,SYS_043,AST_11D07EA3,1.095829,0,1,60.0
INSP_5589C213,2027-01-31,SYS_095,AST_F7A145A0,1.149191,0,1,60.0
INSP_3EF93A91,2027-01-31,SYS_107,AST_4ED453A3,0.616097,0,0,60.0
INSP_766E3405,2027-01-31,SYS_117,AST_EE3B7502,0.543093,0,0,60.0
INSP_7B01C905,2027-01-31,SYS_156,AST_E775854F,0.69187,0,0,60.0
INSP_5751C188,2027-01-31,SYS_189,AST_BA2068C4,0.928345,1,0,60.0
INSP_471CEF62,2027-01-31,SYS_190,AST_FDA57079,0.840456,0,0,60.0
INSP_EE9D8B4A,2027-02-01,SYS_031,AST_9FC6C1DF,0.430109,0,0,60.0
INSP_C5BAAB25,2027-02-01,SYS_039,AST_0C2D90D2,0.954175,0,0,60.0
INSP_DE601FA3,2027-02-01,SYS_059,AST_1F05FC1B,0.726002,0,0,60.0
INSP_910293AC,2027-02-01,SYS_084,AST_D1DA8606,-0.015713,0,0,60.0
INSP_E8AE2533,2027-02-01,SYS_086,AST_1F6FC1A0,0.900557,0,0,60.0
INSP_6C823BBC,2027-02-01,SYS_103,AST_E421B8F7,1.566436,1,1,60.0
INSP_22C9AB44,2027-02-01,SYS_160,AST_16366C7F,0.356092,0,0,60.0
INSP_65E5B708,2027-02-02,SYS_006,AST_01B706B3,0.752277,0,0,60.0
INSP_E1A655A9,2027-02-02,SYS_008,AST_8CDA59B0,0.718707,0,0,60.0
INSP_FCFA6F20,2027-02-02,SYS_052,AST_79A75A88,0.982674,0,0,60.0
INSP_542E425F,2027-02-02,SYS_053,AST_1421CD29,0.998789,1,0,60.0
INSP_B85AA709,2027-02-02,SYS_116,AST_AA3DF989,0.715515,0,0,60.0
INSP_8E30C771,2027-02-02,SYS_138,AST_BDEBA9F4,0.353228,0,0,60.0
INSP_3BAD14CA,2027-02-02,SYS_147,AST_059BC199,0.865204,0,0,60.0
INSP_7D1998A2,2027-02-02,SYS_157,AST_07151874,0.855922,0,0,60.0
INSP_23015A9C,2027-02-02,SYS_184,AST_F713DE74,0.626327,0,0,60.0
INSP_6B1AD315,2027-02-02,SYS_186,AST_5CB7885A,0.456101,0,0,60.0
INSP_78D176DE,2027-02-02,SYS_197,AST_C302525D,0.173429,0,0,60.0
INSP_D949E2E9,2027-02-03,SYS_042,AST_85108019,0.641527,0,0,60.0
INSP_5DF7A02A,2027-02-03,SYS_061,AST_A35FE079,0.543797,0,0,60.0
INSP_63672839,2027-02-03,SYS_110,AST_FED5DCED,1.401536,0,1,60.0
INSP_7DFE36D7,2027-02-03,SYS_137,AST_CC32FEC1,0.735346,0,0,60.0
INSP_7D157D96,2027-02-04,SYS_025,AST_E767A2E7,0.744099,0,0,60.0
INSP_A4B7A4A8,2027-02-04,SYS_071,AST_E62B116D,0.59456,0,0,60.0
INSP_D86421A6,2027-02-04,SYS_075,AST_E60AAA9C,0.813159,0,0,60.0
INSP_37FF1E22,2027-02-04,SYS_105,AST_7866AE54,0.822446,0,0,60.0
INSP_B35512B9,2027-02-04,SYS_115,AST_E485A485,0.717099,0,0,60.0
INSP_C1E4D20D,2027-02-04,SYS_172,AST_ADEC264C,0.811121,0,0,60.0
INSP_9E861B58,2027-02-05,SYS_003,AST_792F8123,0.096396,0,0,60.0
INSP_091479FC,2027-02-05,SYS_009,AST_59AE948D,1.176056,1,1,60.0
INSP_5B5CEE74,2027-02-05,SYS_088,AST_8881A08E,0.615901,0,0,60.0
INSP_20EDB965,2027-02-05,SYS_091,AST_FF3BACB3,1.104327,1,1,60.0
INSP_FFF2ACF9,2027-02-05,SYS_094,AST_DDF229A0,0.829059,1,0,60.0
INSP_DE3CE9CC,2027-02-05,SYS_133,AST_36645A9F,0.484543,0,0,60.0
INSP_B05557A4,2027-02-05,SYS_135,AST_33AE7546,1.020914,0,1,60.0
INSP_DE897037,2027-02-05,SYS_167,AST_BF41CB64,1.118116,0,1,60.0
INSP_0219D441,2027-02-05,SYS_178,AST_FB8BAAE3,0.58728,0,0,60.0
INSP_F4E9D5D9,2027-02-06,SYS_033,AST_78A40885,0.688506,0,0,60.0
INSP_B7AD854B,2027-02-06,SYS_073,AST_7072115A,0.804075,0,0,60.0
INSP_80EFCFA2,2027-02-06,SYS_096,AST_757A2281,0.736903,0,0,60.0
INSP_396703B7,2027-02-06,SYS_120,AST_8176A690,0.323228,0,0,60.0
INSP_9565B5D0,2027-02-07,SYS_002,AST_8C3021C3,0.68887,0,0,60.0
INSP_869F0186,2027-02-07,SYS_024,AST_360766DC,0.737382,0,0,60.0
INSP_72374B63,2027-02-07,SYS_044,AST_24282EF9,0.910112,0,0,60.0
INSP_076F6556,2027-02-07,SYS_060,AST_F0FDDB4C,0.408126,0,0,60.0
INSP_47A039F5,2027-02-07,SYS_077,AST_71806DDB,0.775189,0,0,60.0
INSP_CAC9B18C,2027-02-07,SYS_145,AST_FDBA2A0E,0.95998,1,0,60.0
INSP_C05F108D,2027-02-08,SYS_015,AST_972033C2,0.587915,0,0,60.0
INSP_23D1136F,2027-02-08,SYS_026,AST_B7959A5C,1.339912,0,1,60.0
INSP_6BD826C8,2027-02-08,SYS_034,AST_898B9A3E,1.225988,1,1,60.0
INSP_117BB697,2027-02-08,SYS_040,AST_D89EE066,0.44989,0,0,60.0
INSP_8D6A9809,2027-02-08,SYS_057,AST_3D7F459C,0.607448,0,0,60.0
INSP_095B9CD4,2027-02-08,SYS_066,AST_F5795CF8,0.343474,0,0,60.0
INSP_992D43A1,2027-02-08,SYS_097,AST_78B2DAF5,0.865705,0,0,60.0
INSP_AB0095EF,2027-02-08,SYS_143,AST_5AB29CA1,0.72522,0,0,60.0
INSP_ED935DDC,2027-02-08,SYS_166,AST_DA889646,1.019633,1,1,60.0
INSP_4EAFEBE3,2027-02-08,SYS_174,AST_0CF3B1AB,1.666897,1,1,60.0
INSP_6ADF40DB,2027-02-08,SYS_196,AST_83AEE438,0.934522,1,0,60.0
INSP_3C406665,2027-02-09,SYS_035,AST_EC002B8E,1.322507,1,1,60.0
INSP_9C3F53E2,2027-02-09,SYS_037,AST_12C3D6E6,0.738736,0,0,60.0
INSP_6C4045D1,2027-02-09,SYS_041,AST_5F735C82,0.359399,0,0,60.0
INSP_DAAEFF11,2027-02-09,SYS_079,AST_D2724D76,0.354168,0,0,60.0
INSP_96C9DF79,2027-02-09,SYS_085,AST_BC13EB44,0.760282,0,0,60.0
INSP_B54272A9,2027-02-09,SYS_104,AST_34B52F7C,0.944294,0,0,60.0
INSP_ABD95551,2027-02-09,SYS_130,AST_3A50A6C8,1.195592,1,1,60.0
INSP_C923F7C9,2027-02-09,SYS_153,AST_416FD4D1,1.06105,0,1,60.0
INSP_BA023B8A,2027-02-09,SYS_169,AST_55F0F9F6,0.28628,0,0,60.0
INSP_B8F0F3F1,2027-02-09,SYS_182,AST_99B17A89,1.130367,1,1,60.0
INSP_34ECEEE4,2027-02-10,SYS_050,AST_F69AFC56,1.416342,1,1,60.0
INSP_E8FCEB06,2027-02-10,SYS_051,AST_8936EA7E,1.620655,1,1,60.0
INSP_8AE80765,2027-02-10,SYS_068,AST_E6CD9897,0.540558,0,0,60.0
INSP_7AC4D850,2027-02-10,SYS_129,AST_B8F71FDD,0.804606,0,0,60.0
INSP_43350E43,2027-02-10,SYS_142,AST_A42F6532,0.817889,1,0,60.0
INSP_7C034A14,2027-02-11,SYS_019,AST_295F6162,1.570124,1,1,60.0
INSP_66EF7D0F,2027-02-11,SYS_046,AST_CA11BC6D,0.538299,0,0,60.0
INSP_25F1C5F5,2027-02-11,SYS_069,AST_2CCCF5B1,0.504571,0,0,60.0
INSP_C1FB0B13,2027-02-11,SYS_076,AST_F603957B,0.465481,0,0,60.0
INSP_37933A37,2027-02-11,SYS_089,AST_F3FA3B59,1.021315,0,1,60.0
INSP_A953FE2E,2027-02-11,SYS_099,AST_2E2BCA5E,0.589786,0,0,60.0
INSP_546BF3C5,2027-02-11,SYS_131,AST_348BD6C0,0.952786,1,0,60.0
INSP_361EA6A1,2027-02-11,SYS_181,AST_69222B18,1.212771,0,1,60.0
INSP_B2D2A7A0,2027-02-11,SYS_199,AST_B4105540,0.73622,0,0,60.0
INSP_3FAA7803,2027-02-12,SYS_029,AST_72182962,1.468041,1,1,60.0
INSP_4AE7D9EB,2027-02-12,SYS_062,AST_E6F98CD6,-0.030616,0,0,60.0
INSP_33EF84BC,2027-02-12,SYS_070,AST_EF1723A7,1.346982,1,1,60.0
INSP_3029AEAA,2027-02-12,SYS_078,AST_22724B56,0.554383,0,0,60.0
INSP_8716D246,2027-02-12,SYS_134,AST_513E84BA,0.749884,0,0,60.0
INSP_B2DC9853,2027-02-12,SYS_149,AST_AB74CC0D,0.664868,0,0,60.0
INSP_9C49B185,2027-02-12,SYS_154,AST_8779BF08,1.106656,1,1,60.0
INSP_8D3709EE,2027-02-12,SYS_164,AST_79E11B35,0.174377,0,0,60.0
INSP_24EE71AD,2027-02-13,SYS_012,AST_400DB418,0.915448,1,0,60.0
INSP_C4ED6852,2027-02-13,SYS_017,AST_75433D0E,0.680917,0,0,60.0
INSP_C6F5FA62,2027-02-13,SYS_022,AST_3A3ABCBA,1.397749,1,1,60.0
INSP_DE4A5264,2027-02-13,SYS_045,AST_71683139,1.003347,0,1,60.0
INSP_F864BD2F,2027-02-13,SYS_054,AST_C88F0D7A,0.992793,0,0,60.0
INSP_015853A6,2027-02-13,SYS_125,AST_3F4357D4,0.699182,1,0,60.0
INSP_9862A41B,2027-02-13,SYS_141,AST_C841EE03,1.905506,1,1,60.0
INSP_8B2C3EB8,2027-02-13,SYS_163,AST_67436F82,0.769074,0,0,60.0
INSP_50EAAA57,2027-02-14,SYS_004,AST_34B81456,1.01958,1,1,60.0
INSP_97EABDC5,2027-02-14,SYS_005,AST_2355582B,1.382019,1,1,60.0
INSP_BD4070E9,2027-02-14,SYS_028,AST_01BDCD63,0.776535,0,0,60.0
INSP_87E85C96,2027-02-14,SYS_081,AST_2559F2BC,0.732502,0,0,60.0
INSP_8A407C80,2027-02-14,SYS_093,AST_5B1AF013,0.840831,0,0,60.0
INSP_D2205DB3,2027-02-14,SYS_106,AST_2B28FACA,0.467436,0,0,60.0
INSP_E79E0EFB,2027-02-14,SYS_193,AST_B624BE5F,0.905137,0,0,60.0
INSP_0D588275,2027-02-15,SYS_014,AST_C582AD53,0.343819,0,0,60.0
INSP_8EA89960,2027-02-15,SYS_018,AST_D2AAE75F,0.674697,0,0,60.0
INSP_523163CA,2027-02-15,SYS_056,AST_9A03EA3C,0.138635,0,0,60.0
INSP_20F7AC8B,2027-02-15,SYS_063,AST_36AFB794,0.970215,0,0,60.0
INSP_456C2A4E,2027-02-15,SYS_109,AST_36E83F9B,0.573266,0,0,60.0
INSP_530517CF,2027-02-15,SYS_173,AST_761AB970,0.887296,0,0,60.0
INSP_73C6D33E,2027-02-16,SYS_090,AST_3E900085,0.977963,1,0,60.0
INSP_2B5471F6,2027-02-16,SYS_101,AST_199E4ED5,1.087366,1,1,60.0
INSP_8C4C1F70,2027-02-16,SYS_123,AST_745D2B0D,0.787663,0,0,60.0
INSP_A2C57B94,2027-02-16,SYS_128,AST_D607EFBB,0.604513,0,0,60.0
INSP_D20006DF,2027-02-16,SYS_159,AST_09334FDB,1.685357,1,1,60.0
INSP_11E1F654,2027-02-16,SYS_185,AST_A2B95F2A,1.077415,0,1,60.0
INSP_50BD7719,2027-02-17,SYS_013,AST_0D114CD8,0.901962,0,0,60.0
INSP_769FC6B1,2027-02-17,SYS_072,AST_2677C73B,0.584094,0,0,60.0
INSP_D96F94A0,2027-02-17,SYS_082,AST_677BB75C,0.497979,0,0,60.0
INSP_E2FC0599,2027-02-17,SYS_132,AST_B471717C,1.017678,1,1,60.0
INSP_D9E324D4,2027-02-17,SYS_162,AST_FA7C66DB,1.361058,1,1,60.0
INSP_3EB4F695,2027-02-17,SYS_171,AST_27532D26,0.942281,1,0,60.0
INSP_BB274010,2027-02-18,SYS_001,AST_5733BC75,0.708021,0,0,60.0
INSP_E389A4A8,2027-02-18,SYS_121,AST_57E427AB,0.443532,0,0,60.0
INSP_397B8869,2027-02-18,SYS_161,AST_D05D43D5,0.939873,0,0,60.0
INSP_DAE0195D,2027-02-18,SYS_165,AST_849D44BE,1.038242,1,1,60.0
INSP_F3943638,2027-02-18,SYS_180,AST_ABEDAC5D,1.103875,0,1,60.0
INSP_B71C932F,2027-02-18,SYS_191,AST_28102D1A,0.37742,0,0,60.0
INSP_AE5AF576,2027-02-19,SYS_016,AST_75491F89,1.011385,0,1,60.0
INSP_3B842901,2027-02-19,SYS_048,AST_B7D85950,1.184573,1,1,60.0
INSP_0CCA5EC0,2027-02-19,SYS_140,AST_82DF0E33,0.892192,0,0,60.0
INSP_D9FBBA73,2027-02-19,SYS_151,AST_0CA6C74F,0.902617,1,0,60.0
INSP_C39BD794,2027-02-19,SYS_176,AST_5DF61EE8,0.682363,0,0,60.0
INSP_A4DFA0A8,2027-02-20,SYS_020,AST_A7767CC7,0.572844,0,0,60.0
INSP_0171AB3A,2027-02-20,SYS_030,AST_BC560A24,1.600675,1,1,60.0
INSP_14A3ABB1,2027-02-20,SYS_038,AST_C09E7897,0.173852,0,0,60.0
INSP_7965F5CB,2027-02-20,SYS_047,AST_BFCB2B08,0.430012,0,0,60.0
INSP_3A383139,2027-02-20,SYS_148,AST_0CAAF0CA,1.313089,1,1,60.0
INSP_9A69B97F,2027-02-20,SYS_150,AST_4A9758F4,0.8283,1,0,60.0
INSP_0A332F8B,2027-02-20,SYS_155,AST_EB9D2923,0.603269,0,0,60.0
INSP_5625C4A3,2027-02-20,SYS_170,AST_41E4C47D,0.513027,0,0,60.0
INSP_2D690021,2027-02-21,SYS_049,AST_8B590081,0.509219,0,0,60.0
INSP_F6FA6439,2027-02-21,SYS_058,AST_F3A498A9,0.303505,0,0,60.0
INSP_7B6B7F5A,2027-02-21,SYS_083,AST_35C2C263,0.759016,0,0,60.0
INSP_F5731F3E,2027-02-21,SYS_111,AST_AA47D855,1.061559,0,1,60.0
INSP_1674BF0F,2027-02-21,SYS_168,AST_FB44B477,1.131133,1,1,60.0
INSP_A67A3039,2027-02-21,SYS_179,AST_05AA0B71,1.083918,1,1,60.0
INSP_5DB8EFA3,2027-02-21,SYS_198,AST_8C8EC664,0.988698,1,0,60.0
INSP_14268574,2027-02-22,SYS_032,AST_9EA318AD,1.214426,1,1,60.0
INSP_1CE0B797,2027-02-22,SYS_067,AST_4F5BB5C0,1.564647,1,1,60.0
INSP_20E88E42,2027-02-22,SYS_092,AST_A654FA74,1.141607,1,1,60.0
INSP_31EBFC1F,2027-02-22,SYS_108,AST_8823CDE5,0.217324,0,0,60.0
INSP_7448CAED,2027-02-22,SYS_144,AST_E96A36D9,0.440183,0,0,60.0
INSP_08CF70F6,2027-02-22,SYS_192,AST_D07C19AF,1.040857,1,1,60.0
INSP_602571DC,2027-02-23,SYS_010,AST_BA1E579E,1.153403,0,1,60.0
INSP_E2EB95D5,2027-02-23,SYS_011,AST_C95E4C36,0.670557,0,0,60.0
INSP_EA2D9FB7,2027-02-23,SYS_064,AST_6BB62FDB,0.500382,0,0,60.0
INSP_E556511F,2027-02-23,SYS_087,AST_CEA7BD4E,0.536851,0,0,60.0
INSP_6037B855,2027-02-23,SYS_113,AST_177B93F0,0.900031,1,0,60.0
INSP_C44CEB2A,2027-02-23,SYS_183,AST_3AC31DE4,0.867151,1,0,60.0
INSP_09C39A68,2027-02-23,SYS_195,AST_112DC772,1.044123,0,1,60.0
INSP_6FDAA7FD,2027-02-24,SYS_102,AST_D4717E02,1.025915,1,1,60.0
INSP_D3ADD98F,2027-02-24,SYS_112,AST_72528000,0.492299,0,0,60.0
INSP_91106901,2027-02-24,SYS_146,AST_1B8D46F6,0.628762,1,0,60.0
INSP_771B4C5A,2027-02-24,SYS_194,AST_94955F5C,0.653129,0,0,60.0
INSP_5FE4D8EB,2027-02-25,SYS_000,AST_611BCAFE,0.885486,0,0,60.0
INSP_80518E2C,2027-02-25,SYS_027,AST_F62C7205,1.801771,1,1,60.0
INSP_AABB7CFF,2027-02-25,SYS_074,AST_005C2060,0.382928,0,0,60.0
INSP_9DCB0F21,2027-02-25,SYS_100,AST_5436F9AF,0.954559,1,0,60.0
INSP_01DCEEFE,2027-02-25,SYS_133,AST_36645A9F,0.658882,0,0,60.0
INSP_5F783405,2027-02-25,SYS_157,AST_07151874,1.124731,0,1,60.0
INSP_6038D678,2027-02-26,SYS_023,AST_E2660384,0.571521,0,0,60.0
INSP_B3BF4BB8,2027-02-26,SYS_065,AST_C0195FDC,1.317461,1,1,60.0
INSP_7777A773,2027-02-26,SYS_098,AST_336E36C7,0.750704,0,0,60.0
INSP_8DE5DB24,2027-02-26,SYS_114,AST_71208FE4,0.974233,0,0,60.0
INSP_482B49B9,2027-02-26,SYS_122,AST_0A8960BD,1.416134,1,1,60.0
INSP_F416C14A,2027-02-26,SYS_138,AST_BDEBA9F4,0.72236,0,0,60.0
INSP_B6B3AF84,2027-02-26,SYS_177,AST_D268BF76,1.402581,1,1,60.0
INSP_413D39CC,2027-02-26,SYS_188,AST_0D8C5A64,0.695844,0,0,60.0
INSP_48FB56C5,2027-02-27,SYS_006,AST_01B706B3,1.331893,1,1,60.0
INSP_0FE5187C,2027-02-27,SYS_021,AST_47CEED8F,0.529799,0,0,60.0
INSP_4F15D7DE,2027-02-27,SYS_039,AST_0C2D90D2,1.159541,1,1,60.0
INSP_7B43D087,2027-02-27,SYS_052,AST_79A75A88,0.833655,1,0,60.0
INSP_F6954060,2027-02-27,SYS_080,AST_2CC51A78,0.6996,0,0,60.0
INSP_F80497B2,2027-02-27,SYS_094,AST_DDF229A0,1.000078,1,1,60.0
INSP_0A61A5A7,2027-02-27,SYS_137,AST_CC32FEC1,0.940426,1,0,60.0
INSP_409CF281,2027-02-27,SYS_152,AST_25E0634B,0.742025,0,0,60.0
INSP_638B9E05,2027-02-28,SYS_007,AST_48BC3EF9,1.108183,0,1,60.0
INSP_F8053AC7,2027-02-28,SYS_008,AST_8CDA59B0,1.076317,0,1,60.0
INSP_1AD111DD,2027-02-28,SYS_025,AST_E767A2E7,1.244956,1,1,60.0
INSP_C97BA73A,2027-02-28,SYS_116,AST_AA3DF989,0.853582,1,0,60.0
INSP_5DEE7392,2027-02-28,SYS_124,AST_C6FED7CE,0.97064,1,0,60.0
INSP_E5484C58,2027-02-28,SYS_136,AST_46F2626C,0.790412,0,0,60.0
INSP_89B4DDDE,2027-02-28,SYS_158,AST_72555574,0.619684,0,0,60.0
INSP_1C7CC74E,2027-02-28,SYS_178,AST_FB8BAAE3,0.675729,0,0,60.0
INSP_6890B595,2027-03-01,SYS_053,AST_1421CD29,1.543169,1,1,60.0
INSP_3CCA6AE4,2027-03-01,SYS_055,AST_65BC7AF4,0.42812,0,0,60.0
INSP_F8E2BA3B,2027-03-01,SYS_091,AST_FF3BACB3,0.563382,0,0,60.0
INSP_7B83CC9F,2027-03-01,SYS_107,AST_4ED453A3,0.84879,0,0,60.0
INSP_2CAED64E,2027-03-01,SYS_160,AST_16366C7F,0.940277,0,0,60.0
INSP_031B7FF7,2027-03-01,SYS_187,AST_973CB783,0.095503,0,0,60.0
INSP_8C4FF4DF,2027-03-01,SYS_190,AST_FDA57079,1.266303,1,1,60.0
INSP_5271F89E,2027-03-02,SYS_042,AST_85108019,0.822834,0,0,60.0
INSP_2992ECFC,2027-03-02,SYS_043,AST_11D07EA3,0.436064,0,0,60.0
INSP_22781A3C,2027-03-02,SYS_059,AST_1F05FC1B,1.015725,0,1,60.0
INSP_649F26A2,2027-03-02,SYS_126,AST_BCC36F08,0.938157,0,0,60.0
INSP_F2FE7497,2027-03-02,SYS_127,AST_0BB6D2CA,0.415784,0,0,60.0
INSP_56BCCD0C,2027-03-02,SYS_156,AST_E775854F,0.894593,0,0,60.0
INSP_3F5B16CE,2027-03-02,SYS_175,AST_987787EC,1.409464,1,1,60.0
INSP_D933C5DD,2027-03-03,SYS_003,AST_792F8123,0.516619,0,0,60.0
INSP_DEF0CAB0,2027-03-03,SYS_096,AST_757A2281,0.84051,0,0,60.0
INSP_DD87FC23,2027-03-03,SYS_118,AST_CD01BE37,0.647702,0,0,60.0
INSP_5CE31EA5,2027-03-03,SYS_130,AST_3A50A6C8,0.754999,0,0,60.0
INSP_1477FE60,2027-03-03,SYS_189,AST_BA2068C4,1.23253,1,1,60.0
INSP_A37F640B,2027-03-04,SYS_031,AST_9FC6C1DF,0.512607,0,0,60.0
INSP_A8B6D041,2027-03-04,SYS_086,AST_1F6FC1A0,1.437762,1,1,60.0
INSP_828B7B39,2027-03-04,SYS_103,AST_E421B8F7,0.762008,0,0,60.0
INSP_00DC0909,2027-03-04,SYS_119,AST_82BD2C04,0.891166,1,0,60.0
INSP_A7F8B8C7,2027-03-05,SYS_036,AST_201A44F7,0.416409,0,0,60.0
INSP_A248918B,2027-03-05,SYS_110,AST_FED5DCED,0.757231,0,0,60.0
INSP_2B391B77,2027-03-06,SYS_051,AST_8936EA7E,0.619503,0,0,60.0
INSP_6FCFC01A,2027-03-06,SYS_061,AST_A35FE079,0.765618,1,0,60.0
INSP_82EB4E17,2027-03-06,SYS_068,AST_E6CD9897,1.099046,1,1,60.0
INSP_D40760BA,2027-03-06,SYS_077,AST_71806DDB,0.740108,0,0,60.0
INSP_F945B104,2027-03-06,SYS_172,AST_ADEC264C,1.034281,0,1,60.0
INSP_D965BC60,2027-03-07,SYS_024,AST_360766DC,1.180115,1,1,60.0
INSP_D262B251,2027-03-07,SYS_066,AST_F5795CF8,0.880941,0,0,60.0
INSP_3E01AD79,2027-03-07,SYS_097,AST_78B2DAF5,0.912539,0,0,60.0
INSP_5266E7FB,2027-03-07,SYS_115,AST_E485A485,0.768951,0,0,60.0
INSP_84513E6C,2027-03-07,SYS_120,AST_8176A690,1.026774,0,1,60.0
INSP_1754BF93,2027-03-07,SYS_129,AST_B8F71FDD,0.921623,0,0,60.0
INSP_C4064A18,2027-03-07,SYS_135,AST_33AE7546,0.434971,0,0,60.0
INSP_C7DEDAC5,2027-03-07,SYS_139,AST_594EB63A,0.659305,0,0,60.0
INSP_7B1EB324,2027-03-08,SYS_009,AST_59AE948D,0.497006,0,0,60.0
INSP_6D0A6942,2027-03-08,SYS_044,AST_24282EF9,1.127498,0,1,60.0
INSP_A357CD7D,2027-03-08,SYS_084,AST_D1DA8606,0.310817,0,0,60.0
INSP_45341DD2,2027-03-08,SYS_095,AST_F7A145A0,0.679136,0,0,60.0
INSP_39B7C426,2027-03-08,SYS_184,AST_F713DE74,1.047155,1,1,60.0
INSP_C5E82B35,2027-03-08,SYS_196,AST_83AEE438,1.318633,1,1,60.0
INSP_69EF588D,2027-03-09,SYS_033,AST_78A40885,0.952618,0,0,60.0
INSP_53E3B779,2027-03-09,SYS_034,AST_898B9A3E,0.983521,0,0,60.0
INSP_D3A37554,2027-03-09,SYS_088,AST_8881A08E,0.72734,0,0,60.0
INSP_20DE2DF3,2027-03-09,SYS_105,AST_7866AE54,1.441207,1,1,60.0
INSP_34E0450D,2027-03-09,SYS_125,AST_3F4357D4,1.312192,1,1,60.0
INSP_892EDB24,2027-03-09,SYS_145,AST_FDBA2A0E,1.522164,1,1,60.0
INSP_2FB52EE9,2027-03-09,SYS_167,AST_BF41CB64,0.756919,0,0,60.0
INSP_BB567E99,2027-03-10,SYS_026,AST_B7959A5C,0.864896,0,0,60.0
INSP_B5929EF3,2027-03-10,SYS_062,AST_E6F98CD6,1.196566,0,1,60.0
INSP_46950B58,2027-03-10,SYS_069,AST_2CCCF5B1,1.381624,1,1,60.0
INSP_B6806D26,2027-03-10,SYS_071,AST_E62B116D,0.768,0,0,60.0
INSP_E88646DC,2027-03-10,SYS_079,AST_D2724D76,0.829825,0,0,60.0
INSP_39B3CE6D,2027-03-10,SYS_093,AST_5B1AF013,0.865986,1,0,60.0
INSP_F14F2564,2027-03-10,SYS_153,AST_416FD4D1,0.671246,0,0,60.0
INSP_C824AB57,2027-03-11,SYS_060,AST_F0FDDB4C,0.389543,0,0,60.0
INSP_74275D90,2027-03-11,SYS_073,AST_7072115A,1.155,1,1,60.0
INSP_EB290F31,2027-03-11,SYS_085,AST_BC13EB44,1.421294,1,1,60.0
INSP_5E2E5FB9,2027-03-11,SYS_131,AST_348BD6C0,1.349106,1,1,60.0
INSP_D3B57345,2027-03-11,SYS_134,AST_513E84BA,0.850785,1,0,60.0
INSP_C6B9E0EE,2027-03-11,SYS_143,AST_5AB29CA1,1.475056,1,1,60.0
INSP_4D6A1EEA,2027-03-11,SYS_147,AST_059BC199,1.361456,1,1,60.0
INSP_5BE9907A,2027-03-11,SYS_186,AST_5CB7885A,1.23909,0,1,60.0
INSP_B79B0B1B,2027-03-11,SYS_199,AST_B4105540,1.15141,1,1,60.0
INSP_76FD09E5,2027-03-12,SYS_035,AST_EC002B8E,0.737535,0,0,60.0
INSP_320E58E0,2027-03-12,SYS_057,AST_3D7F459C,0.695277,0,0,60.0
INSP_B04A8A05,2027-03-12,SYS_081,AST_2559F2BC,0.717803,0,0,60.0
INSP_38749095,2027-03-12,SYS_149,AST_AB74CC0D,0.703419,0,0,60.0
INSP_F1F5353E,2027-03-12,SYS_166,AST_DA889646,0.79438,0,0,60.0
INSP_0962E758,2027-03-13,SYS_002,AST_8C3021C3,1.002103,0,1,60.0
INSP_7B0811FA,2027-03-13,SYS_015,AST_972033C2,0.924529,0,0,60.0
INSP_744E8F50,2027-03-13,SYS_019,AST_295F6162,0.35857,0,0,60.0
INSP_C7815F64,2027-03-13,SYS_037,AST_12C3D6E6,1.01862,0,1,60.0
INSP_FC7F9E57,2027-03-13,SYS_056,AST_9A03EA3C,-0.058611,0,0,60.0
INSP_067126C3,2027-03-13,SYS_191,AST_28102D1A,0.58301,0,0,60.0
INSP_587A5640,2027-03-14,SYS_005,AST_2355582B,1.236516,0,1,60.0
INSP_A91C822A,2027-03-14,SYS_040,AST_D89EE066,1.012548,0,1,60.0
INSP_10C47193,2027-03-14,SYS_050,AST_F69AFC56,0.726773,0,0,60.0
INSP_7A4860D0,2027-03-14,SYS_142,AST_A42F6532,1.220276,1,1,60.0
INSP_CF235C81,2027-03-14,SYS_164,AST_79E11B35,0.465848,0,0,60.0
INSP_88E5586F,2027-03-14,SYS_173,AST_761AB970,1.178531,1,1,60.0
INSP_CF07C2AA,2027-03-14,SYS_174,AST_4BB6A596,0.015377,0,0,60.0
INSP_027E933A,2027-03-14,SYS_197,AST_C302525D,1.027298,0,1,60.0
INSP_1A9BCE13,2027-03-15,SYS_014,AST_C582AD53,0.649432,0,0,60.0
INSP_80CF9C97,2027-03-15,SYS_016,AST_75491F89,0.432163,0,0,60.0
INSP_C9F29E72,2027-03-15,SYS_054,AST_C88F0D7A,1.057345,1,1,60.0
INSP_1E126406,2027-03-15,SYS_089,AST_F3FA3B59,0.69289,0,0,60.0
INSP_5410445A,2027-03-15,SYS_169,AST_55F0F9F6,0.867584,0,0,60.0
INSP_8E306093,2027-03-15,SYS_171,AST_27532D26,1.011319,1,1,60.0
INSP_ABA2BF82,2027-03-15,SYS_181,AST_69222B18,0.764135,0,0,60.0
INSP_31EE0FA8,2027-03-15,SYS_182,AST_99B17A89,0.504343,0,0,60.0
INSP_2397CD72,2027-03-15,SYS_193,AST_B624BE5F,1.410464,1,1,60.0
INSP_D66909DF,2027-03-16,SYS_004,AST_34B81456,0.677196,0,0,60.0
INSP_A3D100C0,2027-03-16,SYS_017,AST_75433D0E,1.113465,0,1,60.0
INSP_F8C39B3C,2027-03-16,SYS_018,AST_D2AAE75F,0.972549,0,0,60.0
INSP_ABC034E4,2027-03-16,SYS_038,AST_C09E7897,1.076356,0,1,60.0
INSP_B8C84C3C,2027-03-16,SYS_078,AST_22724B56,0.848236,0,0,60.0
INSP_B14D9DF7,2027-03-16,SYS_101,AST_199E4ED5,0.570462,0,0,60.0
INSP_051464E0,2027-03-16,SYS_104,AST_34B52F7C,1.384062,1,1,60.0
INSP_548567D1,2027-03-16,SYS_159,AST_3EE93CB8,0.285323,0,0,60.0
INSP_579B2D87,2027-03-16,SYS_165,AST_849D44BE,0.710497,0,0,60.0
INSP_978C40C8,2027-03-16,SYS_180,AST_ABEDAC5D,0.624398,0,0,60.0
INSP_171A46C4,2027-03-17,SYS_045,AST_71683139,0.2702,0,0,60.0
INSP_50EB87AF,2027-03-17,SYS_046,AST_CA11BC6D,1.371018,1,1,60.0
INSP_33C127D9,2027-03-17,SYS_076,AST_F603957B,1.098882,0,1,60.0
INSP_AD6F8C74,2027-03-17,SYS_132,AST_B471717C,0.815704,0,0,60.0
INSP_E42496A0,2027-03-17,SYS_194,AST_94955F5C,0.73495,0,0,60.0
INSP_262D7FB1,2027-03-18,SYS_012,AST_400DB418,1.367969,1,1,60.0
INSP_BB16739F,2027-03-18,SYS_083,AST_35C2C263,0.972365,0,0,60.0
INSP_39652C9C,2027-03-18,SYS_106,AST_2B28FACA,0.819883,0,0,60.0
INSP_D8FA8D25,2027-03-18,SYS_109,AST_36E83F9B,0.738114,0,0,60.0
INSP_AA85B37A,2027-03-18,SYS_154,AST_8779BF08,0.764847,0,0,60.0
INSP_183FEF36,2027-03-18,SYS_198,AST_8C8EC664,1.796334,1,1,60.0
INSP_7148C32F,2027-03-19,SYS_028,AST_01BDCD63,1.21279,1,1,60.0
INSP_3C7FC1F0,2027-03-19,SYS_029,AST_72182962,0.878699,0,0,60.0
INSP_19C0F900,2027-03-19,SYS_099,AST_2E2BCA5E,1.091008,0,1,60.0
INSP_75AD5162,2027-03-20,SYS_001,AST_5733BC75,0.352336,0,0,60.0
INSP_699C636C,2027-03-20,SYS_013,AST_0D114CD8,1.027464,1,1,60.0
INSP_B6301987,2027-03-20,SYS_030,AST_BC560A24,0.902805,0,0,60.0
INSP_F26A213D,2027-03-20,SYS_032,AST_9EA318AD,0.567801,0,0,60.0
INSP_C7EEBD48,2027-03-20,SYS_041,AST_5F735C82,1.113494,0,1,60.0
INSP_F8B0C16E,2027-03-20,SYS_058,AST_F3A498A9,0.547718,0,0,60.0
INSP_5E724C87,2027-03-20,SYS_070,AST_EF1723A7,0.583568,0,0,60.0
INSP_E776C1D6,2027-03-20,SYS_102,AST_D4717E02,0.573301,0,0,60.0
INSP_357932E0,2027-03-20,SYS_117,AST_AF2CD7F7,0.125862,0,0,60.0
INSP_759B1DC0,2027-03-20,SYS_128,AST_D607EFBB,1.278984,1,1,60.0
INSP_B63AB10A,2027-03-21,SYS_020,AST_A7767CC7,0.922184,0,0,60.0
INSP_799A873E,2027-03-21,SYS_090,AST_3E900085,1.417986,1,1,60.0
INSP_C0D745A6,2027-03-21,SYS_111,AST_AA47D855,0.364835,0,0,60.0
INSP_972D2D3E,2027-03-21,SYS_144,AST_E96A36D9,0.789184,0,0,60.0
INSP_F544577E,2027-03-21,SYS_148,AST_0CAAF0CA,0.800713,0,0,60.0
INSP_691B980D,2027-03-22,SYS_047,AST_BFCB2B08,1.155515,1,1,60.0
INSP_E9337CFE,2027-03-22,SYS_087,AST_CEA7BD4E,0.801857,0,0,60.0
INSP_1F5AB682,2027-03-22,SYS_123,AST_745D2B0D,0.834667,1,0,60.0
INSP_2AB7DA52,2027-03-22,SYS_140,AST_82DF0E33,0.946129,0,0,60.0
INSP_09415E94,2027-03-22,SYS_141,AST_C841EE03,0.77568,0,0,60.0
INSP_3F06D84B,2027-03-22,SYS_155,AST_EB9D2923,0.548018,0,0,60.0
INSP_A86F538A,2027-03-22,SYS_163,AST_67436F82,0.712201,0,0,60.0
INSP_B95CE093,2027-03-22,SYS_168,AST_FB44B477,1.009487,0,1,60.0
INSP_E4C193AB,2027-03-23,SYS_022,AST_3A3ABCBA,0.972281,0,0,60.0
INSP_B83BDBEE,2027-03-23,SYS_025,AST_E767A2E7,0.564238,0,0,60.0
INSP_8686243A,2027-03-23,SYS_049,AST_8B590081,1.055836,0,1,60.0
INSP_42865719,2027-03-23,SYS_072,AST_2677C73B,1.283523,1,1,60.0
INSP_6C9E2B77,2027-03-23,SYS_098,AST_336E36C7,1.350561,0,1,60.0
INSP_DE45D54C,2027-03-23,SYS_113,AST_177B93F0,1.509636,1,1,60.0
INSP_35D8D343,2027-03-23,SYS_114,AST_71208FE4,0.383158,0,0,60.0
INSP_03011D31,2027-03-23,SYS_122,AST_0A8960BD,0.563524,0,0,60.0
INSP_A6A704A6,2027-03-23,SYS_176,AST_5DF61EE8,1.064464,1,1,60.0
INSP_BA03BC2F,2027-03-23,SYS_195,AST_112DC772,0.381772,0,0,60.0
INSP_8560B2E6,2027-03-24,SYS_021,AST_47CEED8F,0.951305,0,0,60.0
INSP_A8816539,2027-03-24,SYS_075,AST_9F8C53BE,0.25548,0,0,60.0
INSP_D548E21D,2027-03-24,SYS_082,AST_677BB75C,1.099166,0,1,60.0
INSP_CE94CEEE,2027-03-24,SYS_121,AST_57E427AB,0.793451,0,0,60.0
INSP_40643B25,2027-03-24,SYS_170,AST_41E4C47D,1.236502,0,1,60.0
INSP_011ED74F,2027-03-24,SYS_179,AST_05AA0B71,0.428074,0,0,60.0
INSP_75463BD6,2027-03-24,SYS_185,AST_A2B95F2A,0.548411,0,0,60.0
INSP_CE696848,2027-03-24,SYS_192,AST_D07C19AF,0.650826,0,0,60.0
INSP_732F62E5,2027-03-25,SYS_003,AST_792F8123,0.651319,0,0,60.0
INSP_7EE5F0C6,2027-03-25,SYS_064,AST_6BB62FDB,0.904617,1,0,60.0
INSP_E91C1BC4,2027-03-25,SYS_100,AST_5436F9AF,1.651009,1,1,60.0
INSP_41D3EC8E,2027-03-25,SYS_119,AST_82BD2C04,1.118286,1,1,60.0
INSP_1A0F655D,2027-03-25,SYS_137,AST_CC32FEC1,1.441319,1,1,60.0
INSP_F0641510,2027-03-25,SYS_150,AST_4A9758F4,1.235591,1,1,60.0
INSP_1FBA1CBE,2027-03-25,SYS_151,AST_0CA6C74F,1.338977,1,1,60.0
INSP_DAFA1306,2027-03-25,SYS_157,AST_07151874,0.609451,0,0,60.0
INSP_FF8560CF,2027-03-25,SYS_162,AST_FA7C66DB,0.566256,0,0,60.0
INSP_35700077,2027-03-26,SYS_006,AST_01B706B3,0.975784,0,0,60.0
INSP_D4A05C6A,2027-03-26,SYS_010,AST_BA1E579E,0.431588,0,0,60.0
INSP_3E5F8E14,2027-03-26,SYS_048,AST_B7D85950,0.418369,0,0,60.0
INSP_EE8D2C43,2027-03-26,SYS_052,AST_79A75A88,1.978348,1,1,60.0
INSP_D736254E,2027-03-26,SYS_152,AST_25E0634B,0.771418,0,0,60.0
INSP_BAC787C4,2027-03-26,SYS_178,AST_FB8BAAE3,1.553418,1,1,60.0
INSP_EF72C4C8,2027-03-26,SYS_183,AST_3AC31DE4,1.185906,1,1,60.0
INSP_C5645DE4,2027-03-27,SYS_011,AST_C95E4C36,0.805179,1,0,60.0
INSP_6821BD5F,2027-03-27,SYS_063,AST_36AFB794,1.261122,0,1,60.0
INSP_48ACF843,2027-03-27,SYS_065,AST_C0195FDC,0.649185,0,0,60.0
INSP_C77AD115,2027-03-27,SYS_067,AST_4F5BB5C0,0.441234,0,0,60.0
INSP_925A9D28,2027-03-27,SYS_188,AST_0D8C5A64,0.895566,1,0,60.0
INSP_408ED2A2,2027-03-28,SYS_051,AST_8936EA7E,1.243613,0,1,60.0
INSP_D77A8D39,2027-03-28,SYS_092,AST_A654FA74,0.580281,0,0,60.0
INSP_0E416229,2027-03-28,SYS_108,AST_8823CDE5,1.096076,1,1,60.0
INSP_D5B02FA8,2027-03-28,SYS_112,AST_72528000,0.891949,0,0,60.0
INSP_C5C44F20,2027-03-28,SYS_146,AST_1B8D46F6,1.661085,1,1,60.0
INSP_C0203548,2027-03-28,SYS_158,AST_72555574,0.765865,0,0,60.0
INSP_44E50E4E,2027-03-28,SYS_161,AST_D05D43D5,0.929681,1,0,60.0
INSP_6A730137,2027-03-29,SYS_074,AST_005C2060,0.910985,0,0,60.0
INSP_7325AA72,2027-03-29,SYS_080,AST_2CC51A78,0.768701,0,0,60.0
INSP_3DA8284C,2027-03-29,SYS_133,AST_36645A9F,1.075982,1,1,60.0
INSP_5AC7F20A,2027-03-29,SYS_138,AST_BDEBA9F4,1.100369,1,1,60.0
INSP_295EEB19,2027-03-29,SYS_139,AST_594EB63A,0.888899,0,0,60.0
INSP_FC8E6D01,2027-03-30,SYS_000,AST_611BCAFE,1.303316,1,1,60.0
INSP_D9B72309,2027-03-30,SYS_008,AST_8CDA59B0,0.560444,0,0,60.0
INSP_86EA5E05,2027-03-30,SYS_027,AST_F62C7205,0.634068,0,0,60.0
INSP_C1668FFD,2027-03-30,SYS_055,AST_65BC7AF4,0.761729,0,0,60.0
INSP_2441A558,2027-03-30,SYS_086,AST_1F6FC1A0,0.439807,0,0,60.0
INSP_2F804C7C,2027-03-30,SYS_103,AST_E421B8F7,1.211661,0,1,60.0
INSP_690ED521,2027-03-30,SYS_136,AST_46F2626C,1.230457,1,1,60.0
INSP_114428E0,2027-03-30,SYS_177,AST_D268BF76,0.799151,0,0,60.0
INSP_D82C1784,2027-03-31,SYS_023,AST_E2660384,0.686313,0,0,60.0
INSP_8B2D2C70,2027-03-31,SYS_036,AST_201A44F7,0.390662,0,0,60.0
INSP_18A2350A,2027-03-31,SYS_039,AST_0C2D90D2,0.552592,0,0,60.0
INSP_555663A4,2027-03-31,SYS_187,AST_973CB783,0.318318,0,0,60.0
INSP_4D4023C8,2027-04-01,SYS_042,AST_85108019,1.763484,1,1,60.0
INSP_6E4DEE1D,2027-04-01,SYS_059,AST_1F05FC1B,0.598182,0,0,60.0
INSP_2D3F0C8E,2027-04-01,SYS_096,AST_757A2281,0.640297,1,0,60.0
INSP_D690FD91,2027-04-01,SYS_124,AST_C6FED7CE,1.320134,1,1,60.0
INSP_2CB3422D,2027-04-01,SYS_129,AST_B8F71FDD,1.384676,1,1,60.0
INSP_FD172F39,2027-04-01,SYS_156,AST_E775854F,1.063912,1,1,60.0
INSP_E3F542EC,2027-04-01,SYS_160,AST_16366C7F,0.962962,1,0,60.0
INSP_B5ED61BB,2027-04-02,SYS_043,AST_11D07EA3,0.810435,0,0,60.0
INSP_71FC522F,2027-04-02,SYS_053,AST_1421CD29,0.498626,0,0,60.0
INSP_1E33A3A5,2027-04-02,SYS_116,AST_AA3DF989,1.357221,1,1,60.0
INSP_3088EDF1,2027-04-02,SYS_118,AST_CD01BE37,1.082281,1,1,60.0
INSP_EC47A9F6,2027-04-02,SYS_135,AST_33AE7546,0.386366,0,0,60.0
INSP_F27D4BEF,2027-04-02,SYS_175,AST_987787EC,0.146679,0,0,60.0
INSP_1B05611E,2027-04-03,SYS_077,AST_71806DDB,1.332742,1,1,60.0
INSP_08A79B14,2027-04-03,SYS_095,AST_F7A145A0,0.909932,0,0,60.0
INSP_43EF67DE,2027-04-03,SYS_120,AST_8176A690,0.48338,0,0,60.0
INSP_63AEABDB,2027-04-03,SYS_127,AST_0BB6D2CA,0.519504,0,0,60.0
INSP_134206EB,2027-04-03,SYS_153,AST_416FD4D1,0.757939,0,0,60.0
INSP_6C5F97FD,2027-04-03,SYS_196,AST_83AEE438,0.361478,0,0,60.0
INSP_F33CAC6F,2027-04-04,SYS_091,AST_FF3BACB3,1.224043,0,1,60.0
INSP_39B9DC21,2027-04-04,SYS_131,AST_36C9F1A5,-0.018419,0,0,60.0
INSP_7A06BF09,2027-04-05,SYS_007,AST_48BC3EF9,0.648928,0,0,60.0
INSP_B702AFE4,2027-04-05,SYS_031,AST_9FC6C1DF,1.16852,1,1,60.0
INSP_C4A5D035,2027-04-05,SYS_044,AST_24282EF9,0.407436,0,0,60.0
INSP_BA25304D,2027-04-05,SYS_073,AST_7072115A,0.118075,0,0,60.0
INSP_53E51D15,2027-04-06,SYS_009,AST_59AE948D,1.387404,1,1,60.0
INSP_3CB71577,2027-04-06,SYS_071,AST_E62B116D,1.152174,1,1,60.0
INSP_A7AE28FF,2027-04-06,SYS_081,AST_2559F2BC,0.976223,1,0,60.0
INSP_38DC0098,2027-04-06,SYS_107,AST_4ED453A3,0.665459,1,0,60.0
INSP_45A36541,2027-04-06,SYS_125,AST_3F4357D4,0.344191,0,0,60.0
INSP_E3F6086B,2027-04-06,SYS_130,AST_3A50A6C8,0.596515,0,0,60.0
INSP_931C5077,2027-04-06,SYS_190,AST_FDA57079,0.227412,0,0,60.0
INSP_1CCF9492,2027-04-07,SYS_016,AST_75491F89,0.572221,0,0,60.0
INSP_CA635EB0,2027-04-07,SYS_033,AST_78A40885,1.105978,1,1,60.0
INSP_C145758B,2027-04-07,SYS_066,AST_F5795CF8,1.144473,1,1,60.0
INSP_0E525FB6,2027-04-07,SYS_068,AST_E6CD9897,0.82123,0,0,60.0
INSP_A8CA38A4,2027-04-07,SYS_069,AST_2CCCF5B1,1.093002,0,1,60.0
INSP_DCD031A4,2027-04-07,SYS_110,AST_FED5DCED,0.964925,0,0,60.0
INSP_FF5F7060,2027-04-07,SYS_184,AST_F713DE74,0.566511,0,0,60.0
INSP_91B96568,2027-04-07,SYS_189,AST_3346BE51,0.438164,0,0,60.0
INSP_D2610BAE,2027-04-08,SYS_002,AST_8C3021C3,0.675007,0,0,60.0
INSP_A85ABC4D,2027-04-08,SYS_061,AST_A35FE079,1.302651,1,1,60.0
INSP_3951666B,2027-04-08,SYS_062,AST_E6F98CD6,0.770918,0,0,60.0
INSP_B3E9291C,2027-04-08,SYS_084,AST_D1DA8606,1.020596,1,1,60.0
INSP_5C080F5B,2027-04-08,SYS_097,AST_78B2DAF5,1.45304,1,1,60.0
INSP_12C37763,2027-04-08,SYS_134,AST_513E84BA,1.573931,1,1,60.0
INSP_A1A06983,2027-04-08,SYS_180,AST_ABEDAC5D,0.804862,0,0,60.0
INSP_C2CD972A,2027-04-08,SYS_186,AST_5CB7885A,0.529482,0,0,60.0
INSP_98D35572,2027-04-09,SYS_037,AST_12C3D6E6,0.801398,0,0,60.0
INSP_63ABA62B,2027-04-09,SYS_056,AST_9A03EA3C,0.626216,0,0,60.0
INSP_6CF64EDB,2027-04-09,SYS_058,AST_F3A498A9,0.461041,0,0,60.0
INSP_1BA20F3C,2027-04-09,SYS_060,AST_F0FDDB4C,0.315457,0,0,60.0
INSP_7AAB5F1C,2027-04-09,SYS_076,AST_F603957B,0.668966,0,0,60.0
INSP_08CCE104,2027-04-09,SYS_088,AST_8881A08E,1.115788,1,1,60.0
INSP_3109507E,2027-04-09,SYS_093,AST_5B1AF013,1.371617,1,1,60.0
INSP_833ADA62,2027-04-09,SYS_094,AST_DDF229A0,0.391041,0,0,60.0
INSP_D0C71C3F,2027-04-09,SYS_126,AST_C9DE68BD,0.266253,0,0,60.0
INSP_417DB751,2027-04-10,SYS_026,AST_B7959A5C,0.956741,0,0,60.0
INSP_07300E43,2027-04-10,SYS_034,AST_898B9A3E,0.979155,1,0,60.0
INSP_47E16FB4,2027-04-10,SYS_079,AST_D2724D76,0.978316,0,0,60.0
INSP_E501285A,2027-04-10,SYS_105,AST_7866AE54,0.862356,0,0,60.0
INSP_4BF1ED92,2027-04-10,SYS_115,AST_E485A485,1.601419,1,1,60.0
INSP_3F37276E,2027-04-10,SYS_167,AST_05426636,-0.160508,0,0,60.0
INSP_9D860011,2027-04-10,SYS_172,AST_ADEC264C,0.772312,0,0,60.0
INSP_D49EB430,2027-04-10,SYS_194,AST_94955F5C,0.967907,0,0,60.0
INSP_E24F8F48,2027-04-11,SYS_012,AST_400DB418,0.341084,0,0,60.0
INSP_17979986,2027-04-11,SYS_015,AST_972033C2,1.391939,1,1,60.0
INSP_B2DDE8D4,2027-04-11,SYS_085,AST_BC13EB44,0.403909,0,0,60.0
INSP_70D898DE,2027-04-11,SYS_143,AST_5AB29CA1,0.848381,0,0,60.0
INSP_0E617850,2027-04-11,SYS_164,AST_79E11B35,1.505373,1,1,60.0
INSP_50FC2848,2027-04-12,SYS_014,AST_C582AD53,0.711287,1,0,60.0
INSP_BC5FB108,2027-04-12,SYS_166,AST_DA889646,1.28678,1,1,60.0
INSP_87B58009,2027-04-12,SYS_182,AST_99B17A89,0.999036,0,0,60.0
INSP_942728C3,2027-04-13,SYS_017,AST_75433D0E,0.633656,0,0,60.0
INSP_041D01E9,2027-04-13,SYS_024,AST_360766DC,0.84611,0,0,60.0
INSP_06081AE9,2027-04-13,SYS_035,AST_EC002B8E,0.486247,0,0,60.0
INSP_AEABD8D2,2027-04-13,SYS_171,AST_27532D26,0.437555,0,0,60.0
INSP_92F719DE,2027-04-13,SYS_181,AST_69222B18,0.955237,0,0,60.0
INSP_4D03E573,2027-04-13,SYS_191,AST_28102D1A,1.554121,1,1,60.0
INSP_7144CBC6,2027-04-13,SYS_199,AST_B4105540,0.579127,0,0,60.0
INSP_1453D01F,2027-04-14,SYS_019,AST_295F6162,0.89829,0,0,60.0
INSP_7986B8F3,2027-04-14,SYS_050,AST_F69AFC56,1.363128,1,1,60.0
INSP_D174C702,2027-04-14,SYS_054,AST_C88F0D7A,0.737936,0,0,60.0
INSP_7C3ADAB3,2027-04-14,SYS_078,AST_22724B56,1.043725,1,1,60.0
INSP_82168812,2027-04-14,SYS_147,AST_059BC199,0.974004,0,0,60.0
INSP_97454145,2027-04-15,SYS_046,AST_CA11BC6D,0.376867,0,0,60.0
INSP_DE8F4DFF,2027-04-15,SYS_057,AST_3D7F459C,1.159179,0,1,60.0
INSP_1C80D48E,2027-04-15,SYS_075,AST_9F8C53BE,0.458647,0,0,60.0
INSP_A6A03ADC,2027-04-15,SYS_145,AST_FDBA2A0E,0.552535,0,0,60.0
INSP_9CC58184,2027-04-15,SYS_168,AST_FB44B477,0.167647,0,0,60.0
INSP_952299C3,2027-04-15,SYS_169,AST_55F0F9F6,1.062944,1,1,60.0
INSP_08A62CD6,2027-04-15,SYS_173,AST_761AB970,0.589933,0,0,60.0
INSP_10DBD1A7,2027-04-16,SYS_029,AST_72182962,0.727998,1,0,60.0
INSP_338EF0C6,2027-04-16,SYS_040,AST_D89EE066,0.79867,0,0,60.0
INSP_C1DE2A6F,2027-04-16,SYS_089,AST_F3FA3B59,0.740484,0,0,60.0
INSP_80EFF0B6,2027-04-16,SYS_106,AST_2B28FACA,1.277191,1,1,60.0
INSP_3EC42071,2027-04-16,SYS_117,AST_AF2CD7F7,0.301484,0,0,60.0
INSP_D2125127,2027-04-16,SYS_142,AST_A42F6532,0.829157,0,0,60.0
INSP_B7EB6DCB,2027-04-16,SYS_149,AST_AB74CC0D,1.28564,1,1,60.0
INSP_16A2B9D9,2027-04-16,SYS_174,AST_4BB6A596,0.821069,0,0,60.0
INSP_A809015D,2027-04-17,SYS_005,AST_2355582B,0.620232,0,0,60.0
INSP_E97B2FD4,2027-04-17,SYS_045,AST_71683139,0.784845,0,0,60.0
INSP_B055556E,2027-04-17,SYS_101,AST_199E4ED5,0.840305,0,0,60.0
INSP_BEBB7594,2027-04-17,SYS_109,AST_36E83F9B,0.975864,1,0,60.0
INSP_EB408450,2027-04-17,SYS_132,AST_B471717C,1.199878,0,1,60.0
INSP_1A1C7E76,2027-04-17,SYS_162,AST_FA7C66DB,0.834719,0,0,60.0
INSP_DFA03E6A,2027-04-17,SYS_165,AST_849D44BE,1.0487,0,1,60.0
INSP_D1479934,2027-04-17,SYS_197,AST_C302525D,0.440599,0,0,60.0
INSP_C722D1AF,2027-04-18,SYS_004,AST_34B81456,1.25648,1,1,60.0
INSP_4B564881,2027-04-18,SYS_022,AST_3A3ABCBA,1.233411,1,1,60.0
INSP_EF0B305B,2027-04-18,SYS_038,AST_C09E7897,0.443323,0,0,60.0
INSP_25C2FEC2,2027-04-18,SYS_047,AST_BFCB2B08,0.648816,0,0,60.0
INSP_9DE21722,2027-04-18,SYS_072,AST_2677C73B,0.767202,0,0,60.0
INSP_89E74D8D,2027-04-18,SYS_083,AST_35C2C263,1.330318,1,1,60.0
INSP_366D2EF1,2027-04-18,SYS_111,AST_AA47D855,0.859167,0,0,60.0
INSP_BC31DDC6,2027-04-18,SYS_155,AST_EB9D2923,0.864425,1,0,60.0
INSP_9F29DC89,2027-04-18,SYS_157,AST_07151874,0.463178,0,0,60.0
INSP_CC5E4034,2027-04-19,SYS_030,AST_BC560A24,0.946099,1,0,60.0
INSP_FC8C6BB7,2027-04-19,SYS_082,AST_677BB75C,0.125463,0,0,60.0
INSP_26FB7E6F,2027-04-19,SYS_122,AST_0A8960BD,0.850507,0,0,60.0
INSP_2ECE7D2E,2027-04-19,SYS_150,AST_39BD878A,0.493935,0,0,60.0
INSP_FB03721E,2027-04-19,SYS_159,AST_3EE93CB8,0.452869,0,0,60.0
INSP_DBE83E5D,2027-04-19,SYS_176,AST_5DF61EE8,0.797178,0,0,60.0
INSP_A49DAAF4,2027-04-20,SYS_003,AST_792F8123,0.960372,0,0,60.0
INSP_44C5544F,2027-04-20,SYS_098,AST_336E36C7,0.496803,0,0,60.0
INSP_B1B1A547,2027-04-20,SYS_104,AST_34B52F7C,0.520693,0,0,60.0
INSP_7FD3E5DC,2027-04-21,SYS_154,AST_8779BF08,1.219619,0,1,60.0
INSP_D2968C8B,2027-04-21,SYS_188,AST_0D8C5A64,1.163413,1,1,60.0
INSP_6F27A349,2027-04-22,SYS_041,AST_5F735C82,0.669742,0,0,60.0
INSP_D9DDC020,2027-04-22,SYS_048,AST_B7D85950,0.936622,0,0,60.0
INSP_EAEA0EC0,2027-04-22,SYS_070,AST_EF1723A7,1.177298,1,1,60.0
INSP_EDCEFA64,2027-04-22,SYS_148,AST_0CAAF0CA,0.88969,0,0,60.0
INSP_7384FD67,2027-04-22,SYS_185,AST_A2B95F2A,1.412991,0,1,60.0
INSP_E8E07F4A,2027-04-22,SYS_195,AST_112DC772,0.981432,0,0,60.0
INSP_1621F52B,2027-04-23,SYS_000,AST_611BCAFE,0.684187,0,0,60.0
INSP_9E2F7FBA,2027-04-23,SYS_006,AST_01B706B3,0.943723,0,0,60.0
INSP_AB7224A0,2027-04-23,SYS_020,AST_A7767CC7,1.446969,1,1,60.0
INSP_1AFB543B,2027-04-23,SYS_028,AST_01BDCD63,0.870511,0,0,60.0
INSP_761AA724,2027-04-23,SYS_108,AST_8823CDE5,-0.027074,0,0,60.0
INSP_6114A88C,2027-04-23,SYS_144,AST_E96A36D9,1.54299,1,1,60.0
INSP_3D335C47,2027-04-23,SYS_152,AST_25E0634B,1.074766,1,1,60.0
INSP_CE9E1DD9,2027-04-23,SYS_163,AST_67436F82,1.618693,1,1,60.0
INSP_5B9E5A7C,2027-04-23,SYS_178,AST_FB8BAAE3,0.678197,0,0,60.0
INSP_D559CE53,2027-04-23,SYS_193,AST_B624BE5F,0.713438,0,0,60.0
INSP_15664CF9,2027-04-24,SYS_001,AST_5733BC75,0.856199,1,0,60.0
INSP_1FD74C29,2027-04-24,SYS_010,AST_BA1E579E,1.3773,0,1,60.0
INSP_810D7204,2027-04-24,SYS_013,AST_0D114CD8,1.017872,0,1,60.0
INSP_26E916DD,2027-04-24,SYS_064,AST_6BB62FDB,1.551334,1,1,60.0
INSP_A1FB29CB,2027-04-24,SYS_112,AST_72528000,1.177223,1,1,60.0
INSP_08C7C218,2027-04-24,SYS_114,AST_71208FE4,1.143511,1,1,60.0
INSP_D95EC1BA,2027-04-24,SYS_118,AST_CD01BE37,0.774033,0,0,60.0
INSP_1E99DFAC,2027-04-24,SYS_121,AST_57E427AB,1.276414,1,1,60.0
INSP_EF80A249,2027-04-24,SYS_137,AST_CC32FEC1,0.493338,0,0,60.0
INSP_67DBCB67,2027-04-24,SYS_139,AST_594EB63A,1.180703,1,1,60.0
INSP_5ADADE81,2027-04-24,SYS_179,AST_05AA0B71,0.968762,0,0,60.0
INSP_488A524D,2027-04-24,SYS_192,AST_D07C19AF,1.024978,0,1,60.0
INSP_A38F1AFB,2027-04-24,SYS_198,AST_1856384A,0.064705,0,0,60.0
INSP_C5FC3CA0,2027-04-25,SYS_021,AST_47CEED8F,1.109991,1,1,60.0
INSP_4C7AF04F,2027-04-25,SYS_051,AST_8936EA7E,0.544966,0,0,60.0
INSP_F953B09B,2027-04-25,SYS_052,AST_79A75A88,0.861198,0,0,60.0
INSP_43932ACE,2027-04-25,SYS_053,AST_1421CD29,0.926703,0,0,60.0
INSP_F8111188,2027-04-25,SYS_087,AST_CEA7BD4E,1.288035,1,1,60.0
INSP_8BE3CCFB,2027-04-25,SYS_090,AST_3E900085,0.810291,0,0,60.0
INSP_693BD369,2027-04-25,SYS_099,AST_2E2BCA5E,0.367336,0,0,60.0
INSP_4A17BE5A,2027-04-25,SYS_128,AST_D607EFBB,0.859629,0,0,60.0
INSP_73ED80EB,2027-04-25,SYS_136,AST_46F2626C,0.240075,0,0,60.0
INSP_F6C40B0B,2027-04-25,SYS_158,AST_72555574,0.974336,0,0,60.0
INSP_86B0F19D,2027-04-25,SYS_183,AST_3AC31DE4,0.914125,0,0,60.0
INSP_9BE87DD4,2027-04-26,SYS_011,AST_C95E4C36,1.745635,1,1,60.0
INSP_39F48768,2027-04-26,SYS_032,AST_9EA318AD,1.166683,0,1,60.0
INSP_23357D64,2027-04-26,SYS_049,AST_8B590081,0.690385,0,0,60.0
INSP_AA29FA07,2027-04-26,SYS_063,AST_36AFB794,0.356815,0,0,60.0
INSP_6736AFFA,2027-04-26,SYS_074,AST_005C2060,1.336566,1,1,60.0
INSP_4519F0E3,2027-04-26,SYS_080,AST_2CC51A78,0.667171,1,0,60.0
INSP_D9B06E8D,2027-04-26,SYS_092,AST_A654FA74,0.91707,0,0,60.0
INSP_1AE34E79,2027-04-26,SYS_103,AST_E421B8F7,0.659448,0,0,60.0
INSP_92182E56,2027-04-26,SYS_113,AST_C2D66558,0.795063,0,0,60.0
INSP_4175AA0C,2027-04-26,SYS_119,AST_82BD2C04,0.488533,0,0,60.0
INSP_514222F3,2027-04-26,SYS_138,AST_BDEBA9F4,0.988685,0,0,60.0
INSP_8D8D5E0D,2027-04-26,SYS_141,AST_C841EE03,0.956818,1,0,60.0
INSP_29F3FCBD,2027-04-26,SYS_170,AST_41E4C47D,0.214669,0,0,60.0
INSP_F82C5E7E,2027-04-27,SYS_027,AST_F62C7205,1.37483,1,1,60.0
INSP_9EA55253,2027-04-27,SYS_031,AST_9FC6C1DF,0.660033,0,0,60.0
INSP_ACB09191,2027-04-27,SYS_066,AST_F5795CF8,0.509535,0,0,60.0
INSP_1B0D4C31,2027-04-27,SYS_129,AST_B8F71FDD,0.390133,0,0,60.0
INSP_2BD505EC,2027-04-27,SYS_146,AST_1E893714,0.22407,0,0,60.0
INSP_DE04EBC1,2027-04-27,SYS_151,AST_1DB9A142,0.225791,0,0,60.0
INSP_397F3130,2027-04-27,SYS_187,AST_973CB783,0.658058,0,0,60.0
INSP_381749C8,2027-04-28,SYS_039,AST_0C2D90D2,0.860637,0,0,60.0
INSP_9C50C1C1,2027-04-28,SYS_055,AST_65BC7AF4,1.06921,1,1,60.0
INSP_76961AEE,2027-04-28,SYS_140,AST_82DF0E33,1.226049,1,1,60.0
INSP_D9DB3914,2027-04-29,SYS_086,AST_1F6FC1A0,0.829227,0,0,60.0
INSP_713970AD,2027-04-29,SYS_100,AST_46B9882F,0.284511,0,0,60.0
INSP_2601A830,2027-04-29,SYS_102,AST_D4717E02,0.908834,1,0,60.0
INSP_CE3A1C00,2027-04-29,SYS_107,AST_4ED453A3,1.42555,1,1,60.0
INSP_94C68195,2027-04-29,SYS_123,AST_745D2B0D,1.723591,1,1,60.0
INSP_1B1F5659,2027-04-29,SYS_135,AST_33AE7546,1.177053,1,1,60.0
INSP_A67D127B,2027-04-29,SYS_161,AST_D05D43D5,1.39737,1,1,60.0
INSP_5FF777BA,2027-04-29,SYS_175,AST_987787EC,0.969545,1,0,60.0
INSP_2B6700D3,2027-04-30,SYS_025,AST_E767A2E7,0.640116,0,0,60.0
INSP_D262AD87,2027-04-30,SYS_056,AST_9A03EA3C,1.001034,0,1,60.0
INSP_10BBC331,2027-04-30,SYS_067,AST_4F5BB5C0,0.980588,0,0,60.0
INSP_DA239900,2027-04-30,SYS_116,AST_AA3DF989,0.621772,0,0,60.0
INSP_081E2D69,2027-04-30,SYS_153,AST_416FD4D1,1.222597,1,1,60.0
INSP_F13A2E19,2027-04-30,SYS_156,AST_E775854F,0.861373,0,0,60.0
INSP_CAD7A9D1,2027-05-01,SYS_042,AST_85108019,0.724538,0,0,60.0
INSP_81D1743A,2027-05-01,SYS_065,AST_C0195FDC,1.028391,1,1,60.0
INSP_6FEF2FEC,2027-05-01,SYS_091,AST_FF3BACB3,0.606668,0,0,60.0
INSP_0CB9DCD0,2027-05-01,SYS_186,AST_5CB7885A,0.962351,0,0,60.0
INSP_717E5528,2027-05-02,SYS_071,AST_E62B116D,0.633898,0,0,60.0
INSP_0B915FE7,2027-05-02,SYS_133,AST_36645A9F,0.355118,0,0,60.0
INSP_FDB2CCDA,2027-05-02,SYS_177,AST_D268BF76,1.217043,1,1,60.0
INSP_6CC596FA,2027-05-03,SYS_023,AST_E2660384,0.859827,1,0,60.0
INSP_EAEFC4A9,2027-05-03,SYS_036,AST_201A44F7,1.319239,1,1,60.0
INSP_AC454F5D,2027-05-03,SYS_097,AST_78B2DAF5,0.459512,0,0,60.0
INSP_08083C92,2027-05-03,SYS_189,AST_3346BE51,0.194994,0,0,60.0
INSP_B650F44A,2027-05-03,SYS_190,AST_FDA57079,1.145355,1,1,60.0
INSP_210E539A,2027-05-04,SYS_007,AST_48BC3EF9,1.130713,0,1,60.0
INSP_6D82F124,2027-05-04,SYS_077,AST_71806DDB,0.560961,0,0,60.0
INSP_44309624,2027-05-04,SYS_084,AST_D1DA8606,0.75616,0,0,60.0
INSP_BB8FFA26,2027-05-04,SYS_095,AST_F7A145A0,1.458094,1,1,60.0
INSP_6563F926,2027-05-04,SYS_184,AST_F713DE74,1.14499,1,1,60.0
INSP_9660FD83,2027-05-05,SYS_008,AST_8CDA59B0,0.898946,0,0,60.0
INSP_408E7B3C,2027-05-05,SYS_060,AST_F0FDDB4C,1.041627,0,1,60.0
INSP_495D25C6,2027-05-05,SYS_096,AST_757A2281,1.546442,1,1,60.0
INSP_00431EE6,2027-05-05,SYS_124,AST_C6FED7CE,1.142648,0,1,60.0
INSP_62333652,2027-05-05,SYS_160,AST_16366C7F,1.448097,1,1,60.0
INSP_B8D16C38,2027-05-05,SYS_164,AST_79E11B35,0.564076,0,0,60.0
INSP_C38ACD79,2027-05-05,SYS_182,AST_99B17A89,1.005605,1,1,60.0
INSP_568B4ED8,2027-05-06,SYS_043,AST_11D07EA3,1.473143,1,1,60.0
INSP_748CB152,2027-05-06,SYS_073,AST_7072115A,0.899572,0,0,60.0
INSP_E4808CC9,2027-05-06,SYS_105,AST_7866AE54,0.937498,1,0,60.0
INSP_057D004F,2027-05-06,SYS_120,AST_8176A690,0.497936,0,0,60.0
INSP_7E5B5DBB,2027-05-06,SYS_127,AST_0BB6D2CA,1.157009,0,1,60.0
INSP_6371FD7F,2027-05-07,SYS_033,AST_78A40885,0.790377,0,0,60.0
INSP_4CC5E651,2027-05-07,SYS_059,AST_1F05FC1B,1.012255,1,1,60.0
INSP_C6DC41F1,2027-05-07,SYS_061,AST_A35FE079,0.824945,0,0,60.0
INSP_1A8CC13D,2027-05-07,SYS_115,AST_E485A485,0.840676,0,0,60.0
INSP_7C06758D,2027-05-07,SYS_134,AST_513E84BA,0.691838,0,0,60.0
INSP_7E4783AC,2027-05-07,SYS_169,AST_55F0F9F6,0.78808,0,0,60.0
INSP_D18542B2,2027-05-07,SYS_180,AST_ABEDAC5D,1.460958,1,1,60.0
INSP_676A8715,2027-05-08,SYS_009,AST_59AE948D,0.724833,0,0,60.0
INSP_D2F38D5C,2027-05-08,SYS_026,AST_B7959A5C,1.216631,1,1,60.0
INSP_58CB41BE,2027-05-08,SYS_045,AST_71683139,1.138874,1,1,60.0
INSP_CB7A2DF2,2027-05-08,SYS_088,AST_8881A08E,0.483689,0,0,60.0
INSP_95A2D376,2027-05-08,SYS_125,AST_3F4357D4,0.961851,1,0,60.0
INSP_1894F7A2,2027-05-09,SYS_068,AST_E6CD9897,0.98732,1,0,60.0
INSP_30E94723,2027-05-09,SYS_093,AST_5B1AF013,0.935031,0,0,60.0
INSP_D670A403,2027-05-09,SYS_131,AST_36C9F1A5,0.415284,0,0,60.0
INSP_C7D728EC,2027-05-10,SYS_002,AST_8C3021C3,0.557933,0,0,60.0
INSP_55B0ACB7,2027-05-10,SYS_012,AST_400DB418,1.014721,1,1,60.0
INSP_993D1007,2027-05-10,SYS_014,AST_C582AD53,1.220035,1,1,60.0
INSP_7867E131,2027-05-10,SYS_016,AST_75491F89,1.473497,1,1,60.0
INSP_BBD4DFF4,2027-05-10,SYS_130,AST_3A50A6C8,1.534172,1,1,60.0
INSP_2D49DD7A,2027-05-10,SYS_196,AST_83AEE438,1.004559,1,1,60.0
INSP_A91D47D6,2027-05-11,SYS_044,AST_24282EF9,0.965565,0,0,60.0
INSP_A15C2E40,2027-05-11,SYS_062,AST_E6F98CD6,0.984455,0,0,60.0
INSP_353AC884,2027-05-11,SYS_069,AST_2CCCF5B1,0.616739,0,0,60.0
INSP_DA78A0C5,2027-05-11,SYS_079,AST_D2724D76,1.220768,1,1,60.0
INSP_EC4CDA33,2027-05-11,SYS_081,AST_2559F2BC,1.629287,1,1,60.0
INSP_7CAF843F,2027-05-11,SYS_109,AST_36E83F9B,1.659773,1,1,60.0
INSP_69E26C4F,2027-05-11,SYS_162,AST_FA7C66DB,1.033891,1,1,60.0
INSP_62EF3934,2027-05-11,SYS_167,AST_05426636,0.346464,0,0,60.0
INSP_556A9F1A,2027-05-11,SYS_172,AST_ADEC264C,1.142394,1,1,60.0
INSP_5B4D7C3D,2027-05-11,SYS_173,AST_761AB970,1.121241,0,1,60.0
INSP_A00F6C0D,2027-05-11,SYS_181,AST_69222B18,1.408839,1,1,60.0
INSP_60603BE8,2027-05-12,SYS_018,AST_32331E58,0.139618,0,0,60.0
INSP_02F99AAB,2027-05-12,SYS_024,AST_360766DC,0.899261,1,0,60.0
INSP_600ADDCD,2027-05-12,SYS_058,AST_F3A498A9,1.164463,1,1,60.0
INSP_4A22262B,2027-05-12,SYS_078,AST_22724B56,0.774644,0,0,60.0
INSP_5901942E,2027-05-12,SYS_110,AST_FED5DCED,1.174572,1,1,60.0
INSP_CF32AD78,2027-05-12,SYS_143,AST_5AB29CA1,1.013293,0,1,60.0
INSP_450219E7,2027-05-12,SYS_199,AST_B4105540,0.832146,0,0,60.0
INSP_42894948,2027-05-13,SYS_015,AST_972033C2,0.47769,0,0,60.0
INSP_87D0A154,2027-05-13,SYS_034,AST_898B9A3E,1.324104,1,1,60.0
INSP_3A0C3B67,2027-05-13,SYS_054,AST_C88F0D7A,1.277961,1,1,60.0
INSP_D81BBD83,2027-05-13,SYS_057,AST_3D7F459C,0.485955,0,0,60.0
INSP_BB2974B3,2027-05-13,SYS_076,AST_F603957B,1.104878,0,1,60.0
INSP_71E3A714,2027-05-13,SYS_145,AST_FDBA2A0E,1.151402,0,1,60.0
INSP_50D76F4F,2027-05-13,SYS_166,AST_DA889646,0.633645,0,0,60.0
INSP_9695B9C5,2027-05-13,SYS_171,AST_27532D26,0.946727,0,0,60.0
INSP_0AFFC284,2027-05-13,SYS_176,AST_5DF61EE8,0.968047,0,0,60.0
INSP_A6A0F577,2027-05-14,SYS_003,AST_792F8123,1.390412,1,1,60.0
INSP_6ADAFF6F,2027-05-14,SYS_017,AST_75433D0E,1.15342,0,1,60.0
INSP_D4AA0CF2,2027-05-14,SYS_050,AST_F69AFC56,0.423924,0,0,60.0
INSP_C26DBB89,2027-05-14,SYS_082,AST_677BB75C,0.881183,0,0,60.0
INSP_A064E295,2027-05-14,SYS_083,AST_35C2C263,0.580581,0,0,60.0
INSP_9D65A99F,2027-05-14,SYS_194,AST_94955F5C,1.359787,1,1,60.0
INSP_7DF48A9E,2027-05-15,SYS_029,AST_72182962,1.645636,1,1,60.0
INSP_1C8AE99D,2027-05-15,SYS_075,AST_9F8C53BE,0.535403,0,0,60.0
INSP_D9B2B99A,2027-05-15,SYS_111,AST_AA47D855,1.182339,1,1,60.0
INSP_4B1E95FB,2027-05-15,SYS_126,AST_C9DE68BD,0.127642,0,0,60.0
INSP_10814E7B,2027-05-15,SYS_144,AST_E96A36D9,0.67966,0,0,60.0
INSP_5F717D63,2027-05-15,SYS_174,AST_4BB6A596,0.755909,0,0,60.0
INSP_9A4BAF07,2027-05-16,SYS_089,AST_F3FA3B59,0.965428,1,0,60.0
INSP_C71A6009,2027-05-16,SYS_155,AST_EB9D2923,1.504729,1,1,60.0
INSP_14F90C7A,2027-05-16,SYS_191,AST_28102D1A,0.772861,0,0,60.0
INSP_AF739A84,2027-05-17,SYS_035,AST_EC002B8E,1.070854,1,1,60.0
INSP_1E4BFADA,2027-05-17,SYS_038,AST_C09E7897,1.278851,0,1,60.0
INSP_53810174,2027-05-17,SYS_094,AST_DDF229A0,1.19685,1,1,60.0
INSP_E59C93FF,2027-05-17,SYS_142,AST_A42F6532,1.105342,1,1,60.0
INSP_B2F5BC86,2027-05-17,SYS_157,AST_07151874,1.026282,1,1,60.0
INSP_1667DB64,2027-05-18,SYS_011,AST_C95E4C36,0.749358,0,0,60.0
INSP_7540EBF1,2027-05-18,SYS_022,AST_3A3ABCBA,0.513074,0,0,60.0
INSP_0DB62749,2027-05-18,SYS_072,AST_2677C73B,0.840389,0,0,60.0
INSP_A3EA6CBC,2027-05-18,SYS_085,AST_BC13EB44,1.220558,1,1,60.0
INSP_BE47C4B8,2027-05-18,SYS_149,AST_AB74CC0D,0.36105,0,0,60.0
INSP_0862E8A8,2027-05-18,SYS_159,AST_3EE93CB8,0.526217,0,0,60.0
INSP_19CDCA4E,2027-05-18,SYS_168,AST_FB44B477,0.367741,0,0,60.0
INSP_347A8500,2027-05-19,SYS_019,AST_295F6162,1.10988,1,1,60.0
INSP_E8A81AB3,2027-05-19,SYS_028,AST_01BDCD63,1.050305,1,1,60.0
INSP_05126BF4,2027-05-19,SYS_092,AST_A654FA74,1.142021,1,1,60.0
INSP_BDB454F7,2027-05-19,SYS_147,AST_059BC199,0.991815,1,0,60.0
INSP_2AACD57D,2027-05-19,SYS_178,AST_FB8BAAE3,0.92319,0,0,60.0
INSP_E8B1A338,2027-05-20,SYS_037,AST_12C3D6E6,1.032899,0,1,60.0
INSP_0A95BDDD,2027-05-20,SYS_040,AST_D89EE066,0.545714,1,0,60.0
INSP_1DED8D20,2027-05-20,SYS_052,AST_79A75A88,0.960664,0,0,60.0
INSP_D9D4E490,2027-05-20,SYS_063,AST_36AFB794,1.07222,0,1,60.0
INSP_B46B1B0C,2027-05-20,SYS_101,AST_199E4ED5,1.29388,1,1,60.0
INSP_76815B5D,2027-05-20,SYS_117,AST_AF2CD7F7,0.741501,0,0,60.0
INSP_684C90DF,2027-05-20,SYS_128,AST_D607EFBB,1.337874,1,1,60.0
INSP_A329DAAC,2027-05-20,SYS_132,AST_B471717C,0.224315,0,0,60.0
INSP_14BDB52C,2027-05-20,SYS_136,AST_46F2626C,0.890781,0,0,60.0
INSP_3DE055F2,2027-05-20,SYS_154,AST_8779BF08,0.217446,0,0,60.0
INSP_1F8A2615,2027-05-20,SYS_163,AST_67436F82,0.950022,0,0,60.0
INSP_55BE63A2,2027-05-20,SYS_197,AST_C302525D,1.223366,0,1,60.0
INSP_EE3AAF86,2027-05-21,SYS_000,AST_611BCAFE,0.667886,0,0,60.0
INSP_3F451522,2027-05-21,SYS_001,AST_5733BC75,1.812773,1,1,60.0
INSP_4963EBFB,2027-05-21,SYS_005,AST_2355582B,0.895114,0,0,60.0
INSP_30783CF6,2027-05-21,SYS_006,AST_01B706B3,1.222928,1,1,60.0
INSP_79C8F6A3,2027-05-21,SYS_020,AST_A7767CC7,0.68568,0,0,60.0
INSP_C7A5C57D,2027-05-22,SYS_032,AST_9EA318AD,0.653184,0,0,60.0
INSP_85F76A0F,2027-05-22,SYS_046,AST_CA11BC6D,1.096957,0,1,60.0
INSP_BCAEE1A2,2027-05-22,SYS_048,AST_B7D85950,1.606647,1,1,60.0
INSP_D27F7699,2027-05-22,SYS_056,AST_9A03EA3C,0.628719,0,0,60.0
INSP_FAD83E6C,2027-05-22,SYS_148,AST_0CAAF0CA,1.266106,1,1,60.0
INSP_3B0E3D3C,2027-05-22,SYS_150,AST_39BD878A,0.595674,0,0,60.0
INSP_F2DCAA95,2027-05-22,SYS_151,AST_1DB9A142,0.366217,0,0,60.0
INSP_97B2D816,2027-05-22,SYS_156,AST_E775854F,0.575164,0,0,60.0
INSP_450F89BB,2027-05-22,SYS_188,AST_0D8C5A64,0.606518,0,0,60.0
INSP_DAA96C52,2027-05-23,SYS_013,AST_0D114CD8,0.562954,0,0,60.0
INSP_B786BE6D,2027-05-23,SYS_021,AST_47CEED8F,0.599393,0,0,60.0
INSP_290BBC7C,2027-05-23,SYS_030,AST_BC560A24,1.816674,1,1,60.0
INSP_E927550C,2027-05-23,SYS_047,AST_BFCB2B08,0.5068,0,0,60.0
INSP_646A40D3,2027-05-23,SYS_064,AST_6BB62FDB,0.802517,0,0,60.0
INSP_67C73960,2027-05-23,SYS_103,AST_E421B8F7,0.825592,0,0,60.0
INSP_5E03922D,2027-05-23,SYS_141,AST_C841EE03,1.306328,1,1,60.0
INSP_C5A61C4C,2027-05-23,SYS_170,AST_41E4C47D,0.99069,0,0,60.0
INSP_128C999D,2027-05-23,SYS_195,AST_112DC772,1.255872,1,1,60.0
INSP_DB081C2B,2027-05-24,SYS_070,AST_EF1723A7,0.869841,0,0,60.0
INSP_F0F7528C,2027-05-24,SYS_106,AST_2B28FACA,0.933962,0,0,60.0
INSP_D3E23119,2027-05-24,SYS_121,AST_57E427AB,0.687003,0,0,60.0
INSP_6648D9ED,2027-05-24,SYS_129,AST_B8F71FDD,1.243028,0,1,60.0
INSP_4EB38866,2027-05-24,SYS_187,AST_973CB783,1.270369,1,1,60.0
INSP_296BD6C4,2027-05-24,SYS_192,AST_D07C19AF,0.433513,0,0,60.0
INSP_0A67C511,2027-05-25,SYS_031,AST_9FC6C1DF,0.987203,0,0,60.0
INSP_27FA3265,2027-05-25,SYS_051,AST_8936EA7E,0.881362,0,0,60.0
INSP_06342891,2027-05-25,SYS_099,AST_2E2BCA5E,0.977225,1,0,60.0
INSP_2596E701,2027-05-25,SYS_108,AST_8823CDE5,1.19925,0,1,60.0
INSP_9BEC187D,2027-05-25,SYS_185,AST_A2B95F2A,0.369868,0,0,60.0
INSP_67079D09,2027-05-26,SYS_004,AST_34B81456,0.692722,0,0,60.0
INSP_7B6855A8,2027-05-26,SYS_087,AST_CEA7BD4E,1.179248,0,1,60.0
INSP_6964E1DD,2027-05-26,SYS_113,AST_C2D66558,0.204784,0,0,60.0
INSP_8B208D1D,2027-05-26,SYS_123,AST_81F81829,0.231795,0,0,60.0
INSP_D35BF3C4,2027-05-26,SYS_152,AST_25E0634B,0.975617,0,0,60.0
INSP_D0F39747,2027-05-26,SYS_161,AST_D05D43D5,0.611359,0,0,60.0
INSP_B885E351,2027-05-26,SYS_165,AST_849D44BE,0.504189,0,0,60.0
INSP_4C4338C3,2027-05-26,SYS_198,AST_1856384A,0.333444,0,0,60.0
INSP_CEFB96F8,2027-05-27,SYS_053,AST_1421CD29,1.049225,1,1,60.0
INSP_8914B10F,2027-05-27,SYS_179,AST_05AA0B71,1.184199,1,1,60.0
INSP_E3033951,2027-05-27,SYS_183,AST_3AC31DE4,1.135981,1,1,60.0
INSP_5F697238,2027-05-27,SYS_193,AST_B624BE5F,1.592103,1,1,60.0
INSP_3C78CE02,2027-05-28,SYS_041,AST_5F735C82,0.952481,1,0,60.0
INSP_979B2F09,2027-05-28,SYS_071,AST_E62B116D,1.302518,0,1,60.0
INSP_6EF1E424,2027-05-28,SYS_074,AST_005C2060,0.64267,0,0,60.0
INSP_17498A85,2027-05-28,SYS_080,AST_2CC51A78,1.864298,1,1,60.0
INSP_8CDAF5CA,2027-05-28,SYS_091,AST_FF3BACB3,0.610927,0,0,60.0
INSP_B99EDA3D,2027-05-28,SYS_097,AST_78B2DAF5,0.946026,0,0,60.0
INSP_20B11E9A,2027-05-28,SYS_139,AST_594EB63A,0.776326,0,0,60.0
INSP_5A78C061,2027-05-29,SYS_007,AST_48BC3EF9,0.380537,0,0,60.0
INSP_26F89566,2027-05-29,SYS_039,AST_0C2D90D2,1.117637,1,1,60.0
INSP_21B4BFD1,2027-05-29,SYS_049,AST_8B590081,0.892442,0,0,60.0
INSP_9A6C89A2,2027-05-29,SYS_055,AST_65BC7AF4,0.66324,0,0,60.0
INSP_D2461A38,2027-05-29,SYS_065,AST_C0195FDC,0.568657,0,0,60.0
INSP_6962299B,2027-05-29,SYS_098,AST_336E36C7,1.032695,1,1,60.0
INSP_0632AE48,2027-05-29,SYS_102,AST_D4717E02,1.495348,1,1,60.0
INSP_7D7E5BEB,2027-05-29,SYS_114,AST_71208FE4,0.600998,0,0,60.0
INSP_65F82312,2027-05-29,SYS_122,AST_A852979F,0.471119,0,0,60.0
INSP_7F16AB00,2027-05-29,SYS_138,AST_BDEBA9F4,0.970263,1,0,60.0
INSP_027AF7A7,2027-05-30,SYS_066,AST_F5795CF8,0.944007,1,0,60.0
INSP_FEF68E27,2027-05-30,SYS_067,AST_4F5BB5C0,1.287699,1,1,60.0
INSP_35F001F6,2027-05-30,SYS_090,AST_3E900085,1.070694,1,1,60.0
INSP_EE00D588,2027-05-30,SYS_140,AST_82DF0E33,1.038503,0,1,60.0
INSP_DC0D3FFB,2027-05-30,SYS_158,AST_72555574,1.174571,1,1,60.0
INSP_439E3351,2027-05-30,SYS_180,AST_ABEDAC5D,0.479108,0,0,60.0
INSP_7A5E70E5,2027-05-31,SYS_010,AST_BA1E579E,0.808753,0,0,60.0
INSP_FE45EE1D,2027-05-31,SYS_100,AST_46B9882F,0.366656,0,0,60.0
INSP_1FCCB303,2027-05-31,SYS_112,AST_72528000,0.791018,0,0,60.0
INSP_0A1680FC,2027-05-31,SYS_162,AST_FA7C66DB,0.700308,0,0,60.0
INSP_F563FBD3,2027-05-31,SYS_175,AST_987787EC,1.255154,1,1,60.0
INSP_669808AB,2027-06-01,SYS_060,AST_F0FDDB4C,0.353416,0,0,60.0
INSP_79187F97,2027-06-01,SYS_105,AST_7866AE54,1.251728,1,1,60.0
INSP_B5C91315,2027-06-01,SYS_107,AST_4ED453A3,0.648954,0,0,60.0
INSP_6C9596DA,2027-06-01,SYS_134,AST_513E84BA,0.962805,0,0,60.0
INSP_BF210EAD,2027-06-01,SYS_135,AST_33AE7546,0.339786,0,0,60.0
INSP_464E9AF4,2027-06-01,SYS_137,AST_CC32FEC1,1.109917,1,1,60.0
INSP_82B46B44,2027-06-01,SYS_189,AST_3346BE51,0.239639,0,0,60.0
INSP_C8AF4CAA,2027-06-02,SYS_116,AST_AA3DF989,0.979657,1,0,60.0
INSP_DA32F4A0,2027-06-02,SYS_146,AST_1E893714,0.377769,0,0,60.0
INSP_D2029DE1,2027-06-02,SYS_160,AST_1C7F68AF,0.381705,0,0,60.0
INSP_990D9349,2027-06-02,SYS_184,AST_F713DE74,0.411096,0,0,60.0
INSP_942F2842,2027-06-03,SYS_002,AST_8C3021C3,0.885524,1,0,60.0
INSP_F9DDD9FD,2027-06-03,SYS_009,AST_59AE948D,1.195797,0,1,60.0
INSP_0BE3F7C7,2027-06-03,SYS_043,AST_11D07EA3,0.895852,0,0,60.0
INSP_08045F94,2027-06-03,SYS_081,AST_445C2E7F,0.254697,0,0,60.0
INSP_B57A4547,2027-06-03,SYS_086,AST_1F6FC1A0,0.903738,1,0,60.0
INSP_0986C5B7,2027-06-03,SYS_118,AST_CD01BE37,0.828297,1,0,60.0
INSP_586D3C48,2027-06-03,SYS_120,AST_8176A690,1.058608,0,1,60.0
INSP_74E8CF1F,2027-06-03,SYS_133,AST_36645A9F,1.017228,1,1,60.0
INSP_842DA341,2027-06-03,SYS_153,AST_416FD4D1,1.026404,0,1,60.0
INSP_78C704A3,2027-06-03,SYS_177,AST_D268BF76,0.587211,0,0,60.0
INSP_8D53AFCF,2027-06-04,SYS_008,AST_8CDA59B0,1.113841,1,1,60.0
INSP_FB5BDD21,2027-06-04,SYS_016,AST_75491F89,0.495693,0,0,60.0
INSP_508EE346,2027-06-04,SYS_027,AST_F62C7205,0.25196,0,0,60.0
INSP_C85D0558,2027-06-04,SYS_033,AST_78A40885,1.411796,0,1,60.0
INSP_12071A77,2027-06-04,SYS_042,AST_85108019,0.962314,1,0,60.0
INSP_EB308FC5,2027-06-04,SYS_127,AST_0BB6D2CA,0.619875,0,0,60.0
INSP_58A81A07,2027-06-04,SYS_164,AST_79E11B35,1.34533,0,1,60.0
INSP_48603424,2027-06-04,SYS_182,AST_99B17A89,0.507345,0,0,60.0
INSP_14627040,2027-06-05,SYS_045,AST_71683139,0.324771,0,0,60.0
INSP_41E6A75C,2027-06-05,SYS_073,AST_7072115A,0.987452,1,0,60.0
INSP_6CF2B135,2027-06-05,SYS_083,AST_35C2C263,0.980497,0,0,60.0
INSP_D0A33880,2027-06-05,SYS_125,AST_3F4357D4,1.216894,1,1,60.0
INSP_E4CEB925,2027-06-05,SYS_181,AST_69222B18,0.298349,0,0,60.0
INSP_2857F36B,2027-06-05,SYS_190,AST_FDA57079,0.38032,0,0,60.0
INSP_2340ED3D,2027-06-06,SYS_023,AST_E2660384,1.404378,1,1,60.0
INSP_12391AB5,2027-06-06,SYS_093,AST_5B1AF013,0.74379,0,0,60.0
INSP_02EA7965,2027-06-06,SYS_096,AST_94F5E2F2,0.375218,0,0,60.0
INSP_94960F2D,2027-06-06,SYS_172,AST_ADEC264C,0.71355,0,0,60.0
INSP_337881B7,2027-06-06,SYS_174,AST_4BB6A596,0.68841,0,0,60.0
INSP_D0EEA8F4,2027-06-06,SYS_186,AST_5CB7885A,1.142025,1,1,60.0
INSP_B61D21A3,2027-06-06,SYS_196,AST_83AEE438,0.66365,0,0,60.0
INSP_2759FB61,2027-06-07,SYS_088,AST_8881A08E,0.85227,0,0,60.0
INSP_5C88654D,2027-06-07,SYS_109,AST_36E83F9B,0.641238,0,0,60.0
INSP_49879082,2027-06-07,SYS_111,AST_AA47D855,0.295295,0,0,60.0
INSP_2BFAD2AF,2027-06-07,SYS_115,AST_E485A485,0.865006,0,0,60.0
INSP_27A49932,2027-06-07,SYS_176,AST_5DF61EE8,0.839935,1,0,60.0
INSP_3C83BD59,2027-06-08,SYS_018,AST_32331E58,0.566336,0,0,60.0
INSP_5126D3D1,2027-06-08,SYS_025,AST_E767A2E7,1.534102,1,1,60.0
INSP_8BF344B2,2027-06-08,SYS_036,AST_201A44F7,0.682724,0,0,60.0
INSP_FD51200B,2027-06-08,SYS_044,AST_24282EF9,1.360076,1,1,60.0
INSP_B1DE189B,2027-06-08,SYS_068,AST_E6CD9897,1.682626,1,1,60.0
INSP_A286360A,2027-06-08,SYS_143,AST_5AB29CA1,0.25358,0,0,60.0
INSP_3518428A,2027-06-09,SYS_061,AST_A35FE079,1.177096,1,1,60.0
INSP_7DE64739,2027-06-09,SYS_077,AST_71806DDB,1.4008,1,1,60.0
INSP_5177F8FF,2027-06-09,SYS_078,AST_22724B56,1.226212,0,1,60.0
INSP_7E8AD84F,2027-06-09,SYS_167,AST_05426636,0.936232,0,0,60.0
INSP_B678EA25,2027-06-10,SYS_012,AST_400DB418,0.711836,0,0,60.0
INSP_ABF9DDFA,2027-06-10,SYS_017,AST_75433D0E,0.455008,0,0,60.0
INSP_1CD8713C,2027-06-10,SYS_026,AST_B7959A5C,0.900367,0,0,60.0
INSP_4062195F,2027-06-10,SYS_079,AST_D2724D76,0.146157,0,0,60.0
INSP_2737C01C,2027-06-10,SYS_084,AST_D1DA8606,0.529332,0,0,60.0
INSP_6F8AC88A,2027-06-10,SYS_124,AST_C6FED7CE,0.511236,0,0,60.0
INSP_1518B49C,2027-06-11,SYS_024,AST_360766DC,1.518531,1,1,60.0
INSP_1FE97230,2027-06-11,SYS_057,AST_3D7F459C,0.744455,0,0,60.0
INSP_5E1EAAAC,2027-06-11,SYS_069,AST_2CCCF5B1,0.795814,0,0,60.0
INSP_49332069,2027-06-11,SYS_075,AST_9F8C53BE,0.371394,0,0,60.0
INSP_BE6E35AF,2027-06-11,SYS_076,AST_F603957B,0.443152,0,0,60.0
INSP_A8ADA88E,2027-06-11,SYS_119,AST_47437ED7,0.412645,0,0,60.0
INSP_14387073,2027-06-11,SYS_130,AST_3A50A6C8,0.806763,0,0,60.0
INSP_18358895,2027-06-11,SYS_144,AST_E96A36D9,1.188597,0,1,60.0
INSP_C4110060,2027-06-12,SYS_014,AST_C582AD53,0.399147,0,0,60.0
INSP_71FE8BDF,2027-06-12,SYS_028,AST_01BDCD63,0.535271,0,0,60.0
INSP_33EDE477,2027-06-12,SYS_050,AST_F69AFC56,0.885932,0,0,60.0
INSP_D835CCB9,2027-06-12,SYS_059,AST_1F05FC1B,0.622543,0,0,60.0
INSP_7634DC77,2027-06-12,SYS_095,AST_F7A145A0,1.05362,0,1,60.0
INSP_B1B44162,2027-06-13,SYS_003,AST_792F8123,0.296213,0,0,60.0
INSP_028BDE0B,2027-06-13,SYS_038,AST_C09E7897,0.280029,0,0,60.0
INSP_42532AA6,2027-06-13,SYS_062,AST_E6F98CD6,1.163692,1,1,60.0
INSP_5E26CA27,2027-06-13,SYS_145,AST_FDBA2A0E,0.660372,0,0,60.0
INSP_F6ECBBE1,2027-06-13,SYS_150,AST_39BD878A,0.689883,0,0,60.0
INSP_F22047E6,2027-06-13,SYS_154,AST_8779BF08,1.033369,0,1,60.0
INSP_E0715FCF,2027-06-13,SYS_166,AST_DA889646,1.129843,0,1,60.0
INSP_4C6C6395,2027-06-13,SYS_169,AST_55F0F9F6,1.146033,0,1,60.0
INSP_012FB671,2027-06-13,SYS_173,AST_761AB970,0.784679,0,0,60.0
INSP_74870882,2027-06-13,SYS_199,AST_B4105540,0.734036,1,0,60.0
INSP_1526F5B0,2027-06-14,SYS_011,AST_C95E4C36,0.668318,0,0,60.0
INSP_E6FC9DFC,2027-06-14,SYS_037,AST_12C3D6E6,0.372845,0,0,60.0
INSP_A93FBB38,2027-06-14,SYS_052,AST_79A75A88,1.162769,1,1,60.0
INSP_0EB6124F,2027-06-14,SYS_058,AST_F3A498A9,0.443251,0,0,60.0
INSP_0CAE444A,2027-06-14,SYS_082,AST_677BB75C,0.805965,1,0,60.0
INSP_43479155,2027-06-14,SYS_094,AST_DDF229A0,1.027094,0,1,60.0
INSP_63F291B8,2027-06-14,SYS_126,AST_C9DE68BD,0.482246,0,0,60.0
INSP_238E3020,2027-06-14,SYS_131,AST_36C9F1A5,0.535025,0,0,60.0
INSP_E43D34B1,2027-06-14,SYS_142,AST_A42F6532,0.692477,0,0,60.0
INSP_D8DA8C6A,2027-06-15,SYS_054,AST_C88F0D7A,0.455478,0,0,60.0
INSP_142E2937,2027-06-15,SYS_159,AST_3EE93CB8,0.941217,0,0,60.0
INSP_8B8FD8A6,2027-06-15,SYS_178,AST_FB8BAAE3,1.159168,1,1,60.0
INSP_997F8145,2027-06-16,SYS_015,AST_972033C2,1.130364,0,1,60.0
INSP_7C1FFE76,2027-06-16,SYS_034,AST_898B9A3E,0.669678,0,0,60.0
INSP_369AC75A,2027-06-16,SYS_110,AST_FED5DCED,0.488845,0,0,60.0
INSP_EA160B85,2027-06-16,SYS_148,AST_0CAAF0CA,0.787654,0,0,60.0
INSP_AB058E3B,2027-06-16,SYS_194,AST_94955F5C,0.639693,0,0,60.0
INSP_35F646C4,2027-06-17,SYS_000,AST_611BCAFE,0.973025,1,0,60.0
INSP_65C2205A,2027-06-17,SYS_029,AST_72182962,0.783401,0,0,60.0
INSP_2F6D3F1C,2027-06-17,SYS_032,AST_9EA318AD,0.750092,0,0,60.0
INSP_D6EE8035,2027-06-17,SYS_048,AST_B7D85950,0.661693,0,0,60.0
INSP_3D6D9264,2027-06-17,SYS_063,AST_36AFB794,0.357049,0,0,60.0
INSP_69249A13,2027-06-17,SYS_085,AST_BC13EB44,0.338749,0,0,60.0
INSP_F074A21B,2027-06-17,SYS_089,AST_F3FA3B59,1.348686,1,1,60.0
INSP_CDC0C4B0,2027-06-17,SYS_101,AST_199E4ED5,0.810508,0,0,60.0
INSP_C9C7065F,2027-06-17,SYS_157,AST_07151874,0.60371,0,0,60.0
INSP_DA82F461,2027-06-17,SYS_197,AST_C302525D,0.573468,0,0,60.0
INSP_E6454543,2027-06-18,SYS_005,AST_2355582B,1.619606,1,1,60.0
INSP_D632BB1C,2027-06-18,SYS_035,AST_EC002B8E,0.5409,0,0,60.0
INSP_B813D710,2027-06-18,SYS_056,AST_9A03EA3C,0.477586,0,0,60.0
INSP_8431E3CD,2027-06-18,SYS_147,AST_059BC199,1.376774,1,1,60.0
INSP_BE1BE2A9,2027-06-18,SYS_149,AST_AB74CC0D,0.748099,0,0,60.0
INSP_B2804D58,2027-06-19,SYS_019,AST_295F6162,0.687125,0,0,60.0
INSP_BDE648FB,2027-06-19,SYS_072,AST_2677C73B,1.342382,1,1,60.0
INSP_6FD27301,2027-06-19,SYS_117,AST_AF2CD7F7,0.847239,0,0,60.0
INSP_830156B1,2027-06-19,SYS_136,AST_46F2626C,1.203847,1,1,60.0
INSP_F1F60C18,2027-06-20,SYS_141,AST_C841EE03,0.799958,0,0,60.0
INSP_CA8A2CE5,2027-06-20,SYS_156,AST_E775854F,1.238999,0,1,60.0
INSP_9F8447EB,2027-06-21,SYS_001,AST_4062C732,0.327592,0,0,60.0
INSP_F379D3D8,2027-06-21,SYS_013,AST_0D114CD8,1.117011,0,1,60.0
INSP_3DB6CC63,2027-06-21,SYS_020,AST_A7767CC7,0.662764,1,0,60.0
INSP_D12CAFC9,2027-06-21,SYS_040,AST_D89EE066,1.480618,1,1,60.0
INSP_1A2809C9,2027-06-21,SYS_047,AST_BFCB2B08,0.899642,1,0,60.0
INSP_B5AE4910,2027-06-21,SYS_163,AST_67436F82,0.910601,1,0,60.0
INSP_D1D16BE4,2027-06-21,SYS_179,AST_05AA0B71,0.674427,0,0,60.0
INSP_BBC1FA92,2027-06-21,SYS_193,AST_B624BE5F,0.732023,0,0,60.0
INSP_576F266F,2027-06-22,SYS_046,AST_CA11BC6D,0.814109,0,0,60.0
INSP_EFD11F2A,2027-06-22,SYS_067,AST_4F5BB5C0,0.743554,0,0,60.0
INSP_8D702289,2027-06-22,SYS_074,AST_005C2060,1.080762,0,1,60.0
INSP_6693CAE4,2027-06-22,SYS_092,AST_A654FA74,0.477964,0,0,60.0
INSP_076DBC69,2027-06-22,SYS_108,AST_8823CDE5,0.807514,0,0,60.0
INSP_18895017,2027-06-22,SYS_129,AST_B8F71FDD,0.826214,0,0,60.0
INSP_0B835799,2027-06-22,SYS_151,AST_1DB9A142,0.50859,0,0,60.0
INSP_995750AF,2027-06-22,SYS_155,AST_EB9D2923,0.980652,0,0,60.0
INSP_E5092A84,2027-06-22,SYS_170,AST_41E4C47D,0.963817,1,0,60.0
INSP_673805B1,2027-06-22,SYS_188,AST_0D8C5A64,1.188416,1,1,60.0
INSP_D2247695,2027-06-22,SYS_191,AST_28102D1A,1.271184,1,1,60.0
INSP_2471B86E,2027-06-23,SYS_087,AST_CEA7BD4E,0.432006,0,0,60.0
INSP_22ACDD9F,2027-06-23,SYS_099,AST_2E2BCA5E,1.519522,1,1,60.0
INSP_6E2FAA3A,2027-06-23,SYS_104,AST_067D11C4,0.223633,0,0,60.0
INSP_33259B19,2027-06-23,SYS_168,AST_FB44B477,0.583129,1,0,60.0
INSP_C4080EF4,2027-06-24,SYS_021,AST_47CEED8F,1.073012,1,1,60.0
INSP_F0D1BDA9,2027-06-24,SYS_128,AST_D607EFBB,0.756186,0,0,60.0
INSP_FA08B564,2027-06-24,SYS_132,AST_B471717C,0.851039,0,0,60.0
INSP_906CC4B4,2027-06-24,SYS_161,AST_D05D43D5,1.427574,0,1,60.0
INSP_8CC44344,2027-06-24,SYS_185,AST_A2B95F2A,0.756965,1,0,60.0
INSP_DFF1DD30,2027-06-25,SYS_006,AST_01B706B3,0.756355,0,0,60.0
INSP_3355AE02,2027-06-25,SYS_022,AST_3A3ABCBA,0.742543,0,0,60.0
INSP_A0CC7319,2027-06-25,SYS_121,AST_57E427AB,0.842893,1,0,60.0
INSP_E545DE0D,2027-06-25,SYS_137,AST_CC32FEC1,0.680016,0,0,60.0
INSP_F11FDC51,2027-06-25,SYS_152,AST_25E0634B,1.248653,1,1,60.0
INSP_1D1D71E2,2027-06-26,SYS_051,AST_8936EA7E,1.563024,1,1,60.0
INSP_AEFFB833,2027-06-26,SYS_064,AST_6BB62FDB,1.173407,1,1,60.0
INSP_100620DB,2027-06-26,SYS_081,AST_445C2E7F,0.41781,0,0,60.0
INSP_F095369E,2027-06-26,SYS_123,AST_81F81829,0.329812,0,0,60.0
INSP_62117232,2027-06-26,SYS_160,AST_1C7F68AF,0.29841,0,0,60.0
INSP_EFF11164,2027-06-26,SYS_187,AST_973CB783,0.124172,0,0,60.0
INSP_0874F9CF,2027-06-27,SYS_030,AST_963E7AC3,0.630447,0,0,60.0
INSP_63CC463B,2027-06-27,SYS_031,AST_9FC6C1DF,1.44119,1,1,60.0
INSP_E36AEC3D,2027-06-27,SYS_065,AST_C0195FDC,1.009252,0,1,60.0
INSP_FEA0A9A9,2027-06-27,SYS_070,AST_EF1723A7,1.261689,1,1,60.0
INSP_86F5091B,2027-06-27,SYS_122,AST_A852979F,0.683634,0,0,60.0
INSP_18CB28A0,2027-06-27,SYS_192,AST_D07C19AF,1.060169,0,1,60.0
INSP_A6642779,2027-06-27,SYS_195,AST_112DC772,0.802902,0,0,60.0
INSP_0543FB90,2027-06-28,SYS_007,AST_48BC3EF9,0.878713,0,0,60.0
INSP_F2F0D944,2027-06-28,SYS_033,AST_78A40885,0.924821,0,0,60.0
INSP_BD45137E,2027-06-28,SYS_041,AST_5F735C82,1.106783,1,1,60.0
INSP_E1A3600D,2027-06-28,SYS_060,AST_F0FDDB4C,1.048406,0,1,60.0
INSP_75870C23,2027-06-28,SYS_134,AST_513E84BA,1.102421,1,1,60.0
INSP_6E6CDDB8,2027-06-28,SYS_172,AST_ADEC264C,0.907095,0,0,60.0
INSP_C2C5F766,2027-06-28,SYS_180,AST_ABEDAC5D,1.327204,0,1,60.0
INSP_C2FEDCA3,2027-06-29,SYS_053,AST_1421CD29,1.06756,0,1,60.0
INSP_C4D4983C,2027-06-29,SYS_103,AST_E421B8F7,1.593677,1,1,60.0
INSP_88F4D8CF,2027-06-29,SYS_120,AST_8176A690,0.647872,0,0,60.0
INSP_1F6FF1CF,2027-06-29,SYS_139,AST_594EB63A,1.476631,1,1,60.0
INSP_F3E60B25,2027-06-29,SYS_140,AST_82DF0E33,0.315788,0,0,60.0
INSP_7D0A932B,2027-06-29,SYS_167,AST_05426636,1.188443,0,1,60.0
INSP_7E0BA991,2027-06-29,SYS_184,AST_F713DE74,0.910778,0,0,60.0
INSP_4AB974CF,2027-06-30,SYS_008,AST_8CDA59B0,0.717791,0,0,60.0
INSP_D158C322,2027-06-30,SYS_055,AST_65BC7AF4,1.012304,0,1,60.0
INSP_98FEC911,2027-06-30,SYS_077,AST_71806DDB,0.625883,0,0,60.0
INSP_AFE3BA22,2027-06-30,SYS_113,AST_C2D66558,0.625199,0,0,60.0
INSP_B1E08262,2027-06-30,SYS_116,AST_AA3DF989,1.327537,1,1,60.0
INSP_FC3EEA12,2027-06-30,SYS_153,AST_416FD4D1,0.471737,0,0,60.0
INSP_17AA161D,2027-06-30,SYS_162,AST_FA7C66DB,0.629,0,0,60.0
INSP_0229389F,2027-06-30,SYS_164,AST_79E11B35,0.421098,0,0,60.0
INSP_F70851D1,2027-06-30,SYS_165,AST_849D44BE,1.430113,1,1,60.0
INSP_F0B4B655,2027-06-30,SYS_175,AST_987787EC,0.911721,0,0,60.0
INSP_AED2A6EE,2027-06-30,SYS_198,AST_1856384A,0.591642,0,0,60.0
INSP_6F62DF22,2027-07-01,SYS_016,AST_75491F89,0.950449,0,0,60.0
INSP_2F98D553,2027-07-01,SYS_039,AST_0C2D90D2,0.74267,0,0,60.0
INSP_0FB63C02,2027-07-01,SYS_066,AST_F5795CF8,1.300992,1,1,60.0
INSP_7FF4FC8A,2027-07-01,SYS_097,AST_78B2DAF5,1.318912,1,1,60.0
INSP_EC8387C2,2027-07-01,SYS_102,AST_D4717E02,0.670086,0,0,60.0
INSP_6C6C1B46,2027-07-01,SYS_112,AST_72528000,1.474648,1,1,60.0
INSP_D4B124F1,2027-07-01,SYS_171,AST_5A3839A3,0.425999,0,0,60.0
INSP_5A995906,2027-07-01,SYS_182,AST_99B17A89,0.823724,0,0,60.0
INSP_530BEE0A,2027-07-01,SYS_183,AST_3AC31DE4,0.633553,0,0,60.0
INSP_9425E77B,2027-07-01,SYS_186,AST_5CB7885A,0.432741,0,0,60.0
INSP_93A57147,2027-07-02,SYS_002,AST_8C3021C3,1.242576,1,1,60.0
INSP_7235CE98,2027-07-02,SYS_004,AST_34B81456,1.024519,1,1,60.0
INSP_7F606138,2027-07-02,SYS_010,AST_BA1E579E,0.851269,1,0,60.0
INSP_998AFC81,2027-07-02,SYS_068,AST_B504AAFE,0.314958,0,0,60.0
INSP_02E0B340,2027-07-02,SYS_071,AST_E62B116D,0.56219,0,0,60.0
INSP_E1FF1148,2027-07-02,SYS_105,AST_7866AE54,0.703308,0,0,60.0
INSP_A891693C,2027-07-02,SYS_106,AST_2B28FACA,1.314444,1,1,60.0
INSP_77C4D78D,2027-07-02,SYS_118,AST_CD01BE37,1.537106,1,1,60.0
INSP_35A7A21B,2027-07-02,SYS_135,AST_33AE7546,1.435786,1,1,60.0
INSP_E49E0828,2027-07-02,SYS_138,AST_BDEBA9F4,1.564254,1,1,60.0
INSP_22F48C6E,2027-07-02,SYS_158,AST_72555574,0.612404,0,0,60.0
INSP_611EC27A,2027-07-02,SYS_196,AST_83AEE438,0.765039,1,0,60.0
INSP_2C6A4045,2027-07-03,SYS_043,AST_11D07EA3,1.111668,1,1,60.0
INSP_DD2C2CF0,2027-07-03,SYS_049,AST_8B590081,1.304709,1,1,60.0
INSP_5A1AA1F8,2027-07-03,SYS_091,AST_FF3BACB3,0.825115,1,0,60.0
INSP_34B5AB63,2027-07-03,SYS_190,AST_FDA57079,0.912481,0,0,60.0
INSP_DF16AEC0,2027-07-04,SYS_018,AST_32331E58,0.901268,0,0,60.0
INSP_69693EC5,2027-07-04,SYS_098,AST_336E36C7,0.794252,0,0,60.0
INSP_E2041D9E,2027-07-04,SYS_100,AST_46B9882F,0.786516,0,0,60.0
INSP_841CB029,2027-07-04,SYS_107,AST_4ED453A3,1.074232,1,1,60.0
INSP_72B9595C,2027-07-04,SYS_125,AST_3F4357D4,0.649456,0,0,60.0
INSP_EB7A846F,2027-07-04,SYS_177,AST_D268BF76,1.090085,1,1,60.0
INSP_4E238447,2027-07-05,SYS_025,AST_E767A2E7,0.68529,0,0,60.0
INSP_9CB99C4A,2027-07-05,SYS_026,AST_B7959A5C,0.782965,0,0,60.0
INSP_8C5B0B81,2027-07-05,SYS_027,AST_F62C7205,0.947551,1,0,60.0
INSP_F85465D6,2027-07-05,SYS_034,AST_898B9A3E,0.772922,0,0,60.0
INSP_0E8A7CD3,2027-07-05,SYS_058,AST_F3A498A9,1.021931,0,1,60.0
INSP_A1B72EB0,2027-07-05,SYS_080,AST_9613CDC6,0.373689,0,0,60.0
INSP_FE468F63,2027-07-05,SYS_096,AST_94F5E2F2,0.33432,0,0,60.0
INSP_CD999B62,2027-07-05,SYS_133,AST_36645A9F,0.878284,0,0,60.0
INSP_CE027CAA,2027-07-05,SYS_146,AST_1E893714,0.898137,0,0,60.0
INSP_A34B4E49,2027-07-05,SYS_189,AST_3346BE51,0.794248,0,0,60.0
INSP_6DAAD312,2027-07-06,SYS_023,AST_E2660384,0.684664,0,0,60.0
INSP_BC44D81F,2027-07-06,SYS_042,AST_85108019,1.611706,1,1,60.0
INSP_7387AD99,2027-07-06,SYS_045,AST_71683139,0.959098,1,0,60.0
INSP_BCC57093,2027-07-06,SYS_075,AST_9F8C53BE,0.943357,1,0,60.0
INSP_17C34A19,2027-07-06,SYS_083,AST_35C2C263,1.34248,1,1,60.0
INSP_3FDC69C6,2027-07-06,SYS_174,AST_4BB6A596,1.205309,1,1,60.0
INSP_FB201B53,2027-07-06,SYS_181,AST_69222B18,1.158215,1,1,60.0
INSP_D543A813,2027-07-07,SYS_012,AST_400DB418,1.175867,0,1,60.0
INSP_16161119,2027-07-07,SYS_076,AST_F603957B,1.007306,0,1,60.0
INSP_937F70D4,2027-07-07,SYS_088,AST_8881A08E,1.313078,1,1,60.0
INSP_AE8FE04A,2027-07-07,SYS_093,AST_5B1AF013,1.320962,1,1,60.0
INSP_22ADEC33,2027-07-07,SYS_114,AST_71208FE4,1.207858,1,1,60.0
INSP_AF7FFA30,2027-07-08,SYS_009,AST_59AE948D,0.478143,0,0,60.0
INSP_272771A8,2027-07-08,SYS_095,AST_F7A145A0,0.748609,0,0,60.0
INSP_4C399291,2027-07-08,SYS_115,AST_E485A485,1.3374,1,1,60.0
INSP_D20487F7,2027-07-08,SYS_145,AST_FDBA2A0E,1.050538,0,1,60.0
INSP_07D99ED8,2027-07-08,SYS_176,AST_5DF61EE8,1.570419,1,1,60.0
INSP_214C3354,2027-07-09,SYS_024,AST_360766DC,0.683471,0,0,60.0
INSP_5B9C968A,2027-07-09,SYS_078,AST_22724B56,0.736628,0,0,60.0
INSP_50A936F8,2027-07-09,SYS_086,AST_1F6FC1A0,1.436577,1,1,60.0
INSP_A09D9EF1,2027-07-09,SYS_109,AST_36E83F9B,1.194658,0,1,60.0
INSP_4994EE20,2027-07-09,SYS_124,AST_C6FED7CE,1.064341,1,1,60.0
INSP_5DCC9972,2027-07-09,SYS_127,AST_0BB6D2CA,1.109704,0,1,60.0
INSP_6CC3B8BB,2027-07-09,SYS_131,AST_36C9F1A5,0.767303,0,0,60.0
INSP_0EDDD58E,2027-07-09,SYS_166,AST_DA889646,0.163047,0,0,60.0
INSP_32745592,2027-07-09,SYS_173,AST_761AB970,0.809542,0,0,60.0
INSP_97143F43,2027-07-09,SYS_199,AST_B4105540,1.371906,1,1,60.0
INSP_0F541506,2027-07-10,SYS_014,AST_C582AD53,1.015495,1,1,60.0
INSP_EF663B42,2027-07-10,SYS_017,AST_2A4F6B42,0.506907,0,0,60.0
INSP_CF6CC599,2027-07-10,SYS_061,AST_A35FE079,0.368938,0,0,60.0
INSP_982B2A16,2027-07-10,SYS_073,AST_7072115A,1.733184,1,1,60.0
INSP_10F1EE03,2027-07-10,SYS_082,AST_677BB75C,1.712467,1,1,60.0
INSP_4DA40650,2027-07-10,SYS_090,AST_3E900085,0.568924,0,0,60.0
INSP_DD29978B,2027-07-10,SYS_197,AST_C302525D,0.682001,0,0,60.0
INSP_475D0825,2027-07-11,SYS_054,AST_C88F0D7A,0.979093,0,0,60.0
INSP_2C7D4BDF,2027-07-11,SYS_059,AST_1F05FC1B,1.251615,0,1,60.0
INSP_BDA76D1E,2027-07-11,SYS_085,AST_BC13EB44,0.877063,0,0,60.0
INSP_107B27A0,2027-07-11,SYS_126,AST_C9DE68BD,1.073518,0,1,60.0
INSP_925DFC6D,2027-07-12,SYS_028,AST_01BDCD63,1.027507,0,1,60.0
INSP_629B8E16,2027-07-12,SYS_037,AST_12C3D6E6,1.096056,0,1,60.0
INSP_E6941A58,2027-07-12,SYS_050,AST_F69AFC56,1.065736,1,1,60.0
INSP_A5754D31,2027-07-12,SYS_056,AST_9A03EA3C,0.542895,0,0,60.0
INSP_F0415608,2027-07-12,SYS_057,AST_3D7F459C,1.019961,1,1,60.0
INSP_FB24A6A6,2027-07-12,SYS_062,AST_E6F98CD6,0.621055,0,0,60.0
INSP_A605CEA8,2027-07-12,SYS_079,AST_D2724D76,0.635546,0,0,60.0
INSP_45AC55DF,2027-07-12,SYS_130,AST_3A50A6C8,1.052538,1,1,60.0
INSP_F5ACB2DE,2027-07-13,SYS_036,AST_201A44F7,1.013079,1,1,60.0
INSP_13E91B93,2027-07-13,SYS_063,AST_36AFB794,0.892781,0,0,60.0
INSP_259609E5,2027-07-13,SYS_111,AST_AA47D855,0.773849,0,0,60.0
INSP_420D9DD7,2027-07-13,SYS_169,AST_55F0F9F6,0.707473,0,0,60.0
INSP_35FAA58C,2027-07-14,SYS_003,AST_792F8123,1.28868,0,1,60.0
INSP_3A6D4492,2027-07-14,SYS_035,AST_EC002B8E,0.918244,1,0,60.0
INSP_6E10F850,2027-07-14,SYS_038,AST_C09E7897,1.037634,0,1,60.0
INSP_B4A47FE0,2027-07-14,SYS_044,AST_24282EF9,0.674046,0,0,60.0
INSP_CBDA9F60,2027-07-14,SYS_119,AST_47437ED7,0.520674,0,0,60.0
INSP_AFC6C59A,2027-07-14,SYS_170,AST_41E4C47D,1.270291,1,1,60.0
INSP_7CD093A4,2027-07-15,SYS_005,AST_2355582B,0.461779,0,0,60.0
INSP_1AB9AAED,2027-07-15,SYS_015,AST_972033C2,0.682859,0,0,60.0
INSP_64723098,2027-07-15,SYS_020,AST_A7767CC7,0.897306,1,0,60.0
INSP_885B8035,2027-07-15,SYS_048,AST_B7D85950,1.206733,1,1,60.0
INSP_14EE2B5F,2027-07-15,SYS_084,AST_D1DA8606,1.252935,1,1,60.0
INSP_32947115,2027-07-15,SYS_087,AST_CEA7BD4E,0.781352,0,0,60.0
INSP_C0EFF8C9,2027-07-16,SYS_069,AST_2CCCF5B1,0.92314,1,0,60.0
INSP_EBC7374E,2027-07-16,SYS_136,AST_46F2626C,0.531233,0,0,60.0
INSP_871D6432,2027-07-16,SYS_144,AST_E96A36D9,0.981014,0,0,60.0
INSP_50902625,2027-07-16,SYS_157,AST_07151874,1.076295,1,1,60.0
INSP_7783E209,2027-07-16,SYS_178,AST_FB8BAAE3,0.362466,0,0,60.0
INSP_10503B83,2027-07-16,SYS_193,AST_B624BE5F,0.753936,0,0,60.0
INSP_05D44633,2027-07-17,SYS_001,AST_4062C732,0.437497,0,0,60.0
INSP_F3CFDA87,2027-07-17,SYS_072,AST_2677C73B,0.760287,0,0,60.0
INSP_53331BAE,2027-07-17,SYS_089,AST_F3FA3B59,0.600473,0,0,60.0
INSP_DCFB279F,2027-07-17,SYS_110,AST_FED5DCED,1.165249,1,1,60.0
INSP_93AE818B,2027-07-17,SYS_123,AST_81F81829,0.554392,0,0,60.0
INSP_C1060C8A,2027-07-17,SYS_150,AST_39BD878A,0.406694,0,0,60.0
INSP_F8933E38,2027-07-17,SYS_154,AST_8779BF08,0.785056,0,0,60.0
INSP_2E2351EB,2027-07-17,SYS_179,AST_05AA0B71,0.794159,0,0,60.0
INSP_5DB3A170,2027-07-18,SYS_006,AST_01B706B3,1.07125,1,1,60.0
INSP_E625CB60,2027-07-18,SYS_142,AST_A42F6532,1.363868,1,1,60.0
INSP_586E90F5,2027-07-18,SYS_147,AST_059BC199,0.718235,0,0,60.0
INSP_C1123EEE,2027-07-19,SYS_040,AST_D89EE066,0.369554,0,0,60.0
INSP_D016C92A,2027-07-19,SYS_074,AST_005C2060,0.761486,0,0,60.0
INSP_FFA56E30,2027-07-19,SYS_099,AST_2E2BCA5E,0.567625,0,0,60.0
INSP_21FAD2BA,2027-07-19,SYS_148,AST_0CAAF0CA,0.715199,0,0,60.0
INSP_BC675D72,2027-07-19,SYS_149,AST_AB74CC0D,1.620399,1,1,60.0
INSP_DFC10791,2027-07-19,SYS_194,AST_94955F5C,0.943323,0,0,60.0
INSP_673F0BC6,2027-07-20,SYS_011,AST_C95E4C36,1.430741,1,1,60.0
INSP_8A7B8541,2027-07-20,SYS_019,AST_295F6162,1.230245,1,1,60.0
INSP_E0274B7A,2027-07-20,SYS_141,AST_C841EE03,1.023698,0,1,60.0
INSP_A57737DD,2027-07-20,SYS_143,AST_5AB29CA1,1.309294,0,1,60.0
INSP_FB7D61D2,2027-07-20,SYS_187,AST_973CB783,0.824686,0,0,60.0
INSP_9D11CE38,2027-07-21,SYS_000,AST_611BCAFE,1.661348,1,1,60.0
INSP_0C0EC34C,2027-07-21,SYS_052,AST_79A75A88,0.598051,0,0,60.0
INSP_519E461D,2027-07-21,SYS_094,AST_DDF229A0,0.498455,0,0,60.0
INSP_0D2BC3ED,2027-07-21,SYS_117,AST_AF2CD7F7,1.160273,1,1,60.0
INSP_395233A9,2027-07-21,SYS_152,AST_25E0634B,0.016959,0,0,60.0
INSP_9709BD9B,2027-07-21,SYS_156,AST_E775854F,0.58312,0,0,60.0
INSP_8371C292,2027-07-21,SYS_188,AST_0D8C5A64,0.80064,0,0,60.0
INSP_F95A47A8,2027-07-22,SYS_101,AST_199E4ED5,0.961716,1,0,60.0
INSP_77203AC8,2027-07-22,SYS_140,AST_82DF0E33,0.601097,0,0,60.0
INSP_7EA90D8D,2027-07-22,SYS_159,AST_3EE93CB8,1.04304,1,1,60.0
INSP_834CF0D3,2027-07-22,SYS_168,AST_FB44B477,1.313907,1,1,60.0
INSP_FE522B7A,2027-07-22,SYS_195,AST_112DC772,1.129065,0,1,60.0
INSP_30306DEA,2027-07-23,SYS_021,AST_47CEED8F,0.540859,0,0,60.0
INSP_082BECDC,2027-07-23,SYS_029,AST_72182962,1.299022,1,1,60.0
INSP_1955BCE5,2027-07-23,SYS_104,AST_067D11C4,0.53952,0,0,60.0
INSP_D56CF390,2027-07-23,SYS_129,AST_B8F71FDD,0.806798,0,0,60.0
INSP_972EC77F,2027-07-23,SYS_132,AST_B471717C,1.445054,1,1,60.0
INSP_CB594590,2027-07-23,SYS_137,AST_CC32FEC1,0.805851,0,0,60.0
INSP_34CD0614,2027-07-23,SYS_155,AST_EB9D2923,1.127963,1,1,60.0
INSP_4D93BD82,2027-07-23,SYS_172,AST_ADEC264C,1.165554,1,1,60.0
INSP_C378D9F1,2027-07-23,SYS_191,AST_28102D1A,0.688502,0,0,60.0
INSP_CBFD4D91,2027-07-24,SYS_013,AST_0D114CD8,0.369442,0,0,60.0
INSP_69198142,2027-07-24,SYS_022,AST_3A3ABCBA,1.302236,1,1,60.0
INSP_C00A8296,2027-07-24,SYS_031,AST_9FC6C1DF,0.847154,0,0,60.0
INSP_9067B9E0,2027-07-24,SYS_032,AST_9EA318AD,0.701426,0,0,60.0
INSP_A0F4073E,2027-07-24,SYS_112,AST_72528000,0.98095,0,0,60.0
INSP_92071895,2027-07-24,SYS_151,AST_1DB9A142,1.074849,0,1,60.0
INSP_5972340D,2027-07-24,SYS_160,AST_1C7F68AF,0.49118,0,0,60.0
INSP_FDA56295,2027-07-24,SYS_185,AST_A2B95F2A,1.664406,1,1,60.0
INSP_D818B421,2027-07-24,SYS_192,AST_D07C19AF,0.392902,0,0,60.0
INSP_8A01EC73,2027-07-25,SYS_046,AST_CA11BC6D,0.880859,0,0,60.0
INSP_B8FF2E72,2027-07-25,SYS_060,AST_F0FDDB4C,0.603315,0,0,60.0
INSP_9E7DAF3B,2027-07-25,SYS_064,AST_6BB62FDB,0.914118,0,0,60.0
INSP_DF922419,2027-07-25,SYS_077,AST_71806DDB,1.019436,0,1,60.0
INSP_8F250552,2027-07-25,SYS_163,AST_67436F82,1.13247,1,1,60.0
INSP_473154BA,2027-07-26,SYS_065,AST_C0195FDC,0.311048,0,0,60.0
INSP_AA77F1AF,2027-07-26,SYS_167,AST_05426636,0.294107,0,0,60.0
INSP_84736464,2027-07-26,SYS_184,AST_F713DE74,1.367646,1,1,60.0
INSP_7B6144F3,2027-07-27,SYS_051,AST_8936EA7E,0.611407,0,0,60.0
INSP_92F3DFC6,2027-07-27,SYS_067,AST_4F5BB5C0,1.066968,1,1,60.0
INSP_E3DA6E3C,2027-07-27,SYS_108,AST_8823CDE5,1.262032,1,1,60.0
INSP_C5E748D5,2027-07-27,SYS_121,AST_57E427AB,0.993069,1,0,60.0
INSP_1BB6F6EE,2027-07-27,SYS_128,AST_D607EFBB,1.558294,1,1,60.0
INSP_E98F5CA4,2027-07-27,SYS_182,AST_99B17A89,0.927769,1,0,60.0
INSP_2C02E824,2027-07-27,SYS_186,AST_5CB7885A,1.155268,0,1,60.0
INSP_20692821,2027-07-28,SYS_007,AST_48BC3EF9,0.357685,1,0,60.0
INSP_9A984158,2027-07-28,SYS_010,AST_BA1E579E,1.30622,1,1,60.0
INSP_5DEABAAF,2027-07-28,SYS_018,AST_32331E58,1.081366,0,1,60.0
INSP_99ADA68B,2027-07-28,SYS_030,AST_963E7AC3,0.20901,0,0,60.0
INSP_7F85043D,2027-07-28,SYS_053,AST_1421CD29,0.313252,0,0,60.0
INSP_55E261B0,2027-07-28,SYS_070,AST_EF1723A7,0.739058,0,0,60.0
INSP_68699CD5,2027-07-28,SYS_081,AST_445C2E7F,0.030083,0,0,60.0
INSP_A49CB5ED,2027-07-28,SYS_092,AST_A654FA74,0.974766,1,0,60.0
INSP_D9627896,2027-07-28,SYS_122,AST_A852979F,0.83634,0,0,60.0
INSP_A5776CB7,2027-07-28,SYS_139,AST_594EB63A,0.921268,0,0,60.0
INSP_F8B85242,2027-07-28,SYS_153,AST_416FD4D1,0.717405,0,0,60.0
INSP_59E3706B,2027-07-28,SYS_161,AST_D05D43D5,0.613206,0,0,60.0
INSP_E5779A7A,2027-07-28,SYS_164,AST_79E11B35,0.885712,0,0,60.0
INSP_C1BA47CE,2027-07-28,SYS_183,AST_3AC31DE4,1.126442,0,1,60.0
INSP_48E79611,2027-07-29,SYS_008,AST_8CDA59B0,0.605205,0,0,60.0
INSP_5CFB711A,2027-07-29,SYS_033,AST_78A40885,0.667621,0,0,60.0
INSP_7BD3A16D,2027-07-29,SYS_039,AST_0C2D90D2,1.192843,1,1,60.0
INSP_F1749FCA,2027-07-29,SYS_043,AST_11D07EA3,0.697129,0,0,60.0
INSP_FA5BA6AB,2027-07-29,SYS_066,AST_F5795CF8,0.466384,0,0,60.0
INSP_6300DAE2,2027-07-29,SYS_068,AST_B504AAFE,0.42469,0,0,60.0
INSP_16AA4FA3,2027-07-29,SYS_076,AST_F603957B,0.465062,0,0,60.0
INSP_280D7D32,2027-07-29,SYS_162,AST_FA7C66DB,1.538834,1,1,60.0
INSP_5BA9CE10,2027-07-29,SYS_180,AST_ABEDAC5D,0.403869,0,0,60.0
INSP_01A1A5CB,2027-07-30,SYS_083,AST_35C2C263,0.447507,0,0,60.0
INSP_FEB56CA1,2027-07-30,SYS_134,AST_513E84BA,0.829782,0,0,60.0
INSP_EDA22CEB,2027-07-30,SYS_158,AST_72555574,1.17667,0,1,60.0
INSP_6A5C2B46,2027-07-30,SYS_171,AST_5A3839A3,0.458725,0,0,60.0
INSP_C1DAE406,2027-07-31,SYS_004,AST_34B81456,0.880038,0,0,60.0
INSP_84C7CC38,2027-07-31,SYS_091,AST_FF3BACB3,1.645466,1,1,60.0
INSP_CDF2AE99,2027-07-31,SYS_097,AST_78B2DAF5,0.636413,0,0,60.0
INSP_007DF2C0,2027-07-31,SYS_098,AST_336E36C7,0.846875,0,0,60.0
INSP_26DCBC7E,2027-07-31,SYS_190,AST_FDA57079,0.904061,1,0,60.0
INSP_493B9385,2027-07-31,SYS_198,AST_1856384A,1.225162,0,1,60.0
INSP_89026827,2027-08-01,SYS_041,AST_5F735C82,0.910655,0,0,60.0
INSP_CF096BE6,2027-08-01,SYS_055,AST_65BC7AF4,0.448446,0,0,60.0
INSP_07FDA354,2027-08-01,SYS_113,AST_C2D66558,1.257221,1,1,60.0
INSP_D5AAB234,2027-08-02,SYS_012,AST_400DB418,0.419972,0,0,60.0
INSP_9E12B63E,2027-08-02,SYS_088,AST_8881A08E,0.584944,0,0,60.0
INSP_D0D531CA,2027-08-02,SYS_102,AST_D4717E02,1.114348,1,1,60.0
INSP_ABB8FB51,2027-08-02,SYS_165,AST_849D44BE,0.949985,0,0,60.0
INSP_228A52DD,2027-08-03,SYS_009,AST_59AE948D,1.279592,0,1,60.0
INSP_3AEEEE34,2027-08-03,SYS_049,AST_8B590081,0.549884,0,0,60.0
INSP_59B634DF,2027-08-03,SYS_106,AST_2B28FACA,1.009434,0,1,60.0
INSP_E444664B,2027-08-03,SYS_125,AST_3F4357D4,1.209981,1,1,60.0
INSP_C4699431,2027-08-03,SYS_174,AST_4BB6A596,0.531231,0,0,60.0
INSP_D255937C,2027-08-03,SYS_175,AST_26E9BA3E,0.194338,0,0,60.0
INSP_470CFE90,2027-08-03,SYS_181,AST_69222B18,0.660761,0,0,60.0
INSP_0E901DF3,2027-08-03,SYS_196,AST_83AEE438,1.25095,1,1,60.0
INSP_73A4DC27,2027-08-04,SYS_016,AST_75491F89,1.397552,1,1,60.0
INSP_AAAD847E,2027-08-04,SYS_075,AST_9F8C53BE,1.049281,1,1,60.0
INSP_A68A120D,2027-08-04,SYS_079,AST_D2724D76,1.192288,1,1,60.0
INSP_7DC884B5,2027-08-04,SYS_086,AST_783BFF5F,0.396259,0,0,60.0
INSP_911461AB,2027-08-04,SYS_100,AST_46B9882F,1.123316,1,1,60.0
INSP_E2D2C6D0,2027-08-04,SYS_105,AST_7866AE54,1.096269,1,1,60.0
INSP_DBE7E996,2027-08-04,SYS_127,AST_0BB6D2CA,0.399239,0,0,60.0
INSP_F7610A88,2027-08-04,SYS_131,AST_36C9F1A5,0.868885,0,0,60.0
INSP_448287C3,2027-08-05,SYS_024,AST_360766DC,1.171771,0,1,60.0
INSP_E855D2F5,2027-08-05,SYS_080,AST_9613CDC6,0.38455,0,0,60.0
INSP_B18B4C3F,2027-08-05,SYS_103,AST_E421B8F7,0.572024,0,0,60.0
INSP_1784206E,2027-08-05,SYS_107,AST_4ED453A3,0.555794,0,0,60.0
INSP_513FFB04,2027-08-05,SYS_116,AST_C5B87FD2,0.273819,0,0,60.0
INSP_21446618,2027-08-05,SYS_120,AST_8176A690,0.682173,0,0,60.0
INSP_2E6E910C,2027-08-05,SYS_138,AST_BDEBA9F4,0.727862,0,0,60.0
INSP_71BB0925,2027-08-05,SYS_146,AST_1E893714,1.036943,1,1,60.0
INSP_C95619CA,2027-08-05,SYS_189,AST_3346BE51,1.222965,1,1,60.0
INSP_A6D1518F,2027-08-05,SYS_197,AST_C302525D,1.158644,1,1,60.0
INSP_F06107E4,2027-08-06,SYS_002,AST_8C3021C3,0.221203,0,0,60.0
INSP_2BAFFDFD,2027-08-06,SYS_027,AST_F62C7205,1.554365,1,1,60.0
INSP_5EA866CC,2027-08-06,SYS_034,AST_898B9A3E,1.523845,1,1,60.0
INSP_A52F9F86,2027-08-06,SYS_042,AST_46131EB7,0.383478,0,0,60.0
INSP_179FB31B,2027-08-06,SYS_114,AST_71208FE4,0.892558,0,0,60.0
INSP_DB32DC52,2027-08-06,SYS_118,AST_CD01BE37,0.732274,0,0,60.0
INSP_A410920E,2027-08-07,SYS_017,AST_2A4F6B42,0.156594,0,0,60.0
INSP_32821A1E,2027-08-07,SYS_047,AST_7CD9A8D7,0.360451,0,0,60.0
INSP_420AA1BC,2027-08-07,SYS_059,AST_1F05FC1B,0.480323,0,0,60.0
INSP_0D8E33D2,2027-08-07,SYS_078,AST_22724B56,0.832562,0,0,60.0
INSP_E3E25352,2027-08-07,SYS_090,AST_3E900085,0.311216,0,0,60.0
INSP_8FC909C7,2027-08-07,SYS_119,AST_47437ED7,0.875918,0,0,60.0
INSP_E69B13F0,2027-08-07,SYS_133,AST_36645A9F,1.243361,0,1,60.0
INSP_5D465DBD,2027-08-08,SYS_037,AST_12C3D6E6,0.92571,0,0,60.0
INSP_0DD9EC0F,2027-08-08,SYS_057,AST_3D7F459C,0.876786,0,0,60.0
INSP_600C3B85,2027-08-08,SYS_058,AST_F3A498A9,0.417249,0,0,60.0
INSP_37CA9C37,2027-08-08,SYS_061,AST_A35FE079,0.919027,0,0,60.0
INSP_5F40FAF1,2027-08-08,SYS_071,AST_E62B116D,1.082581,0,1,60.0
INSP_2098844B,2027-08-08,SYS_084,AST_D1DA8606,0.313372,0,0,60.0
INSP_12133678,2027-08-08,SYS_093,AST_5B1AF013,0.773827,0,0,60.0
INSP_9C4E9A06,2027-08-08,SYS_199,AST_B4105540,0.46488,0,0,60.0
INSP_34540180,2027-08-09,SYS_023,AST_E2660384,1.426959,1,1,60.0
INSP_4EB5312E,2027-08-09,SYS_048,AST_B7D85950,0.32198,0,0,60.0
INSP_80FAA44E,2027-08-09,SYS_095,AST_F7A145A0,0.270195,0,0,60.0
INSP_11007115,2027-08-09,SYS_096,AST_94F5E2F2,0.533686,0,0,60.0
INSP_2DB85530,2027-08-09,SYS_170,AST_41E4C47D,0.537299,0,0,60.0
INSP_3A68CEC2,2027-08-10,SYS_005,AST_2355582B,0.811243,0,0,60.0
INSP_68CB7F66,2027-08-10,SYS_014,AST_C582AD53,0.502045,0,0,60.0
INSP_A59E47D4,2027-08-10,SYS_062,AST_E6F98CD6,1.297631,1,1,60.0
INSP_9E593315,2027-08-10,SYS_109,AST_36E83F9B,0.389694,0,0,60.0
INSP_8617F0E0,2027-08-10,SYS_126,AST_C9DE68BD,0.407136,0,0,60.0
INSP_C369883B,2027-08-10,SYS_159,AST_3EE93CB8,0.679981,0,0,60.0
INSP_D47C5660,2027-08-11,SYS_035,AST_EC002B8E,1.713381,1,1,60.0
INSP_01D2BAFB,2027-08-11,SYS_085,AST_BC13EB44,1.341774,1,1,60.0
INSP_EBFAC6E9,2027-08-11,SYS_124,AST_C6FED7CE,0.711047,0,0,60.0
INSP_F6FE3EBC,2027-08-11,SYS_173,AST_761AB970,1.155661,1,1,60.0
INSP_AB70E829,2027-08-11,SYS_176,AST_5DF61EE8,1.102663,0,1,60.0
INSP_D49081C3,2027-08-12,SYS_026,AST_1EC8F895,-0.091694,0,0,60.0
INSP_B3A1CF72,2027-08-12,SYS_063,AST_36AFB794,1.054196,1,1,60.0
INSP_B48F7D3D,2027-08-12,SYS_073,AST_F220FE8F,-0.041242,0,0,60.0
INSP_2462E143,2027-08-12,SYS_111,AST_AA47D855,1.122318,1,1,60.0
INSP_F54AA357,2027-08-12,SYS_154,AST_8779BF08,1.100029,0,1,60.0
INSP_21CEDB3B,2027-08-13,SYS_001,AST_4062C732,0.905736,0,0,60.0
INSP_1347B8A4,2027-08-13,SYS_015,AST_972033C2,1.219087,0,1,60.0
INSP_AEF64404,2027-08-13,SYS_038,AST_C09E7897,0.817436,0,0,60.0
INSP_C2E6E98A,2027-08-13,SYS_082,AST_677BB75C,0.817382,0,0,60.0
INSP_2CB33D9D,2027-08-13,SYS_087,AST_CEA7BD4E,1.16892,1,1,60.0
INSP_83CA57D6,2027-08-13,SYS_145,AST_FDBA2A0E,0.857717,0,0,60.0
INSP_8D9A6EE3,2027-08-14,SYS_011,AST_C95E4C36,1.357119,0,1,60.0
INSP_DB2BCCA3,2027-08-14,SYS_028,AST_01BDCD63,1.072182,0,1,60.0
INSP_C1CC253B,2027-08-14,SYS_136,AST_46F2626C,1.045598,0,1,60.0
INSP_715C7327,2027-08-14,SYS_143,AST_5AB29CA1,0.275035,0,0,60.0
INSP_36392D5F,2027-08-14,SYS_166,AST_DA889646,1.276802,1,1,60.0
INSP_DB3B355D,2027-08-14,SYS_195,AST_112DC772,0.38732,0,0,60.0
INSP_41DF32AC,2027-08-15,SYS_003,AST_792F8123,0.482303,0,0,60.0
INSP_007A264B,2027-08-15,SYS_045,AST_71683139,1.151465,1,1,60.0
INSP_CE72DB28,2027-08-15,SYS_050,AST_F69AFC56,0.317732,0,0,60.0
INSP_7220EDCD,2027-08-15,SYS_054,AST_C88F0D7A,0.971221,1,0,60.0
INSP_1CF1EE68,2027-08-15,SYS_115,AST_E485A485,1.157942,0,1,60.0
INSP_5CB0582C,2027-08-15,SYS_169,AST_55F0F9F6,0.820576,1,0,60.0
INSP_EB5E0FC7,2027-08-15,SYS_177,AST_74A7AC95,0.108795,0,0,60.0
INSP_4E223E65,2027-08-15,SYS_179,AST_05AA0B71,1.140089,1,1,60.0
INSP_617619A9,2027-08-16,SYS_020,AST_A7767CC7,1.285532,1,1,60.0
INSP_26B170D3,2027-08-16,SYS_069,AST_2CCCF5B1,1.5481,1,1,60.0
INSP_BF877D45,2027-08-16,SYS_099,AST_2E2BCA5E,1.060515,1,1,60.0
INSP_2E10E460,2027-08-16,SYS_178,AST_FB8BAAE3,0.826859,0,0,60.0
INSP_3BFBE051,2027-08-16,SYS_187,AST_973CB783,0.851871,0,0,60.0
INSP_946D244B,2027-08-17,SYS_104,AST_067D11C4,0.93372,0,0,60.0
INSP_54A12C20,2027-08-17,SYS_123,AST_81F81829,1.021091,0,1,60.0
INSP_5F91C5F2,2027-08-17,SYS_150,AST_39BD878A,0.985205,1,0,60.0
INSP_DEFFB5EC,2027-08-17,SYS_157,AST_07151874,0.753043,0,0,60.0
INSP_E0445DCB,2027-08-17,SYS_188,AST_0D8C5A64,1.123687,0,1,60.0
INSP_FF193C45,2027-08-18,SYS_006,AST_01B706B3,0.900512,0,0,60.0
INSP_F47DBA26,2027-08-18,SYS_044,AST_24282EF9,1.073138,1,1,60.0
INSP_1D09FA10,2027-08-18,SYS_056,AST_9A03EA3C,0.672549,1,0,60.0
INSP_355609F3,2027-08-18,SYS_072,AST_2677C73B,0.946238,1,0,60.0
INSP_521FD979,2027-08-18,SYS_130,AST_3A50A6C8,0.644899,0,0,60.0
INSP_58121137,2027-08-18,SYS_142,AST_A42F6532,0.419555,0,0,60.0
INSP_069F5860,2027-08-18,SYS_144,AST_E96A36D9,0.893184,1,0,60.0
INSP_08E2A210,2027-08-18,SYS_148,AST_0CAAF0CA,1.203632,1,1,60.0
INSP_2717B66E,2027-08-18,SYS_149,AST_AB74CC0D,0.469515,0,0,60.0
INSP_F22799C8,2027-08-19,SYS_000,AST_AD9DFCC2,0.40441,0,0,60.0
INSP_8FE07B36,2027-08-19,SYS_021,AST_47CEED8F,1.262337,1,1,60.0
INSP_74B93884,2027-08-19,SYS_036,AST_201A44F7,0.8009,0,0,60.0
INSP_D3EAAA4C,2027-08-19,SYS_141,AST_C841EE03,0.751764,0,0,60.0
INSP_789FF1E3,2027-08-20,SYS_031,AST_9FC6C1DF,1.018619,0,1,60.0
INSP_EB39351C,2027-08-20,SYS_101,AST_199E4ED5,1.444997,1,1,60.0
INSP_D5F454C8,2027-08-20,SYS_147,AST_059BC199,1.268032,1,1,60.0
INSP_9B1AF870,2027-08-21,SYS_019,AST_295F6162,0.309971,0,0,60.0
INSP_8C21CF71,2027-08-21,SYS_029,AST_72182962,0.860991,0,0,60.0
INSP_1F4EC247,2027-08-21,SYS_040,AST_D89EE066,1.180285,1,1,60.0
INSP_358088F3,2027-08-21,SYS_052,AST_79A75A88,1.240735,1,1,60.0
INSP_F28325A1,2027-08-21,SYS_077,AST_C4095CA0,0.010335,0,0,60.0
INSP_E55F8EB3,2027-08-21,SYS_089,AST_F3FA3B59,1.065822,1,1,60.0
INSP_F7A4347B,2027-08-21,SYS_110,AST_FED5DCED,0.686471,0,0,60.0
INSP_38CDFF96,2027-08-21,SYS_152,AST_25E0634B,1.022806,0,1,60.0
INSP_4CAB3D9A,2027-08-21,SYS_163,AST_24ADEDD2,0.320724,0,0,60.0
INSP_8713131B,2027-08-21,SYS_180,AST_ABEDAC5D,0.982048,0,0,60.0
INSP_4CB89E27,2027-08-21,SYS_193,AST_B624BE5F,1.075759,1,1,60.0
INSP_6F2258B6,2027-08-21,SYS_194,AST_94955F5C,1.473709,1,1,60.0
INSP_2F20092A,2027-08-22,SYS_030,AST_963E7AC3,0.599231,0,0,60.0
INSP_36A5001E,2027-08-22,SYS_065,AST_C0195FDC,1.09038,0,1,60.0
INSP_7037C91C,2027-08-22,SYS_074,AST_005C2060,0.85545,0,0,60.0
INSP_D0AFB95D,2027-08-22,SYS_155,AST_EB9D2923,0.965412,0,0,60.0
INSP_0D38F07A,2027-08-22,SYS_185,AST_A2B95F2A,0.565025,0,0,60.0
INSP_341841BA,2027-08-23,SYS_039,AST_0C2D90D2,0.542087,0,0,60.0
INSP_65CAA8A5,2027-08-23,SYS_081,AST_445C2E7F,0.91549,0,0,60.0
INSP_EA279EAC,2027-08-23,SYS_108,AST_8823CDE5,0.383095,0,0,60.0
INSP_3FD19A3D,2027-08-23,SYS_156,AST_E775854F,0.763863,0,0,60.0
INSP_B7F620A5,2027-08-23,SYS_171,AST_5A3839A3,0.31679,0,0,60.0
INSP_522DE85B,2027-08-23,SYS_192,AST_D07C19AF,0.802553,0,0,60.0
INSP_96CEE68F,2027-08-24,SYS_046,AST_CA11BC6D,1.139018,1,1,60.0
INSP_28F23502,2027-08-24,SYS_058,AST_F3A498A9,0.844838,0,0,60.0
INSP_548EA026,2027-08-24,SYS_064,AST_6BB62FDB,1.297377,1,1,60.0
INSP_BFB8EFB5,2027-08-24,SYS_117,AST_AF2CD7F7,0.538488,0,0,60.0
INSP_23D1B099,2027-08-24,SYS_139,AST_594EB63A,1.315838,0,1,60.0
INSP_9681E600,2027-08-24,SYS_161,AST_D05D43D5,1.173669,0,1,60.0
INSP_A25EC2A6,2027-08-24,SYS_186,AST_5CB7885A,0.434844,0,0,60.0
INSP_E24D9F14,2027-08-25,SYS_013,AST_0D114CD8,1.358673,1,1,60.0
INSP_786D0D8A,2027-08-25,SYS_018,AST_32331E58,0.354014,0,0,60.0
INSP_67915342,2027-08-25,SYS_025,AST_FAC40B08,-0.04937,0,0,60.0
INSP_02212433,2027-08-25,SYS_060,AST_F0FDDB4C,0.706875,0,0,60.0
INSP_62F95477,2027-08-25,SYS_083,AST_35C2C263,1.185569,1,1,60.0
INSP_B891AB37,2027-08-25,SYS_094,AST_DDF229A0,0.779833,0,0,60.0
INSP_700DA631,2027-08-25,SYS_132,AST_B471717C,0.651542,0,0,60.0
INSP_5BAB124E,2027-08-25,SYS_135,AST_9F388D08,0.221975,0,0,60.0
INSP_D5C02DD1,2027-08-25,SYS_175,AST_26E9BA3E,0.682194,0,0,60.0
INSP_6586EA9C,2027-08-25,SYS_183,AST_3AC31DE4,0.482887,0,0,60.0
INSP_F6183998,2027-08-26,SYS_033,AST_78A40885,1.171922,1,1,60.0
INSP_18DCB87E,2027-08-26,SYS_100,AST_46B9882F,0.271114,0,0,60.0
INSP_EA026099,2027-08-26,SYS_122,AST_A852979F,1.331587,1,1,60.0
INSP_2E97198F,2027-08-26,SYS_129,AST_B8F71FDD,1.7479,1,1,60.0
INSP_7F3B8057,2027-08-26,SYS_140,AST_82DF0E33,1.269171,1,1,60.0
INSP_4A8F0F16,2027-08-26,SYS_151,AST_1DB9A142,0.404211,0,0,60.0
INSP_AF637B93,2027-08-26,SYS_153,AST_416FD4D1,0.958426,1,0,60.0
INSP_506B19E1,2027-08-26,SYS_160,AST_1C7F68AF,1.026827,0,1,60.0
INSP_7418FB97,2027-08-27,SYS_022,AST_3A3ABCBA,0.470464,0,0,60.0
INSP_755BA840,2027-08-27,SYS_051,AST_8936EA7E,1.106657,1,1,60.0
INSP_3E57E5DD,2027-08-27,SYS_092,AST_A654FA74,1.514067,1,1,60.0
INSP_A3C3D523,2027-08-27,SYS_098,AST_336E36C7,1.547772,1,1,60.0
INSP_0ED33DDB,2027-08-27,SYS_112,AST_72528000,1.118418,0,1,60.0
INSP_8C344FBD,2027-08-27,SYS_137,AST_CC32FEC1,1.113544,1,1,60.0
INSP_BB05BBA9,2027-08-27,SYS_168,AST_FB44B477,0.941972,0,0,60.0
INSP_9F62C224,2027-08-27,SYS_191,AST_28102D1A,1.021738,1,1,60.0
INSP_F4F2C844,2027-08-28,SYS_008,AST_8CDA59B0,1.419206,1,1,60.0
INSP_B340BD0A,2027-08-28,SYS_010,AST_BA1E579E,0.948707,0,0,60.0
INSP_4E4D1FB2,2027-08-28,SYS_032,AST_9EA318AD,1.039948,1,1,60.0
INSP_A41BF4E1,2027-08-28,SYS_076,AST_F603957B,1.076772,0,1,60.0
INSP_54F32AEE,2027-08-28,SYS_121,AST_57E427AB,1.8171,1,1,60.0
INSP_85DF0052,2027-08-28,SYS_184,AST_F713DE74,0.930969,0,0,60.0
INSP_5AC1C44F,2027-08-28,SYS_198,AST_1856384A,0.286506,0,0,60.0
INSP_9284C453,2027-08-29,SYS_041,AST_5F735C82,1.011102,1,1,60.0
INSP_542EF644,2027-08-29,SYS_066,AST_F5795CF8,0.7234,1,0,60.0
INSP_ADF66D79,2027-08-29,SYS_067,AST_4F5BB5C0,0.803993,0,0,60.0
INSP_29D33C88,2027-08-29,SYS_068,AST_B504AAFE,0.454279,0,0,60.0
INSP_2CF2EF45,2027-08-29,SYS_070,AST_EF1723A7,1.291963,0,1,60.0
INSP_4C278C83,2027-08-29,SYS_088,AST_8881A08E,0.668565,0,0,60.0
INSP_D4E54306,2027-08-29,SYS_097,AST_78B2DAF5,1.169334,1,1,60.0
INSP_E02C43E2,2027-08-29,SYS_102,AST_D4717E02,0.356481,0,0,60.0
INSP_BAB1CB2E,2027-08-29,SYS_164,AST_79E11B35,1.085277,1,1,60.0
INSP_EB7E7BEB,2027-08-29,SYS_182,AST_99B17A89,1.287153,1,1,60.0
INSP_880A79A4,2027-08-30,SYS_004,AST_34B81456,0.944114,0,0,60.0
INSP_CF35294C,2027-08-30,SYS_053,AST_1421CD29,0.871264,0,0,60.0
INSP_401128AB,2027-08-30,SYS_080,AST_9613CDC6,0.476133,0,0,60.0
INSP_E1727288,2027-08-30,SYS_113,AST_C2D66558,0.706936,0,0,60.0
INSP_A0B6BE86,2027-08-30,SYS_134,AST_513E84BA,1.066014,1,1,60.0
INSP_A8D9C72A,2027-08-30,SYS_172,AST_ADEC264C,0.700442,0,0,60.0
INSP_9E8C1BC6,2027-08-31,SYS_002,AST_8C3021C3,1.013053,1,1,60.0
INSP_6803D92F,2027-08-31,SYS_007,AST_48BC3EF9,1.546215,1,1,60.0
INSP_AF513858,2027-08-31,SYS_043,AST_11D07EA3,1.049897,1,1,60.0
INSP_DE8CD4EB,2027-08-31,SYS_138,AST_BDEBA9F4,1.373872,1,1,60.0
INSP_577F5ACE,2027-08-31,SYS_158,AST_72555574,0.578981,0,0,60.0
INSP_9B21FB1F,2027-08-31,SYS_181,AST_69222B18,0.968651,0,0,60.0
INSP_5EA66177,2027-08-31,SYS_190,AST_FDA57079,1.601701,1,1,60.0
INSP_CD055D66,2027-09-01,SYS_017,AST_2A4F6B42,0.817211,0,0,60.0
INSP_0C519447,2027-09-01,SYS_128,AST_D607EFBB,0.59564,0,0,60.0
INSP_904CFC94,2027-09-01,SYS_131,AST_36C9F1A5,1.056912,1,1,60.0
INSP_2451BEF9,2027-09-02,SYS_012,AST_400DB418,1.009447,0,1,60.0
INSP_5EFD7A26,2027-09-02,SYS_106,AST_2B28FACA,0.538674,0,0,60.0
INSP_7B90F4FF,2027-09-02,SYS_162,AST_FA7C66DB,0.768696,0,0,60.0
INSP_98870A74,2027-09-03,SYS_016,AST_75491F89,0.354685,0,0,60.0
INSP_4A74116D,2027-09-03,SYS_078,AST_22724B56,1.152117,1,1,60.0
INSP_27D37982,2027-09-03,SYS_086,AST_783BFF5F,0.031891,0,0,60.0
INSP_40131518,2027-09-03,SYS_091,AST_FF3BACB3,0.938385,0,0,60.0
INSP_78EC90B5,2027-09-03,SYS_105,AST_7866AE54,0.408235,0,0,60.0
INSP_205B3DE9,2027-09-03,SYS_196,AST_83AEE438,0.78812,0,0,60.0
INSP_24F8733B,2027-09-04,SYS_055,AST_65BC7AF4,1.140324,1,1,60.0
INSP_EF33EF3D,2027-09-04,SYS_071,AST_E62B116D,0.349319,0,0,60.0
INSP_B564007E,2027-09-04,SYS_073,AST_F220FE8F,0.296025,0,0,60.0
INSP_42924E63,2027-09-04,SYS_075,AST_9F8C53BE,0.413785,0,0,60.0
INSP_F03DCF47,2027-09-04,SYS_167,AST_05426636,1.034502,0,1,60.0
INSP_EFD98C3B,2027-09-05,SYS_024,AST_360766DC,0.701283,0,0,60.0
INSP_57791193,2027-09-05,SYS_042,AST_46131EB7,0.421864,0,0,60.0
INSP_375C2BA3,2027-09-05,SYS_116,AST_C5B87FD2,0.666648,0,0,60.0
INSP_00618542,2027-09-05,SYS_133,AST_36645A9F,0.787306,0,0,60.0
INSP_658C7631,2027-09-05,SYS_146,AST_1E893714,0.271587,0,0,60.0
INSP_8E994F34,2027-09-06,SYS_005,AST_2355582B,1.211615,1,1,60.0
INSP_CB7FCF53,2027-09-06,SYS_079,AST_D2724D76,0.543272,0,0,60.0
INSP_46EC84DA,2027-09-06,SYS_127,AST_0BB6D2CA,0.901892,0,0,60.0
INSP_586A3611,2027-09-06,SYS_199,AST_B4105540,1.101752,0,1,60.0
INSP_437EA4B0,2027-09-07,SYS_009,AST_59AE948D,0.713283,0,0,60.0
INSP_7CC25C7C,2027-09-07,SYS_023,AST_E2660384,0.581595,0,0,60.0
INSP_0BE0BD50,2027-09-07,SYS_037,AST_12C3D6E6,0.850127,0,0,60.0
INSP_E20F0052,2027-09-07,SYS_048,AST_B7D85950,0.724337,0,0,60.0
INSP_E28EA403,2027-09-07,SYS_049,AST_8B590081,1.940624,1,1,60.0
INSP_BB9F969C,2027-09-07,SYS_119,AST_47437ED7,0.82497,0,0,60.0
INSP_625DA3F0,2027-09-07,SYS_125,AST_3F4357D4,0.939407,0,0,60.0
INSP_76856EE5,2027-09-07,SYS_126,AST_C9DE68BD,0.588807,0,0,60.0
INSP_E2CD8EFC,2027-09-07,SYS_169,AST_55F0F9F6,0.992072,1,0,60.0
INSP_0DFA86D4,2027-09-07,SYS_197,AST_C302525D,0.777341,0,0,60.0
INSP_1A1BED39,2027-09-08,SYS_011,AST_C95E4C36,0.30378,0,0,60.0
INSP_C0EE556B,2027-09-08,SYS_034,AST_898B9A3E,0.627612,0,0,60.0
INSP_6C686273,2027-09-08,SYS_090,AST_3E900085,1.294769,1,1,60.0
INSP_230C7683,2027-09-08,SYS_120,AST_8176A690,1.390904,1,1,60.0
INSP_256956FD,2027-09-08,SYS_176,AST_5DF61EE8,0.47778,0,0,60.0
INSP_760925D9,2027-09-08,SYS_189,AST_3346BE51,1.073486,0,1,60.0
INSP_F96388DB,2027-09-09,SYS_001,AST_4062C732,0.918826,0,0,60.0
INSP_F7DFD692,2027-09-09,SYS_026,AST_1EC8F895,0.361045,0,0,60.0
INSP_7F0BAE09,2027-09-09,SYS_059,AST_1F05FC1B,1.005042,0,1,60.0
INSP_03555BB0,2027-09-09,SYS_062,AST_E6F98CD6,0.75134,0,0,60.0
INSP_537C518F,2027-09-09,SYS_069,AST_4923F9CD,0.014865,0,0,60.0
INSP_A02CF083,2027-09-09,SYS_103,AST_E421B8F7,1.108551,1,1,60.0
INSP_270D8BEF,2027-09-09,SYS_107,AST_4ED453A3,0.872575,0,0,60.0
INSP_3989C718,2027-09-09,SYS_136,AST_46F2626C,0.412849,0,0,60.0
INSP_A5B47B61,2027-09-10,SYS_015,AST_972033C2,0.454116,0,0,60.0
INSP_75FA1B2B,2027-09-10,SYS_027,AST_F62C7205,1.073676,0,1,60.0
INSP_66214EEE,2027-09-10,SYS_035,AST_EC002B8E,0.761379,0,0,60.0
INSP_29F508EE,2027-09-10,SYS_054,AST_C88F0D7A,1.216767,1,1,60.0
INSP_17C011DE,2027-09-10,SYS_061,AST_A35FE079,1.055231,1,1,60.0
INSP_F953FE68,2027-09-10,SYS_093,AST_5B1AF013,1.006536,1,1,60.0
INSP_BBA686B7,2027-09-10,SYS_095,AST_F7A145A0,1.290377,1,1,60.0
INSP_99FEA095,2027-09-10,SYS_114,AST_71208FE4,0.842257,1,0,60.0
INSP_54671320,2027-09-10,SYS_118,AST_CD01BE37,1.178215,1,1,60.0
INSP_B50E109A,2027-09-10,SYS_157,AST_07151874,0.899732,0,0,60.0
INSP_6FB485DB,2027-09-10,SYS_159,AST_3EE93CB8,0.688937,0,0,60.0
INSP_F0D1F86C,2027-09-10,SYS_174,AST_4BB6A596,1.037995,0,1,60.0
INSP_F37E2BC0,2027-09-10,SYS_192,AST_D07C19AF,0.909642,0,0,60.0
INSP_E26F3DF4,2027-09-11,SYS_045,AST_71683139,0.733185,0,0,60.0
INSP_2BD8A710,2027-09-11,SYS_063,AST_36AFB794,0.659787,0,0,60.0
INSP_ECFC3302,2027-09-11,SYS_085,AST_BC13EB44,0.659132,0,0,60.0
INSP_986DF3A2,2027-09-11,SYS_096,AST_94F5E2F2,0.945474,1,0,60.0
INSP_06CFA9D9,2027-09-11,SYS_170,AST_41E4C47D,0.5696,0,0,60.0
INSP_4B5A68FB,2027-09-11,SYS_173,AST_761AB970,1.071768,0,1,60.0
INSP_D04F2797,2027-09-12,SYS_014,AST_C582AD53,0.978529,1,0,60.0
INSP_27A76C60,2027-09-12,SYS_021,AST_47CEED8F,0.487607,0,0,60.0
INSP_7FD6B097,2027-09-12,SYS_057,AST_3D7F459C,1.188055,0,1,60.0
INSP_C89E6E7A,2027-09-12,SYS_082,AST_677BB75C,1.438552,1,1,60.0
INSP_A5BA71EE,2027-09-12,SYS_084,AST_D1DA8606,0.660051,0,0,60.0
INSP_EEC68FC1,2027-09-12,SYS_144,AST_E96A36D9,1.081803,1,1,60.0
INSP_BEE2560C,2027-09-13,SYS_099,AST_2E2BCA5E,0.541298,0,0,60.0
INSP_82D8FF71,2027-09-13,SYS_148,AST_0CAAF0CA,0.760989,0,0,60.0
INSP_AF534195,2027-09-13,SYS_154,AST_8779BF08,0.833354,0,0,60.0
INSP_F2BC3FFD,2027-09-13,SYS_177,AST_74A7AC95,0.548334,0,0,60.0
INSP_A19BB6D6,2027-09-13,SYS_188,AST_0D8C5A64,0.447608,0,0,60.0
INSP_9A42FCBE,2027-09-14,SYS_000,AST_AD9DFCC2,0.113085,0,0,60.0
INSP_63F077D2,2027-09-14,SYS_038,AST_C09E7897,0.687435,1,0,60.0
INSP_D8A42EE8,2027-09-14,SYS_047,AST_7CD9A8D7,0.697296,0,0,60.0
INSP_452FFCD0,2027-09-14,SYS_056,AST_9A03EA3C,1.013563,1,1,60.0
INSP_91030657,2027-09-14,SYS_111,AST_AA47D855,0.451351,0,0,60.0
INSP_51B59985,2027-09-14,SYS_115,AST_E485A485,0.3813,0,0,60.0
INSP_B5B12448,2027-09-14,SYS_124,AST_C6FED7CE,1.303075,1,1,60.0
INSP_1B59302A,2027-09-14,SYS_179,AST_05AA0B71,0.939824,0,0,60.0
INSP_090CEFF8,2027-09-15,SYS_003,AST_792F8123,0.944198,0,0,60.0
INSP_057F045E,2027-09-15,SYS_029,AST_72182962,0.779091,0,0,60.0
INSP_AAEE6CCF,2027-09-15,SYS_141,AST_C841EE03,0.974066,1,0,60.0
INSP_64020320,2027-09-15,SYS_145,AST_FDBA2A0E,0.818735,0,0,60.0
INSP_0B54A3E7,2027-09-15,SYS_187,AST_973CB783,1.575873,1,1,60.0
INSP_D550DA6E,2027-09-16,SYS_050,AST_F69AFC56,0.895209,1,0,60.0
INSP_5B6C6240,2027-09-16,SYS_052,AST_79A75A88,0.704556,0,0,60.0
INSP_019E9E8A,2027-09-16,SYS_065,AST_C0195FDC,0.414901,0,0,60.0
INSP_E3CAFFB4,2027-09-16,SYS_072,AST_2677C73B,1.622422,1,1,60.0
INSP_E6A822DB,2027-09-16,SYS_087,AST_CEA7BD4E,0.927252,0,0,60.0
INSP_C55BADB0,2027-09-16,SYS_104,AST_067D11C4,1.104003,0,1,60.0
INSP_BBBAF78C,2027-09-16,SYS_166,AST_DA889646,0.628328,0,0,60.0
INSP_860E3529,2027-09-17,SYS_028,AST_01BDCD63,0.545891,0,0,60.0
INSP_A1B87739,2027-09-17,SYS_123,AST_81F81829,0.730034,0,0,60.0
INSP_891AAF3A,2027-09-17,SYS_143,AST_5AB29CA1,1.112441,0,1,60.0
INSP_54E2EA5B,2027-09-17,SYS_178,AST_FB8BAAE3,1.060443,1,1,60.0
INSP_6891D687,2027-09-18,SYS_006,AST_01B706B3,0.996174,1,0,60.0
INSP_E12D4D5F,2027-09-18,SYS_036,AST_201A44F7,1.22039,0,1,60.0
INSP_C9219D87,2027-09-18,SYS_109,AST_36E83F9B,0.98459,1,0,60.0
INSP_B3E9B556,2027-09-18,SYS_149,AST_AB74CC0D,0.957838,0,0,60.0
INSP_D1D82C1D,2027-09-18,SYS_160,AST_1C7F68AF,0.12494,0,0,60.0
INSP_068EBE33,2027-09-18,SYS_193,AST_B624BE5F,0.736878,0,0,60.0
INSP_56A3C36A,2027-09-18,SYS_194,AST_94955F5C,0.603731,0,0,60.0
INSP_71376202,2027-09-19,SYS_022,AST_3A3ABCBA,0.648978,1,0,60.0
INSP_91EC4A88,2027-09-19,SYS_074,AST_005C2060,1.162905,1,1,60.0
INSP_577609E9,2027-09-19,SYS_081,AST_445C2E7F,1.362842,1,1,60.0
INSP_48956722,2027-09-19,SYS_142,AST_A42F6532,0.66579,0,0,60.0
INSP_DCD182E9,2027-09-19,SYS_152,AST_25E0634B,0.255234,0,0,60.0
INSP_4469CAC2,2027-09-19,SYS_156,AST_E775854F,1.222438,1,1,60.0
INSP_95CA1E2D,2027-09-20,SYS_018,AST_32331E58,0.397073,0,0,60.0
INSP_EF615071,2027-09-20,SYS_150,AST_39BD878A,1.604154,1,1,60.0
INSP_17F0AC6A,2027-09-21,SYS_025,AST_FAC40B08,0.621718,0,0,60.0
INSP_98D49522,2027-09-21,SYS_083,AST_35C2C263,0.380365,0,0,60.0
INSP_748D72A8,2027-09-21,SYS_089,AST_F3FA3B59,0.88477,0,0,60.0
INSP_03FB80F6,2027-09-21,SYS_108,AST_8823CDE5,1.049892,0,1,60.0
INSP_88F2AFDB,2027-09-21,SYS_147,AST_059BC199,0.7004,0,0,60.0
INSP_53FE69D0,2027-09-21,SYS_155,AST_EB9D2923,1.434929,1,1,60.0
INSP_42029134,2027-09-22,SYS_019,AST_295F6162,0.715763,0,0,60.0
INSP_8187648B,2027-09-22,SYS_020,AST_D740D9D8,0.230711,0,0,60.0
INSP_58B4A0AA,2027-09-22,SYS_031,AST_9FC6C1DF,0.876803,0,0,60.0
INSP_D288CA19,2027-09-22,SYS_060,AST_F0FDDB4C,1.448986,1,1,60.0
INSP_D7E43025,2027-09-22,SYS_077,AST_C4095CA0,0.399294,0,0,60.0
INSP_77565EF3,2027-09-22,SYS_101,AST_199E4ED5,1.131241,0,1,60.0
INSP_3754028F,2027-09-22,SYS_110,AST_FED5DCED,0.905105,1,0,60.0
INSP_E7BF1279,2027-09-22,SYS_117,AST_AF2CD7F7,0.817683,0,0,60.0
INSP_5813B33B,2027-09-22,SYS_130,AST_3A50A6C8,1.114063,1,1,60.0
INSP_614EF3C8,2027-09-22,SYS_180,AST_ABEDAC5D,1.138865,1,1,60.0
INSP_32CDDF31,2027-09-23,SYS_032,AST_9EA318AD,0.48483,0,0,60.0
INSP_326A5372,2027-09-23,SYS_044,AST_24282EF9,0.943727,0,0,60.0
INSP_6544B61F,2027-09-23,SYS_058,AST_F3A498A9,0.739845,0,0,60.0
INSP_614DBEA5,2027-09-23,SYS_064,AST_6BB62FDB,1.005853,0,1,60.0
INSP_05582A22,2027-09-23,SYS_094,AST_DDF229A0,1.193805,1,1,60.0
INSP_CD98B801,2027-09-23,SYS_122,AST_A852979F,0.288703,0,0,60.0
INSP_D663E0EA,2027-09-23,SYS_135,AST_9F388D08,0.102181,0,0,60.0
INSP_7877D099,2027-09-23,SYS_137,AST_CC32FEC1,0.992112,0,0,60.0
INSP_0AA51CDC,2027-09-23,SYS_172,AST_ADEC264C,1.398005,1,1,60.0
INSP_5AEBDD31,2027-09-23,SYS_175,AST_26E9BA3E,0.772631,0,0,60.0
INSP_8040AE83,2027-09-23,SYS_185,AST_A2B95F2A,0.852683,1,0,60.0
INSP_B2864789,2027-09-24,SYS_040,AST_D89EE066,0.65451,0,0,60.0
INSP_944727B6,2027-09-24,SYS_070,AST_EF1723A7,0.191756,0,0,60.0
INSP_0DD0B1C5,2027-09-24,SYS_100,AST_46B9882F,0.538117,0,0,60.0
INSP_EFCCACA6,2027-09-25,SYS_092,AST_A654FA74,0.902056,0,0,60.0
INSP_6E366C2B,2027-09-25,SYS_161,AST_D05D43D5,1.147069,0,1,60.0
INSP_F98CB1A9,2027-09-25,SYS_163,AST_24ADEDD2,0.869733,0,0,60.0
INSP_91950E5A,2027-09-25,SYS_165,AST_DAF61BF2,0.264529,0,0,60.0
INSP_CC290ABD,2027-09-25,SYS_171,AST_5A3839A3,1.040579,0,1,60.0
INSP_1171397D,2027-09-25,SYS_183,AST_3AC31DE4,0.915132,0,0,60.0
INSP_36720828,2027-09-26,SYS_002,AST_8C3021C3,0.432795,0,0,60.0
INSP_254AC612,2027-09-26,SYS_030,AST_963E7AC3,1.008136,0,1,60.0
INSP_7679B083,2027-09-26,SYS_039,AST_0C2D90D2,1.420519,1,1,60.0
INSP_1E686023,2027-09-26,SYS_046,AST_CA11BC6D,0.706264,0,0,60.0
INSP_5BAD5D7D,2027-09-26,SYS_051,AST_8936EA7E,0.789706,0,0,60.0
INSP_BE8CA312,2027-09-26,SYS_098,AST_336E36C7,0.661229,0,0,60.0
INSP_D0358F46,2027-09-26,SYS_112,AST_72528000,0.615612,0,0,60.0
INSP_2FE7A8E2,2027-09-26,SYS_132,AST_B471717C,0.943719,1,0,60.0
INSP_9F4DA68E,2027-09-26,SYS_153,AST_416FD4D1,1.65662,1,1,60.0
INSP_A9CB9AB9,2027-09-26,SYS_184,AST_F713DE74,1.509653,1,1,60.0
INSP_7D38A313,2027-09-27,SYS_007,AST_0811D38E,0.076053,0,0,60.0
INSP_BB2E3BC3,2027-09-27,SYS_010,AST_BA1E579E,0.860759,1,0,60.0
INSP_240B1836,2027-09-27,SYS_013,AST_0D114CD8,0.958566,0,0,60.0
INSP_7E8B8929,2027-09-27,SYS_033,AST_78A40885,0.553753,0,0,60.0
INSP_5D7F4800,2027-09-27,SYS_113,AST_C2D66558,1.396282,0,1,60.0
INSP_308E4DAF,2027-09-27,SYS_151,AST_1DB9A142,0.926889,0,0,60.0
INSP_4CE9F525,2027-09-27,SYS_158,AST_72555574,0.76101,0,0,60.0
INSP_5C2F7D40,2027-09-27,SYS_181,AST_69222B18,1.277002,1,1,60.0
INSP_999F321E,2027-09-27,SYS_191,AST_28102D1A,0.459854,0,0,60.0
INSP_75FC3C91,2027-09-28,SYS_041,AST_5F735C82,0.791898,0,0,60.0
INSP_8DF9F943,2027-09-28,SYS_053,AST_1421CD29,1.08036,1,1,60.0
INSP_CEBF72CC,2027-09-28,SYS_066,AST_F5795CF8,1.600221,1,1,60.0
INSP_A302D35D,2027-09-28,SYS_068,AST_B504AAFE,0.216085,0,0,60.0
INSP_7B3E5AA2,2027-09-28,SYS_071,AST_E62B116D,0.797569,0,0,60.0
INSP_CE22F360,2027-09-28,SYS_129,AST_B8F71FDD,0.931565,0,0,60.0
INSP_1A3AE641,2027-09-28,SYS_139,AST_594EB63A,0.765861,0,0,60.0
INSP_F5C62F4D,2027-09-28,SYS_190,AST_44EFBB16,0.074159,0,0,60.0
INSP_21077DD0,2027-09-29,SYS_008,AST_8CDA59B0,0.983941,0,0,60.0
INSP_171CD2F0,2027-09-29,SYS_017,AST_2A4F6B42,0.655853,0,0,60.0
INSP_FC6E8AD4,2027-09-29,SYS_088,AST_8881A08E,0.750829,1,0,60.0
INSP_A016510E,2027-09-29,SYS_097,AST_78B2DAF5,0.665986,0,0,60.0
INSP_5D5FA7C6,2027-09-29,SYS_102,AST_D4717E02,0.925672,1,0,60.0
INSP_531521EA,2027-09-29,SYS_134,AST_513E84BA,0.912396,0,0,60.0
INSP_016D2C8E,2027-09-29,SYS_140,AST_82DF0E33,1.034183,0,1,60.0
INSP_E84CFD4A,2027-09-29,SYS_164,AST_79E11B35,0.460846,0,0,60.0
INSP_B1D692B3,2027-09-29,SYS_186,AST_5CB7885A,1.031819,1,1,60.0
INSP_CA4C11D4,2027-09-30,SYS_076,AST_F603957B,0.588035,0,0,60.0
INSP_1DE411DD,2027-09-30,SYS_133,AST_36645A9F,0.853961,0,0,60.0
INSP_AFDFEB15,2027-10-01,SYS_054,AST_F3B915EB,0.184959,0,0,60.0
INSP_90396725,2027-10-01,SYS_067,AST_4F5BB5C0,0.685067,0,0,60.0
INSP_2FF9C958,2027-10-01,SYS_086,AST_783BFF5F,0.697336,0,0,60.0
INSP_18B80170,2027-10-01,SYS_105,AST_7866AE54,0.986029,0,0,60.0
INSP_AA5961A6,2027-10-01,SYS_162,AST_FA7C66DB,0.684802,1,0,60.0
INSP_365A9B44,2027-10-01,SYS_196,AST_83AEE438,1.073137,1,1,60.0
INSP_95DA3303,2027-10-02,SYS_182,AST_99B17A89,0.520248,0,0,60.0
INSP_9BAC7E2D,2027-10-02,SYS_195,AST_687608A0,0.739073,0,0,60.0
INSP_AC118424,2027-10-02,SYS_198,AST_1856384A,1.057909,0,1,60.0
INSP_D34B093D,2027-10-03,SYS_012,AST_400DB418,0.790493,0,0,60.0
INSP_FBBDA229,2027-10-03,SYS_037,AST_12C3D6E6,1.114991,1,1,60.0
INSP_B41C84A3,2027-10-03,SYS_043,AST_11D07EA3,0.492219,0,0,60.0
INSP_38BBDDE5,2027-10-03,SYS_073,AST_F220FE8F,0.586021,0,0,60.0
INSP_0BEB4D9C,2027-10-03,SYS_093,AST_5B1AF013,0.320294,0,0,60.0
INSP_A4038554,2027-10-03,SYS_107,AST_4ED453A3,1.087239,1,1,60.0
INSP_E5CD7991,2027-10-03,SYS_128,AST_D607EFBB,1.245199,1,1,60.0
INSP_5000A8D9,2027-10-04,SYS_001,AST_4062C732,0.744363,1,0,60.0
INSP_1F3D3E8D,2027-10-04,SYS_009,AST_59AE948D,0.661175,0,0,60.0
INSP_16D36421,2027-10-04,SYS_023,AST_E2660384,0.708746,0,0,60.0
INSP_22C50E1D,2027-10-04,SYS_048,AST_B7D85950,0.912869,1,0,60.0
INSP_449D55DB,2027-10-04,SYS_080,AST_9613CDC6,0.605671,0,0,60.0
INSP_D2C4FAEF,2027-10-04,SYS_095,AST_F7A145A0,0.875139,0,0,60.0
INSP_B6511DD6,2027-10-04,SYS_121,AST_54780091,-0.050141,0,0,60.0
INSP_2173DDA5,2027-10-04,SYS_126,AST_C9DE68BD,0.89779,0,0,60.0
INSP_75990998,2027-10-04,SYS_146,AST_1E893714,0.601039,0,0,60.0
INSP_2E5EC937,2027-10-04,SYS_168,AST_FB44B477,1.184652,1,1,60.0
INSP_00B3D4D4,2027-10-05,SYS_042,AST_46131EB7,0.699988,0,0,60.0
INSP_4CB24BF3,2027-10-05,SYS_055,AST_65BC7AF4,0.886993,0,0,60.0
INSP_F26D5C1A,2027-10-05,SYS_125,AST_3F4357D4,1.152838,1,1,60.0
INSP_9EE7035E,2027-10-05,SYS_131,AST_36C9F1A5,0.877204,0,0,60.0
INSP_C2F649AD,2027-10-05,SYS_197,AST_C302525D,1.504261,1,1,60.0
INSP_D8FD9838,2027-10-06,SYS_024,AST_360766DC,0.855158,1,0,60.0
INSP_89DD76CF,2027-10-06,SYS_052,AST_79A75A88,1.085183,0,1,60.0
INSP_9D67C876,2027-10-06,SYS_059,AST_1F05FC1B,0.919967,0,0,60.0
INSP_C8654D35,2027-10-06,SYS_174,AST_4BB6A596,0.769414,0,0,60.0
INSP_B090052E,2027-10-06,SYS_199,AST_B4105540,0.494245,0,0,60.0
INSP_1FE8ED96,2027-10-07,SYS_011,AST_C95E4C36,0.664767,0,0,60.0
INSP_63FBC630,2027-10-07,SYS_026,AST_1EC8F895,0.816937,0,0,60.0
INSP_B5D41CC2,2027-10-07,SYS_078,AST_22724B56,0.770371,0,0,60.0
INSP_B168D0B3,2027-10-07,SYS_127,AST_0BB6D2CA,0.852912,1,0,60.0
INSP_A817D64A,2027-10-07,SYS_167,AST_05426636,0.44365,0,0,60.0
INSP_7966EA4F,2027-10-08,SYS_016,AST_75491F89,1.163631,1,1,60.0
INSP_E9073E71,2027-10-08,SYS_035,AST_EC002B8E,1.270339,1,1,60.0
INSP_7E52367C,2027-10-08,SYS_075,AST_9F8C53BE,1.24044,1,1,60.0
INSP_4271355F,2027-10-08,SYS_091,AST_FF3BACB3,1.01591,1,1,60.0
INSP_950B54B1,2027-10-08,SYS_096,AST_94F5E2F2,1.258977,1,1,60.0
INSP_DC7EEC2F,2027-10-08,SYS_138,AST_BDEBA9F4,0.590172,0,0,60.0
INSP_F1E74A97,2027-10-08,SYS_141,AST_C841EE03,1.402432,1,1,60.0
INSP_B23C97F1,2027-10-08,SYS_144,AST_E96A36D9,0.586994,0,0,60.0
INSP_A82E4EB8,2027-10-08,SYS_173,AST_761AB970,0.503465,0,0,60.0
INSP_3B771458,2027-10-09,SYS_005,AST_2355582B,0.499393,0,0,60.0
INSP_A01AF424,2027-10-09,SYS_045,AST_71683139,0.984917,1,0,60.0
INSP_EB2F64E4,2027-10-09,SYS_063,AST_36AFB794,0.977587,0,0,60.0
INSP_E576E97F,2027-10-09,SYS_079,AST_D2724D76,1.168393,0,1,60.0
INSP_CB24BA55,2027-10-09,SYS_119,AST_47437ED7,1.544799,1,1,60.0
INSP_15355F2B,2027-10-09,SYS_124,AST_C6FED7CE,0.811071,0,0,60.0
INSP_061B0419,2027-10-09,SYS_169,AST_55F0F9F6,1.575741,1,1,60.0
INSP_DDCCEA8E,2027-10-09,SYS_179,AST_05AA0B71,0.789772,0,0,60.0
INSP_1B4C9F1B,2027-10-09,SYS_188,AST_0D8C5A64,0.616153,0,0,60.0
INSP_E2D43341,2027-10-10,SYS_014,AST_C582AD53,0.959297,1,0,60.0
INSP_4D0A1252,2027-10-10,SYS_036,AST_201A44F7,0.022231,0,0,60.0
INSP_7D388C63,2027-10-10,SYS_085,AST_BC13EB44,1.198297,1,1,60.0
INSP_03A7671B,2027-10-10,SYS_090,AST_3E900085,0.539471,0,0,60.0
INSP_9B30574B,2027-10-10,SYS_106,AST_2B28FACA,1.002041,0,1,60.0
INSP_58A73160,2027-10-10,SYS_154,AST_8779BF08,0.69551,1,0,60.0
INSP_5CB72351,2027-10-10,SYS_177,AST_74A7AC95,0.822163,0,0,60.0
INSP_EE1C1B55,2027-10-11,SYS_061,AST_A35FE079,0.43174,0,0,60.0
INSP_3F0A54D2,2027-10-11,SYS_116,AST_C5B87FD2,0.631474,0,0,60.0
INSP_7D834063,2027-10-11,SYS_157,AST_07151874,1.684298,1,1,60.0
INSP_08623648,2027-10-11,SYS_192,AST_D07C19AF,1.008032,1,1,60.0
INSP_D956661E,2027-10-12,SYS_047,AST_7CD9A8D7,1.229238,0,1,60.0
INSP_843ECF59,2027-10-12,SYS_099,AST_2E2BCA5E,1.467505,1,1,60.0
INSP_D10DDE5D,2027-10-12,SYS_104,AST_067D11C4,0.623785,0,0,60.0
INSP_E8869FDE,2027-10-12,SYS_176,AST_5DF61EE8,0.789642,1,0,60.0
INSP_442BDB74,2027-10-13,SYS_034,AST_898B9A3E,1.399988,1,1,60.0
INSP_207343CE,2027-10-13,SYS_069,AST_4923F9CD,0.660563,0,0,60.0
INSP_ACBCFF65,2027-10-13,SYS_118,AST_CD01BE37,0.492269,0,0,60.0
INSP_3799C732,2027-10-13,SYS_159,AST_3EE93CB8,1.033705,1,1,60.0
INSP_AB219DBA,2027-10-14,SYS_000,AST_AD9DFCC2,0.549044,0,0,60.0
INSP_CF7D1405,2027-10-14,SYS_015,AST_972033C2,0.624882,0,0,60.0
INSP_035390B8,2027-10-14,SYS_018,AST_32331E58,0.791994,0,0,60.0
INSP_2FED133C,2027-10-14,SYS_027,AST_F62C7205,0.745487,0,0,60.0
INSP_078ABE6A,2027-10-14,SYS_049,AST_8B590081,0.682276,0,0,60.0
INSP_6EF01419,2027-10-14,SYS_084,AST_D1DA8606,0.746508,1,0,60.0
INSP_908F1BE7,2027-10-14,SYS_123,AST_81F81829,0.61525,0,0,60.0
INSP_1A8D0796,2027-10-14,SYS_189,AST_3346BE51,0.535667,0,0,60.0
INSP_35B717B7,2027-10-15,SYS_032,AST_9EA318AD,0.558428,0,0,60.0
INSP_7C7F5D36,2027-10-15,SYS_056,AST_9A03EA3C,0.887392,0,0,60.0
INSP_B367C8E5,2027-10-15,SYS_057,AST_3D7F459C,0.689345,0,0,60.0
INSP_B620E1CF,2027-10-15,SYS_060,AST_F0FDDB4C,0.740636,0,0,60.0
INSP_6F5367FB,2027-10-15,SYS_082,AST_677BB75C,0.974752,0,0,60.0
INSP_F87769B4,2027-10-15,SYS_114,AST_71208FE4,1.711356,1,1,60.0
INSP_70AD4A8C,2027-10-15,SYS_136,AST_46F2626C,1.096503,0,1,60.0
INSP_DE464C57,2027-10-15,SYS_145,AST_FDBA2A0E,1.333746,1,1,60.0
INSP_040F3A20,2027-10-15,SYS_148,AST_0CAAF0CA,0.91179,1,0,60.0
INSP_B424CB03,2027-10-15,SYS_170,AST_41E4C47D,0.905483,1,0,60.0
INSP_7E428F13,2027-10-15,SYS_178,AST_FB8BAAE3,0.807597,0,0,60.0
INSP_4DF68258,2027-10-15,SYS_185,AST_A2B95F2A,1.641113,1,1,60.0
INSP_813EAA35,2027-10-16,SYS_044,AST_24282EF9,0.988632,0,0,60.0
INSP_E79EFEB7,2027-10-16,SYS_062,AST_E6F98CD6,1.109679,1,1,60.0
INSP_F4E88473,2027-10-16,SYS_111,AST_AA47D855,0.936968,0,0,60.0
INSP_B152BE5A,2027-10-16,SYS_160,AST_1C7F68AF,0.816886,0,0,60.0
INSP_0E7B961A,2027-10-17,SYS_006,AST_01B706B3,1.203943,1,1,60.0
INSP_1EE7D922,2027-10-17,SYS_021,AST_47CEED8F,1.08553,0,1,60.0
INSP_26CAB55E,2027-10-17,SYS_103,AST_E421B8F7,0.819111,0,0,60.0
INSP_DA059451,2027-10-17,SYS_115,AST_E485A485,0.979234,0,0,60.0
INSP_44BB3E4F,2027-10-17,SYS_166,AST_DA889646,1.190879,1,1,60.0
INSP_FF46CAF0,2027-10-18,SYS_003,AST_792F8123,1.195244,1,1,60.0
INSP_9FC1195A,2027-10-18,SYS_007,AST_0811D38E,0.312998,0,0,60.0
INSP_DEB76868,2027-10-18,SYS_025,AST_FAC40B08,0.510644,0,0,60.0
INSP_CE1695D2,2027-10-18,SYS_029,AST_72182962,1.092536,1,1,60.0
INSP_CB623F80,2027-10-18,SYS_038,AST_C09E7897,1.461773,1,1,60.0
INSP_17722CF1,2027-10-18,SYS_050,AST_F69AFC56,1.445918,1,1,60.0
INSP_75D657A7,2027-10-18,SYS_070,AST_EF1723A7,0.841316,0,0,60.0
INSP_51BEC695,2027-10-18,SYS_074,AST_005C2060,0.91463,0,0,60.0
INSP_1466108A,2027-10-18,SYS_083,AST_35C2C263,0.668159,1,0,60.0
INSP_83C514A5,2027-10-18,SYS_142,AST_A42F6532,1.544054,1,1,60.0
INSP_497A44E5,2027-10-18,SYS_150,AST_39BD878A,1.12203,0,1,60.0
INSP_9B7F0AB9,2027-10-18,SYS_156,AST_E775854F,0.840974,0,0,60.0
INSP_9578FA2C,2027-10-18,SYS_187,AST_973CB783,0.61046,0,0,60.0
INSP_693268A5,2027-10-18,SYS_194,AST_94955F5C,0.700183,0,0,60.0
INSP_9EBB2462,2027-10-19,SYS_022,AST_3A3ABCBA,1.487837,1,1,60.0
INSP_7976674F,2027-10-19,SYS_028,AST_01BDCD63,0.904286,0,0,60.0
INSP_633BB282,2027-10-19,SYS_081,AST_445C2E7F,0.513339,0,0,60.0
INSP_611F7BB8,2027-10-19,SYS_101,AST_199E4ED5,0.267205,0,0,60.0
INSP_8C1673D1,2027-10-19,SYS_120,AST_8176A690,0.473667,0,0,60.0
INSP_CED322FF,2027-10-19,SYS_153,AST_F56E95CE,-0.099619,0,0,60.0
INSP_A1D44318,2027-10-19,SYS_172,AST_ADEC264C,0.859912,0,0,60.0
INSP_05639DFB,2027-10-20,SYS_004,AST_54CF9070,-0.145998,0,0,60.0
INSP_7053308D,2027-10-20,SYS_087,AST_CEA7BD4E,1.426159,1,1,60.0
INSP_0AA12A9A,2027-10-20,SYS_108,AST_8823CDE5,0.520501,0,0,60.0
INSP_629B7FB1,2027-10-20,SYS_143,AST_5AB29CA1,0.70717,0,0,60.0
INSP_760C78EF,2027-10-20,SYS_193,AST_B624BE5F,1.252099,0,1,60.0
INSP_BD45B640,2027-10-21,SYS_031,AST_9FC6C1DF,1.173352,0,1,60.0
INSP_FF8919DF,2027-10-21,SYS_046,AST_CA11BC6D,0.722713,0,0,60.0
INSP_F8F735B1,2027-10-21,SYS_065,AST_C0195FDC,0.935662,0,0,60.0
INSP_52F3CB8D,2027-10-21,SYS_152,AST_25E0634B,1.251799,0,1,60.0
INSP_61E87E2B,2027-10-22,SYS_064,AST_6BB62FDB,0.906002,0,0,60.0
INSP_3C5C5CB5,2027-10-22,SYS_072,AST_2677C73B,0.993058,0,0,60.0
INSP_E6352FFD,2027-10-22,SYS_076,AST_F603957B,0.676577,0,0,60.0
INSP_5EB5EC33,2027-10-22,SYS_110,AST_FED5DCED,1.271598,1,1,60.0
INSP_0F213444,2027-10-23,SYS_098,AST_336E36C7,1.277906,1,1,60.0
INSP_A68A85CC,2027-10-23,SYS_155,AST_EB9D2923,0.253674,0,0,60.0
INSP_C10DA6DE,2027-10-23,SYS_171,AST_5A3839A3,0.361487,0,0,60.0
INSP_4197B8A1,2027-10-23,SYS_180,AST_ABEDAC5D,0.977562,0,0,60.0
INSP_B0AB2775,2027-10-24,SYS_020,AST_D740D9D8,0.275201,0,0,60.0
INSP_C55A69B1,2027-10-24,SYS_040,AST_D89EE066,0.916439,1,0,60.0
INSP_0C9C78D8,2027-10-24,SYS_117,AST_AF2CD7F7,1.3725,1,1,60.0
INSP_CB9D28CA,2027-10-25,SYS_019,AST_295F6162,1.311767,1,1,60.0
INSP_7C0E970A,2027-10-25,SYS_077,AST_C4095CA0,0.523898,0,0,60.0
INSP_DF961B8C,2027-10-25,SYS_122,AST_A852979F,0.516308,0,0,60.0
INSP_B90C0AB2,2027-10-25,SYS_132,AST_B471717C,1.324168,1,1,60.0
INSP_275D1A34,2027-10-25,SYS_135,AST_9F388D08,0.502931,0,0,60.0
INSP_3430D469,2027-10-25,SYS_147,AST_059BC199,1.064881,1,1,60.0
INSP_CE0779B6,2027-10-25,SYS_183,AST_3AC31DE4,1.544975,1,1,60.0
INSP_D64064D3,2027-10-26,SYS_001,AST_4062C732,1.479531,1,1,60.0
INSP_FFF0D6A4,2027-10-26,SYS_002,AST_8C3021C3,1.119769,1,1,60.0
INSP_BDD0F2E1,2027-10-26,SYS_008,AST_8CDA59B0,1.274106,0,1,60.0
INSP_460DC17C,2027-10-26,SYS_071,AST_E62B116D,1.195171,1,1,60.0
INSP_6A744425,2027-10-26,SYS_109,AST_36E83F9B,1.676912,1,1,60.0
INSP_D10B7D6D,2027-10-26,SYS_158,AST_72555574,1.37224,1,1,60.0
INSP_850BBC43,2027-10-26,SYS_191,AST_28102D1A,0.85428,1,0,60.0
INSP_07AAAA04,2027-10-27,SYS_053,AST_1421CD29,0.578318,0,0,60.0
INSP_FB5FF294,2027-10-27,SYS_058,AST_F3A498A9,1.233222,1,1,60.0
INSP_AC1EEA67,2027-10-27,SYS_088,AST_8881A08E,1.131126,1,1,60.0
INSP_A3EA4FF5,2027-10-27,SYS_129,AST_B8F71FDD,0.917553,1,0,60.0
INSP_3799B089,2027-10-27,SYS_130,AST_3A50A6C8,0.788399,0,0,60.0
INSP_F655BBF7,2027-10-27,SYS_149,AST_AB74CC0D,1.882428,1,1,60.0
INSP_3A60B232,2027-10-27,SYS_151,AST_1DB9A142,1.042307,1,1,60.0
INSP_1A668281,2027-10-27,SYS_168,AST_FB44B477,0.860975,0,0,60.0
INSP_300FE751,2027-10-28,SYS_013,AST_0D114CD8,1.06845,1,1,60.0
INSP_FD3E5728,2027-10-28,SYS_030,AST_963E7AC3,0.063867,0,0,60.0
INSP_EB15A27D,2027-10-28,SYS_041,AST_5F735C82,0.877432,0,0,60.0
INSP_8770A4D4,2027-10-28,SYS_137,AST_CC32FEC1,1.34627,1,1,60.0
INSP_93480968,2027-10-28,SYS_163,AST_24ADEDD2,0.383621,0,0,60.0
INSP_170F937F,2027-10-28,SYS_181,AST_69222B18,0.740867,0,0,60.0
INSP_542F11F0,2027-10-28,SYS_190,AST_44EFBB16,0.522391,0,0,60.0
INSP_D8F8CDB2,2027-10-29,SYS_017,AST_2A4F6B42,0.878552,1,0,60.0
INSP_935CE83F,2027-10-29,SYS_092,AST_A654FA74,1.082036,1,1,60.0
INSP_74BDDBAD,2027-10-29,SYS_097,AST_78B2DAF5,1.322011,1,1,60.0
INSP_134ED54A,2027-10-29,SYS_102,AST_D4717E02,1.457708,1,1,60.0
INSP_6E3ADD50,2027-10-29,SYS_112,AST_72528000,0.991756,1,0,60.0
INSP_FBDF5B39,2027-10-29,SYS_134,AST_513E84BA,0.985118,1,0,60.0
INSP_EB73A819,2027-10-29,SYS_140,AST_82DF0E33,0.915331,0,0,60.0
INSP_0A892B6B,2027-10-29,SYS_165,AST_DAF61BF2,0.090418,0,0,60.0
INSP_156253E2,2027-10-29,SYS_184,AST_F713DE74,0.362816,0,0,60.0
INSP_80037D94,2027-10-29,SYS_186,AST_5CB7885A,0.609484,0,0,60.0
INSP_DD12AC67,2027-10-30,SYS_010,AST_BA1E579E,1.604224,1,1,60.0
INSP_DA5FE082,2027-10-30,SYS_039,AST_0C2D90D2,0.544847,0,0,60.0
INSP_004414FD,2027-10-30,SYS_089,AST_F3FA3B59,1.168487,1,1,60.0
INSP_D05BD98F,2027-10-30,SYS_093,AST_5B1AF013,0.620941,0,0,60.0
INSP_4C46DA7A,2027-10-30,SYS_131,AST_36C9F1A5,0.648822,0,0,60.0
INSP_9E99EAC3,2027-10-30,SYS_139,AST_594EB63A,1.040694,0,1,60.0
INSP_7BFE0C83,2027-10-30,SYS_188,AST_0D8C5A64,1.227078,1,1,60.0
INSP_C20B1EC5,2027-10-30,SYS_196,AST_83AEE438,1.027489,0,1,60.0
INSP_7E77E33F,2027-10-31,SYS_051,AST_8936EA7E,1.106412,1,1,60.0
INSP_B6DC0A36,2027-10-31,SYS_054,AST_F3B915EB,0.648905,0,0,60.0
INSP_FCE44265,2027-10-31,SYS_080,AST_9613CDC6,1.247475,1,1,60.0
INSP_1BEF7C5B,2027-10-31,SYS_094,AST_DDF229A0,0.603328,0,0,60.0
INSP_51258E64,2027-10-31,SYS_146,AST_1E893714,0.986307,0,0,60.0
INSP_6B1E7D33,2027-11-01,SYS_033,AST_78A40885,1.105586,1,1,60.0
INSP_AA9E56DC,2027-11-01,SYS_042,AST_46131EB7,0.750127,0,0,60.0
INSP_8DF6D87D,2027-11-01,SYS_066,AST_F5795CF8,0.678818,0,0,60.0
INSP_266A3211,2027-11-02,SYS_011,AST_C95E4C36,1.28042,1,1,60.0
INSP_5389A5D8,2027-11-02,SYS_107,AST_4ED453A3,0.623289,0,0,60.0
INSP_8093B44C,2027-11-02,SYS_126,AST_C9DE68BD,1.035555,1,1,60.0
INSP_9BDB9BFD,2027-11-02,SYS_128,AST_D607EFBB,0.37296,0,0,60.0
INSP_4EC74D36,2027-11-02,SYS_164,AST_79E11B35,1.120913,1,1,60.0
INSP_0AFE9E8E,2027-11-02,SYS_169,AST_0794E089,-0.22574,0,0,60.0
INSP_241F7A8A,2027-11-02,SYS_175,AST_26E9BA3E,0.839095,0,0,60.0
INSP_C3857C4F,2027-11-03,SYS_048,AST_B7D85950,1.841303,1,1,60.0
INSP_424E2C74,2027-11-03,SYS_052,AST_79A75A88,0.631525,0,0,60.0
INSP_84AF07A9,2027-11-03,SYS_067,AST_4F5BB5C0,1.650963,1,1,60.0
INSP_D091DEFD,2027-11-03,SYS_100,AST_084192EF,-0.086642,0,0,60.0
INSP_C9B12976,2027-11-03,SYS_105,AST_7866AE54,1.094039,1,1,60.0
INSP_AD098191,2027-11-03,SYS_121,AST_54780091,0.435613,0,0,60.0
INSP_72486966,2027-11-03,SYS_125,AST_3F4357D4,0.58826,0,0,60.0
INSP_AC6BBB4A,2027-11-03,SYS_144,AST_E96A36D9,0.755751,1,0,60.0
INSP_BC0DAAED,2027-11-03,SYS_182,AST_99B17A89,1.000053,1,1,60.0
INSP_65F1E8D2,2027-11-03,SYS_198,AST_1856384A,0.513958,0,0,60.0
INSP_25F1DC35,2027-11-04,SYS_037,AST_12C3D6E6,1.037273,0,1,60.0
INSP_E2C69250,2027-11-04,SYS_059,AST_1F05FC1B,1.136054,0,1,60.0
INSP_F56BF6DD,2027-11-04,SYS_068,AST_B504AAFE,1.058809,1,1,60.0
INSP_C6582D4E,2027-11-04,SYS_073,AST_F220FE8F,1.177589,0,1,60.0
INSP_0248A746,2027-11-04,SYS_113,AST_C2D66558,0.553488,0,0,60.0
INSP_752834CE,2027-11-04,SYS_157,AST_07151874,0.965733,0,0,60.0
INSP_F28B0CE0,2027-11-04,SYS_161,AST_D05D43D5,0.531571,0,0,60.0
INSP_DA57A5BF,2027-11-04,SYS_195,AST_687608A0,0.067558,0,0,60.0
INSP_164A6446,2027-11-05,SYS_078,AST_22724B56,1.28735,1,1,60.0
INSP_907B1B52,2027-11-05,SYS_091,AST_FF3BACB3,0.883158,0,0,60.0
INSP_27332EBE,2027-11-05,SYS_133,AST_36645A9F,1.396463,1,1,60.0
INSP_C6D0D6D4,2027-11-05,SYS_197,AST_C302525D,0.718276,0,0,60.0
INSP_555426E7,2027-11-06,SYS_036,AST_201A44F7,0.759102,0,0,60.0
INSP_9838DDC0,2027-11-06,SYS_055,AST_65BC7AF4,1.215746,1,1,60.0
INSP_BD806F57,2027-11-06,SYS_075,AST_9F8C53BE,1.193875,0,1,60.0
INSP_A62AA448,2027-11-06,SYS_085,AST_BC13EB44,0.819303,0,0,60.0
INSP_F80885CE,2027-11-06,SYS_123,AST_81F81829,1.003428,0,1,60.0
INSP_AEE55350,2027-11-06,SYS_127,AST_0BB6D2CA,1.569812,1,1,60.0
INSP_70946B25,2027-11-06,SYS_167,AST_05426636,0.570857,0,0,60.0
INSP_51B15371,2027-11-06,SYS_178,AST_FB8BAAE3,1.168843,0,1,60.0
INSP_65D87136,2027-11-07,SYS_015,AST_972033C2,0.877593,1,0,60.0
INSP_73ED60B2,2027-11-07,SYS_023,AST_E2660384,1.367341,1,1,60.0
INSP_A9DAA3A4,2027-11-07,SYS_035,AST_EC002B8E,0.509249,0,0,60.0
INSP_C260FCD7,2027-11-07,SYS_086,AST_783BFF5F,0.970418,0,0,60.0
INSP_B38AE6D6,2027-11-07,SYS_096,AST_94F5E2F2,0.595987,0,0,60.0
INSP_B1858275,2027-11-07,SYS_162,AST_FA7C66DB,1.543372,1,1,60.0
INSP_CDA22102,2027-11-07,SYS_177,AST_74A7AC95,1.035665,0,1,60.0
INSP_F2E323B1,2027-11-07,SYS_179,AST_05AA0B71,1.190756,1,1,60.0
INSP_E0E7AB10,2027-11-08,SYS_012,AST_400DB418,1.346013,1,1,60.0
INSP_5B02432B,2027-11-08,SYS_026,AST_1EC8F895,1.007793,0,1,60.0
INSP_79D1D400,2027-11-08,SYS_045,AST_71683139,1.377564,1,1,60.0
INSP_024B0CC4,2027-11-08,SYS_118,AST_CD01BE37,0.87809,0,0,60.0
INSP_EFDF7A0B,2027-11-08,SYS_119,AST_47437ED7,0.539434,0,0,60.0
INSP_82F76825,2027-11-09,SYS_024,AST_360766DC,1.546194,1,1,60.0
INSP_43F67197,2027-11-09,SYS_032,AST_9EA318AD,1.236699,1,1,60.0
INSP_AEAFF624,2027-11-09,SYS_043,AST_11D07EA3,1.215345,0,1,60.0
INSP_18453685,2027-11-09,SYS_063,AST_36AFB794,1.023405,1,1,60.0
INSP_57BCE655,2027-11-09,SYS_106,AST_2B28FACA,0.560749,0,0,60.0
INSP_449A2BC7,2027-11-09,SYS_124,AST_C6FED7CE,1.249275,1,1,60.0
INSP_2A8CDD76,2027-11-09,SYS_192,AST_D07C19AF,0.60276,0,0,60.0
INSP_2A2D39A1,2027-11-10,SYS_014,AST_C582AD53,1.674059,1,1,60.0
INSP_1DBC95C1,2027-11-10,SYS_095,AST_F7A145A0,1.298664,1,1,60.0
INSP_B4CD5BEC,2027-11-10,SYS_141,AST_C841EE03,0.886674,0,0,60.0
INSP_4216B205,2027-11-10,SYS_154,AST_8779BF08,1.648997,1,1,60.0
INSP_959D2B0A,2027-11-10,SYS_176,AST_5DF61EE8,1.356703,1,1,60.0
INSP_1FE9B232,2027-11-10,SYS_185,AST_A2B95F2A,0.474115,0,0,60.0
INSP_C1C4C4F3,2027-11-11,SYS_009,AST_59AE948D,1.182328,1,1,60.0
INSP_BC1D367B,2027-11-11,SYS_016,AST_75491F89,1.193307,0,1,60.0
INSP_2CE9BF7A,2027-11-11,SYS_027,AST_F62C7205,0.903842,0,0,60.0
INSP_CC39CBC3,2027-11-11,SYS_034,AST_898B9A3E,0.970995,0,0,60.0
INSP_0B933C06,2027-11-11,SYS_044,AST_24282EF9,1.01611,1,1,60.0
INSP_BF0412C4,2027-11-11,SYS_074,AST_005C2060,1.218944,0,1,60.0
INSP_7227E7DF,2027-11-11,SYS_090,AST_3E900085,0.594639,0,0,60.0
INSP_4EAE43F3,2027-11-11,SYS_114,AST_3B20CC2A,0.031202,0,0,60.0
INSP_76AD61EE,2027-11-11,SYS_136,AST_46F2626C,0.615091,0,0,60.0
INSP_303C90D2,2027-11-11,SYS_138,AST_BDEBA9F4,0.97266,1,0,60.0
INSP_19C64A27,2027-11-11,SYS_166,AST_DA889646,1.137689,0,1,60.0
INSP_5439D26A,2027-11-11,SYS_173,AST_761AB970,0.839316,0,0,60.0
INSP_8534D888,2027-11-11,SYS_199,AST_B4105540,0.82136,0,0,60.0
INSP_B8252EF9,2027-11-12,SYS_025,AST_FAC40B08,0.560173,0,0,60.0
INSP_B2F4C66B,2027-11-12,SYS_062,AST_E6F98CD6,0.532425,0,0,60.0
INSP_FF58FD5A,2027-11-13,SYS_005,AST_2355582B,0.948905,0,0,60.0
INSP_0973C849,2027-11-13,SYS_047,AST_7CD9A8D7,0.499562,0,0,60.0
INSP_2D88A60E,2027-11-13,SYS_060,AST_F0FDDB4C,0.802089,0,0,60.0
INSP_FBAB4F09,2027-11-13,SYS_156,AST_E775854F,0.535805,0,0,60.0
INSP_152023B3,2027-11-14,SYS_000,AST_AD9DFCC2,1.114186,0,1,60.0
INSP_7EF71FA7,2027-11-14,SYS_061,AST_A35FE079,1.013244,1,1,60.0
INSP_84F2E3BD,2027-11-14,SYS_098,AST_336E36C7,0.131171,0,0,60.0
INSP_494D5D53,2027-11-14,SYS_111,AST_AA47D855,1.403636,1,1,60.0
INSP_0546D78E,2027-11-14,SYS_170,AST_41E4C47D,1.578209,1,1,60.0
INSP_B2DD2C36,2027-11-15,SYS_069,AST_4923F9CD,0.78487,0,0,60.0
INSP_31B5CD84,2027-11-15,SYS_137,AST_CC32FEC1,0.293751,0,0,60.0
INSP_A32319EB,2027-11-15,SYS_145,AST_FDBA2A0E,0.737968,0,0,60.0
INSP_900A3C4E,2027-11-15,SYS_174,AST_4BB6A596,0.775969,1,0,60.0
INSP_732D5B9C,2027-11-15,SYS_189,AST_3346BE51,0.977973,0,0,60.0
INSP_BEC5AABF,2027-11-16,SYS_038,AST_C09E7897,0.48214,0,0,60.0
INSP_4BD237F2,2027-11-16,SYS_046,AST_CA11BC6D,0.705397,1,0,60.0
INSP_78C2DFA8,2027-11-16,SYS_049,AST_8B590081,1.232871,1,1,60.0
INSP_7F419FB0,2027-11-16,SYS_082,AST_677BB75C,1.508227,1,1,60.0
INSP_FF6277D5,2027-11-16,SYS_084,AST_D1DA8606,1.330457,1,1,60.0
INSP_2B098E45,2027-11-16,SYS_088,AST_8881A08E,0.612554,0,0,60.0
INSP_C5D78350,2027-11-16,SYS_104,AST_067D11C4,0.786447,0,0,60.0
INSP_4C597949,2027-11-16,SYS_116,AST_C5B87FD2,0.57146,1,0,60.0
INSP_0F72181C,2027-11-16,SYS_147,AST_059BC199,0.468124,0,0,60.0
INSP_BC82DE93,2027-11-17,SYS_004,AST_54CF9070,0.373535,0,0,60.0
INSP_C82CDDFC,2027-11-17,SYS_006,AST_01B706B3,0.932128,0,0,60.0
INSP_1FABA45E,2027-11-17,SYS_029,AST_72182962,0.670521,0,0,60.0
INSP_3D8307DB,2027-11-17,SYS_056,AST_9A03EA3C,1.268552,1,1,60.0
INSP_FFDDD2F8,2027-11-17,SYS_115,AST_E485A485,1.026033,1,1,60.0
INSP_09695E24,2027-11-18,SYS_108,AST_8823CDE5,0.857589,0,0,60.0
INSP_6821784D,2027-11-19,SYS_018,AST_32331E58,1.42212,1,1,60.0
INSP_B57A07E9,2027-11-19,SYS_053,AST_1421CD29,1.043274,0,1,60.0
INSP_1D3EACE0,2027-11-19,SYS_057,AST_3D7F459C,0.705978,0,0,60.0
INSP_362821DE,2027-11-19,SYS_099,AST_2E2BCA5E,0.845666,0,0,60.0
INSP_22720EC7,2027-11-19,SYS_103,AST_E421B8F7,1.443383,1,1,60.0
INSP_D3CF51E7,2027-11-19,SYS_142,AST_A42F6532,0.810336,0,0,60.0
INSP_2685F82D,2027-11-19,SYS_172,AST_ADEC264C,0.885602,1,0,60.0
INSP_106A1951,2027-11-20,SYS_030,AST_963E7AC3,0.503375,0,0,60.0
INSP_A06B70DC,2027-11-20,SYS_064,AST_6BB62FDB,0.829517,0,0,60.0
INSP_F6BC58B7,2027-11-20,SYS_132,AST_B471717C,0.795332,0,0,60.0
INSP_638CF9EE,2027-11-20,SYS_143,AST_5AB29CA1,0.804122,0,0,60.0
INSP_D5C9322F,2027-11-20,SYS_159,AST_3EE93CB8,1.032229,0,1,60.0
INSP_D4C56A40,2027-11-20,SYS_168,AST_FB44B477,1.018555,1,1,60.0
INSP_70563016,2027-11-21,SYS_007,AST_0811D38E,0.652855,0,0,60.0
INSP_FD0C1915,2027-11-21,SYS_008,AST_8CDA59B0,0.523164,0,0,60.0
INSP_AB819818,2027-11-21,SYS_022,AST_3A3ABCBA,1.12011,0,1,60.0
INSP_427DDD86,2027-11-21,SYS_070,AST_EF1723A7,1.213386,1,1,60.0
INSP_194D38A9,2027-11-21,SYS_072,AST_2677C73B,1.370356,1,1,60.0
INSP_938DC041,2027-11-21,SYS_079,AST_5E8A2B1A,0.234047,0,0,60.0
INSP_3697503E,2027-11-21,SYS_087,AST_CEA7BD4E,0.64966,0,0,60.0
INSP_4FAFC500,2027-11-21,SYS_101,AST_199E4ED5,0.763805,0,0,60.0
INSP_850CF09D,2027-11-21,SYS_134,AST_513E84BA,1.090045,1,1,60.0
INSP_4ED8B065,2027-11-21,SYS_148,AST_0CAAF0CA,1.535222,1,1,60.0
INSP_7ACB2B87,2027-11-21,SYS_150,AST_39BD878A,0.422897,0,0,60.0
INSP_A85BE604,2027-11-21,SYS_160,AST_1C7F68AF,0.902446,0,0,60.0
INSP_5160E46C,2027-11-22,SYS_001,AST_4062C732,0.582553,0,0,60.0
INSP_FDB35024,2027-11-22,SYS_021,AST_47CEED8F,0.99062,0,0,60.0
INSP_9F845083,2027-11-22,SYS_083,AST_35C2C263,1.746255,1,1,60.0
INSP_9F040C83,2027-11-22,SYS_094,AST_DDF229A0,1.158676,1,1,60.0
INSP_8EEEF40E,2027-11-22,SYS_109,AST_36E83F9B,0.992195,0,0,60.0
INSP_F35B3037,2027-11-22,SYS_110,AST_FED5DCED,0.521698,0,0,60.0
INSP_75073F52,2027-11-22,SYS_122,AST_A852979F,0.847529,1,0,60.0
INSP_15C1602C,2027-11-22,SYS_151,AST_1DB9A142,0.511909,0,0,60.0
INSP_B3AF42D0,2027-11-22,SYS_155,AST_EB9D2923,1.449008,1,1,60.0
INSP_73B16E63,2027-11-22,SYS_193,AST_B624BE5F,0.656675,0,0,60.0
INSP_3FDEF0F6,2027-11-23,SYS_002,AST_8C3021C3,0.892636,0,0,60.0
INSP_AFF355BD,2027-11-23,SYS_092,AST_A654FA74,0.796153,0,0,60.0
INSP_B399DA7C,2027-11-23,SYS_129,AST_B8F71FDD,1.275164,1,1,60.0
INSP_C361EF28,2027-11-23,SYS_153,AST_F56E95CE,0.322356,0,0,60.0
INSP_DFA891E6,2027-11-24,SYS_013,AST_0D114CD8,0.862975,0,0,60.0
INSP_DEE288EE,2027-11-24,SYS_020,AST_D740D9D8,1.113634,0,1,60.0
INSP_B47F6020,2027-11-24,SYS_028,AST_01BDCD63,1.332485,1,1,60.0
INSP_A466055A,2027-11-24,SYS_058,AST_F3A498A9,0.257884,0,0,60.0
INSP_FB40B46D,2027-11-24,SYS_081,AST_445C2E7F,0.905627,0,0,60.0
INSP_D2F54A1C,2027-11-24,SYS_144,AST_E96A36D9,1.209392,1,1,60.0
INSP_374D25A5,2027-11-24,SYS_152,AST_25E0634B,0.913953,0,0,60.0
INSP_30EA53EA,2027-11-24,SYS_187,AST_973CB783,1.280071,1,1,60.0
INSP_B3633650,2027-11-24,SYS_190,AST_44EFBB16,1.134675,0,1,60.0
INSP_BB061F3C,2027-11-24,SYS_191,AST_28102D1A,1.785265,1,1,60.0
INSP_CA3321E9,2027-11-25,SYS_003,AST_792F8123,0.600604,0,0,60.0
INSP_76C43C15,2027-11-25,SYS_031,AST_9FC6C1DF,0.684173,0,0,60.0
INSP_34A5091B,2027-11-25,SYS_051,AST_8936EA7E,0.527522,0,0,60.0
INSP_C9416B0D,2027-11-25,SYS_066,AST_F5795CF8,0.686218,1,0,60.0
INSP_81674726,2027-11-25,SYS_076,AST_F603957B,1.080969,1,1,60.0
INSP_D4552103,2027-11-25,SYS_077,AST_C4095CA0,0.899295,1,0,60.0
INSP_1E3BE549,2027-11-25,SYS_097,AST_78B2DAF5,0.682355,0,0,60.0
INSP_110ABCAE,2027-11-25,SYS_112,AST_72528000,1.51392,1,1,60.0
INSP_4B0F4E39,2027-11-25,SYS_117,AST_AF2CD7F7,0.610645,0,0,60.0
INSP_FED9DAAB,2027-11-25,SYS_120,AST_8176A690,1.361636,1,1,60.0
INSP_56B55AC2,2027-11-25,SYS_184,AST_F713DE74,1.017972,1,1,60.0
INSP_6499B561,2027-11-25,SYS_194,AST_94955F5C,1.206607,1,1,60.0
INSP_0526FFA0,2027-11-26,SYS_039,AST_0C2D90D2,0.958057,0,0,60.0
INSP_4F7C7F44,2027-11-26,SYS_041,AST_5F735C82,1.348629,1,1,60.0
INSP_4188C31C,2027-11-26,SYS_130,AST_3A50A6C8,1.342273,1,1,60.0
INSP_0C0A7CC9,2027-11-26,SYS_139,AST_594EB63A,0.742508,0,0,60.0
INSP_4606269A,2027-11-26,SYS_149,AST_AB74CC0D,0.830653,0,0,60.0
INSP_46DFA40E,2027-11-26,SYS_158,AST_72555574,0.838095,0,0,60.0
INSP_1AEE3CC5,2027-11-27,SYS_040,AST_D89EE066,1.188095,1,1,60.0
INSP_FF0AD502,2027-11-27,SYS_065,AST_C0195FDC,0.844946,1,0,60.0
INSP_F907AF21,2027-11-27,SYS_068,AST_B504AAFE,0.783571,0,0,60.0
INSP_0031EC3B,2027-11-27,SYS_071,AST_E62B116D,0.726121,0,0,60.0
INSP_A98CE421,2027-11-27,SYS_093,AST_5B1AF013,0.887413,1,0,60.0
INSP_50158378,2027-11-27,SYS_135,AST_9F388D08,0.975115,0,0,60.0
INSP_81089133,2027-11-27,SYS_183,AST_3AC31DE4,0.400836,0,0,60.0
INSP_3F5326ED,2027-11-28,SYS_164,AST_79E11B35,0.954148,0,0,60.0
INSP_634DC977,2027-11-29,SYS_017,AST_2A4F6B42,0.951118,1,0,60.0
INSP_7B1B69DD,2027-11-29,SYS_042,AST_46131EB7,1.107785,1,1,60.0
INSP_705A17C9,2027-11-29,SYS_096,AST_94F5E2F2,0.634523,0,0,60.0
INSP_DB8BFD74,2027-11-29,SYS_100,AST_084192EF,0.590026,0,0,60.0
INSP_A09E88BE,2027-11-29,SYS_102,AST_D4717E02,1.174871,0,1,60.0
INSP_6199F617,2027-11-29,SYS_105,AST_7866AE54,0.710011,0,0,60.0
INSP_63F0FA73,2027-11-29,SYS_128,AST_D607EFBB,1.241947,1,1,60.0
INSP_5141E072,2027-11-29,SYS_157,AST_07151874,1.114978,1,1,60.0
INSP_6A3D2099,2027-11-29,SYS_180,AST_ABEDAC5D,0.798797,1,0,60.0
INSP_E0731992,2027-11-29,SYS_186,AST_5CB7885A,0.896947,0,0,60.0
INSP_FB0D3ED4,2027-11-30,SYS_011,AST_C95E4C36,0.884508,0,0,60.0
INSP_B5E64B0B,2027-11-30,SYS_131,AST_36C9F1A5,1.200341,1,1,60.0
INSP_24FA0E66,2027-11-30,SYS_140,AST_82DF0E33,1.160874,1,1,60.0
INSP_0C71CF42,2027-11-30,SYS_146,AST_1E893714,1.217135,1,1,60.0
INSP_078B0969,2027-11-30,SYS_181,AST_69222B18,1.358364,1,1,60.0
INSP_16172632,2027-11-30,SYS_196,AST_83AEE438,0.775942,0,0,60.0
INSP_963D0C31,2027-12-01,SYS_019,AST_295F6162,0.678923,0,0,60.0
INSP_7BDB8EEA,2027-12-01,SYS_037,AST_12C3D6E6,0.761925,0,0,60.0
INSP_6CA98E9A,2027-12-01,SYS_054,AST_F3B915EB,0.37778,0,0,60.0
INSP_66021D48,2027-12-01,SYS_089,AST_F3FA3B59,1.182447,0,1,60.0
INSP_C1D835A4,2027-12-01,SYS_107,AST_4ED453A3,1.241321,1,1,60.0
INSP_47E4ED2F,2027-12-01,SYS_127,AST_0BB6D2CA,0.471194,0,0,60.0
INSP_836BC8D5,2027-12-01,SYS_163,AST_24ADEDD2,1.231028,0,1,60.0
INSP_46FE7C39,2027-12-01,SYS_165,AST_DAF61BF2,0.772003,0,0,60.0
INSP_617064CD,2027-12-01,SYS_182,AST_99B17A89,0.625079,0,0,60.0
INSP_AC45498A,2027-12-02,SYS_059,AST_1F05FC1B,0.756255,0,0,60.0
INSP_FE912EE3,2027-12-02,SYS_085,AST_BC13EB44,0.952454,1,0,60.0
INSP_D5600394,2027-12-02,SYS_175,AST_26E9BA3E,1.187303,1,1,60.0
INSP_DD0CC53B,2027-12-02,SYS_195,AST_687608A0,0.714492,0,0,60.0
INSP_5786A0D8,2027-12-02,SYS_198,AST_1856384A,1.397388,0,1,60.0
INSP_EACC4A1C,2027-12-03,SYS_012,AST_400DB418,0.544621,0,0,60.0
INSP_088E0BFC,2027-12-03,SYS_045,AST_71683139,0.921956,0,0,60.0
INSP_E818EF40,2027-12-03,SYS_078,AST_22724B56,0.751355,0,0,60.0
INSP_6FE624B1,2027-12-03,SYS_118,AST_CD01BE37,1.316875,1,1,60.0
INSP_12DD87F2,2027-12-03,SYS_161,AST_D05D43D5,0.940991,1,0,60.0
INSP_4E49783F,2027-12-03,SYS_169,AST_0794E089,0.231289,0,0,60.0
INSP_BD35684B,2027-12-04,SYS_016,AST_75491F89,0.116866,0,0,60.0
INSP_47476FF3,2027-12-04,SYS_034,AST_898B9A3E,0.840992,0,0,60.0
INSP_C8F9D694,2027-12-04,SYS_035,AST_EC002B8E,1.272392,1,1,60.0
INSP_B61E6ECF,2027-12-04,SYS_055,AST_65BC7AF4,0.784128,0,0,60.0
INSP_4796CBFF,2027-12-04,SYS_091,AST_FF3BACB3,0.819915,1,0,60.0
INSP_68CBF1C5,2027-12-04,SYS_123,AST_81F81829,0.409046,0,0,60.0
INSP_9A940DB2,2027-12-04,SYS_178,AST_FB8BAAE3,0.318718,0,0,60.0
INSP_BDBF1982,2027-12-05,SYS_033,AST_78A40885,0.313484,0,0,60.0
INSP_3693CF5C,2027-12-05,SYS_048,AST_B7D85950,1.10826,0,1,60.0
INSP_09674D13,2027-12-05,SYS_067,AST_4F5BB5C0,0.985146,1,0,60.0
INSP_9BD57E56,2027-12-05,SYS_080,AST_9613CDC6,0.247577,0,0,60.0
INSP_C0D13D62,2027-12-05,SYS_188,AST_0D8C5A64,0.66681,0,0,60.0
INSP_4901788E,2027-12-06,SYS_005,AST_2355582B,0.990883,1,0,60.0
INSP_0E586953,2027-12-06,SYS_052,AST_79A75A88,0.95946,0,0,60.0
INSP_F5656B99,2027-12-06,SYS_063,AST_36AFB794,0.786004,0,0,60.0
INSP_35570AE7,2027-12-06,SYS_121,AST_54780091,0.656601,0,0,60.0
INSP_78995070,2027-12-06,SYS_133,AST_36645A9F,0.861184,0,0,60.0
INSP_FCC315D5,2027-12-06,SYS_173,AST_761AB970,1.084212,1,1,60.0
INSP_FECFA079,2027-12-06,SYS_179,AST_05AA0B71,0.645536,0,0,60.0
INSP_F966A51C,2027-12-07,SYS_014,AST_A0785CE0,0.333153,0,0,60.0
INSP_47496C17,2027-12-07,SYS_015,AST_972033C2,1.281631,1,1,60.0
INSP_3325AF2A,2027-12-07,SYS_026,AST_1EC8F895,0.735579,0,0,60.0
INSP_631F0BBD,2027-12-07,SYS_086,AST_783BFF5F,1.541581,1,1,60.0
INSP_7F04AB0A,2027-12-07,SYS_113,AST_C2D66558,0.566073,0,0,60.0
INSP_D1F0E6B9,2027-12-07,SYS_136,AST_46F2626C,0.814743,0,0,60.0
INSP_70EAE8C9,2027-12-07,SYS_177,AST_74A7AC95,0.372812,0,0,60.0
INSP_7BC94D37,2027-12-08,SYS_043,AST_11D07EA3,0.736756,0,0,60.0
INSP_31173D5F,2027-12-08,SYS_073,AST_F220FE8F,0.600097,0,0,60.0
INSP_BF0BFFF9,2027-12-08,SYS_119,AST_47437ED7,0.697972,0,0,60.0
INSP_129AD366,2027-12-08,SYS_125,AST_3F4357D4,1.000903,1,1,60.0
INSP_9A2B6D3E,2027-12-08,SYS_162,AST_FA7C66DB,1.070751,0,1,60.0
INSP_5ECF12AB,2027-12-09,SYS_025,AST_FAC40B08,1.255014,0,1,60.0
INSP_CEACBEE6,2027-12-09,SYS_036,AST_201A44F7,1.014595,1,1,60.0
INSP_5BB5D333,2027-12-09,SYS_044,AST_24282EF9,0.39304,0,0,60.0
INSP_78AE01CA,2027-12-09,SYS_050,AST_DA7140FA,0.33643,0,0,60.0
INSP_AA80FD1E,2027-12-09,SYS_104,AST_067D11C4,0.936226,0,0,60.0
INSP_AAD92EE0,2027-12-09,SYS_106,AST_2B28FACA,0.819751,0,0,60.0
INSP_454BE615,2027-12-09,SYS_154,AST_8779BF08,1.01039,0,1,60.0
INSP_6C53E386,2027-12-09,SYS_160,AST_1C7F68AF,1.343019,1,1,60.0
INSP_0CD18F99,2027-12-10,SYS_000,AST_AD9DFCC2,0.351937,0,0,60.0
INSP_4D9B788F,2027-12-10,SYS_024,AST_7DB6A279,0.133091,0,0,60.0
INSP_83BD8EF7,2027-12-10,SYS_032,AST_9EA318AD,0.836645,0,0,60.0
INSP_CEEC3FFE,2027-12-10,SYS_111,AST_AA47D855,0.644716,0,0,60.0
INSP_DEA8DBB7,2027-12-11,SYS_074,AST_005C2060,0.238363,0,0,60.0
INSP_9563301F,2027-12-11,SYS_090,AST_3E900085,1.027778,1,1,60.0
INSP_F39FB9A9,2027-12-11,SYS_095,AST_F7A145A0,0.992967,0,0,60.0
INSP_3FC15757,2027-12-11,SYS_098,AST_336E36C7,0.832128,0,0,60.0
INSP_7C499EDE,2027-12-11,SYS_126,AST_C9DE68BD,0.6551,0,0,60.0
INSP_36F7BA67,2027-12-11,SYS_141,AST_C841EE03,1.120685,1,1,60.0
INSP_681816B1,2027-12-11,SYS_145,AST_FDBA2A0E,0.81478,0,0,60.0
INSP_C6339CA2,2027-12-11,SYS_156,AST_E775854F,0.783724,1,0,60.0
INSP_3E59FBC3,2027-12-12,SYS_027,AST_F62C7205,1.476406,1,1,60.0
INSP_4134ED16,2027-12-12,SYS_114,AST_3B20CC2A,0.725042,0,0,60.0
INSP_BD7FEEA4,2027-12-12,SYS_167,AST_05426636,1.184564,1,1,60.0
INSP_289F353C,2027-12-12,SYS_185,AST_A2B95F2A,1.090424,1,1,60.0
INSP_78472333,2027-12-13,SYS_069,AST_4923F9CD,0.677276,0,0,60.0
INSP_98D26C72,2027-12-13,SYS_075,AST_9F8C53BE,0.381846,0,0,60.0
INSP_77C77019,2027-12-13,SYS_174,AST_4BB6A596,1.515043,1,1,60.0
INSP_E1377BBF,2027-12-14,SYS_081,AST_445C2E7F,1.379111,1,1,60.0
INSP_20BB8555,2027-12-14,SYS_132,AST_B471717C,1.003764,0,1,60.0
INSP_B156DCB8,2027-12-14,SYS_138,AST_BDEBA9F4,1.612866,1,1,60.0
INSP_25386C71,2027-12-15,SYS_056,AST_9A03EA3C,0.595395,0,0,60.0
INSP_FC63C508,2027-12-15,SYS_060,AST_F0FDDB4C,1.503927,1,1,60.0
INSP_3C81C122,2027-12-15,SYS_101,AST_199E4ED5,1.615427,1,1,60.0
INSP_9D68DC2C,2027-12-15,SYS_124,AST_C6FED7CE,0.711263,0,0,60.0
INSP_3E89451D,2027-12-15,SYS_166,AST_DA889646,0.57069,0,0,60.0
INSP_C9E1E389,2027-12-15,SYS_176,AST_5DF61EE8,0.922013,0,0,60.0
INSP_A4764AA8,2027-12-15,SYS_189,AST_3346BE51,1.289233,1,1,60.0
INSP_FD5520F2,2027-12-15,SYS_199,AST_B4105540,0.462693,1,0,60.0
INSP_D93AA5B9,2027-12-16,SYS_009,AST_59AE948D,0.864686,0,0,60.0
INSP_DCAAE653,2027-12-16,SYS_062,AST_E6F98CD6,0.745327,0,0,60.0
INSP_3C194B46,2027-12-16,SYS_082,AST_677BB75C,0.766737,0,0,60.0
INSP_A24359CE,2027-12-16,SYS_103,AST_E421B8F7,0.568944,0,0,60.0
INSP_067F60E0,2027-12-16,SYS_143,AST_5AB29CA1,0.880221,1,0,60.0
INSP_3312F7E4,2027-12-16,SYS_197,AST_C302525D,1.212183,1,1,60.0
INSP_0771BDE8,2027-12-17,SYS_006,AST_01B706B3,0.959677,1,0,60.0
INSP_9CCCC267,2027-12-17,SYS_008,AST_8CDA59B0,0.799381,0,0,60.0
INSP_BDD99FB7,2027-12-17,SYS_023,AST_E2660384,0.712591,0,0,60.0
INSP_B9E8AC37,2027-12-17,SYS_084,AST_D1DA8606,0.513904,0,0,60.0
INSP_7D944260,2027-12-17,SYS_159,AST_3EE93CB8,0.258118,0,0,60.0
INSP_D1C7B8E1,2027-12-17,SYS_171,AST_7FF99119,0.572077,0,0,60.0
INSP_CBF15601,2027-12-17,SYS_172,AST_ADEC264C,1.470604,1,1,60.0
INSP_3F24994A,2027-12-17,SYS_192,AST_D07C19AF,1.261281,1,1,60.0
INSP_5D61B1EE,2027-12-18,SYS_018,AST_32331E58,0.49118,0,0,60.0
INSP_AFDA9942,2027-12-18,SYS_047,AST_7CD9A8D7,0.865224,0,0,60.0
INSP_A114333F,2027-12-18,SYS_057,AST_3D7F459C,1.193629,1,1,60.0
INSP_6DAFC201,2027-12-18,SYS_061,AST_A35FE079,0.533893,0,0,60.0
INSP_2A5A9D93,2027-12-18,SYS_072,AST_2677C73B,0.496661,0,0,60.0
INSP_478486C5,2027-12-18,SYS_077,AST_C4095CA0,1.098403,1,1,60.0
INSP_F95371C3,2027-12-18,SYS_088,AST_8881A08E,1.222522,1,1,60.0
INSP_290F54A0,2027-12-18,SYS_137,AST_CC32FEC1,0.919109,0,0,60.0
INSP_396550F8,2027-12-18,SYS_155,AST_EB9D2923,0.847354,0,0,60.0
INSP_ECAC9696,2027-12-18,SYS_168,AST_FB44B477,0.634255,0,0,60.0
INSP_8B594C99,2027-12-19,SYS_001,AST_4062C732,0.797218,0,0,60.0
INSP_A4136F60,2027-12-19,SYS_021,AST_47CEED8F,0.988914,0,0,60.0
INSP_74622BD2,2027-12-19,SYS_022,AST_3A3ABCBA,0.551448,0,0,60.0
INSP_2FCD78D5,2027-12-19,SYS_030,AST_963E7AC3,0.969782,1,0,60.0
INSP_A956D34C,2027-12-19,SYS_038,AST_C09E7897,0.696741,1,0,60.0
INSP_A235AF54,2027-12-19,SYS_099,AST_2E2BCA5E,0.724927,1,0,60.0
INSP_C05998F9,2027-12-19,SYS_152,AST_25E0634B,0.55675,0,0,60.0
INSP_3807C17D,2027-12-19,SYS_164,AST_79E11B35,1.117073,0,1,60.0
INSP_A522501B,2027-12-19,SYS_170,AST_F89A6AAF,0.545341,0,0,60.0
INSP_1A8DC7FE,2027-12-20,SYS_004,AST_54CF9070,0.386276,0,0,60.0
INSP_C93A47C2,2027-12-20,SYS_029,AST_72182962,1.346242,1,1,60.0
INSP_732A749E,2027-12-20,SYS_046,AST_CA11BC6D,1.64829,1,1,60.0
INSP_8D68D534,2027-12-20,SYS_079,AST_5E8A2B1A,0.21802,0,0,60.0
INSP_926EAF1E,2027-12-20,SYS_087,AST_CEA7BD4E,1.632357,1,1,60.0
INSP_1FD6E2D1,2027-12-20,SYS_109,AST_36E83F9B,1.199624,1,1,60.0
INSP_A44B0FB4,2027-12-21,SYS_002,AST_8C3021C3,0.75473,1,0,60.0
INSP_88D8DC45,2027-12-21,SYS_003,AST_792F8123,0.722114,0,0,60.0
INSP_CDFD6473,2027-12-21,SYS_031,AST_9FC6C1DF,1.040793,0,1,60.0
INSP_0E96E03C,2027-12-21,SYS_053,AST_1421CD29,0.337159,0,0,60.0
INSP_5F80346B,2027-12-21,SYS_071,AST_E62B116D,1.207924,0,1,60.0
INSP_4183C91D,2027-12-21,SYS_093,AST_5B1AF013,1.455713,1,1,60.0
INSP_A8ADF570,2027-12-21,SYS_108,AST_8823CDE5,1.741785,1,1,60.0
INSP_1E6854FF,2027-12-21,SYS_112,AST_72528000,0.613561,0,0,60.0
INSP_6B4F4C42,2027-12-21,SYS_147,AST_059BC199,1.26008,1,1,60.0
INSP_B9DE4BF7,2027-12-22,SYS_028,AST_01BDCD63,1.135033,0,1,60.0
INSP_403B6CED,2027-12-22,SYS_049,AST_8B590081,0.730785,0,0,60.0
INSP_1CA7977A,2027-12-22,SYS_070,AST_EF1723A7,0.521695,0,0,60.0
INSP_5BEB2A17,2027-12-22,SYS_110,AST_FED5DCED,0.644226,0,0,60.0
INSP_74C4C191,2027-12-22,SYS_158,AST_72555574,1.15025,0,1,60.0
INSP_A611518A,2027-12-22,SYS_184,AST_F713DE74,0.782885,0,0,60.0
INSP_CE42BEC3,2027-12-23,SYS_051,AST_8936EA7E,0.500443,0,0,60.0
INSP_57D3E64C,2027-12-23,SYS_115,AST_E485A485,0.95557,0,0,60.0
INSP_A9AF4767,2027-12-23,SYS_129,AST_B8F71FDD,0.852712,0,0,60.0
INSP_6333C260,2027-12-23,SYS_153,AST_F56E95CE,0.538259,0,0,60.0
INSP_EE42B7E0,2027-12-23,SYS_187,AST_973CB783,0.576434,0,0,60.0
INSP_E4347E0F,2027-12-24,SYS_041,AST_5F735C82,0.757328,0,0,60.0
INSP_72496A40,2027-12-24,SYS_066,AST_F5795CF8,1.457309,1,1,60.0
INSP_E1AD6768,2027-12-24,SYS_094,AST_DDF229A0,0.940227,0,0,60.0
INSP_70020A39,2027-12-24,SYS_142,AST_A42F6532,1.075503,1,1,60.0
INSP_B8343FFB,2027-12-24,SYS_151,AST_1DB9A142,0.855219,0,0,60.0
INSP_1FD79662,2027-12-24,SYS_169,AST_0794E089,0.152879,0,0,60.0
INSP_7B20C21D,2027-12-24,SYS_190,AST_44EFBB16,0.35538,0,0,60.0
INSP_B25A6DDA,2027-12-25,SYS_013,AST_0D114CD8,1.070999,1,1,60.0
INSP_6090EAA2,2027-12-25,SYS_020,AST_D740D9D8,0.407072,0,0,60.0
INSP_2EE7A72B,2027-12-25,SYS_037,AST_12C3D6E6,0.762944,0,0,60.0
INSP_E7139D7D,2027-12-25,SYS_076,AST_F603957B,1.078148,0,1,60.0
INSP_B7E3930E,2027-12-25,SYS_091,AST_FF3BACB3,1.225396,1,1,60.0
INSP_6AC022F6,2027-12-25,SYS_120,AST_8176A690,0.524186,0,0,60.0
INSP_409D8254,2027-12-25,SYS_134,AST_513E84BA,0.776045,0,0,60.0
INSP_F201C466,2027-12-25,SYS_150,AST_39BD878A,0.413542,0,0,60.0
INSP_B4972A44,2027-12-26,SYS_040,AST_D89EE066,0.780948,0,0,60.0
INSP_74EB013C,2027-12-26,SYS_083,AST_35C2C263,0.45055,0,0,60.0
INSP_F86AA0A7,2027-12-26,SYS_092,AST_A654FA74,0.793129,0,0,60.0
INSP_5FCBCC20,2027-12-26,SYS_117,AST_AF2CD7F7,0.617263,0,0,60.0
INSP_6A1FC7BA,2027-12-26,SYS_122,AST_A852979F,1.343684,1,1,60.0
INSP_5258BF8E,2027-12-26,SYS_130,AST_3A50A6C8,0.696631,0,0,60.0
INSP_DE74FD6C,2027-12-26,SYS_146,AST_1E893714,0.465541,0,0,60.0
INSP_AFC54253,2027-12-26,SYS_148,AST_EC30BD8A,0.350367,0,0,60.0
INSP_5602A3E1,2027-12-27,SYS_011,AST_C95E4C36,1.618558,1,1,60.0
INSP_58556745,2027-12-27,SYS_058,AST_F3A498A9,0.486221,0,0,60.0
INSP_9B824354,2027-12-27,SYS_100,AST_084192EF,0.439403,0,0,60.0
INSP_4CC4582D,2027-12-27,SYS_128,AST_D607EFBB,0.953859,0,0,60.0
INSP_B8F0262B,2027-12-27,SYS_144,AST_E96A36D9,0.868599,0,0,60.0
INSP_C637AC1F,2027-12-27,SYS_193,AST_B624BE5F,0.982583,1,0,60.0
INSP_0DAB8E28,2027-12-28,SYS_042,AST_46131EB7,0.816987,0,0,60.0
INSP_4237A188,2027-12-28,SYS_059,AST_1F05FC1B,0.898277,0,0,60.0
INSP_90783586,2027-12-28,SYS_064,AST_6BB62FDB,1.411037,1,1,60.0
INSP_B8D7B100,2027-12-28,SYS_086,AST_783BFF5F,0.83559,0,0,60.0
INSP_3A42AC13,2027-12-28,SYS_097,AST_78B2DAF5,1.10638,1,1,60.0
INSP_042A55E5,2027-12-28,SYS_102,AST_D4717E02,0.300893,0,0,60.0
INSP_53082668,2027-12-28,SYS_123,AST_81F81829,0.658271,0,0,60.0
INSP_F61820CF,2027-12-28,SYS_135,AST_9F388D08,1.035243,1,1,60.0
INSP_EC1CBD68,2027-12-28,SYS_191,AST_28102D1A,0.764555,0,0,60.0
INSP_C0FD5F0C,2027-12-29,SYS_007,AST_A06045C3,0.242785,0,0,60.0
INSP_783300E7,2027-12-29,SYS_010,AST_CEF5E499,0.319034,0,0,60.0
INSP_CA6C6743,2027-12-29,SYS_034,AST_898B9A3E,1.154314,1,1,60.0
INSP_9DE835B5,2027-12-29,SYS_096,AST_94F5E2F2,0.72459,1,0,60.0
INSP_F4B95361,2027-12-29,SYS_133,AST_36645A9F,0.747361,0,0,60.0
INSP_8280510E,2027-12-29,SYS_149,AST_AB74CC0D,1.06993,1,1,60.0
INSP_9FCFFE7A,2027-12-29,SYS_181,AST_69222B18,0.746496,0,0,60.0
INSP_AE96AA4E,2027-12-30,SYS_005,AST_2355582B,1.497456,1,1,60.0
INSP_CDA9D721,2027-12-30,SYS_068,AST_B504AAFE,0.751745,0,0,60.0
INSP_23BD0D5E,2027-12-30,SYS_080,AST_9613CDC6,0.795548,0,0,60.0
INSP_8972C87A,2027-12-30,SYS_161,AST_D05D43D5,1.183835,1,1,60.0
INSP_06A07089,2027-12-30,SYS_183,AST_3AC31DE4,1.57701,1,1,60.0
INSP_C32958B7,2027-12-31,SYS_065,AST_C0195FDC,1.567405,1,1,60.0
INSP_50FAE5C3,2027-12-31,SYS_067,AST_4F5BB5C0,1.345109,1,1,60.0
INSP_2CCAE9B9,2027-12-31,SYS_105,AST_7866AE54,1.27198,1,1,60.0
INSP_B34197EA,2027-12-31,SYS_107,AST_4ED453A3,0.031087,0,0,60.0
INSP_076E7D1E,2027-12-31,SYS_139,AST_594EB63A,1.287811,1,1,60.0
INSP_89A5B021,2027-12-31,SYS_157,AST_07151874,0.81923,0,0,60.0
INSP_86E6A512,2027-12-31,SYS_185,AST_A2B95F2A,0.107855,0,0,60.0
INSP_0933226D,2027-12-31,SYS_186,AST_5CB7885A,1.154533,1,1,60.0
INSP_79C70A0A,2027-12-31,SYS_194,AST_94955F5C,0.331776,0,0,60.0
