id,date,systeme_id,asset_id,type,declencheur,cout
ACT_DF00BFCB,2026-02-24,SYS_045,AST_71683139,REPARATION,INSPECTION,500.0
ACT_32FB26B9,2026-03-10,SYS_052,AST_79A75A88,REPARATION,INSPECTION,500.0
ACT_48EA5B1C,2026-03-14,SYS_028,AST_01BDCD63,REPARATION,INSPECTION,500.0
ACT_F8A240C6,2026-03-27,SYS_158,AST_FA571F5C,REPARATION,INSPECTION,500.0
ACT_12A14484,2026-04-01,SYS_042,AST_85108019,REPARATION,INSPECTION,500.0
ACT_A2D8CB49,2026-04-01,SYS_146,AST_1B8D46F6,REPARATION,INSPECTION,500.0
ACT_5E324E46,2026-04-01,SYS_172,AST_ADEC264C,REPARATION,INSPECTION,500.0
ACT_7D284515,2026-04-02,SYS_139,AST_594EB63A,REPARATION,INSPECTION,500.0
ACT_C1C40BB4,2026-04-03,SYS_026,AST_DC1A2F24,REMPLACEMENT,PANNE,1800.0
ACT_BAD0D5BE,2026-04-03,SYS_124,AST_C6FED7CE,REPARATION,INSPECTION,500.0
ACT_F6B844C8,2026-04-04,SYS_092,AST_A654FA74,REPARATION,INSPECTION,500.0
ACT_C27B1597,2026-04-05,SYS_135,AST_33AE7546,REPARATION,INSPECTION,500.0
ACT_C5E647FE,2026-04-06,SYS_087,AST_CEA7BD4E,REPARATION,INSPECTION,500.0
ACT_78DF88DD,2026-04-06,SYS_185,AST_A2B95F2A,REPARATION,INSPECTION,500.0
ACT_B26B579F,2026-04-08,SYS_011,AST_C95E4C36,REPARATION,INSPECTION,500.0
ACT_BBA25DF3,2026-04-09,SYS_000,AST_611BCAFE,REPARATION,INSPECTION,500.0
ACT_2425C5F7,2026-04-09,SYS_144,AST_E96A36D9,REPARATION,INSPECTION,500.0
ACT_31067F12,2026-04-18,SYS_120,AST_F223BB43,REPARATION,INSPECTION,500.0
ACT_1D51349F,2026-04-18,SYS_187,AST_423F5534,REMPLACEMENT,PANNE,1800.0
ACT_BDA44A1C,2026-04-21,SYS_024,AST_360766DC,REPARATION,INSPECTION,500.0
ACT_18617F63,2026-04-22,SYS_101,AST_199E4ED5,REPARATION,INSPECTION,500.0
ACT_C96EC186,2026-04-22,SYS_167,AST_BF41CB64,REPARATION,INSPECTION,500.0
ACT_70BE75AA,2026-04-23,SYS_004,AST_34B81456,REPARATION,INSPECTION,500.0
ACT_9573361E,2026-04-23,SYS_106,AST_F68C2B16,REPARATION,INSPECTION,500.0
ACT_86CD5AC8,2026-04-24,SYS_108,AST_8823CDE5,REPARATION,INSPECTION,500.0
ACT_0DEEEA84,2026-04-24,SYS_118,AST_CD01BE37,REPARATION,INSPECTION,500.0
ACT_F4139B26,2026-04-25,SYS_140,AST_82DF0E33,REPARATION,INSPECTION,500.0
ACT_D0BDD0AD,2026-04-26,SYS_040,AST_D89EE066,REPARATION,INSPECTION,500.0
ACT_3C0F7057,2026-04-26,SYS_105,AST_7866AE54,REPARATION,INSPECTION,500.0
ACT_5A02A3C8,2026-04-27,SYS_001,AST_5733BC75,REPARATION,INSPECTION,500.0
ACT_71504194,2026-04-27,SYS_015,AST_0CF332F9,REPARATION,INSPECTION,500.0
ACT_1E9FBD09,2026-04-27,SYS_072,AST_2677C73B,REPARATION,INSPECTION,500.0
ACT_F7BD141D,2026-04-28,SYS_006,AST_01B706B3,REPARATION,INSPECTION,500.0
ACT_B885ABCB,2026-04-28,SYS_034,AST_898B9A3E,REPARATION,INSPECTION,500.0
ACT_9E9AA9E4,2026-04-28,SYS_037,AST_12C3D6E6,REPARATION,INSPECTION,500.0
ACT_D086B2E1,2026-04-29,SYS_014,AST_C582AD53,REPARATION,INSPECTION,500.0
ACT_2860CB94,2026-04-29,SYS_020,AST_A7767CC7,REPARATION,INSPECTION,500.0
ACT_9CE2C392,2026-04-29,SYS_062,AST_E6F98CD6,REPARATION,INSPECTION,500.0
ACT_BD080E27,2026-04-29,SYS_094,AST_DDF229A0,REPARATION,INSPECTION,500.0
ACT_F9367E9E,2026-04-29,SYS_177,AST_D268BF76,REPARATION,INSPECTION,500.0
ACT_AABCA2D3,2026-04-29,SYS_179,AST_65CE1E5F,REPARATION,INSPECTION,500.0
ACT_1D4D91A4,2026-04-30,SYS_141,AST_C841EE03,REPARATION,INSPECTION,500.0
ACT_FFBB8FDF,2026-04-30,SYS_194,AST_AFC2A365,REPARATION,INSPECTION,500.0
ACT_6C5B5167,2026-05-01,SYS_066,AST_F5795CF8,REPARATION,INSPECTION,500.0
ACT_CC63A6C5,2026-05-01,SYS_110,AST_FED5DCED,REPARATION,INSPECTION,500.0
ACT_72B20052,2026-05-01,SYS_170,AST_41E4C47D,REPARATION,INSPECTION,500.0
ACT_386DCDFF,2026-05-02,SYS_012,AST_400DB418,REPARATION,INSPECTION,500.0
ACT_119C35CE,2026-05-02,SYS_021,AST_47CEED8F,REPARATION,INSPECTION,500.0
ACT_2ABAE76E,2026-05-02,SYS_056,AST_1FD22902,REPARATION,INSPECTION,500.0
ACT_98B69494,2026-05-02,SYS_076,AST_F603957B,REPARATION,INSPECTION,500.0
ACT_C97BF0C0,2026-05-02,SYS_113,AST_177B93F0,REPARATION,INSPECTION,500.0
ACT_EE0CAF92,2026-05-02,SYS_191,AST_28102D1A,REPARATION,INSPECTION,500.0
ACT_125EBBA2,2026-05-03,SYS_035,AST_EC002B8E,REPARATION,INSPECTION,500.0
ACT_2ABCEDC6,2026-05-04,SYS_083,AST_35C2C263,REPARATION,INSPECTION,500.0
ACT_114268C8,2026-05-04,SYS_099,AST_2E2BCA5E,REPARATION,INSPECTION,500.0
ACT_9461D5D3,2026-05-04,SYS_192,AST_149EEDF0,REPARATION,INSPECTION,500.0
ACT_B420C319,2026-05-05,SYS_029,AST_72182962,REPARATION,INSPECTION,500.0
ACT_0FBDF9A2,2026-05-05,SYS_033,AST_78A40885,REPARATION,INSPECTION,500.0
ACT_E71E755C,2026-05-05,SYS_047,AST_BFCB2B08,REPARATION,INSPECTION,500.0
ACT_6C75CA5F,2026-05-05,SYS_069,AST_2CCCF5B1,REPARATION,INSPECTION,500.0
ACT_43725132,2026-05-05,SYS_097,AST_78B2DAF5,REPARATION,INSPECTION,500.0
ACT_54E2D7D6,2026-05-05,SYS_102,AST_D4717E02,REPARATION,INSPECTION,500.0
ACT_C8649ADA,2026-05-05,SYS_121,AST_57E427AB,REPARATION,INSPECTION,500.0
ACT_6E4B7039,2026-05-05,SYS_123,AST_745D2B0D,REPARATION,INSPECTION,500.0
ACT_A25BAACC,2026-05-05,SYS_168,AST_FB44B477,REPARATION,INSPECTION,500.0
ACT_4C654072,2026-05-06,SYS_009,AST_59AE948D,REPARATION,INSPECTION,500.0
ACT_0CE3E4C8,2026-05-06,SYS_038,AST_C09E7897,REPARATION,INSPECTION,500.0
ACT_F449F027,2026-05-06,SYS_103,AST_E421B8F7,REPARATION,INSPECTION,500.0
ACT_E03013A1,2026-05-06,SYS_129,AST_B8F71FDD,REPARATION,INSPECTION,500.0
ACT_DD420FD0,2026-05-07,SYS_016,AST_75491F89,REPARATION,INSPECTION,500.0
ACT_22B2EC72,2026-05-08,SYS_002,AST_8C3021C3,REPARATION,INSPECTION,500.0
ACT_B018DF0C,2026-05-08,SYS_061,AST_A35FE079,REPARATION,INSPECTION,500.0
ACT_720AEDA6,2026-05-08,SYS_096,AST_757A2281,REPARATION,INSPECTION,500.0
ACT_84BB3C58,2026-05-09,SYS_100,AST_5436F9AF,REPARATION,INSPECTION,500.0
ACT_7F76C105,2026-05-10,SYS_017,AST_06D80C94,REMPLACEMENT,PANNE,1800.0
ACT_F65E4FF5,2026-05-10,SYS_131,AST_348BD6C0,REPARATION,INSPECTION,500.0
ACT_EF16872F,2026-05-10,SYS_145,AST_C80BFBDE,REPARATION,INSPECTION,500.0
ACT_3F8714E8,2026-05-10,SYS_159,AST_09334FDB,REPARATION,INSPECTION,500.0
ACT_714C6C4E,2026-05-11,SYS_122,AST_0A8960BD,REPARATION,INSPECTION,500.0
ACT_A1C3511F,2026-05-12,SYS_126,AST_BCC36F08,REPARATION,INSPECTION,500.0
ACT_184D25EE,2026-05-12,SYS_143,AST_F29B86AB,REPARATION,INSPECTION,500.0
ACT_D5E502A5,2026-05-13,SYS_044,AST_24282EF9,REPARATION,INSPECTION,500.0
ACT_FE178177,2026-05-14,SYS_074,AST_005C2060,REPARATION,INSPECTION,500.0
ACT_5264D271,2026-05-14,SYS_098,AST_336E36C7,REPARATION,INSPECTION,500.0
ACT_E48CC09C,2026-05-14,SYS_148,AST_0CAAF0CA,REPARATION,INSPECTION,500.0
ACT_62029355,2026-05-14,SYS_169,AST_55F0F9F6,REPARATION,INSPECTION,500.0
ACT_3AFBB26B,2026-05-14,SYS_180,AST_ABEDAC5D,REPARATION,INSPECTION,500.0
ACT_A6FE0235,2026-05-14,SYS_182,AST_005BCD3C,REPARATION,INSPECTION,500.0
ACT_95E86548,2026-05-15,SYS_078,AST_22724B56,REPARATION,INSPECTION,500.0
ACT_D93EE519,2026-05-15,SYS_082,AST_677BB75C,REPARATION,INSPECTION,500.0
ACT_DD93C4D0,2026-05-15,SYS_133,AST_36645A9F,REPARATION,INSPECTION,500.0
ACT_A3AAE620,2026-05-16,SYS_160,AST_EE42B4EE,REPARATION,INSPECTION,500.0
ACT_D4DD0C60,2026-05-17,SYS_041,AST_5F735C82,REPARATION,INSPECTION,500.0
ACT_50864C20,2026-05-17,SYS_084,AST_F5A48F47,REPARATION,INSPECTION,500.0
ACT_C0AD873D,2026-05-17,SYS_174,AST_0CF3B1AB,REPARATION,INSPECTION,500.0
ACT_21A66748,2026-05-18,SYS_136,AST_46F2626C,REPARATION,INSPECTION,500.0
ACT_2B9DED4F,2026-05-19,SYS_196,AST_83AEE438,REPARATION,INSPECTION,500.0
ACT_E41C33E4,2026-05-20,SYS_046,AST_B6A18F44,REPARATION,INSPECTION,500.0
ACT_A190E6CA,2026-05-20,SYS_090,AST_3E900085,REPARATION,INSPECTION,500.0
ACT_099A9739,2026-05-20,SYS_093,AST_E008ABAF,REPARATION,INSPECTION,500.0
ACT_A09F750D,2026-05-21,SYS_027,AST_F62C7205,REPARATION,INSPECTION,500.0
ACT_05FCEEC6,2026-05-21,SYS_114,AST_71208FE4,REPARATION,INSPECTION,500.0
ACT_5C8D0B50,2026-05-22,SYS_030,AST_BC560A24,REPARATION,INSPECTION,500.0
ACT_E98BF7D2,2026-05-22,SYS_152,AST_A78D477C,REPARATION,INSPECTION,500.0
ACT_1A61086F,2026-05-22,SYS_165,AST_849D44BE,REPARATION,INSPECTION,500.0
ACT_14A8BFA8,2026-05-22,SYS_166,AST_DA889646,REPARATION,INSPECTION,500.0
ACT_07CDA2E4,2026-05-23,SYS_112,AST_72528000,REPARATION,INSPECTION,500.0
ACT_8E31B2B5,2026-05-23,SYS_161,AST_D05D43D5,REPARATION,INSPECTION,500.0
ACT_336DF3EA,2026-05-23,SYS_188,AST_0D8C5A64,REPARATION,INSPECTION,500.0
ACT_C83B859E,2026-05-23,SYS_198,AST_8C8EC664,REPARATION,INSPECTION,500.0
ACT_833B7C90,2026-05-24,SYS_077,AST_71806DDB,REPARATION,INSPECTION,500.0
ACT_B1312964,2026-05-24,SYS_151,AST_0CA6C74F,REPARATION,INSPECTION,500.0
ACT_C7B78730,2026-05-24,SYS_153,AST_416FD4D1,REPARATION,INSPECTION,500.0
ACT_78E785C6,2026-05-25,SYS_025,AST_E767A2E7,REPARATION,INSPECTION,500.0
ACT_FB907EBA,2026-05-25,SYS_043,AST_11D07EA3,REPARATION,INSPECTION,500.0
ACT_E1B1169B,2026-05-25,SYS_075,AST_E60AAA9C,REPARATION,INSPECTION,500.0
ACT_8D7196BF,2026-05-25,SYS_081,AST_2559F2BC,REPARATION,INSPECTION,500.0
ACT_FCE95BF8,2026-05-25,SYS_186,AST_5CB7885A,REPARATION,INSPECTION,500.0
ACT_2B5D8C1C,2026-05-26,SYS_031,AST_9FC6C1DF,REPARATION,INSPECTION,500.0
ACT_894A45D5,2026-05-26,SYS_048,AST_B7D85950,REPARATION,INSPECTION,500.0
ACT_C57E600D,2026-05-26,SYS_073,AST_7072115A,REPARATION,INSPECTION,500.0
ACT_DCB1B84C,2026-05-26,SYS_158,AST_FA571F5C,REPARATION,INSPECTION,500.0
ACT_446AA96D,2026-05-27,SYS_018,AST_D2AAE75F,REPARATION,INSPECTION,500.0
ACT_4629C331,2026-05-27,SYS_058,AST_CC418360,REPARATION,INSPECTION,500.0
ACT_E5ED7F7C,2026-05-27,SYS_065,AST_C0195FDC,REPARATION,INSPECTION,500.0
ACT_063B1530,2026-05-27,SYS_163,AST_67436F82,REPARATION,INSPECTION,500.0
ACT_52683DE4,2026-05-28,SYS_051,AST_8936EA7E,REPARATION,INSPECTION,500.0
ACT_D714F784,2026-05-28,SYS_085,AST_BC13EB44,REPARATION,INSPECTION,500.0
ACT_980F480A,2026-05-28,SYS_088,AST_60C93140,REMPLACEMENT,PANNE,1800.0
ACT_CD904EA6,2026-05-28,SYS_119,AST_A9E07DCD,REPARATION,INSPECTION,500.0
ACT_A2B5CFF2,2026-05-28,SYS_134,AST_513E84BA,REPARATION,INSPECTION,500.0
ACT_5805DE89,2026-05-28,SYS_173,AST_761AB970,REPARATION,INSPECTION,500.0
ACT_0FE10334,2026-05-29,SYS_079,AST_F5251E52,REPARATION,INSPECTION,500.0
ACT_D6B2EAFA,2026-05-30,SYS_127,AST_E66E58BF,REPARATION,INSPECTION,500.0
ACT_49C52321,2026-05-30,SYS_183,AST_3AC31DE4,REPARATION,INSPECTION,500.0
ACT_FD3F4F21,2026-05-31,SYS_023,AST_7155CAE3,REPARATION,INSPECTION,500.0
ACT_F95563F5,2026-05-31,SYS_068,AST_E6CD9897,REPARATION,INSPECTION,500.0
ACT_B4795CDC,2026-05-31,SYS_091,AST_FF3BACB3,REPARATION,INSPECTION,500.0
ACT_9C122A04,2026-05-31,SYS_115,AST_E485A485,REPARATION,INSPECTION,500.0
ACT_7C5EA6E0,2026-06-01,SYS_039,AST_0C2D90D2,REPARATION,INSPECTION,500.0
ACT_3EDB1AF7,2026-06-01,SYS_055,AST_65BC7AF4,REPARATION,INSPECTION,500.0
ACT_00B86FC5,2026-06-01,SYS_128,AST_D607EFBB,REPARATION,INSPECTION,500.0
ACT_D2A4CFE0,2026-06-01,SYS_157,AST_07151874,REPARATION,INSPECTION,500.0
ACT_5CB0C0F5,2026-06-02,SYS_071,AST_E62B116D,REPARATION,INSPECTION,500.0
ACT_0FAFB1D1,2026-06-02,SYS_104,AST_34B52F7C,REPARATION,INSPECTION,500.0
ACT_9A8C2D3F,2026-06-02,SYS_109,AST_0C852F01,REMPLACEMENT,PANNE,1800.0
ACT_BF82A2DD,2026-06-02,SYS_142,AST_A42F6532,REPARATION,INSPECTION,500.0
ACT_5FDFBF92,2026-06-02,SYS_178,AST_FB8BAAE3,REPARATION,INSPECTION,500.0
ACT_33F024B9,2026-06-02,SYS_181,AST_69222B18,REPARATION,INSPECTION,500.0
ACT_9F199238,2026-06-03,SYS_005,AST_2355582B,REPARATION,INSPECTION,500.0
ACT_E0481B3A,2026-06-03,SYS_019,AST_295F6162,REPARATION,INSPECTION,500.0
ACT_1FF0FA6A,2026-06-03,SYS_049,AST_8B590081,REPARATION,INSPECTION,500.0
ACT_51FDC497,2026-06-03,SYS_137,AST_CC32FEC1,REPARATION,INSPECTION,500.0
ACT_0DCB1C9F,2026-06-03,SYS_155,AST_EB9D2923,REPARATION,INSPECTION,500.0
ACT_F3B0ED2D,2026-06-04,SYS_175,AST_987787EC,REPARATION,INSPECTION,500.0
ACT_02C14323,2026-06-04,SYS_176,AST_5DF61EE8,REPARATION,INSPECTION,500.0
ACT_A19AF7A0,2026-06-05,SYS_057,AST_3260BE22,REPARATION,INSPECTION,500.0
ACT_0DF69798,2026-06-06,SYS_064,AST_6BB62FDB,REPARATION,INSPECTION,500.0
ACT_DC764BB1,2026-06-06,SYS_067,AST_5CA81E57,REPARATION,INSPECTION,500.0
ACT_9299D078,2026-06-06,SYS_125,AST_3F4357D4,REPARATION,INSPECTION,500.0
ACT_EDDEAB8C,2026-06-06,SYS_132,AST_B471717C,REPARATION,INSPECTION,500.0
ACT_B42BDD1F,2026-06-06,SYS_138,AST_BDEBA9F4,REPARATION,INSPECTION,500.0
ACT_002F91AF,2026-06-07,SYS_150,AST_4A9758F4,REPARATION,INSPECTION,500.0
ACT_D24BA83D,2026-06-07,SYS_184,AST_F713DE74,REPARATION,INSPECTION,500.0
ACT_05073898,2026-06-07,SYS_189,AST_BA2068C4,REPARATION,INSPECTION,500.0
ACT_5A5A4C56,2026-06-08,SYS_107,AST_0C8966EF,REMPLACEMENT,PANNE,1800.0
ACT_D9F66FFB,2026-06-08,SYS_199,AST_92492C9A,REPARATION,INSPECTION,500.0
ACT_23C1B8E2,2026-06-09,SYS_080,AST_2CC51A78,REPARATION,INSPECTION,500.0
ACT_B28802A2,2026-06-09,SYS_095,AST_F7A145A0,REPARATION,INSPECTION,500.0
ACT_A196402F,2026-06-10,SYS_054,AST_C88F0D7A,REPARATION,INSPECTION,500.0
ACT_29E6D5CA,2026-06-10,SYS_130,AST_3A50A6C8,REPARATION,INSPECTION,500.0
ACT_7432ABC0,2026-06-10,SYS_171,AST_BFB41487,REPARATION,INSPECTION,500.0
ACT_1227E2AA,2026-06-11,SYS_195,AST_112DC772,REPARATION,INSPECTION,500.0
ACT_EE8A117C,2026-06-14,SYS_007,AST_48BC3EF9,REPARATION,INSPECTION,500.0
ACT_4F4E7B3E,2026-06-14,SYS_053,AST_1421CD29,REPARATION,INSPECTION,500.0
ACT_7ED39ADB,2026-06-14,SYS_156,AST_C014C40A,REPARATION,INSPECTION,500.0
ACT_B9CADA24,2026-06-16,SYS_070,AST_EF1723A7,REPARATION,INSPECTION,500.0
ACT_DE5E59C7,2026-06-16,SYS_190,AST_FDA57079,REPARATION,INSPECTION,500.0
ACT_C3E3BB70,2026-06-17,SYS_022,AST_3A3ABCBA,REPARATION,INSPECTION,500.0
ACT_C458EC54,2026-06-17,SYS_154,AST_8779BF08,REPARATION,INSPECTION,500.0
ACT_99488461,2026-06-18,SYS_060,AST_93EE11F2,REPARATION,INSPECTION,500.0
ACT_91872150,2026-06-18,SYS_089,AST_F3FA3B59,REPARATION,INSPECTION,500.0
ACT_6116AE78,2026-06-19,SYS_111,AST_9DD15F47,REPARATION,INSPECTION,500.0
ACT_099262E6,2026-06-19,SYS_117,AST_62292464,REMPLACEMENT,INSPECTION,1800.0
ACT_2A390739,2026-06-19,SYS_197,AST_C302525D,REPARATION,INSPECTION,500.0
ACT_85AB36D9,2026-06-21,SYS_013,AST_0D114CD8,REPARATION,INSPECTION,500.0
ACT_E6703972,2026-06-21,SYS_052,AST_79A75A88,REPARATION,INSPECTION,500.0
ACT_61832553,2026-06-22,SYS_146,AST_1B8D46F6,REPARATION,INSPECTION,500.0
ACT_01461FD4,2026-06-23,SYS_036,AST_ABE04F58,REMPLACEMENT,INSPECTION,1800.0
ACT_32197F70,2026-06-23,SYS_050,AST_F69AFC56,REPARATION,INSPECTION,500.0
ACT_65BCA241,2026-06-23,SYS_101,AST_199E4ED5,REPARATION,INSPECTION,500.0
ACT_8E9EB052,2026-06-23,SYS_147,AST_059BC199,REPARATION,INSPECTION,500.0
ACT_A32B9C29,2026-06-23,SYS_164,AST_79E11B35,REPARATION,INSPECTION,500.0
ACT_8A29C92E,2026-06-24,SYS_111,AST_9DD15F47,REMPLACEMENT,PANNE,1800.0
ACT_82FAD887,2026-06-24,SYS_139,AST_594EB63A,REPARATION,INSPECTION,500.0
ACT_B2E3D6D9,2026-06-25,SYS_006,AST_01B706B3,REPARATION,INSPECTION,500.0
ACT_2A3A4F62,2026-06-25,SYS_086,AST_0728AF86,REMPLACEMENT,PANNE,1800.0
ACT_62B5BB96,2026-06-25,SYS_110,AST_FED5DCED,REPARATION,INSPECTION,500.0
ACT_7F5777BF,2026-06-25,SYS_118,AST_CD01BE37,REPARATION,INSPECTION,500.0
ACT_9BA1FDC5,2026-06-26,SYS_063,AST_54F1946F,REPARATION,INSPECTION,500.0
ACT_2992E46D,2026-06-27,SYS_116,AST_AA3DF989,REPARATION,INSPECTION,500.0
ACT_C468B92A,2026-06-28,SYS_087,AST_CEA7BD4E,REPARATION,INSPECTION,500.0
ACT_B82BB8F2,2026-06-28,SYS_105,AST_7866AE54,REPARATION,INSPECTION,500.0
ACT_F5617F7E,2026-06-28,SYS_162,AST_FA7C66DB,REPARATION,INSPECTION,500.0
ACT_798AB73B,2026-06-28,SYS_193,AST_B624BE5F,REPARATION,INSPECTION,500.0
ACT_3A65B373,2026-07-01,SYS_129,AST_B8F71FDD,REPARATION,INSPECTION,500.0
ACT_8CB81247,2026-07-04,SYS_003,AST_10E8FC0A,REMPLACEMENT,INSPECTION,1800.0
ACT_BEDEA822,2026-07-05,SYS_000,AST_611BCAFE,REPARATION,INSPECTION,500.0
ACT_B4320966,2026-07-06,SYS_010,AST_BA1E579E,REPARATION,INSPECTION,500.0
ACT_DF9E1189,2026-07-06,SYS_067,AST_5CA81E57,REMPLACEMENT,PANNE,1800.0
ACT_14AB1FC4,2026-07-06,SYS_078,AST_22724B56,REPARATION,INSPECTION,500.0
ACT_B77E1074,2026-07-07,SYS_008,AST_18D5AB2B,REMPLACEMENT,INSPECTION,1800.0
ACT_7276C873,2026-07-07,SYS_123,AST_745D2B0D,REPARATION,INSPECTION,500.0
ACT_BDFA9F10,2026-07-07,SYS_124,AST_C6FED7CE,REPARATION,INSPECTION,500.0
ACT_DADF07EA,2026-07-08,SYS_092,AST_A654FA74,REPARATION,INSPECTION,500.0
ACT_A480DC2D,2026-07-08,SYS_135,AST_33AE7546,REPARATION,INSPECTION,500.0
ACT_D56FB3DF,2026-07-10,SYS_042,AST_85108019,REPARATION,INSPECTION,500.0
ACT_218B3350,2026-07-11,SYS_032,AST_A2D2456E,REMPLACEMENT,INSPECTION,1800.0
ACT_582708AE,2026-07-11,SYS_059,AST_1F05FC1B,REPARATION,INSPECTION,500.0
ACT_D01C5AEB,2026-07-11,SYS_149,AST_A36B2B62,REMPLACEMENT,INSPECTION,1800.0
ACT_6CBBB268,2026-07-12,SYS_168,AST_FB44B477,REPARATION,INSPECTION,500.0
ACT_BC4AAE05,2026-07-13,SYS_172,AST_ADEC264C,REPARATION,INSPECTION,500.0
ACT_D82442E9,2026-07-15,SYS_143,AST_F29B86AB,REMPLACEMENT,PANNE,1800.0
ACT_AA7E1AEA,2026-07-16,SYS_024,AST_360766DC,REPARATION,INSPECTION,500.0
ACT_0E0EB190,2026-07-16,SYS_040,AST_D89EE066,REPARATION,INSPECTION,500.0
ACT_975AEE6D,2026-07-17,SYS_161,AST_D05D43D5,REPARATION,INSPECTION,500.0
ACT_38722677,2026-07-18,SYS_001,AST_5733BC75,REPARATION,INSPECTION,500.0
ACT_B379C156,2026-07-18,SYS_045,AST_71683139,REPARATION,INSPECTION,500.0
ACT_D7175A16,2026-07-18,SYS_159,AST_09334FDB,REPARATION,INSPECTION,500.0
ACT_841908A5,2026-07-19,SYS_174,AST_0CF3B1AB,REPARATION,INSPECTION,500.0
ACT_CD0D5005,2026-07-21,SYS_167,AST_BF41CB64,REPARATION,INSPECTION,500.0
ACT_FFA8A8A3,2026-07-22,SYS_096,AST_757A2281,REPARATION,INSPECTION,500.0
ACT_06BF575D,2026-07-22,SYS_106,AST_F68C2B16,REPARATION,INSPECTION,500.0
ACT_8D531863,2026-07-22,SYS_163,AST_67436F82,REPARATION,INSPECTION,500.0
ACT_C6652292,2026-07-22,SYS_179,AST_65CE1E5F,REMPLACEMENT,PANNE,1800.0
ACT_60279E34,2026-07-23,SYS_073,AST_7072115A,REPARATION,INSPECTION,500.0
ACT_1E8199E6,2026-07-24,SYS_062,AST_E6F98CD6,REPARATION,INSPECTION,500.0
ACT_103EF9A1,2026-07-24,SYS_072,AST_2677C73B,REPARATION,INSPECTION,500.0
ACT_5D9EA3BF,2026-07-25,SYS_028,AST_01BDCD63,REPARATION,INSPECTION,500.0
ACT_16BE04E4,2026-07-25,SYS_085,AST_BC13EB44,REPARATION,INSPECTION,500.0
ACT_6B86D567,2026-07-26,SYS_186,AST_5CB7885A,REPARATION,INSPECTION,500.0
ACT_C62AD10C,2026-07-27,SYS_056,AST_1FD22902,REPARATION,INSPECTION,500.0
ACT_D9DF9434,2026-07-28,SYS_083,AST_35C2C263,REPARATION,INSPECTION,500.0
ACT_0BF8C1A5,2026-07-28,SYS_194,AST_AFC2A365,REPARATION,INSPECTION,500.0
ACT_2141E586,2026-07-29,SYS_018,AST_D2AAE75F,REPARATION,INSPECTION,500.0
ACT_EDBE2D6E,2026-07-30,SYS_112,AST_72528000,REPARATION,INSPECTION,500.0
ACT_D9FFFD43,2026-07-30,SYS_140,AST_82DF0E33,REPARATION,INSPECTION,500.0
ACT_820D35D0,2026-07-31,SYS_058,AST_CC418360,REPARATION,INSPECTION,500.0
ACT_3725E686,2026-07-31,SYS_091,AST_FF3BACB3,REPARATION,INSPECTION,500.0
ACT_713DFCA5,2026-07-31,SYS_141,AST_C841EE03,REPARATION,INSPECTION,500.0
ACT_29E2A66B,2026-07-31,SYS_176,AST_5DF61EE8,REPARATION,INSPECTION,500.0
ACT_75747814,2026-08-01,SYS_011,AST_C95E4C36,REPARATION,INSPECTION,500.0
ACT_DAEE5283,2026-08-01,SYS_019,AST_295F6162,REPARATION,INSPECTION,500.0
ACT_D4904271,2026-08-01,SYS_031,AST_9FC6C1DF,REPARATION,INSPECTION,500.0
ACT_43D261F2,2026-08-01,SYS_115,AST_E485A485,REPARATION,INSPECTION,500.0
ACT_E544144D,2026-08-02,SYS_016,AST_75491F89,REPARATION,INSPECTION,500.0
ACT_AFD072B9,2026-08-04,SYS_097,AST_78B2DAF5,REPARATION,INSPECTION,500.0
ACT_789DDD04,2026-08-04,SYS_104,AST_34B52F7C,REPARATION,INSPECTION,500.0
ACT_FFA4A27F,2026-08-04,SYS_150,AST_4A9758F4,REPARATION,INSPECTION,500.0
ACT_80231EDA,2026-08-06,SYS_021,AST_47CEED8F,REPARATION,INSPECTION,500.0
ACT_E0EC3562,2026-08-06,SYS_182,AST_005BCD3C,REPARATION,INSPECTION,500.0
ACT_DE7BEF72,2026-08-07,SYS_020,AST_A7767CC7,REPARATION,INSPECTION,500.0
ACT_AB7E9A7D,2026-08-07,SYS_027,AST_F62C7205,REPARATION,INSPECTION,500.0
ACT_3CB34F4C,2026-08-07,SYS_079,AST_F5251E52,REPARATION,INSPECTION,500.0
ACT_9B618CC8,2026-08-07,SYS_084,AST_F5A48F47,REPARATION,INSPECTION,500.0
ACT_3CE6BD23,2026-08-07,SYS_100,AST_5436F9AF,REPARATION,INSPECTION,500.0
ACT_B91FA8CD,2026-08-07,SYS_114,AST_71208FE4,REPARATION,INSPECTION,500.0
ACT_6D23BD88,2026-08-07,SYS_166,AST_DA889646,REPARATION,INSPECTION,500.0
ACT_61526510,2026-08-08,SYS_071,AST_E62B116D,REPARATION,INSPECTION,500.0
ACT_E541A1B3,2026-08-08,SYS_121,AST_57E427AB,REPARATION,INSPECTION,500.0
ACT_8BB123D2,2026-08-09,SYS_044,AST_24282EF9,REPARATION,INSPECTION,500.0
ACT_389CD0C5,2026-08-10,SYS_022,AST_3A3ABCBA,REPARATION,INSPECTION,500.0
ACT_0263C18A,2026-08-10,SYS_061,AST_A35FE079,REPARATION,INSPECTION,500.0
ACT_DA3537C4,2026-08-10,SYS_076,AST_F603957B,REPARATION,INSPECTION,500.0
ACT_8A1F1A6F,2026-08-10,SYS_099,AST_2E2BCA5E,REPARATION,INSPECTION,500.0
ACT_9A2284DB,2026-08-10,SYS_103,AST_E421B8F7,REPARATION,INSPECTION,500.0
ACT_71119430,2026-08-10,SYS_133,AST_36645A9F,REPARATION,INSPECTION,500.0
ACT_4DC3209D,2026-08-11,SYS_082,AST_677BB75C,REPARATION,INSPECTION,500.0
ACT_99846493,2026-08-11,SYS_131,AST_348BD6C0,REPARATION,INSPECTION,500.0
ACT_D2050D08,2026-08-12,SYS_009,AST_59AE948D,REPARATION,INSPECTION,500.0
ACT_11880B0E,2026-08-12,SYS_078,AST_22724B56,REPARATION,INSPECTION,500.0
ACT_81C83085,2026-08-12,SYS_138,AST_BDEBA9F4,REPARATION,INSPECTION,500.0
ACT_472F6975,2026-08-13,SYS_004,AST_34B81456,REPARATION,INSPECTION,500.0
ACT_96970B1F,2026-08-13,SYS_033,AST_78A40885,REPARATION,INSPECTION,500.0
ACT_EEEBBCF9,2026-08-13,SYS_041,AST_5F735C82,REPARATION,INSPECTION,500.0
ACT_A90AD92E,2026-08-13,SYS_171,AST_BFB41487,REPARATION,INSPECTION,500.0
ACT_BF4C9B00,2026-08-14,SYS_094,AST_DDF229A0,REPARATION,INSPECTION,500.0
ACT_0C25A276,2026-08-14,SYS_144,AST_E96A36D9,REPARATION,INSPECTION,500.0
ACT_9BF8425F,2026-08-16,SYS_196,AST_83AEE438,REPARATION,INSPECTION,500.0
ACT_D2620EC8,2026-08-17,SYS_070,AST_EF1723A7,REPARATION,INSPECTION,500.0
ACT_E8D923C1,2026-08-18,SYS_136,AST_46F2626C,REPARATION,INSPECTION,500.0
ACT_D0C50623,2026-08-19,SYS_005,AST_2355582B,REPARATION,INSPECTION,500.0
ACT_64913EB3,2026-08-19,SYS_014,AST_C582AD53,REPARATION,INSPECTION,500.0
ACT_546F79F6,2026-08-19,SYS_068,AST_E6CD9897,REPARATION,INSPECTION,500.0
ACT_272087C9,2026-08-19,SYS_074,AST_005C2060,REPARATION,INSPECTION,500.0
ACT_65CFE70D,2026-08-19,SYS_175,AST_987787EC,REPARATION,INSPECTION,500.0
ACT_8ED0D1B4,2026-08-19,SYS_185,AST_A2B95F2A,REPARATION,INSPECTION,500.0
ACT_2637F588,2026-08-19,SYS_191,AST_28102D1A,REPARATION,INSPECTION,500.0
ACT_13D96D1D,2026-08-20,SYS_090,AST_3E900085,REPARATION,INSPECTION,500.0
ACT_7C9C0C3A,2026-08-20,SYS_160,AST_EE42B4EE,REPARATION,INSPECTION,500.0
ACT_68234CEC,2026-08-20,SYS_165,AST_849D44BE,REPARATION,INSPECTION,500.0
ACT_A0FAA879,2026-08-21,SYS_026,AST_B7959A5C,REPARATION,INSPECTION,500.0
ACT_8B2A322E,2026-08-21,SYS_035,AST_EC002B8E,REPARATION,INSPECTION,500.0
ACT_68682DBF,2026-08-21,SYS_093,AST_E008ABAF,REPARATION,INSPECTION,500.0
ACT_E4CBEB74,2026-08-21,SYS_098,AST_336E36C7,REPARATION,INSPECTION,500.0
ACT_DF987408,2026-08-21,SYS_126,AST_BCC36F08,REPARATION,INSPECTION,500.0
ACT_77662336,2026-08-21,SYS_164,AST_79E11B35,REPARATION,INSPECTION,500.0
ACT_7F0DFBB3,2026-08-22,SYS_050,AST_F69AFC56,REPARATION,INSPECTION,500.0
ACT_323D6D34,2026-08-22,SYS_151,AST_0CA6C74F,REPARATION,INSPECTION,500.0
ACT_E0EC7777,2026-08-22,SYS_198,AST_8C8EC664,REPARATION,INSPECTION,500.0
ACT_5329BF31,2026-08-23,SYS_108,AST_8823CDE5,REPARATION,INSPECTION,500.0
ACT_BA95D344,2026-08-23,SYS_116,AST_AA3DF989,REPARATION,INSPECTION,500.0
ACT_EF805610,2026-08-24,SYS_029,AST_72182962,REPARATION,INSPECTION,500.0
ACT_8F0929A5,2026-08-24,SYS_048,AST_B7D85950,REPARATION,INSPECTION,500.0
ACT_DD808CCF,2026-08-24,SYS_189,AST_BA2068C4,REPARATION,INSPECTION,500.0
ACT_FABBBB41,2026-08-24,SYS_193,AST_B624BE5F,REPARATION,INSPECTION,500.0
ACT_A4547EA5,2026-08-25,SYS_158,AST_FA571F5C,REPARATION,INSPECTION,500.0
ACT_9105BBBE,2026-08-26,SYS_037,AST_12C3D6E6,REPARATION,INSPECTION,500.0
ACT_56064485,2026-08-26,SYS_043,AST_11D07EA3,REPARATION,INSPECTION,500.0
ACT_9A9BDB1D,2026-08-26,SYS_142,AST_A42F6532,REPARATION,INSPECTION,500.0
ACT_B0B5A8D7,2026-08-26,SYS_147,AST_059BC199,REPARATION,INSPECTION,500.0
ACT_60675C7A,2026-08-27,SYS_119,AST_A9E07DCD,REPARATION,INSPECTION,500.0
ACT_76003CEA,2026-08-27,SYS_155,AST_EB9D2923,REPARATION,INSPECTION,500.0
ACT_2CC7ED37,2026-08-28,SYS_002,AST_8C3021C3,REPARATION,INSPECTION,500.0
ACT_A1530435,2026-08-28,SYS_064,AST_6BB62FDB,REPARATION,INSPECTION,500.0
ACT_D4D8F937,2026-08-28,SYS_168,AST_FB44B477,REPARATION,INSPECTION,500.0
ACT_5B810F19,2026-08-28,SYS_194,AST_AFC2A365,REMPLACEMENT,PANNE,1800.0
ACT_995985B6,2026-08-29,SYS_039,AST_0C2D90D2,REPARATION,INSPECTION,500.0
ACT_15605FBE,2026-08-29,SYS_167,AST_BF41CB64,REPARATION,INSPECTION,500.0
ACT_0198BE9B,2026-08-30,SYS_137,AST_CC32FEC1,REPARATION,INSPECTION,500.0
ACT_4828D4D8,2026-08-30,SYS_188,AST_0D8C5A64,REPARATION,INSPECTION,500.0
ACT_BD41FD44,2026-08-31,SYS_012,AST_400DB418,REPARATION,INSPECTION,500.0
ACT_01257EF4,2026-08-31,SYS_038,AST_C09E7897,REPARATION,INSPECTION,500.0
ACT_61F29586,2026-08-31,SYS_055,AST_65BC7AF4,REPARATION,INSPECTION,500.0
ACT_ED76E5E8,2026-08-31,SYS_102,AST_D4717E02,REPARATION,INSPECTION,500.0
ACT_63349243,2026-09-01,SYS_080,AST_2CC51A78,REPARATION,INSPECTION,500.0
ACT_9DBCDD6F,2026-09-02,SYS_066,AST_F5795CF8,REPARATION,INSPECTION,500.0
ACT_6CEDDF33,2026-09-02,SYS_190,AST_FDA57079,REPARATION,INSPECTION,500.0
ACT_BFFEB69C,2026-09-03,SYS_007,AST_48BC3EF9,REPARATION,INSPECTION,500.0
ACT_A7E45FBB,2026-09-03,SYS_065,AST_C0195FDC,REPARATION,INSPECTION,500.0
ACT_71897782,2026-09-03,SYS_095,AST_F7A145A0,REPARATION,INSPECTION,500.0
ACT_D4A6A814,2026-09-04,SYS_069,AST_2CCCF5B1,REPARATION,INSPECTION,500.0
ACT_302AC1B3,2026-09-04,SYS_162,AST_FA7C66DB,REPARATION,INSPECTION,500.0
ACT_AF7404C5,2026-09-05,SYS_034,AST_898B9A3E,REPARATION,INSPECTION,500.0
ACT_63A293AD,2026-09-05,SYS_122,AST_0A8960BD,REPARATION,INSPECTION,500.0
ACT_A0EFBAC6,2026-09-05,SYS_130,AST_3A50A6C8,REPARATION,INSPECTION,500.0
ACT_4AFBA594,2026-09-05,SYS_148,AST_0CAAF0CA,REPARATION,INSPECTION,500.0
ACT_9E3E36F4,2026-09-06,SYS_105,AST_7866AE54,REPARATION,INSPECTION,500.0
ACT_88DBD236,2026-09-06,SYS_153,AST_416FD4D1,REPARATION,INSPECTION,500.0
ACT_C73EACBA,2026-09-07,SYS_049,AST_8B590081,REPARATION,INSPECTION,500.0
ACT_85423E1A,2026-09-07,SYS_132,AST_B471717C,REPARATION,INSPECTION,500.0
ACT_DDB9748F,2026-09-08,SYS_154,AST_8779BF08,REPARATION,INSPECTION,500.0
ACT_ADBF7119,2026-09-08,SYS_182,AST_005BCD3C,REMPLACEMENT,PANNE,1800.0
ACT_370A0113,2026-09-09,SYS_060,AST_93EE11F2,REPARATION,INSPECTION,500.0
ACT_982F0D24,2026-09-09,SYS_181,AST_69222B18,REPARATION,INSPECTION,500.0
ACT_69341F2B,2026-09-10,SYS_051,AST_8936EA7E,REPARATION,INSPECTION,500.0
ACT_11E0E1B9,2026-09-11,SYS_125,AST_3F4357D4,REPARATION,INSPECTION,500.0
ACT_66EB4407,2026-09-11,SYS_169,AST_55F0F9F6,REPARATION,INSPECTION,500.0
ACT_D76C42A9,2026-09-12,SYS_000,AST_611BCAFE,REPARATION,INSPECTION,500.0
ACT_841BB7A3,2026-09-12,SYS_053,AST_1421CD29,REPARATION,INSPECTION,500.0
ACT_9FAD0666,2026-09-12,SYS_087,AST_CEA7BD4E,REPARATION,INSPECTION,500.0
ACT_5AE1F6BD,2026-09-12,SYS_113,AST_177B93F0,REPARATION,INSPECTION,500.0
ACT_C30262F0,2026-09-12,SYS_157,AST_07151874,REPARATION,INSPECTION,500.0
ACT_D475BF4C,2026-09-13,SYS_089,AST_F3FA3B59,REPARATION,INSPECTION,500.0
ACT_8FAA866F,2026-09-14,SYS_016,AST_75491F89,REPARATION,INSPECTION,500.0
ACT_DA177EAF,2026-09-14,SYS_024,AST_360766DC,REPARATION,INSPECTION,500.0
ACT_7A7B70DE,2026-09-14,SYS_063,AST_54F1946F,REMPLACEMENT,PANNE,1800.0
ACT_C2EC0A9C,2026-09-14,SYS_177,AST_D268BF76,REPARATION,INSPECTION,500.0
ACT_6D6A6581,2026-09-15,SYS_145,AST_C80BFBDE,REMPLACEMENT,INSPECTION,1800.0
ACT_9A886106,2026-09-15,SYS_187,AST_362F6E1D,REPARATION,INSPECTION,500.0
ACT_3F3F5522,2026-09-16,SYS_023,AST_7155CAE3,REPARATION,INSPECTION,500.0
ACT_43546E51,2026-09-16,SYS_057,AST_3260BE22,REMPLACEMENT,PANNE,1800.0
ACT_C603FB37,2026-09-16,SYS_192,AST_149EEDF0,REMPLACEMENT,INSPECTION,1800.0
ACT_41346180,2026-09-16,SYS_197,AST_C302525D,REPARATION,INSPECTION,500.0
ACT_8D198E45,2026-09-18,SYS_068,AST_E6CD9897,REPARATION,INSPECTION,500.0
ACT_F0E2B91B,2026-09-18,SYS_081,AST_2559F2BC,REPARATION,INSPECTION,500.0
ACT_048B22A9,2026-09-19,SYS_006,AST_01B706B3,REPARATION,INSPECTION,500.0
ACT_17A0048D,2026-09-19,SYS_025,AST_E767A2E7,REPARATION,INSPECTION,500.0
ACT_992670B8,2026-09-19,SYS_054,AST_C88F0D7A,REPARATION,INSPECTION,500.0
ACT_D59891EE,2026-09-19,SYS_110,AST_FED5DCED,REPARATION,INSPECTION,500.0
ACT_65979AE9,2026-09-19,SYS_120,AST_F223BB43,REMPLACEMENT,INSPECTION,1800.0
ACT_1BBA96C5,2026-09-19,SYS_170,AST_41E4C47D,REPARATION,INSPECTION,500.0
ACT_15A9C162,2026-09-20,SYS_030,AST_BC560A24,REPARATION,INSPECTION,500.0
ACT_4EA6C9EE,2026-09-20,SYS_171,AST_BFB41487,REMPLACEMENT,PANNE,1800.0
ACT_E85DA061,2026-09-21,SYS_052,AST_79A75A88,REPARATION,INSPECTION,500.0
ACT_FAE5F489,2026-09-21,SYS_134,AST_513E84BA,REPARATION,INSPECTION,500.0
ACT_734C0158,2026-09-21,SYS_156,AST_C014C40A,REPARATION,INSPECTION,500.0
ACT_3A9DC263,2026-09-22,SYS_146,AST_1B8D46F6,REPARATION,INSPECTION,500.0
ACT_BF94B66A,2026-09-23,SYS_013,AST_0D114CD8,REPARATION,INSPECTION,500.0
ACT_ED4C7AE6,2026-09-23,SYS_062,AST_E6F98CD6,REPARATION,INSPECTION,500.0
ACT_77DF0FF1,2026-09-23,SYS_127,AST_E66E58BF,REPARATION,INSPECTION,500.0
ACT_235A17E7,2026-09-23,SYS_152,AST_A78D477C,REMPLACEMENT,INSPECTION,1800.0
ACT_CD70FB3B,2026-09-23,SYS_173,AST_761AB970,REPARATION,INSPECTION,500.0
ACT_CA3520A7,2026-09-23,SYS_183,AST_3AC31DE4,REPARATION,INSPECTION,500.0
ACT_6C648F25,2026-09-24,SYS_011,AST_C95E4C36,REPARATION,INSPECTION,500.0
ACT_D6F071F7,2026-09-24,SYS_072,AST_2677C73B,REPARATION,INSPECTION,500.0
ACT_14EDF6E7,2026-09-24,SYS_195,AST_112DC772,REPARATION,INSPECTION,500.0
ACT_D8B138D5,2026-09-25,SYS_028,AST_01BDCD63,REPARATION,INSPECTION,500.0
ACT_61964C92,2026-09-25,SYS_056,AST_1FD22902,REPARATION,INSPECTION,500.0
ACT_A9C024CE,2026-09-25,SYS_180,AST_ABEDAC5D,REPARATION,INSPECTION,500.0
ACT_C0F42B4E,2026-09-26,SYS_047,AST_BFCB2B08,REPARATION,INSPECTION,500.0
ACT_55091761,2026-09-26,SYS_077,AST_71806DDB,REPARATION,INSPECTION,500.0
ACT_3EECE315,2026-09-26,SYS_193,AST_B624BE5F,REPARATION,INSPECTION,500.0
ACT_7CE248FC,2026-09-30,SYS_015,AST_0CF332F9,REMPLACEMENT,INSPECTION,1800.0
ACT_CE1DE0D9,2026-10-02,SYS_139,AST_594EB63A,REPARATION,INSPECTION,500.0
ACT_3DAB10D2,2026-10-02,SYS_150,AST_4A9758F4,REPARATION,INSPECTION,500.0
ACT_679ABD0C,2026-10-02,SYS_184,AST_F713DE74,REPARATION,INSPECTION,500.0
ACT_2FEB0489,2026-10-03,SYS_178,AST_FB8BAAE3,REPARATION,INSPECTION,500.0
ACT_D6D6CB27,2026-10-04,SYS_075,AST_E60AAA9C,REPARATION,INSPECTION,500.0
ACT_BFA0A08E,2026-10-04,SYS_092,AST_A654FA74,REPARATION,INSPECTION,500.0
ACT_B20EEA24,2026-10-04,SYS_149,AST_AB74CC0D,REPARATION,INSPECTION,500.0
ACT_5208D03A,2026-10-05,SYS_128,AST_D607EFBB,REPARATION,INSPECTION,500.0
ACT_D519B40A,2026-10-06,SYS_061,AST_A35FE079,REPARATION,INSPECTION,500.0
ACT_3B717D3C,2026-10-06,SYS_097,AST_78B2DAF5,REPARATION,INSPECTION,500.0
ACT_EF1EF62D,2026-10-06,SYS_109,AST_36E83F9B,REPARATION,INSPECTION,500.0
ACT_4AC58110,2026-10-06,SYS_172,AST_ADEC264C,REPARATION,INSPECTION,500.0
ACT_EDE51C2D,2026-10-07,SYS_069,AST_2CCCF5B1,REPARATION,INSPECTION,500.0
ACT_EDAD7472,2026-10-07,SYS_135,AST_33AE7546,REPARATION,INSPECTION,500.0
ACT_09553DA0,2026-10-08,SYS_042,AST_85108019,REPARATION,INSPECTION,500.0
ACT_282C06EB,2026-10-08,SYS_059,AST_1F05FC1B,REPARATION,INSPECTION,500.0
ACT_85711CDC,2026-10-08,SYS_174,AST_0CF3B1AB,REPARATION,INSPECTION,500.0
ACT_C4ED02D7,2026-10-09,SYS_034,AST_898B9A3E,REPARATION,INSPECTION,500.0
ACT_76BB8F22,2026-10-10,SYS_123,AST_745D2B0D,REPARATION,INSPECTION,500.0
ACT_BE495C1B,2026-10-11,SYS_082,AST_677BB75C,REPARATION,INSPECTION,500.0
ACT_CDBCA05B,2026-10-12,SYS_096,AST_757A2281,REPARATION,INSPECTION,500.0
ACT_90D9EB03,2026-10-12,SYS_186,AST_5CB7885A,REPARATION,INSPECTION,500.0
ACT_387618D7,2026-10-13,SYS_004,AST_34B81456,REPARATION,INSPECTION,500.0
ACT_7241D043,2026-10-13,SYS_037,AST_12C3D6E6,REPARATION,INSPECTION,500.0
ACT_8355601C,2026-10-15,SYS_018,AST_D2AAE75F,REPARATION,INSPECTION,500.0
ACT_E55ADEE3,2026-10-15,SYS_159,AST_09334FDB,REPARATION,INSPECTION,500.0
ACT_5DF9CC42,2026-10-16,SYS_045,AST_71683139,REPARATION,INSPECTION,500.0
ACT_B6959172,2026-10-16,SYS_138,AST_BDEBA9F4,REPARATION,INSPECTION,500.0
ACT_8F782B82,2026-10-17,SYS_001,AST_5733BC75,REPARATION,INSPECTION,500.0
ACT_FC770D95,2026-10-17,SYS_017,AST_75433D0E,REPARATION,INSPECTION,500.0
ACT_969624E5,2026-10-17,SYS_126,AST_BCC36F08,REPARATION,INSPECTION,500.0
ACT_1CC531D8,2026-10-17,SYS_185,AST_A2B95F2A,REPARATION,INSPECTION,500.0
ACT_7100F7C9,2026-10-19,SYS_046,AST_B6A18F44,REMPLACEMENT,INSPECTION,1800.0
ACT_7B29A3DA,2026-10-19,SYS_164,AST_79E11B35,REPARATION,INSPECTION,500.0
ACT_46E39940,2026-10-20,SYS_083,AST_35C2C263,REPARATION,INSPECTION,500.0
ACT_92A92CEE,2026-10-20,SYS_085,AST_BC13EB44,REPARATION,INSPECTION,500.0
ACT_556F59F6,2026-10-20,SYS_144,AST_E96A36D9,REPARATION,INSPECTION,500.0
ACT_614A6A45,2026-10-21,SYS_199,AST_92492C9A,REMPLACEMENT,INSPECTION,1800.0
ACT_432BB644,2026-10-22,SYS_064,AST_6BB62FDB,REPARATION,INSPECTION,500.0
ACT_3E7DCD94,2026-10-22,SYS_073,AST_7072115A,REPARATION,INSPECTION,500.0
ACT_7D190365,2026-10-22,SYS_136,AST_46F2626C,REPARATION,INSPECTION,500.0
ACT_98CD704A,2026-10-23,SYS_023,AST_7155CAE3,REMPLACEMENT,PANNE,1800.0
ACT_8E166701,2026-10-23,SYS_093,AST_E008ABAF,REPARATION,INSPECTION,500.0
ACT_B57602C2,2026-10-23,SYS_101,AST_199E4ED5,REPARATION,INSPECTION,500.0
ACT_698F1978,2026-10-23,SYS_106,AST_F68C2B16,REPARATION,INSPECTION,500.0
ACT_AB120895,2026-10-23,SYS_118,AST_CD01BE37,REPARATION,INSPECTION,500.0
ACT_8436C9FE,2026-10-23,SYS_129,AST_B8F71FDD,REPARATION,INSPECTION,500.0
ACT_8A232216,2026-10-23,SYS_163,AST_67436F82,REPARATION,INSPECTION,500.0
ACT_816A1753,2026-10-23,SYS_176,AST_5DF61EE8,REPARATION,INSPECTION,500.0
ACT_902A02A9,2026-10-24,SYS_030,AST_BC560A24,REPARATION,INSPECTION,500.0
ACT_6A1162E8,2026-10-24,SYS_062,AST_E6F98CD6,REPARATION,INSPECTION,500.0
ACT_0F55CB07,2026-10-24,SYS_156,AST_C014C40A,REMPLACEMENT,PANNE,1800.0
ACT_F85324A4,2026-10-25,SYS_020,AST_A7767CC7,REPARATION,INSPECTION,500.0
ACT_00642CD3,2026-10-25,SYS_038,AST_C09E7897,REPARATION,INSPECTION,500.0
ACT_43EF0482,2026-10-25,SYS_088,AST_8881A08E,REPARATION,INSPECTION,500.0
ACT_1913FEE9,2026-10-25,SYS_104,AST_34B52F7C,REPARATION,INSPECTION,500.0
ACT_5393E4A5,2026-10-25,SYS_160,AST_EE42B4EE,REMPLACEMENT,PANNE,1800.0
ACT_D770BC3B,2026-10-26,SYS_121,AST_57E427AB,REPARATION,INSPECTION,500.0
ACT_AD844778,2026-10-26,SYS_140,AST_82DF0E33,REPARATION,INSPECTION,500.0
ACT_739877A7,2026-10-27,SYS_049,AST_8B590081,REPARATION,INSPECTION,500.0
ACT_202372C4,2026-10-27,SYS_093,AST_E008ABAF,REMPLACEMENT,PANNE,1800.0
ACT_1E4C61A6,2026-10-27,SYS_124,AST_C6FED7CE,REPARATION,INSPECTION,500.0
ACT_8ADE756B,2026-10-27,SYS_155,AST_EB9D2923,REPARATION,INSPECTION,500.0
ACT_119D7ABF,2026-10-28,SYS_007,AST_48BC3EF9,REPARATION,INSPECTION,500.0
ACT_6367CCFC,2026-10-28,SYS_141,AST_C841EE03,REPARATION,INSPECTION,500.0
ACT_8D342001,2026-10-29,SYS_044,AST_24282EF9,REPARATION,INSPECTION,500.0
ACT_9437BBB2,2026-10-29,SYS_066,AST_F5795CF8,REPARATION,INSPECTION,500.0
ACT_48A23E98,2026-10-29,SYS_091,AST_FF3BACB3,REPARATION,INSPECTION,500.0
ACT_F809E234,2026-10-30,SYS_021,AST_47CEED8F,REPARATION,INSPECTION,500.0
ACT_F1016BA0,2026-10-30,SYS_147,AST_059BC199,REPARATION,INSPECTION,500.0
ACT_468AAB08,2026-10-31,SYS_010,AST_BA1E579E,REPARATION,INSPECTION,500.0
ACT_9D1DC07E,2026-11-01,SYS_031,AST_9FC6C1DF,REPARATION,INSPECTION,500.0
ACT_6E214C79,2026-11-01,SYS_103,AST_E421B8F7,REPARATION,INSPECTION,500.0
ACT_C5A41C78,2026-11-01,SYS_119,AST_A9E07DCD,REMPLACEMENT,PANNE,1800.0
ACT_8AF0F7E0,2026-11-02,SYS_115,AST_E485A485,REPARATION,INSPECTION,500.0
ACT_D92C5E27,2026-11-03,SYS_065,AST_C0195FDC,REPARATION,INSPECTION,500.0
ACT_6954187F,2026-11-03,SYS_197,AST_C302525D,REPARATION,INSPECTION,500.0
ACT_C73032A8,2026-11-04,SYS_022,AST_3A3ABCBA,REPARATION,INSPECTION,500.0
ACT_AF677C51,2026-11-04,SYS_084,AST_F5A48F47,REPARATION,INSPECTION,500.0
ACT_B7687F6F,2026-11-05,SYS_002,AST_8C3021C3,REPARATION,INSPECTION,500.0
ACT_7E5DEABB,2026-11-05,SYS_009,AST_59AE948D,REPARATION,INSPECTION,500.0
ACT_FCA12505,2026-11-05,SYS_107,AST_4ED453A3,REPARATION,INSPECTION,500.0
ACT_8FCA28C5,2026-11-06,SYS_087,AST_CEA7BD4E,REPARATION,INSPECTION,500.0
ACT_AA05E9C5,2026-11-07,SYS_027,AST_F62C7205,REPARATION,INSPECTION,500.0
ACT_0EFE641C,2026-11-07,SYS_081,AST_2559F2BC,REPARATION,INSPECTION,500.0
ACT_218E47AC,2026-11-07,SYS_131,AST_348BD6C0,REPARATION,INSPECTION,500.0
ACT_E1564627,2026-11-08,SYS_053,AST_1421CD29,REPARATION,INSPECTION,500.0
ACT_A2288577,2026-11-08,SYS_166,AST_DA889646,REPARATION,INSPECTION,500.0
ACT_A0461740,2026-11-08,SYS_167,AST_BF41CB64,REPARATION,INSPECTION,500.0
ACT_B09F05D1,2026-11-09,SYS_050,AST_F69AFC56,REPARATION,INSPECTION,500.0
ACT_87958E2E,2026-11-11,SYS_032,AST_9EA318AD,REPARATION,INSPECTION,500.0
ACT_5E4EF179,2026-11-11,SYS_040,AST_D89EE066,REPARATION,INSPECTION,500.0
ACT_90641ECF,2026-11-11,SYS_071,AST_E62B116D,REPARATION,INSPECTION,500.0
ACT_2EC57E5B,2026-11-11,SYS_076,AST_F603957B,REPARATION,INSPECTION,500.0
ACT_536C15D7,2026-11-11,SYS_161,AST_D05D43D5,REPARATION,INSPECTION,500.0
ACT_6EE91277,2026-11-12,SYS_013,AST_0D114CD8,REPARATION,INSPECTION,500.0
ACT_7A0FF7F2,2026-11-12,SYS_035,AST_EC002B8E,REPARATION,INSPECTION,500.0
ACT_A4E87BB4,2026-11-12,SYS_048,AST_B7D85950,REPARATION,INSPECTION,500.0
ACT_7F999295,2026-11-12,SYS_051,AST_8936EA7E,REPARATION,INSPECTION,500.0
ACT_B5A8D460,2026-11-12,SYS_169,AST_55F0F9F6,REPARATION,INSPECTION,500.0
ACT_F08D73C3,2026-11-13,SYS_036,AST_201A44F7,REPARATION,INSPECTION,500.0
ACT_992179E1,2026-11-13,SYS_133,AST_36645A9F,REPARATION,INSPECTION,500.0
ACT_C786FE52,2026-11-14,SYS_074,AST_005C2060,REPARATION,INSPECTION,500.0
ACT_558624B1,2026-11-14,SYS_106,AST_F68C2B16,REMPLACEMENT,PANNE,1800.0
ACT_D107DFC7,2026-11-14,SYS_189,AST_BA2068C4,REPARATION,INSPECTION,500.0
ACT_69868311,2026-11-15,SYS_170,AST_41E4C47D,REPARATION,INSPECTION,500.0
ACT_4704274C,2026-11-15,SYS_196,AST_83AEE438,REPARATION,INSPECTION,500.0
ACT_20185F14,2026-11-17,SYS_099,AST_2E2BCA5E,REPARATION,INSPECTION,500.0
ACT_82DBE06E,2026-11-17,SYS_143,AST_5AB29CA1,REPARATION,INSPECTION,500.0
ACT_FA393059,2026-11-18,SYS_179,AST_05AA0B71,REPARATION,INSPECTION,500.0
ACT_5F7A175E,2026-11-19,SYS_125,AST_3F4357D4,REPARATION,INSPECTION,500.0
ACT_B54149BA,2026-11-20,SYS_019,AST_295F6162,REPARATION,INSPECTION,500.0
ACT_3DE03F88,2026-11-20,SYS_070,AST_EF1723A7,REPARATION,INSPECTION,500.0
ACT_43D86A9A,2026-11-20,SYS_098,AST_336E36C7,REPARATION,INSPECTION,500.0
ACT_9A7080D4,2026-11-20,SYS_113,AST_177B93F0,REPARATION,INSPECTION,500.0
ACT_60F31FF5,2026-11-20,SYS_191,AST_28102D1A,REPARATION,INSPECTION,500.0
ACT_8028D01E,2026-11-21,SYS_142,AST_A42F6532,REPARATION,INSPECTION,500.0
ACT_518B3C7F,2026-11-21,SYS_165,AST_849D44BE,REPARATION,INSPECTION,500.0
ACT_0CFD531A,2026-11-21,SYS_168,AST_FB44B477,REPARATION,INSPECTION,500.0
ACT_4561AE5F,2026-11-22,SYS_043,AST_11D07EA3,REPARATION,INSPECTION,500.0
ACT_3D69BB57,2026-11-22,SYS_056,AST_1FD22902,REPARATION,INSPECTION,500.0
ACT_1ED9C18C,2026-11-22,SYS_151,AST_0CA6C74F,REPARATION,INSPECTION,500.0
ACT_5FC907AF,2026-11-22,SYS_177,AST_D268BF76,REPARATION,INSPECTION,500.0
ACT_2792CD8F,2026-11-23,SYS_190,AST_FDA57079,REPARATION,INSPECTION,500.0
ACT_374185BC,2026-11-24,SYS_014,AST_C582AD53,REPARATION,INSPECTION,500.0
ACT_FEFB3255,2026-11-24,SYS_112,AST_72528000,REPARATION,INSPECTION,500.0
ACT_4E0D0C5E,2026-11-25,SYS_092,AST_A654FA74,REPARATION,INSPECTION,500.0
ACT_CABE9EEE,2026-11-25,SYS_108,AST_8823CDE5,REPARATION,INSPECTION,500.0
ACT_8A254108,2026-11-25,SYS_132,AST_B471717C,REPARATION,INSPECTION,500.0
ACT_A4E4825B,2026-11-26,SYS_101,AST_199E4ED5,REPARATION,INSPECTION,500.0
ACT_40774130,2026-11-26,SYS_111,AST_AA47D855,REPARATION,INSPECTION,500.0
ACT_308AD420,2026-11-26,SYS_175,AST_987787EC,REPARATION,INSPECTION,500.0
ACT_96C3F844,2026-11-27,SYS_154,AST_8779BF08,REPARATION,INSPECTION,500.0
ACT_0EA8D5B4,2026-11-28,SYS_067,AST_4F5BB5C0,REPARATION,INSPECTION,500.0
ACT_90F5E5C0,2026-11-28,SYS_100,AST_5436F9AF,REPARATION,INSPECTION,500.0
ACT_D791BE34,2026-11-28,SYS_114,AST_71208FE4,REPARATION,INSPECTION,500.0
ACT_C2DE6128,2026-11-29,SYS_150,AST_4A9758F4,REPARATION,INSPECTION,500.0
ACT_395E0777,2026-11-29,SYS_188,AST_0D8C5A64,REPARATION,INSPECTION,500.0
ACT_11964410,2026-11-30,SYS_055,AST_65BC7AF4,REPARATION,INSPECTION,500.0
ACT_F9EB025C,2026-11-30,SYS_086,AST_1F6FC1A0,REPARATION,INSPECTION,500.0
ACT_D25E3A43,2026-11-30,SYS_095,AST_F7A145A0,REPARATION,INSPECTION,500.0
ACT_CC4A5274,2026-12-01,SYS_094,AST_DDF229A0,REPARATION,INSPECTION,500.0
ACT_D6FB4161,2026-12-01,SYS_110,AST_FED5DCED,REPARATION,INSPECTION,500.0
ACT_6A68EBC6,2026-12-01,SYS_122,AST_0A8960BD,REPARATION,INSPECTION,500.0
ACT_6A432C88,2026-12-02,SYS_117,AST_EE3B7502,REPARATION,INSPECTION,500.0
ACT_38823141,2026-12-02,SYS_147,AST_059BC199,REPARATION,INSPECTION,500.0
ACT_B07DDD2C,2026-12-03,SYS_075,AST_E60AAA9C,REPARATION,INSPECTION,500.0
ACT_C36FDE7E,2026-12-03,SYS_084,AST_F5A48F47,REMPLACEMENT,PANNE,1800.0
ACT_92EC7AF1,2026-12-03,SYS_130,AST_3A50A6C8,REPARATION,INSPECTION,500.0
ACT_FCA49F45,2026-12-04,SYS_105,AST_7866AE54,REPARATION,INSPECTION,500.0
ACT_FE9896CA,2026-12-05,SYS_069,AST_2CCCF5B1,REPARATION,INSPECTION,500.0
ACT_1EF0D6F2,2026-12-05,SYS_102,AST_D4717E02,REPARATION,INSPECTION,500.0
ACT_9824B950,2026-12-05,SYS_137,AST_CC32FEC1,REPARATION,INSPECTION,500.0
ACT_774A13AE,2026-12-05,SYS_139,AST_594EB63A,REPARATION,INSPECTION,500.0
ACT_94FA4A09,2026-12-06,SYS_058,AST_CC418360,REMPLACEMENT,INSPECTION,1800.0
ACT_A56B8BA4,2026-12-06,SYS_078,AST_22724B56,REPARATION,INSPECTION,500.0
ACT_BFF106FB,2026-12-07,SYS_041,AST_5F735C82,REPARATION,INSPECTION,500.0
ACT_6DBBC2BA,2026-12-08,SYS_039,AST_0C2D90D2,REPARATION,INSPECTION,500.0
ACT_2608BBF1,2026-12-08,SYS_153,AST_416FD4D1,REPARATION,INSPECTION,500.0
ACT_8E3261A0,2026-12-10,SYS_148,AST_0CAAF0CA,REPARATION,INSPECTION,500.0
ACT_D736CFD8,2026-12-11,SYS_012,AST_400DB418,REPARATION,INSPECTION,500.0
ACT_A8B6F044,2026-12-11,SYS_198,AST_8C8EC664,REPARATION,INSPECTION,500.0
ACT_B24B0AA1,2026-12-12,SYS_024,AST_360766DC,REPARATION,INSPECTION,500.0
ACT_23664EBE,2026-12-12,SYS_068,AST_E6CD9897,REPARATION,INSPECTION,500.0
ACT_1AEFB4B7,2026-12-13,SYS_026,AST_B7959A5C,REPARATION,INSPECTION,500.0
ACT_D9F8D1B4,2026-12-13,SYS_029,AST_72182962,REPARATION,INSPECTION,500.0
ACT_60C2699B,2026-12-13,SYS_052,AST_79A75A88,REPARATION,INSPECTION,500.0
ACT_001FE749,2026-12-13,SYS_134,AST_513E84BA,REPARATION,INSPECTION,500.0
ACT_28ECFF73,2026-12-14,SYS_025,AST_E767A2E7,REPARATION,INSPECTION,500.0
ACT_B110B8B8,2026-12-14,SYS_033,AST_78A40885,REPARATION,INSPECTION,500.0
ACT_755F43FB,2026-12-15,SYS_016,AST_75491F89,REPARATION,INSPECTION,500.0
ACT_E3E9675B,2026-12-16,SYS_054,AST_C88F0D7A,REPARATION,INSPECTION,500.0
ACT_A9D477B4,2026-12-16,SYS_079,AST_F5251E52,REMPLACEMENT,INSPECTION,1800.0
ACT_E9A8B288,2026-12-16,SYS_085,AST_BC13EB44,REPARATION,INSPECTION,500.0
ACT_7E09B39C,2026-12-16,SYS_185,AST_A2B95F2A,REPARATION,INSPECTION,500.0
ACT_ACE69E80,2026-12-16,SYS_193,AST_B624BE5F,REPARATION,INSPECTION,500.0
ACT_1212529D,2026-12-16,SYS_195,AST_112DC772,REPARATION,INSPECTION,500.0
ACT_B9E39668,2026-12-17,SYS_090,AST_3E900085,REPARATION,INSPECTION,500.0
ACT_1210BDA2,2026-12-17,SYS_162,AST_FA7C66DB,REPARATION,INSPECTION,500.0
ACT_3EEBD37B,2026-12-17,SYS_173,AST_761AB970,REPARATION,INSPECTION,500.0
ACT_593951D8,2026-12-18,SYS_181,AST_69222B18,REPARATION,INSPECTION,500.0
ACT_77153C92,2026-12-21,SYS_104,AST_34B52F7C,REPARATION,INSPECTION,500.0
ACT_BFBA6D4A,2026-12-23,SYS_180,AST_ABEDAC5D,REPARATION,INSPECTION,500.0
ACT_D778B097,2026-12-23,SYS_183,AST_3AC31DE4,REPARATION,INSPECTION,500.0
ACT_2191A3D4,2026-12-24,SYS_126,AST_BCC36F08,REPARATION,INSPECTION,500.0
ACT_53015B6A,2026-12-24,SYS_158,AST_FA571F5C,REMPLACEMENT,PANNE,1800.0
ACT_A5FB835B,2026-12-25,SYS_000,AST_611BCAFE,REPARATION,INSPECTION,500.0
ACT_273055DB,2026-12-25,SYS_124,AST_C6FED7CE,REPARATION,INSPECTION,500.0
ACT_68318B4B,2026-12-25,SYS_146,AST_1B8D46F6,REPARATION,INSPECTION,500.0
ACT_8E6EE431,2026-12-26,SYS_007,AST_48BC3EF9,REPARATION,INSPECTION,500.0
ACT_23399663,2026-12-26,SYS_080,AST_2CC51A78,REPARATION,INSPECTION,500.0
ACT_720B85C0,2026-12-27,SYS_072,AST_2677C73B,REPARATION,INSPECTION,500.0
ACT_0BF4F3AA,2026-12-27,SYS_108,AST_8823CDE5,REPARATION,INSPECTION,500.0
ACT_CF863BC0,2026-12-28,SYS_005,AST_2355582B,REPARATION,INSPECTION,500.0
ACT_7DCA0D76,2026-12-28,SYS_123,AST_745D2B0D,REPARATION,INSPECTION,500.0
ACT_6F92C966,2026-12-29,SYS_128,AST_D607EFBB,REPARATION,INSPECTION,500.0
ACT_129ABD60,2026-12-30,SYS_006,AST_01B706B3,REPARATION,INSPECTION,500.0
ACT_0DBCEDE6,2026-12-30,SYS_116,AST_AA3DF989,REPARATION,INSPECTION,500.0
ACT_532DA144,2026-12-31,SYS_059,AST_1F05FC1B,REPARATION,INSPECTION,500.0
ACT_1E7348FF,2027-01-01,SYS_178,AST_FB8BAAE3,REPARATION,INSPECTION,500.0
ACT_867DE539,2027-01-01,SYS_184,AST_F713DE74,REPARATION,INSPECTION,500.0
ACT_B90C39D6,2027-01-02,SYS_008,AST_8CDA59B0,REPARATION,INSPECTION,500.0
ACT_5765AADA,2027-01-02,SYS_031,AST_9FC6C1DF,REPARATION,INSPECTION,500.0
ACT_70C14877,2027-01-02,SYS_044,AST_24282EF9,REPARATION,INSPECTION,500.0
ACT_CD1ABC28,2027-01-02,SYS_197,AST_C302525D,REPARATION,INSPECTION,500.0
ACT_80EFA010,2027-01-03,SYS_010,AST_BA1E579E,REPARATION,INSPECTION,500.0
ACT_1F1AD5CE,2027-01-03,SYS_042,AST_85108019,REPARATION,INSPECTION,500.0
ACT_733BFBB5,2027-01-03,SYS_115,AST_E485A485,REPARATION,INSPECTION,500.0
ACT_BFCB7AFB,2027-01-04,SYS_041,AST_5F735C82,REPARATION,INSPECTION,500.0
ACT_C18830A8,2027-01-04,SYS_172,AST_ADEC264C,REPARATION,INSPECTION,500.0
ACT_0C2FBFC8,2027-01-05,SYS_077,AST_71806DDB,REPARATION,INSPECTION,500.0
ACT_AD60428D,2027-01-05,SYS_138,AST_BDEBA9F4,REPARATION,INSPECTION,500.0
ACT_81D69275,2027-01-05,SYS_157,AST_07151874,REPARATION,INSPECTION,500.0
ACT_54333319,2027-01-06,SYS_033,AST_78A40885,REPARATION,INSPECTION,500.0
ACT_B5ACAA1A,2027-01-06,SYS_096,AST_757A2281,REPARATION,INSPECTION,500.0
ACT_9DE88B6A,2027-01-07,SYS_061,AST_A35FE079,REPARATION,INSPECTION,500.0
ACT_CB905D9D,2027-01-07,SYS_135,AST_33AE7546,REPARATION,INSPECTION,500.0
ACT_7EABE850,2027-01-08,SYS_060,AST_93EE11F2,REMPLACEMENT,INSPECTION,1800.0
ACT_771B0C95,2027-01-08,SYS_107,AST_4ED453A3,REPARATION,INSPECTION,500.0
ACT_79AE1251,2027-01-08,SYS_186,AST_5CB7885A,REPARATION,INSPECTION,500.0
ACT_85B382C9,2027-01-09,SYS_002,AST_8C3021C3,REPARATION,INSPECTION,500.0
ACT_E5C988E9,2027-01-09,SYS_015,AST_972033C2,REPARATION,INSPECTION,500.0
ACT_AA4408B3,2027-01-09,SYS_071,AST_E62B116D,REPARATION,INSPECTION,500.0
ACT_CD106A33,2027-01-09,SYS_078,AST_22724B56,REPARATION,INSPECTION,500.0
ACT_6920C2AE,2027-01-10,SYS_003,AST_C2536FD0,REMPLACEMENT,INSPECTION,1800.0
ACT_3F959F21,2027-01-10,SYS_017,AST_75433D0E,REPARATION,INSPECTION,500.0
ACT_DCAE2EEB,2027-01-10,SYS_066,AST_F5795CF8,REPARATION,INSPECTION,500.0
ACT_CD64A6D0,2027-01-10,SYS_081,AST_2559F2BC,REPARATION,INSPECTION,500.0
ACT_0D58C4AE,2027-01-10,SYS_097,AST_78B2DAF5,REPARATION,INSPECTION,500.0
ACT_08A277B1,2027-01-11,SYS_037,AST_12C3D6E6,REPARATION,INSPECTION,500.0
ACT_577ACE24,2027-01-11,SYS_040,AST_D89EE066,REPARATION,INSPECTION,500.0
ACT_BD339C29,2027-01-11,SYS_073,AST_7072115A,REPARATION,INSPECTION,500.0
ACT_E19BD144,2027-01-11,SYS_088,AST_8881A08E,REPARATION,INSPECTION,500.0
ACT_AA277886,2027-01-12,SYS_045,AST_71683139,REPARATION,INSPECTION,500.0
ACT_AB64CD9F,2027-01-12,SYS_076,AST_F603957B,REPARATION,INSPECTION,500.0
ACT_131FF5E9,2027-01-12,SYS_120,AST_8176A690,REPARATION,INSPECTION,500.0
ACT_BB97C0CA,2027-01-12,SYS_133,AST_36645A9F,REPARATION,INSPECTION,500.0
ACT_B274DB9F,2027-01-13,SYS_057,AST_3D7F459C,REPARATION,INSPECTION,500.0
ACT_8804F662,2027-01-13,SYS_129,AST_B8F71FDD,REPARATION,INSPECTION,500.0
ACT_314DE591,2027-01-14,SYS_013,AST_0D114CD8,REPARATION,INSPECTION,500.0
ACT_1A3F833F,2027-01-14,SYS_038,AST_C09E7897,REPARATION,INSPECTION,500.0
ACT_F26557BC,2027-01-14,SYS_089,AST_F3FA3B59,REPARATION,INSPECTION,500.0
ACT_8345EF11,2027-01-15,SYS_163,AST_67436F82,REPARATION,INSPECTION,500.0
ACT_4AA53062,2027-01-16,SYS_063,AST_36AFB794,REPARATION,INSPECTION,500.0
ACT_E2D69ED2,2027-01-16,SYS_109,AST_36E83F9B,REPARATION,INSPECTION,500.0
ACT_E33A4A27,2027-01-16,SYS_161,AST_D05D43D5,REPARATION,INSPECTION,500.0
ACT_94E9C8E3,2027-01-16,SYS_169,AST_55F0F9F6,REPARATION,INSPECTION,500.0
ACT_59BA699C,2027-01-17,SYS_082,AST_677BB75C,REPARATION,INSPECTION,500.0
ACT_94B636C0,2027-01-17,SYS_149,AST_AB74CC0D,REPARATION,INSPECTION,500.0
ACT_EF66503D,2027-01-18,SYS_083,AST_35C2C263,REPARATION,INSPECTION,500.0
ACT_2C38A9AE,2027-01-18,SYS_099,AST_2E2BCA5E,REPARATION,INSPECTION,500.0
ACT_35B30341,2027-01-18,SYS_170,AST_41E4C47D,REPARATION,INSPECTION,500.0
ACT_FAA3044F,2027-01-18,SYS_176,AST_5DF61EE8,REPARATION,INSPECTION,500.0
ACT_C900B6BD,2027-01-19,SYS_056,AST_1FD22902,REMPLACEMENT,PANNE,1800.0
ACT_C3706223,2027-01-19,SYS_112,AST_72528000,REPARATION,INSPECTION,500.0
ACT_2DCD361F,2027-01-19,SYS_140,AST_82DF0E33,REPARATION,INSPECTION,500.0
ACT_7B1EF188,2027-01-19,SYS_155,AST_EB9D2923,REPARATION,INSPECTION,500.0
ACT_D99B55BF,2027-01-19,SYS_164,AST_79E11B35,REPARATION,INSPECTION,500.0
ACT_F3D13BFA,2027-01-20,SYS_001,AST_5733BC75,REPARATION,INSPECTION,500.0
ACT_4656F403,2027-01-20,SYS_014,AST_C582AD53,REPARATION,INSPECTION,500.0
ACT_987AB3BF,2027-01-20,SYS_058,AST_29C69D87,REMPLACEMENT,PANNE,1800.0
ACT_0A0CCC02,2027-01-21,SYS_098,AST_336E36C7,REPARATION,INSPECTION,500.0
ACT_49A8B200,2027-01-21,SYS_144,AST_E96A36D9,REPARATION,INSPECTION,500.0
ACT_99C49290,2027-01-21,SYS_152,AST_25E0634B,REPARATION,INSPECTION,500.0
ACT_9BE3233D,2027-01-21,SYS_194,AST_94955F5C,REPARATION,INSPECTION,500.0
ACT_42596B0B,2027-01-22,SYS_018,AST_D2AAE75F,REPARATION,INSPECTION,500.0
ACT_600411A3,2027-01-22,SYS_080,AST_2CC51A78,REPARATION,INSPECTION,500.0
ACT_009D307C,2027-01-22,SYS_191,AST_28102D1A,REPARATION,INSPECTION,500.0
ACT_BEBF6FE7,2027-01-23,SYS_020,AST_A7767CC7,REPARATION,INSPECTION,500.0
ACT_654D1EF8,2027-01-23,SYS_028,AST_01BDCD63,REPARATION,INSPECTION,500.0
ACT_ACF41CDA,2027-01-23,SYS_121,AST_57E427AB,REPARATION,INSPECTION,500.0
ACT_A4971B56,2027-01-25,SYS_047,AST_BFCB2B08,REPARATION,INSPECTION,500.0
ACT_C5620535,2027-01-25,SYS_049,AST_8B590081,REPARATION,INSPECTION,500.0
ACT_E7159B4C,2027-01-25,SYS_062,AST_E6F98CD6,REPARATION,INSPECTION,500.0
ACT_7C91B860,2027-01-25,SYS_064,AST_6BB62FDB,REPARATION,INSPECTION,500.0
ACT_43659741,2027-01-25,SYS_074,AST_005C2060,REPARATION,INSPECTION,500.0
ACT_1A76084F,2027-01-25,SYS_136,AST_46F2626C,REPARATION,INSPECTION,500.0
ACT_5EB4AC5B,2027-01-28,SYS_021,AST_47CEED8F,REPARATION,INSPECTION,500.0
ACT_8EC16C48,2027-01-28,SYS_023,AST_E2660384,REPARATION,INSPECTION,500.0
ACT_A040BAFC,2027-01-28,SYS_127,AST_E66E58BF,REMPLACEMENT,INSPECTION,1800.0
ACT_CA3EADFF,2027-01-28,SYS_188,AST_0D8C5A64,REPARATION,INSPECTION,500.0
ACT_220E7262,2027-01-29,SYS_011,AST_C95E4C36,REPARATION,INSPECTION,500.0
ACT_27920268,2027-01-29,SYS_055,AST_65BC7AF4,REPARATION,INSPECTION,500.0
ACT_8EA62E6E,2027-01-29,SYS_087,AST_CEA7BD4E,REPARATION,INSPECTION,500.0
ACT_BDF6F9F1,2027-01-29,SYS_114,AST_71208FE4,REPARATION,INSPECTION,500.0
ACT_74029909,2027-01-29,SYS_118,AST_CD01BE37,REPARATION,INSPECTION,500.0
ACT_6B4BF056,2027-01-29,SYS_139,AST_594EB63A,REPARATION,INSPECTION,500.0
ACT_33A5A3F6,2027-01-30,SYS_187,AST_362F6E1D,REMPLACEMENT,INSPECTION,1800.0
ACT_B2959CEF,2027-01-31,SYS_036,AST_201A44F7,REPARATION,INSPECTION,500.0
ACT_586396CE,2027-01-31,SYS_043,AST_11D07EA3,REPARATION,INSPECTION,500.0
ACT_88241156,2027-01-31,SYS_095,AST_F7A145A0,REPARATION,INSPECTION,500.0
ACT_B86D80B2,2027-02-01,SYS_103,AST_E421B8F7,REPARATION,INSPECTION,500.0
ACT_1C875359,2027-02-03,SYS_110,AST_FED5DCED,REPARATION,INSPECTION,500.0
ACT_F800A682,2027-02-05,SYS_009,AST_59AE948D,REPARATION,INSPECTION,500.0
ACT_4416278A,2027-02-05,SYS_091,AST_FF3BACB3,REPARATION,INSPECTION,500.0
ACT_4653E382,2027-02-05,SYS_135,AST_33AE7546,REPARATION,INSPECTION,500.0
ACT_A9DFA8DF,2027-02-05,SYS_167,AST_BF41CB64,REPARATION,INSPECTION,500.0
ACT_A775DE16,2027-02-08,SYS_026,AST_B7959A5C,REPARATION,INSPECTION,500.0
ACT_AB1364CA,2027-02-08,SYS_034,AST_898B9A3E,REPARATION,INSPECTION,500.0
ACT_20C4D918,2027-02-08,SYS_166,AST_DA889646,REPARATION,INSPECTION,500.0
ACT_875BF3C9,2027-02-08,SYS_174,AST_0CF3B1AB,REMPLACEMENT,INSPECTION,1800.0
ACT_85A517C5,2027-02-09,SYS_035,AST_EC002B8E,REPARATION,INSPECTION,500.0
ACT_FC2219C5,2027-02-09,SYS_130,AST_3A50A6C8,REPARATION,INSPECTION,500.0
ACT_B4162305,2027-02-09,SYS_153,AST_416FD4D1,REPARATION,INSPECTION,500.0
ACT_ACEF3C33,2027-02-09,SYS_182,AST_99B17A89,REPARATION,INSPECTION,500.0
ACT_03C0BEAD,2027-02-10,SYS_050,AST_F69AFC56,REPARATION,INSPECTION,500.0
ACT_E5A185B7,2027-02-10,SYS_051,AST_8936EA7E,REPARATION,INSPECTION,500.0
ACT_50A3F608,2027-02-11,SYS_019,AST_295F6162,REPARATION,INSPECTION,500.0
ACT_D5985716,2027-02-11,SYS_089,AST_F3FA3B59,REPARATION,INSPECTION,500.0
ACT_6B7D2C18,2027-02-11,SYS_181,AST_69222B18,REPARATION,INSPECTION,500.0
ACT_F982A58F,2027-02-12,SYS_029,AST_72182962,REPARATION,INSPECTION,500.0
ACT_2E32C72E,2027-02-12,SYS_070,AST_EF1723A7,REPARATION,INSPECTION,500.0
ACT_51AA5F92,2027-02-12,SYS_154,AST_8779BF08,REPARATION,INSPECTION,500.0
ACT_A5A35ACE,2027-02-13,SYS_022,AST_3A3ABCBA,REPARATION,INSPECTION,500.0
ACT_F05D664B,2027-02-13,SYS_045,AST_71683139,REPARATION,INSPECTION,500.0
ACT_ECEEDF31,2027-02-13,SYS_141,AST_C841EE03,REPARATION,INSPECTION,500.0
ACT_3FA2E66C,2027-02-14,SYS_004,AST_34B81456,REPARATION,INSPECTION,500.0
ACT_ACBF67BA,2027-02-14,SYS_005,AST_2355582B,REPARATION,INSPECTION,500.0
ACT_2C28B32C,2027-02-16,SYS_101,AST_199E4ED5,REPARATION,INSPECTION,500.0
ACT_B7846C8D,2027-02-16,SYS_159,AST_09334FDB,REMPLACEMENT,INSPECTION,1800.0
ACT_C753ABBA,2027-02-16,SYS_185,AST_A2B95F2A,REPARATION,INSPECTION,500.0
ACT_83C4833F,2027-02-17,SYS_132,AST_B471717C,REPARATION,INSPECTION,500.0
ACT_A1603BB0,2027-02-17,SYS_162,AST_FA7C66DB,REPARATION,INSPECTION,500.0
ACT_C7BAD74E,2027-02-18,SYS_165,AST_849D44BE,REPARATION,INSPECTION,500.0
ACT_C23719B4,2027-02-18,SYS_180,AST_ABEDAC5D,REPARATION,INSPECTION,500.0
ACT_A3802EBC,2027-02-19,SYS_016,AST_75491F89,REPARATION,INSPECTION,500.0
ACT_2FE4E7C0,2027-02-19,SYS_048,AST_B7D85950,REPARATION,INSPECTION,500.0
ACT_30C9B68D,2027-02-19,SYS_117,AST_EE3B7502,REMPLACEMENT,PANNE,1800.0
ACT_C1FA7BA7,2027-02-20,SYS_030,AST_BC560A24,REPARATION,INSPECTION,500.0
ACT_C1747C0E,2027-02-20,SYS_075,AST_E60AAA9C,REMPLACEMENT,PANNE,1800.0
ACT_40352019,2027-02-20,SYS_148,AST_0CAAF0CA,REPARATION,INSPECTION,500.0
ACT_B18AA5E1,2027-02-21,SYS_111,AST_AA47D855,REPARATION,INSPECTION,500.0
ACT_9A6AD104,2027-02-21,SYS_168,AST_FB44B477,REPARATION,INSPECTION,500.0
ACT_9A58324C,2027-02-21,SYS_179,AST_05AA0B71,REPARATION,INSPECTION,500.0
ACT_1EC181FC,2027-02-22,SYS_032,AST_9EA318AD,REPARATION,INSPECTION,500.0
ACT_CC3FAAD8,2027-02-22,SYS_067,AST_4F5BB5C0,REPARATION,INSPECTION,500.0
ACT_E01C9082,2027-02-22,SYS_092,AST_A654FA74,REPARATION,INSPECTION,500.0
ACT_1865EEF5,2027-02-22,SYS_192,AST_D07C19AF,REPARATION,INSPECTION,500.0
ACT_4E6C60E0,2027-02-23,SYS_010,AST_BA1E579E,REPARATION,INSPECTION,500.0
ACT_4281C170,2027-02-23,SYS_195,AST_112DC772,REPARATION,INSPECTION,500.0
ACT_DEE2DD70,2027-02-24,SYS_102,AST_D4717E02,REPARATION,INSPECTION,500.0
ACT_76938033,2027-02-25,SYS_027,AST_F62C7205,REPARATION,INSPECTION,500.0
ACT_9ED730F9,2027-02-25,SYS_157,AST_07151874,REPARATION,INSPECTION,500.0
ACT_67ECB2C2,2027-02-26,SYS_065,AST_C0195FDC,REPARATION,INSPECTION,500.0
ACT_F3C7E4FC,2027-02-26,SYS_122,AST_0A8960BD,REPARATION,INSPECTION,500.0
ACT_1C74D8CE,2027-02-26,SYS_177,AST_D268BF76,REPARATION,INSPECTION,500.0
ACT_24C9C86A,2027-02-27,SYS_006,AST_01B706B3,REPARATION,INSPECTION,500.0
ACT_A9517085,2027-02-27,SYS_039,AST_0C2D90D2,REPARATION,INSPECTION,500.0
ACT_0A836A81,2027-02-27,SYS_094,AST_DDF229A0,REPARATION,INSPECTION,500.0
ACT_9F09F27C,2027-02-28,SYS_007,AST_48BC3EF9,REPARATION,INSPECTION,500.0
ACT_DD5E1DF5,2027-02-28,SYS_008,AST_8CDA59B0,REPARATION,INSPECTION,500.0
ACT_A5091B4E,2027-02-28,SYS_025,AST_E767A2E7,REPARATION,INSPECTION,500.0
ACT_2809B463,2027-03-01,SYS_053,AST_1421CD29,REPARATION,INSPECTION,500.0
ACT_F371D2D0,2027-03-01,SYS_190,AST_FDA57079,REPARATION,INSPECTION,500.0
ACT_3B99556B,2027-03-02,SYS_059,AST_1F05FC1B,REPARATION,INSPECTION,500.0
ACT_1BEB88EE,2027-03-02,SYS_175,AST_987787EC,REPARATION,INSPECTION,500.0
ACT_6EACE2DB,2027-03-03,SYS_189,AST_BA2068C4,REMPLACEMENT,INSPECTION,1800.0
ACT_4CEAF8ED,2027-03-04,SYS_086,AST_1F6FC1A0,REPARATION,INSPECTION,500.0
ACT_914870B9,2027-03-06,SYS_068,AST_E6CD9897,REPARATION,INSPECTION,500.0
ACT_78309BC5,2027-03-06,SYS_172,AST_ADEC264C,REPARATION,INSPECTION,500.0
ACT_1C753725,2027-03-07,SYS_024,AST_360766DC,REPARATION,INSPECTION,500.0
ACT_CBB8748E,2027-03-07,SYS_120,AST_8176A690,REPARATION,INSPECTION,500.0
ACT_9703D2D5,2027-03-08,SYS_044,AST_24282EF9,REPARATION,INSPECTION,500.0
ACT_02274BA7,2027-03-08,SYS_184,AST_F713DE74,REPARATION,INSPECTION,500.0
ACT_96F431DF,2027-03-08,SYS_196,AST_83AEE438,REPARATION,INSPECTION,500.0
ACT_96259398,2027-03-09,SYS_105,AST_7866AE54,REPARATION,INSPECTION,500.0
ACT_211C5119,2027-03-09,SYS_125,AST_3F4357D4,REPARATION,INSPECTION,500.0
ACT_B90DA246,2027-03-09,SYS_145,AST_FDBA2A0E,REPARATION,INSPECTION,500.0
ACT_640A2BF5,2027-03-10,SYS_062,AST_E6F98CD6,REPARATION,INSPECTION,500.0
ACT_81B958D0,2027-03-10,SYS_069,AST_2CCCF5B1,REPARATION,INSPECTION,500.0
ACT_CD122EC5,2027-03-10,SYS_167,AST_BF41CB64,REMPLACEMENT,PANNE,1800.0
ACT_4717CF2D,2027-03-11,SYS_073,AST_7072115A,REPARATION,INSPECTION,500.0
ACT_F60ED25B,2027-03-11,SYS_085,AST_BC13EB44,REPARATION,INSPECTION,500.0
ACT_F03A54C6,2027-03-11,SYS_131,AST_348BD6C0,REMPLACEMENT,INSPECTION,1800.0
ACT_E825E73E,2027-03-11,SYS_143,AST_5AB29CA1,REPARATION,INSPECTION,500.0
ACT_A229C4E2,2027-03-11,SYS_147,AST_059BC199,REPARATION,INSPECTION,500.0
ACT_85AE5251,2027-03-11,SYS_186,AST_5CB7885A,REPARATION,INSPECTION,500.0
ACT_B7779968,2027-03-11,SYS_199,AST_B4105540,REPARATION,INSPECTION,500.0
ACT_2DC9B576,2027-03-13,SYS_002,AST_8C3021C3,REPARATION,INSPECTION,500.0
ACT_E68C1C9A,2027-03-13,SYS_037,AST_12C3D6E6,REPARATION,INSPECTION,500.0
ACT_EB39DA9F,2027-03-14,SYS_005,AST_2355582B,REPARATION,INSPECTION,500.0
ACT_ED927517,2027-03-14,SYS_040,AST_D89EE066,REPARATION,INSPECTION,500.0
ACT_DA2B1D5B,2027-03-14,SYS_142,AST_A42F6532,REPARATION,INSPECTION,500.0
ACT_AC512ED2,2027-03-14,SYS_173,AST_761AB970,REPARATION,INSPECTION,500.0
ACT_01A56FE4,2027-03-14,SYS_197,AST_C302525D,REPARATION,INSPECTION,500.0
ACT_8FF70862,2027-03-15,SYS_054,AST_C88F0D7A,REPARATION,INSPECTION,500.0
ACT_B036867F,2027-03-15,SYS_171,AST_27532D26,REPARATION,INSPECTION,500.0
ACT_665A0E98,2027-03-15,SYS_193,AST_B624BE5F,REPARATION,INSPECTION,500.0
ACT_B65D1F55,2027-03-16,SYS_017,AST_75433D0E,REPARATION,INSPECTION,500.0
ACT_BB2519A4,2027-03-16,SYS_038,AST_C09E7897,REPARATION,INSPECTION,500.0
ACT_37858FF5,2027-03-16,SYS_104,AST_34B52F7C,REPARATION,INSPECTION,500.0
ACT_F33D9A9F,2027-03-17,SYS_046,AST_CA11BC6D,REPARATION,INSPECTION,500.0
ACT_0F02F0CB,2027-03-17,SYS_076,AST_F603957B,REPARATION,INSPECTION,500.0
ACT_69BC96EF,2027-03-17,SYS_126,AST_BCC36F08,REMPLACEMENT,PANNE,1800.0
ACT_8E051907,2027-03-18,SYS_012,AST_400DB418,REPARATION,INSPECTION,500.0
ACT_35C7AC99,2027-03-18,SYS_198,AST_8C8EC664,REPARATION,INSPECTION,500.0
ACT_741A5C1F,2027-03-19,SYS_028,AST_01BDCD63,REPARATION,INSPECTION,500.0
ACT_FCE2F447,2027-03-19,SYS_099,AST_2E2BCA5E,REPARATION,INSPECTION,500.0
ACT_8BF508D6,2027-03-20,SYS_013,AST_0D114CD8,REPARATION,INSPECTION,500.0
ACT_98800497,2027-03-20,SYS_041,AST_5F735C82,REPARATION,INSPECTION,500.0
ACT_9BA7A08C,2027-03-20,SYS_128,AST_D607EFBB,REPARATION,INSPECTION,500.0
ACT_0F88ED53,2027-03-21,SYS_090,AST_3E900085,REPARATION,INSPECTION,500.0
ACT_9362434F,2027-03-22,SYS_047,AST_BFCB2B08,REPARATION,INSPECTION,500.0
ACT_365AF343,2027-03-22,SYS_168,AST_FB44B477,REPARATION,INSPECTION,500.0
ACT_5DEA5061,2027-03-23,SYS_049,AST_8B590081,REPARATION,INSPECTION,500.0
ACT_454830F9,2027-03-23,SYS_072,AST_2677C73B,REPARATION,INSPECTION,500.0
ACT_39EBFFF4,2027-03-23,SYS_098,AST_336E36C7,REPARATION,INSPECTION,500.0
ACT_399F9BC3,2027-03-23,SYS_113,AST_177B93F0,REMPLACEMENT,INSPECTION,1800.0
ACT_5F61DF93,2027-03-23,SYS_176,AST_5DF61EE8,REPARATION,INSPECTION,500.0
ACT_C1D4DA33,2027-03-24,SYS_082,AST_677BB75C,REPARATION,INSPECTION,500.0
ACT_0CD97105,2027-03-24,SYS_170,AST_41E4C47D,REPARATION,INSPECTION,500.0
ACT_89E2191F,2027-03-25,SYS_100,AST_5436F9AF,REMPLACEMENT,INSPECTION,1800.0
ACT_B3C91CB8,2027-03-25,SYS_119,AST_82BD2C04,REPARATION,INSPECTION,500.0
ACT_6CC983AA,2027-03-25,SYS_137,AST_CC32FEC1,REPARATION,INSPECTION,500.0
ACT_87C06A36,2027-03-25,SYS_150,AST_4A9758F4,REMPLACEMENT,INSPECTION,1800.0
ACT_FBE16CB2,2027-03-25,SYS_151,AST_0CA6C74F,REMPLACEMENT,INSPECTION,1800.0
ACT_6E7C5AC2,2027-03-25,SYS_198,AST_8C8EC664,REMPLACEMENT,PANNE,1800.0
ACT_3AC31398,2027-03-26,SYS_052,AST_79A75A88,REPARATION,INSPECTION,500.0
ACT_C2A20A5F,2027-03-26,SYS_178,AST_FB8BAAE3,REPARATION,INSPECTION,500.0
ACT_A30F81E2,2027-03-26,SYS_183,AST_3AC31DE4,REPARATION,INSPECTION,500.0
ACT_24ACCCA9,2027-03-27,SYS_063,AST_36AFB794,REPARATION,INSPECTION,500.0
ACT_C6C5F25D,2027-03-28,SYS_051,AST_8936EA7E,REPARATION,INSPECTION,500.0
ACT_20D97119,2027-03-28,SYS_108,AST_8823CDE5,REPARATION,INSPECTION,500.0
ACT_E62FBD42,2027-03-28,SYS_146,AST_1B8D46F6,REMPLACEMENT,INSPECTION,1800.0
ACT_DD20D2C1,2027-03-29,SYS_133,AST_36645A9F,REPARATION,INSPECTION,500.0
ACT_0EF0C2FC,2027-03-29,SYS_138,AST_BDEBA9F4,REPARATION,INSPECTION,500.0
ACT_97DB73A0,2027-03-30,SYS_000,AST_611BCAFE,REPARATION,INSPECTION,500.0
ACT_98DBB23A,2027-03-30,SYS_103,AST_E421B8F7,REPARATION,INSPECTION,500.0
ACT_20DA1144,2027-03-30,SYS_136,AST_46F2626C,REPARATION,INSPECTION,500.0
ACT_1E2D1FB3,2027-04-01,SYS_042,AST_85108019,REPARATION,INSPECTION,500.0
ACT_F1DF4B98,2027-04-01,SYS_124,AST_C6FED7CE,REPARATION,INSPECTION,500.0
ACT_BCF9A155,2027-04-01,SYS_129,AST_B8F71FDD,REPARATION,INSPECTION,500.0
ACT_E97AA8F7,2027-04-01,SYS_156,AST_E775854F,REPARATION,INSPECTION,500.0
ACT_2F7D2AA0,2027-04-02,SYS_116,AST_AA3DF989,REPARATION,INSPECTION,500.0
ACT_21994CAB,2027-04-02,SYS_118,AST_CD01BE37,REPARATION,INSPECTION,500.0
ACT_FA540721,2027-04-03,SYS_077,AST_71806DDB,REPARATION,INSPECTION,500.0
ACT_0FADA6BE,2027-04-04,SYS_091,AST_FF3BACB3,REPARATION,INSPECTION,500.0
ACT_0EFF2D77,2027-04-05,SYS_031,AST_9FC6C1DF,REPARATION,INSPECTION,500.0
ACT_1F836C87,2027-04-06,SYS_009,AST_59AE948D,REPARATION,INSPECTION,500.0
ACT_26CC2E40,2027-04-06,SYS_071,AST_E62B116D,REPARATION,INSPECTION,500.0
ACT_702425DC,2027-04-07,SYS_033,AST_78A40885,REPARATION,INSPECTION,500.0
ACT_9EB334E4,2027-04-07,SYS_066,AST_F5795CF8,REPARATION,INSPECTION,500.0
ACT_0C32AB44,2027-04-07,SYS_069,AST_2CCCF5B1,REPARATION,INSPECTION,500.0
ACT_5A9C3A36,2027-04-08,SYS_061,AST_A35FE079,REPARATION,INSPECTION,500.0
ACT_AFDC00B8,2027-04-08,SYS_084,AST_D1DA8606,REPARATION,INSPECTION,500.0
ACT_809FB98E,2027-04-08,SYS_097,AST_78B2DAF5,REPARATION,INSPECTION,500.0
ACT_2FD6A548,2027-04-08,SYS_134,AST_513E84BA,REPARATION,INSPECTION,500.0
ACT_DC4414C3,2027-04-09,SYS_088,AST_8881A08E,REPARATION,INSPECTION,500.0
ACT_24C45364,2027-04-09,SYS_093,AST_5B1AF013,REPARATION,INSPECTION,500.0
ACT_6632A9F2,2027-04-10,SYS_115,AST_E485A485,REPARATION,INSPECTION,500.0
ACT_1C194028,2027-04-11,SYS_015,AST_972033C2,REPARATION,INSPECTION,500.0
ACT_117884F2,2027-04-11,SYS_164,AST_79E11B35,REPARATION,INSPECTION,500.0
ACT_106D9E47,2027-04-12,SYS_166,AST_DA889646,REPARATION,INSPECTION,500.0
ACT_62716874,2027-04-13,SYS_191,AST_28102D1A,REPARATION,INSPECTION,500.0
ACT_88D024F4,2027-04-14,SYS_018,AST_D2AAE75F,REMPLACEMENT,PANNE,1800.0
ACT_7B8CB919,2027-04-14,SYS_050,AST_F69AFC56,REPARATION,INSPECTION,500.0
ACT_1B6346E9,2027-04-14,SYS_078,AST_22724B56,REPARATION,INSPECTION,500.0
ACT_997EC3E1,2027-04-15,SYS_057,AST_3D7F459C,REPARATION,INSPECTION,500.0
ACT_F85FEFBA,2027-04-15,SYS_169,AST_55F0F9F6,REPARATION,INSPECTION,500.0
ACT_19A9909B,2027-04-16,SYS_106,AST_2B28FACA,REPARATION,INSPECTION,500.0
ACT_05A7A787,2027-04-16,SYS_149,AST_AB74CC0D,REPARATION,INSPECTION,500.0
ACT_0A832845,2027-04-17,SYS_132,AST_B471717C,REPARATION,INSPECTION,500.0
ACT_76ADD9DF,2027-04-17,SYS_165,AST_849D44BE,REPARATION,INSPECTION,500.0
ACT_5DA78C35,2027-04-18,SYS_004,AST_34B81456,REPARATION,INSPECTION,500.0
ACT_AB52AB6B,2027-04-18,SYS_022,AST_3A3ABCBA,REPARATION,INSPECTION,500.0
ACT_DE3E790D,2027-04-18,SYS_083,AST_35C2C263,REPARATION,INSPECTION,500.0
ACT_D33D1B22,2027-04-21,SYS_154,AST_8779BF08,REPARATION,INSPECTION,500.0
ACT_46EC6643,2027-04-21,SYS_188,AST_0D8C5A64,REPARATION,INSPECTION,500.0
ACT_BB302518,2027-04-22,SYS_070,AST_EF1723A7,REPARATION,INSPECTION,500.0
ACT_39071032,2027-04-22,SYS_185,AST_A2B95F2A,REPARATION,INSPECTION,500.0
ACT_0F30497A,2027-04-23,SYS_020,AST_A7767CC7,REPARATION,INSPECTION,500.0
ACT_33B0D023,2027-04-23,SYS_144,AST_E96A36D9,REPARATION,INSPECTION,500.0
ACT_0EB4CBA1,2027-04-23,SYS_152,AST_25E0634B,REPARATION,INSPECTION,500.0
ACT_CE3388E6,2027-04-23,SYS_163,AST_67436F82,REPARATION,INSPECTION,500.0
ACT_6A954806,2027-04-24,SYS_010,AST_BA1E579E,REPARATION,INSPECTION,500.0
ACT_E59CF11B,2027-04-24,SYS_013,AST_0D114CD8,REPARATION,INSPECTION,500.0
ACT_715E4671,2027-04-24,SYS_064,AST_6BB62FDB,REPARATION,INSPECTION,500.0
ACT_537CE758,2027-04-24,SYS_112,AST_72528000,REPARATION,INSPECTION,500.0
ACT_2F61386E,2027-04-24,SYS_114,AST_71208FE4,REPARATION,INSPECTION,500.0
ACT_A00F3151,2027-04-24,SYS_121,AST_57E427AB,REPARATION,INSPECTION,500.0
ACT_38CFF079,2027-04-24,SYS_139,AST_594EB63A,REPARATION,INSPECTION,500.0
ACT_7B6AC147,2027-04-24,SYS_192,AST_D07C19AF,REPARATION,INSPECTION,500.0
ACT_EC5651C8,2027-04-25,SYS_021,AST_47CEED8F,REPARATION,INSPECTION,500.0
ACT_135D95D4,2027-04-25,SYS_087,AST_CEA7BD4E,REPARATION,INSPECTION,500.0
ACT_25D9A423,2027-04-26,SYS_011,AST_C95E4C36,REPARATION,INSPECTION,500.0
ACT_AC14A4F2,2027-04-26,SYS_032,AST_9EA318AD,REPARATION,INSPECTION,500.0
ACT_5F9B0C34,2027-04-26,SYS_074,AST_005C2060,REPARATION,INSPECTION,500.0
ACT_E6716698,2027-04-27,SYS_027,AST_F62C7205,REPARATION,INSPECTION,500.0
ACT_A897D252,2027-04-28,SYS_055,AST_65BC7AF4,REPARATION,INSPECTION,500.0
ACT_E28728F5,2027-04-28,SYS_140,AST_82DF0E33,REPARATION,INSPECTION,500.0
ACT_77226B0F,2027-04-29,SYS_107,AST_4ED453A3,REPARATION,INSPECTION,500.0
ACT_94FD907D,2027-04-29,SYS_122,AST_0A8960BD,REMPLACEMENT,PANNE,1800.0
ACT_3954EF69,2027-04-29,SYS_123,AST_745D2B0D,REMPLACEMENT,INSPECTION,1800.0
ACT_CB087E20,2027-04-29,SYS_135,AST_33AE7546,REPARATION,INSPECTION,500.0
ACT_4EF35A9F,2027-04-29,SYS_161,AST_D05D43D5,REPARATION,INSPECTION,500.0
ACT_49C3A460,2027-04-30,SYS_056,AST_9A03EA3C,REPARATION,INSPECTION,500.0
ACT_E56C4B26,2027-04-30,SYS_153,AST_416FD4D1,REPARATION,INSPECTION,500.0
ACT_E498670E,2027-05-01,SYS_065,AST_C0195FDC,REPARATION,INSPECTION,500.0
ACT_25EB7B68,2027-05-02,SYS_177,AST_D268BF76,REPARATION,INSPECTION,500.0
ACT_AFD96DD3,2027-05-03,SYS_036,AST_201A44F7,REPARATION,INSPECTION,500.0
ACT_25F316EE,2027-05-03,SYS_190,AST_FDA57079,REPARATION,INSPECTION,500.0
ACT_F8153897,2027-05-04,SYS_007,AST_48BC3EF9,REPARATION,INSPECTION,500.0
ACT_18B17408,2027-05-04,SYS_095,AST_F7A145A0,REPARATION,INSPECTION,500.0
ACT_9932E646,2027-05-04,SYS_184,AST_F713DE74,REPARATION,INSPECTION,500.0
ACT_D98442BB,2027-05-05,SYS_060,AST_F0FDDB4C,REPARATION,INSPECTION,500.0
ACT_7A9695DF,2027-05-05,SYS_096,AST_757A2281,REMPLACEMENT,INSPECTION,1800.0
ACT_024825AC,2027-05-05,SYS_124,AST_C6FED7CE,REPARATION,INSPECTION,500.0
ACT_942AFDBE,2027-05-05,SYS_160,AST_16366C7F,REMPLACEMENT,INSPECTION,1800.0
ACT_548D1752,2027-05-05,SYS_182,AST_99B17A89,REPARATION,INSPECTION,500.0
ACT_3009758E,2027-05-06,SYS_043,AST_11D07EA3,REPARATION,INSPECTION,500.0
ACT_C19F2388,2027-05-06,SYS_127,AST_0BB6D2CA,REPARATION,INSPECTION,500.0
ACT_1982D0D2,2027-05-07,SYS_059,AST_1F05FC1B,REPARATION,INSPECTION,500.0
ACT_06AA8784,2027-05-07,SYS_180,AST_ABEDAC5D,REPARATION,INSPECTION,500.0
ACT_B466890E,2027-05-08,SYS_026,AST_B7959A5C,REPARATION,INSPECTION,500.0
ACT_0097F956,2027-05-08,SYS_045,AST_71683139,REPARATION,INSPECTION,500.0
ACT_D1B54414,2027-05-10,SYS_012,AST_400DB418,REPARATION,INSPECTION,500.0
ACT_EFEBCD60,2027-05-10,SYS_014,AST_C582AD53,REPARATION,INSPECTION,500.0
ACT_BC90682C,2027-05-10,SYS_016,AST_75491F89,REPARATION,INSPECTION,500.0
ACT_B05FCC2E,2027-05-10,SYS_130,AST_3A50A6C8,REPARATION,INSPECTION,500.0
ACT_1D11F653,2027-05-10,SYS_196,AST_83AEE438,REPARATION,INSPECTION,500.0
ACT_98B98730,2027-05-11,SYS_079,AST_D2724D76,REPARATION,INSPECTION,500.0
ACT_B02733BB,2027-05-11,SYS_081,AST_2559F2BC,REMPLACEMENT,INSPECTION,1800.0
ACT_BD6EA692,2027-05-11,SYS_109,AST_36E83F9B,REPARATION,INSPECTION,500.0
ACT_92C85CC1,2027-05-11,SYS_162,AST_FA7C66DB,REPARATION,INSPECTION,500.0
ACT_B6A68085,2027-05-11,SYS_172,AST_ADEC264C,REPARATION,INSPECTION,500.0
ACT_335176E4,2027-05-11,SYS_173,AST_761AB970,REPARATION,INSPECTION,500.0
ACT_A1C31EAC,2027-05-11,SYS_181,AST_69222B18,REPARATION,INSPECTION,500.0
ACT_3BE12505,2027-05-12,SYS_058,AST_F3A498A9,REPARATION,INSPECTION,500.0
ACT_42E0DE31,2027-05-12,SYS_110,AST_FED5DCED,REPARATION,INSPECTION,500.0
ACT_A28765C3,2027-05-12,SYS_119,AST_82BD2C04,REMPLACEMENT,PANNE,1800.0
ACT_53E9B9A0,2027-05-12,SYS_143,AST_5AB29CA1,REPARATION,INSPECTION,500.0
ACT_21F38B1C,2027-05-13,SYS_034,AST_898B9A3E,REPARATION,INSPECTION,500.0
ACT_5886C25D,2027-05-13,SYS_054,AST_C88F0D7A,REPARATION,INSPECTION,500.0
ACT_6D93F8C4,2027-05-13,SYS_076,AST_F603957B,REPARATION,INSPECTION,500.0
ACT_CFC04FD8,2027-05-13,SYS_145,AST_FDBA2A0E,REPARATION,INSPECTION,500.0
ACT_0F987918,2027-05-14,SYS_003,AST_792F8123,REPARATION,INSPECTION,500.0
ACT_7C721742,2027-05-14,SYS_017,AST_75433D0E,REPARATION,INSPECTION,500.0
ACT_829A2041,2027-05-14,SYS_194,AST_94955F5C,REPARATION,INSPECTION,500.0
ACT_0A42DA07,2027-05-15,SYS_029,AST_72182962,REPARATION,INSPECTION,500.0
ACT_43945C38,2027-05-15,SYS_111,AST_AA47D855,REPARATION,INSPECTION,500.0
ACT_BA9E39E7,2027-05-16,SYS_155,AST_EB9D2923,REPARATION,INSPECTION,500.0
ACT_1DAFEB41,2027-05-17,SYS_035,AST_EC002B8E,REPARATION,INSPECTION,500.0
ACT_04D26DA9,2027-05-17,SYS_038,AST_C09E7897,REPARATION,INSPECTION,500.0
ACT_033D12E6,2027-05-17,SYS_094,AST_DDF229A0,REPARATION,INSPECTION,500.0
ACT_5E3D0612,2027-05-17,SYS_104,AST_34B52F7C,REMPLACEMENT,PANNE,1800.0
ACT_48A535B2,2027-05-17,SYS_142,AST_A42F6532,REPARATION,INSPECTION,500.0
ACT_8444A7B8,2027-05-17,SYS_157,AST_07151874,REPARATION,INSPECTION,500.0
ACT_548F367A,2027-05-18,SYS_085,AST_BC13EB44,REPARATION,INSPECTION,500.0
ACT_48E8EACB,2027-05-19,SYS_019,AST_295F6162,REPARATION,INSPECTION,500.0
ACT_EA99C758,2027-05-19,SYS_028,AST_01BDCD63,REPARATION,INSPECTION,500.0
ACT_3CF210B1,2027-05-19,SYS_092,AST_A654FA74,REPARATION,INSPECTION,500.0
ACT_22E7B36D,2027-05-20,SYS_037,AST_12C3D6E6,REPARATION,INSPECTION,500.0
ACT_7DA2308C,2027-05-20,SYS_063,AST_36AFB794,REPARATION,INSPECTION,500.0
ACT_CC3772DB,2027-05-20,SYS_101,AST_199E4ED5,REPARATION,INSPECTION,500.0
ACT_F16D98CE,2027-05-20,SYS_128,AST_D607EFBB,REPARATION,INSPECTION,500.0
ACT_5CE92FCD,2027-05-20,SYS_197,AST_C302525D,REPARATION,INSPECTION,500.0
ACT_BA794709,2027-05-21,SYS_001,AST_5733BC75,REMPLACEMENT,INSPECTION,1800.0
ACT_07350DC1,2027-05-21,SYS_006,AST_01B706B3,REPARATION,INSPECTION,500.0
ACT_84F7ACD3,2027-05-22,SYS_046,AST_CA11BC6D,REPARATION,INSPECTION,500.0
ACT_D588AEC1,2027-05-22,SYS_048,AST_B7D85950,REPARATION,INSPECTION,500.0
ACT_868526C4,2027-05-22,SYS_148,AST_0CAAF0CA,REPARATION,INSPECTION,500.0
ACT_3A8BE926,2027-05-23,SYS_030,AST_BC560A24,REMPLACEMENT,INSPECTION,1800.0
ACT_89A02D1C,2027-05-23,SYS_141,AST_C841EE03,REPARATION,INSPECTION,500.0
ACT_71F0A235,2027-05-23,SYS_195,AST_112DC772,REPARATION,INSPECTION,500.0
ACT_CFD9EE91,2027-05-24,SYS_129,AST_B8F71FDD,REPARATION,INSPECTION,500.0
ACT_C6057F85,2027-05-24,SYS_187,AST_973CB783,REPARATION,INSPECTION,500.0
ACT_1D9DE888,2027-05-25,SYS_108,AST_8823CDE5,REPARATION,INSPECTION,500.0
ACT_7C99EFB7,2027-05-26,SYS_087,AST_CEA7BD4E,REPARATION,INSPECTION,500.0
ACT_8D386672,2027-05-27,SYS_053,AST_1421CD29,REPARATION,INSPECTION,500.0
ACT_4BBC3717,2027-05-27,SYS_179,AST_05AA0B71,REPARATION,INSPECTION,500.0
ACT_72BD5815,2027-05-27,SYS_183,AST_3AC31DE4,REPARATION,INSPECTION,500.0
ACT_303DB409,2027-05-27,SYS_193,AST_B624BE5F,REPARATION,INSPECTION,500.0
ACT_3F08FC3C,2027-05-28,SYS_071,AST_E62B116D,REPARATION,INSPECTION,500.0
ACT_FCF49195,2027-05-28,SYS_080,AST_2CC51A78,REMPLACEMENT,INSPECTION,1800.0
ACT_7BD9BAAD,2027-05-28,SYS_171,AST_27532D26,REMPLACEMENT,PANNE,1800.0
ACT_72E1A7DC,2027-05-29,SYS_039,AST_0C2D90D2,REPARATION,INSPECTION,500.0
ACT_E0D23021,2027-05-29,SYS_098,AST_336E36C7,REPARATION,INSPECTION,500.0
ACT_1F34EEEC,2027-05-29,SYS_102,AST_D4717E02,REPARATION,INSPECTION,500.0
ACT_112D0C86,2027-05-30,SYS_067,AST_4F5BB5C0,REPARATION,INSPECTION,500.0
ACT_6174DC75,2027-05-30,SYS_090,AST_3E900085,REPARATION,INSPECTION,500.0
ACT_6DEC2721,2027-05-30,SYS_140,AST_82DF0E33,REPARATION,INSPECTION,500.0
ACT_5C245750,2027-05-30,SYS_158,AST_72555574,REPARATION,INSPECTION,500.0
ACT_C33F61CF,2027-05-31,SYS_175,AST_987787EC,REPARATION,INSPECTION,500.0
ACT_EE213207,2027-06-01,SYS_105,AST_7866AE54,REPARATION,INSPECTION,500.0
ACT_704CD3C6,2027-06-01,SYS_137,AST_CC32FEC1,REPARATION,INSPECTION,500.0
ACT_9305652B,2027-06-03,SYS_009,AST_59AE948D,REPARATION,INSPECTION,500.0
ACT_2CF1106E,2027-06-03,SYS_120,AST_8176A690,REPARATION,INSPECTION,500.0
ACT_A79A2885,2027-06-03,SYS_133,AST_36645A9F,REPARATION,INSPECTION,500.0
ACT_31E3FC9F,2027-06-03,SYS_153,AST_416FD4D1,REPARATION,INSPECTION,500.0
ACT_EA4E9F30,2027-06-04,SYS_008,AST_8CDA59B0,REPARATION,INSPECTION,500.0
ACT_39D8FDF4,2027-06-04,SYS_033,AST_78A40885,REPARATION,INSPECTION,500.0
ACT_7E78CF3D,2027-06-04,SYS_164,AST_79E11B35,REPARATION,INSPECTION,500.0
ACT_95C75308,2027-06-05,SYS_125,AST_3F4357D4,REPARATION,INSPECTION,500.0
ACT_8DF96F2C,2027-06-06,SYS_023,AST_E2660384,REPARATION,INSPECTION,500.0
ACT_DE5CAB3E,2027-06-06,SYS_186,AST_5CB7885A,REPARATION,INSPECTION,500.0
ACT_7AAE2F25,2027-06-08,SYS_025,AST_E767A2E7,REPARATION,INSPECTION,500.0
ACT_B63B9821,2027-06-08,SYS_044,AST_24282EF9,REPARATION,INSPECTION,500.0
ACT_9CDDDF1A,2027-06-08,SYS_068,AST_E6CD9897,REMPLACEMENT,INSPECTION,1800.0
ACT_0512AECA,2027-06-09,SYS_061,AST_A35FE079,REPARATION,INSPECTION,500.0
ACT_FFC137F8,2027-06-09,SYS_077,AST_71806DDB,REPARATION,INSPECTION,500.0
ACT_6EF3468F,2027-06-09,SYS_078,AST_22724B56,REPARATION,INSPECTION,500.0
ACT_44282D2B,2027-06-10,SYS_017,AST_75433D0E,REMPLACEMENT,PANNE,1800.0
ACT_30FB9B86,2027-06-11,SYS_024,AST_360766DC,REPARATION,INSPECTION,500.0
ACT_25F862A4,2027-06-11,SYS_144,AST_E96A36D9,REPARATION,INSPECTION,500.0
ACT_DC857C75,2027-06-12,SYS_095,AST_F7A145A0,REPARATION,INSPECTION,500.0
ACT_815D2B50,2027-06-13,SYS_062,AST_E6F98CD6,REPARATION,INSPECTION,500.0
ACT_A3779F19,2027-06-13,SYS_154,AST_8779BF08,REPARATION,INSPECTION,500.0
ACT_086CC25F,2027-06-13,SYS_166,AST_DA889646,REPARATION,INSPECTION,500.0
ACT_C149CDA1,2027-06-13,SYS_169,AST_55F0F9F6,REPARATION,INSPECTION,500.0
ACT_5DE4D9D3,2027-06-14,SYS_052,AST_79A75A88,REPARATION,INSPECTION,500.0
ACT_A47D7700,2027-06-14,SYS_094,AST_DDF229A0,REPARATION,INSPECTION,500.0
ACT_0E18234A,2027-06-15,SYS_178,AST_FB8BAAE3,REPARATION,INSPECTION,500.0
ACT_4CB3483E,2027-06-16,SYS_015,AST_972033C2,REPARATION,INSPECTION,500.0
ACT_D59D6617,2027-06-17,SYS_089,AST_F3FA3B59,REPARATION,INSPECTION,500.0
ACT_D56074F1,2027-06-18,SYS_005,AST_2355582B,REPARATION,INSPECTION,500.0
ACT_81B0E164,2027-06-18,SYS_147,AST_059BC199,REPARATION,INSPECTION,500.0
ACT_40C090BD,2027-06-19,SYS_072,AST_2677C73B,REPARATION,INSPECTION,500.0
ACT_40A2BEBD,2027-06-19,SYS_136,AST_46F2626C,REPARATION,INSPECTION,500.0
ACT_6BCABD6F,2027-06-20,SYS_156,AST_E775854F,REPARATION,INSPECTION,500.0
ACT_092426B6,2027-06-21,SYS_013,AST_0D114CD8,REPARATION,INSPECTION,500.0
ACT_6ED25994,2027-06-21,SYS_040,AST_D89EE066,REPARATION,INSPECTION,500.0
ACT_CF3DC77E,2027-06-22,SYS_074,AST_005C2060,REPARATION,INSPECTION,500.0
ACT_198AA10E,2027-06-22,SYS_188,AST_0D8C5A64,REPARATION,INSPECTION,500.0
ACT_0B51B464,2027-06-22,SYS_191,AST_28102D1A,REPARATION,INSPECTION,500.0
ACT_0AA20D04,2027-06-23,SYS_099,AST_2E2BCA5E,REPARATION,INSPECTION,500.0
ACT_51B0EB6B,2027-06-24,SYS_021,AST_47CEED8F,REPARATION,INSPECTION,500.0
ACT_C769E312,2027-06-24,SYS_161,AST_D05D43D5,REPARATION,INSPECTION,500.0
ACT_F18291D5,2027-06-25,SYS_152,AST_25E0634B,REPARATION,INSPECTION,500.0
ACT_5FAC4BCA,2027-06-26,SYS_051,AST_8936EA7E,REPARATION,INSPECTION,500.0
ACT_828D0EC7,2027-06-26,SYS_064,AST_6BB62FDB,REPARATION,INSPECTION,500.0
ACT_2C18AD5D,2027-06-27,SYS_031,AST_9FC6C1DF,REPARATION,INSPECTION,500.0
ACT_4D0985E3,2027-06-27,SYS_065,AST_C0195FDC,REPARATION,INSPECTION,500.0
ACT_81B9CAAF,2027-06-27,SYS_070,AST_EF1723A7,REPARATION,INSPECTION,500.0
ACT_0457E3A5,2027-06-27,SYS_192,AST_D07C19AF,REPARATION,INSPECTION,500.0
ACT_5C4FF5CA,2027-06-28,SYS_041,AST_5F735C82,REPARATION,INSPECTION,500.0
ACT_105F3BFF,2027-06-28,SYS_060,AST_F0FDDB4C,REPARATION,INSPECTION,500.0
ACT_E56CB2A9,2027-06-28,SYS_134,AST_513E84BA,REPARATION,INSPECTION,500.0
ACT_AB75B7F7,2027-06-28,SYS_180,AST_ABEDAC5D,REPARATION,INSPECTION,500.0
ACT_3A3832D9,2027-06-29,SYS_053,AST_1421CD29,REPARATION,INSPECTION,500.0
ACT_29D9ADA1,2027-06-29,SYS_103,AST_E421B8F7,REPARATION,INSPECTION,500.0
ACT_93552915,2027-06-29,SYS_139,AST_594EB63A,REPARATION,INSPECTION,500.0
ACT_0855D815,2027-06-29,SYS_167,AST_05426636,REPARATION,INSPECTION,500.0
ACT_21CBE533,2027-06-30,SYS_055,AST_65BC7AF4,REPARATION,INSPECTION,500.0
ACT_E3EBC700,2027-06-30,SYS_116,AST_AA3DF989,REMPLACEMENT,INSPECTION,1800.0
ACT_09283E4C,2027-06-30,SYS_165,AST_849D44BE,REPARATION,INSPECTION,500.0
ACT_923EEA02,2027-07-01,SYS_066,AST_F5795CF8,REPARATION,INSPECTION,500.0
ACT_9120F8FD,2027-07-01,SYS_097,AST_78B2DAF5,REPARATION,INSPECTION,500.0
ACT_914D88AA,2027-07-01,SYS_112,AST_72528000,REPARATION,INSPECTION,500.0
ACT_FE4131D2,2027-07-01,SYS_175,AST_987787EC,REMPLACEMENT,PANNE,1800.0
ACT_92EF14B3,2027-07-02,SYS_002,AST_8C3021C3,REPARATION,INSPECTION,500.0
ACT_F83EDF0F,2027-07-02,SYS_004,AST_34B81456,REPARATION,INSPECTION,500.0
ACT_8FBD3CE3,2027-07-02,SYS_106,AST_2B28FACA,REPARATION,INSPECTION,500.0
ACT_F8DDF0C9,2027-07-02,SYS_118,AST_CD01BE37,REPARATION,INSPECTION,500.0
ACT_B74994F5,2027-07-02,SYS_135,AST_33AE7546,REPARATION,INSPECTION,500.0
ACT_04ACFD8E,2027-07-02,SYS_138,AST_BDEBA9F4,REPARATION,INSPECTION,500.0
ACT_3828335C,2027-07-03,SYS_043,AST_11D07EA3,REPARATION,INSPECTION,500.0
ACT_6E5CC940,2027-07-03,SYS_049,AST_8B590081,REPARATION,INSPECTION,500.0
ACT_4372A04B,2027-07-04,SYS_047,AST_BFCB2B08,REMPLACEMENT,PANNE,1800.0
ACT_5D7C6AB7,2027-07-04,SYS_107,AST_4ED453A3,REPARATION,INSPECTION,500.0
ACT_60F0D15A,2027-07-04,SYS_177,AST_D268BF76,REPARATION,INSPECTION,500.0
ACT_197A5C0E,2027-07-05,SYS_058,AST_F3A498A9,REPARATION,INSPECTION,500.0
ACT_0853CB91,2027-07-06,SYS_042,AST_85108019,REMPLACEMENT,INSPECTION,1800.0
ACT_FA5A7155,2027-07-06,SYS_083,AST_35C2C263,REPARATION,INSPECTION,500.0
ACT_9CD6A9D4,2027-07-06,SYS_174,AST_4BB6A596,REPARATION,INSPECTION,500.0
ACT_96C4C23A,2027-07-06,SYS_181,AST_69222B18,REPARATION,INSPECTION,500.0
ACT_9FAF4791,2027-07-07,SYS_012,AST_400DB418,REPARATION,INSPECTION,500.0
ACT_51CBDA6E,2027-07-07,SYS_076,AST_F603957B,REPARATION,INSPECTION,500.0
ACT_818AE2FD,2027-07-07,SYS_088,AST_8881A08E,REPARATION,INSPECTION,500.0
ACT_40F9DA51,2027-07-07,SYS_093,AST_5B1AF013,REPARATION,INSPECTION,500.0
ACT_23905027,2027-07-07,SYS_114,AST_71208FE4,REPARATION,INSPECTION,500.0
ACT_0143CEE0,2027-07-08,SYS_115,AST_E485A485,REPARATION,INSPECTION,500.0
ACT_0CE1FD94,2027-07-08,SYS_145,AST_FDBA2A0E,REPARATION,INSPECTION,500.0
ACT_81DF283D,2027-07-08,SYS_176,AST_5DF61EE8,REPARATION,INSPECTION,500.0
ACT_B68E5A41,2027-07-09,SYS_026,AST_B7959A5C,REMPLACEMENT,PANNE,1800.0
ACT_81F24D80,2027-07-09,SYS_086,AST_1F6FC1A0,REMPLACEMENT,INSPECTION,1800.0
ACT_6E070582,2027-07-09,SYS_109,AST_36E83F9B,REPARATION,INSPECTION,500.0
ACT_C40A63DB,2027-07-09,SYS_124,AST_C6FED7CE,REPARATION,INSPECTION,500.0
ACT_4C554D03,2027-07-09,SYS_127,AST_0BB6D2CA,REPARATION,INSPECTION,500.0
ACT_6DCCF5B7,2027-07-09,SYS_199,AST_B4105540,REPARATION,INSPECTION,500.0
ACT_79DEA15E,2027-07-10,SYS_014,AST_C582AD53,REPARATION,INSPECTION,500.0
ACT_A2A16184,2027-07-10,SYS_073,AST_7072115A,REMPLACEMENT,INSPECTION,1800.0
ACT_1F74F69E,2027-07-10,SYS_082,AST_677BB75C,REPARATION,INSPECTION,500.0
ACT_B0B434DB,2027-07-11,SYS_059,AST_1F05FC1B,REPARATION,INSPECTION,500.0
ACT_14EF0FF2,2027-07-11,SYS_126,AST_C9DE68BD,REPARATION,INSPECTION,500.0
ACT_C009C3E9,2027-07-12,SYS_028,AST_01BDCD63,REPARATION,INSPECTION,500.0
ACT_60947810,2027-07-12,SYS_037,AST_12C3D6E6,REPARATION,INSPECTION,500.0
ACT_13962B33,2027-07-12,SYS_050,AST_F69AFC56,REPARATION,INSPECTION,500.0
ACT_54D5BD7A,2027-07-12,SYS_057,AST_3D7F459C,REPARATION,INSPECTION,500.0
ACT_A2D2B12B,2027-07-12,SYS_130,AST_3A50A6C8,REPARATION,INSPECTION,500.0
ACT_9B92872D,2027-07-13,SYS_036,AST_201A44F7,REPARATION,INSPECTION,500.0
ACT_B1665A3B,2027-07-14,SYS_003,AST_792F8123,REPARATION,INSPECTION,500.0
ACT_A36A21D8,2027-07-14,SYS_038,AST_C09E7897,REPARATION,INSPECTION,500.0
ACT_77EC17B8,2027-07-14,SYS_170,AST_41E4C47D,REPARATION,INSPECTION,500.0
ACT_E1712A97,2027-07-15,SYS_048,AST_B7D85950,REPARATION,INSPECTION,500.0
ACT_FD53CC8F,2027-07-15,SYS_084,AST_D1DA8606,REPARATION,INSPECTION,500.0
ACT_62170DF5,2027-07-16,SYS_157,AST_07151874,REPARATION,INSPECTION,500.0
ACT_2E6A7FCE,2027-07-17,SYS_110,AST_FED5DCED,REPARATION,INSPECTION,500.0
ACT_2D2ADE5E,2027-07-18,SYS_006,AST_01B706B3,REPARATION,INSPECTION,500.0
ACT_D7100B4B,2027-07-18,SYS_142,AST_A42F6532,REPARATION,INSPECTION,500.0
ACT_F186BB5B,2027-07-19,SYS_149,AST_AB74CC0D,REPARATION,INSPECTION,500.0
ACT_A84F0BFA,2027-07-20,SYS_011,AST_C95E4C36,REPARATION,INSPECTION,500.0
ACT_D0DBE974,2027-07-20,SYS_019,AST_295F6162,REPARATION,INSPECTION,500.0
ACT_0E918B0A,2027-07-20,SYS_141,AST_C841EE03,REPARATION,INSPECTION,500.0
ACT_835665F5,2027-07-20,SYS_143,AST_5AB29CA1,REPARATION,INSPECTION,500.0
ACT_C5B98454,2027-07-20,SYS_177,AST_D268BF76,REMPLACEMENT,PANNE,1800.0
ACT_F7C978A0,2027-07-21,SYS_000,AST_611BCAFE,REMPLACEMENT,INSPECTION,1800.0
ACT_C12878B2,2027-07-21,SYS_117,AST_AF2CD7F7,REPARATION,INSPECTION,500.0
ACT_B0D6D32C,2027-07-22,SYS_159,AST_3EE93CB8,REPARATION,INSPECTION,500.0
ACT_478684FA,2027-07-22,SYS_168,AST_FB44B477,REPARATION,INSPECTION,500.0
ACT_E1D18C5C,2027-07-22,SYS_195,AST_112DC772,REPARATION,INSPECTION,500.0
ACT_B3D567C6,2027-07-23,SYS_029,AST_72182962,REPARATION,INSPECTION,500.0
ACT_9F2FB5BA,2027-07-23,SYS_132,AST_B471717C,REPARATION,INSPECTION,500.0
ACT_2F04711E,2027-07-23,SYS_155,AST_EB9D2923,REPARATION,INSPECTION,500.0
ACT_5E7B17CC,2027-07-23,SYS_172,AST_ADEC264C,REPARATION,INSPECTION,500.0
ACT_88B12A16,2027-07-24,SYS_022,AST_3A3ABCBA,REPARATION,INSPECTION,500.0
ACT_72B16FC8,2027-07-24,SYS_151,AST_1DB9A142,REPARATION,INSPECTION,500.0
ACT_BFAB9C23,2027-07-24,SYS_185,AST_A2B95F2A,REPARATION,INSPECTION,500.0
ACT_5D7A003A,2027-07-25,SYS_077,AST_71806DDB,REPARATION,INSPECTION,500.0
ACT_2D9064C9,2027-07-25,SYS_163,AST_67436F82,REMPLACEMENT,INSPECTION,1800.0
ACT_CCF75180,2027-07-26,SYS_025,AST_E767A2E7,REMPLACEMENT,PANNE,1800.0
ACT_1DC40B3F,2027-07-26,SYS_184,AST_F713DE74,REPARATION,INSPECTION,500.0
ACT_6A233419,2027-07-27,SYS_067,AST_4F5BB5C0,REPARATION,INSPECTION,500.0
ACT_E597804D,2027-07-27,SYS_108,AST_8823CDE5,REPARATION,INSPECTION,500.0
ACT_661AF056,2027-07-27,SYS_128,AST_D607EFBB,REPARATION,INSPECTION,500.0
ACT_1792409B,2027-07-27,SYS_135,AST_33AE7546,REMPLACEMENT,PANNE,1800.0
ACT_ECB1BC5A,2027-07-27,SYS_186,AST_5CB7885A,REPARATION,INSPECTION,500.0
ACT_D2C8C5D4,2027-07-28,SYS_010,AST_BA1E579E,REPARATION,INSPECTION,500.0
ACT_F820D457,2027-07-28,SYS_018,AST_32331E58,REPARATION,INSPECTION,500.0
ACT_DC2E4BE4,2027-07-28,SYS_077,AST_71806DDB,REMPLACEMENT,PANNE,1800.0
ACT_B410A61B,2027-07-28,SYS_183,AST_3AC31DE4,REPARATION,INSPECTION,500.0
ACT_0EB5E033,2027-07-29,SYS_039,AST_0C2D90D2,REPARATION,INSPECTION,500.0
ACT_9949EC7E,2027-07-29,SYS_162,AST_FA7C66DB,REPARATION,INSPECTION,500.0
ACT_EE357AA5,2027-07-30,SYS_158,AST_72555574,REPARATION,INSPECTION,500.0
ACT_40D2054C,2027-07-31,SYS_091,AST_FF3BACB3,REPARATION,INSPECTION,500.0
ACT_602CB1E3,2027-07-31,SYS_198,AST_1856384A,REPARATION,INSPECTION,500.0
ACT_3A6F2BFA,2027-08-01,SYS_113,AST_C2D66558,REPARATION,INSPECTION,500.0
ACT_936D449E,2027-08-02,SYS_102,AST_D4717E02,REPARATION,INSPECTION,500.0
ACT_6BFEFA01,2027-08-03,SYS_009,AST_59AE948D,REPARATION,INSPECTION,500.0
ACT_A8056859,2027-08-03,SYS_106,AST_2B28FACA,REPARATION,INSPECTION,500.0
ACT_E14C7C83,2027-08-03,SYS_125,AST_3F4357D4,REPARATION,INSPECTION,500.0
ACT_B9185767,2027-08-03,SYS_196,AST_83AEE438,REPARATION,INSPECTION,500.0
ACT_D4C6C816,2027-08-04,SYS_016,AST_75491F89,REPARATION,INSPECTION,500.0
ACT_B8089775,2027-08-04,SYS_075,AST_9F8C53BE,REPARATION,INSPECTION,500.0
ACT_10581A28,2027-08-04,SYS_079,AST_D2724D76,REPARATION,INSPECTION,500.0
ACT_66BFC894,2027-08-04,SYS_100,AST_46B9882F,REPARATION,INSPECTION,500.0
ACT_F4C19F2D,2027-08-04,SYS_105,AST_7866AE54,REPARATION,INSPECTION,500.0
ACT_6DA89AD4,2027-08-05,SYS_024,AST_360766DC,REPARATION,INSPECTION,500.0
ACT_95960255,2027-08-05,SYS_146,AST_1E893714,REPARATION,INSPECTION,500.0
ACT_1A852E66,2027-08-05,SYS_189,AST_3346BE51,REPARATION,INSPECTION,500.0
ACT_4D1FDDD4,2027-08-05,SYS_197,AST_C302525D,REPARATION,INSPECTION,500.0
ACT_DB9736E1,2027-08-06,SYS_027,AST_F62C7205,REPARATION,INSPECTION,500.0
ACT_1F1936D2,2027-08-06,SYS_034,AST_898B9A3E,REPARATION,INSPECTION,500.0
ACT_2C73DF39,2027-08-07,SYS_133,AST_36645A9F,REPARATION,INSPECTION,500.0
ACT_D83E831B,2027-08-08,SYS_071,AST_E62B116D,REPARATION,INSPECTION,500.0
ACT_CAB5DEE2,2027-08-09,SYS_023,AST_E2660384,REPARATION,INSPECTION,500.0
ACT_13FAAF60,2027-08-10,SYS_062,AST_E6F98CD6,REPARATION,INSPECTION,500.0
ACT_0A105EF9,2027-08-11,SYS_035,AST_EC002B8E,REPARATION,INSPECTION,500.0
ACT_59960D41,2027-08-11,SYS_085,AST_BC13EB44,REPARATION,INSPECTION,500.0
ACT_8CBE557B,2027-08-11,SYS_173,AST_761AB970,REPARATION,INSPECTION,500.0
ACT_B0FEAC45,2027-08-11,SYS_176,AST_5DF61EE8,REPARATION,INSPECTION,500.0
ACT_B38928EE,2027-08-12,SYS_063,AST_36AFB794,REPARATION,INSPECTION,500.0
ACT_451BCF73,2027-08-12,SYS_111,AST_AA47D855,REPARATION,INSPECTION,500.0
ACT_64B54FC9,2027-08-12,SYS_154,AST_8779BF08,REPARATION,INSPECTION,500.0
ACT_FA859343,2027-08-13,SYS_015,AST_972033C2,REPARATION,INSPECTION,500.0
ACT_7EA32C7E,2027-08-13,SYS_087,AST_CEA7BD4E,REPARATION,INSPECTION,500.0
ACT_223324F8,2027-08-14,SYS_011,AST_C95E4C36,REPARATION,INSPECTION,500.0
ACT_6D980671,2027-08-14,SYS_028,AST_01BDCD63,REPARATION,INSPECTION,500.0
ACT_4B88C4D8,2027-08-14,SYS_136,AST_46F2626C,REPARATION,INSPECTION,500.0
ACT_C25685D4,2027-08-14,SYS_166,AST_DA889646,REPARATION,INSPECTION,500.0
ACT_7AF28116,2027-08-15,SYS_045,AST_71683139,REPARATION,INSPECTION,500.0
ACT_452CC440,2027-08-15,SYS_115,AST_E485A485,REPARATION,INSPECTION,500.0
ACT_87397F00,2027-08-15,SYS_179,AST_05AA0B71,REPARATION,INSPECTION,500.0
ACT_B181766A,2027-08-16,SYS_020,AST_A7767CC7,REMPLACEMENT,INSPECTION,1800.0
ACT_FDF809C1,2027-08-16,SYS_069,AST_2CCCF5B1,REMPLACEMENT,INSPECTION,1800.0
ACT_6A927A22,2027-08-16,SYS_099,AST_2E2BCA5E,REPARATION,INSPECTION,500.0
ACT_34D5AF83,2027-08-17,SYS_123,AST_81F81829,REPARATION,INSPECTION,500.0
ACT_D202969F,2027-08-17,SYS_188,AST_0D8C5A64,REPARATION,INSPECTION,500.0
ACT_7581952E,2027-08-18,SYS_044,AST_24282EF9,REPARATION,INSPECTION,500.0
ACT_41C453C7,2027-08-18,SYS_148,AST_0CAAF0CA,REPARATION,INSPECTION,500.0
ACT_174FE03A,2027-08-19,SYS_021,AST_47CEED8F,REPARATION,INSPECTION,500.0
ACT_1AC30478,2027-08-20,SYS_031,AST_9FC6C1DF,REPARATION,INSPECTION,500.0
ACT_09F32031,2027-08-20,SYS_101,AST_199E4ED5,REPARATION,INSPECTION,500.0
ACT_EA5336A4,2027-08-20,SYS_147,AST_059BC199,REPARATION,INSPECTION,500.0
ACT_32AE000B,2027-08-21,SYS_040,AST_D89EE066,REPARATION,INSPECTION,500.0
ACT_C5A23C64,2027-08-21,SYS_052,AST_79A75A88,REPARATION,INSPECTION,500.0
ACT_97C6175E,2027-08-21,SYS_089,AST_F3FA3B59,REPARATION,INSPECTION,500.0
ACT_F4C6050F,2027-08-21,SYS_152,AST_25E0634B,REPARATION,INSPECTION,500.0
ACT_F55E6B4F,2027-08-21,SYS_193,AST_B624BE5F,REPARATION,INSPECTION,500.0
ACT_71D4EB27,2027-08-21,SYS_194,AST_94955F5C,REPARATION,INSPECTION,500.0
ACT_593099C5,2027-08-22,SYS_065,AST_C0195FDC,REPARATION,INSPECTION,500.0
ACT_BE79702C,2027-08-24,SYS_046,AST_CA11BC6D,REPARATION,INSPECTION,500.0
ACT_CABFA737,2027-08-24,SYS_064,AST_6BB62FDB,REPARATION,INSPECTION,500.0
ACT_57F0DBF7,2027-08-24,SYS_139,AST_594EB63A,REPARATION,INSPECTION,500.0
ACT_6D84E48E,2027-08-24,SYS_161,AST_D05D43D5,REPARATION,INSPECTION,500.0
ACT_F7FAA91A,2027-08-25,SYS_013,AST_0D114CD8,REPARATION,INSPECTION,500.0
ACT_54226CBA,2027-08-25,SYS_083,AST_35C2C263,REPARATION,INSPECTION,500.0
ACT_DC1B322D,2027-08-26,SYS_033,AST_78A40885,REPARATION,INSPECTION,500.0
ACT_B6CF6818,2027-08-26,SYS_122,AST_A852979F,REPARATION,INSPECTION,500.0
ACT_4C97CE8A,2027-08-26,SYS_129,AST_B8F71FDD,REPARATION,INSPECTION,500.0
ACT_A54CA3CD,2027-08-26,SYS_140,AST_82DF0E33,REPARATION,INSPECTION,500.0
ACT_25B9F03E,2027-08-26,SYS_160,AST_1C7F68AF,REPARATION,INSPECTION,500.0
ACT_F1DB5881,2027-08-26,SYS_165,AST_849D44BE,REMPLACEMENT,PANNE,1800.0
ACT_009D6A71,2027-08-27,SYS_051,AST_8936EA7E,REPARATION,INSPECTION,500.0
ACT_BCB14639,2027-08-27,SYS_092,AST_A654FA74,REPARATION,INSPECTION,500.0
ACT_5982B982,2027-08-27,SYS_098,AST_336E36C7,REPARATION,INSPECTION,500.0
ACT_0F7AC76C,2027-08-27,SYS_112,AST_72528000,REPARATION,INSPECTION,500.0
ACT_8E3638CB,2027-08-27,SYS_137,AST_CC32FEC1,REPARATION,INSPECTION,500.0
ACT_E547EF5D,2027-08-27,SYS_191,AST_28102D1A,REPARATION,INSPECTION,500.0
ACT_A67D2AD2,2027-08-28,SYS_008,AST_8CDA59B0,REPARATION,INSPECTION,500.0
ACT_B57ECF09,2027-08-28,SYS_032,AST_9EA318AD,REPARATION,INSPECTION,500.0
ACT_8F717B62,2027-08-28,SYS_076,AST_F603957B,REPARATION,INSPECTION,500.0
ACT_C17FBE93,2027-08-28,SYS_121,AST_57E427AB,REMPLACEMENT,INSPECTION,1800.0
ACT_C28170FE,2027-08-29,SYS_041,AST_5F735C82,REPARATION,INSPECTION,500.0
ACT_AF8ACEA1,2027-08-29,SYS_070,AST_EF1723A7,REPARATION,INSPECTION,500.0
ACT_E9DC302E,2027-08-29,SYS_097,AST_78B2DAF5,REPARATION,INSPECTION,500.0
ACT_76B5BDA5,2027-08-29,SYS_164,AST_79E11B35,REPARATION,INSPECTION,500.0
ACT_EAD45383,2027-08-29,SYS_182,AST_99B17A89,REPARATION,INSPECTION,500.0
ACT_479358D8,2027-08-30,SYS_134,AST_513E84BA,REPARATION,INSPECTION,500.0
ACT_9DC50DEE,2027-08-31,SYS_002,AST_8C3021C3,REPARATION,INSPECTION,500.0
ACT_1CE6CABC,2027-08-31,SYS_007,AST_48BC3EF9,REMPLACEMENT,INSPECTION,1800.0
ACT_850F5C2F,2027-08-31,SYS_043,AST_11D07EA3,REPARATION,INSPECTION,500.0
ACT_D998ABF7,2027-08-31,SYS_138,AST_BDEBA9F4,REPARATION,INSPECTION,500.0
ACT_09FB7E77,2027-08-31,SYS_190,AST_FDA57079,REMPLACEMENT,INSPECTION,1800.0
ACT_0B4810A9,2027-09-01,SYS_131,AST_36C9F1A5,REPARATION,INSPECTION,500.0
ACT_CC619D50,2027-09-02,SYS_012,AST_400DB418,REPARATION,INSPECTION,500.0
ACT_C6A6FAC5,2027-09-03,SYS_078,AST_22724B56,REPARATION,INSPECTION,500.0
ACT_6E6BEED1,2027-09-04,SYS_055,AST_65BC7AF4,REPARATION,INSPECTION,500.0
ACT_F2FB247C,2027-09-04,SYS_167,AST_05426636,REPARATION,INSPECTION,500.0
ACT_663E5EEF,2027-09-06,SYS_005,AST_2355582B,REPARATION,INSPECTION,500.0
ACT_36FDD989,2027-09-06,SYS_199,AST_B4105540,REPARATION,INSPECTION,500.0
ACT_3256C4A4,2027-09-07,SYS_049,AST_8B590081,REPARATION,INSPECTION,500.0
ACT_C93FF1AF,2027-09-07,SYS_195,AST_112DC772,REMPLACEMENT,PANNE,1800.0
ACT_CA2C6350,2027-09-08,SYS_090,AST_3E900085,REPARATION,INSPECTION,500.0
ACT_CB309C47,2027-09-08,SYS_120,AST_8176A690,REPARATION,INSPECTION,500.0
ACT_9F6A2E80,2027-09-08,SYS_189,AST_3346BE51,REPARATION,INSPECTION,500.0
ACT_AB79F531,2027-09-09,SYS_059,AST_1F05FC1B,REPARATION,INSPECTION,500.0
ACT_44C3E96C,2027-09-09,SYS_103,AST_E421B8F7,REPARATION,INSPECTION,500.0
ACT_FA751C0D,2027-09-10,SYS_027,AST_F62C7205,REPARATION,INSPECTION,500.0
ACT_B9BED6D7,2027-09-10,SYS_054,AST_C88F0D7A,REMPLACEMENT,INSPECTION,1800.0
ACT_7527F1E2,2027-09-10,SYS_061,AST_A35FE079,REPARATION,INSPECTION,500.0
ACT_B8317AF5,2027-09-10,SYS_093,AST_5B1AF013,REPARATION,INSPECTION,500.0
ACT_2E6611C4,2027-09-10,SYS_095,AST_F7A145A0,REPARATION,INSPECTION,500.0
ACT_6D635F96,2027-09-10,SYS_118,AST_CD01BE37,REPARATION,INSPECTION,500.0
ACT_3E589C33,2027-09-10,SYS_174,AST_4BB6A596,REPARATION,INSPECTION,500.0
ACT_E428D55D,2027-09-11,SYS_173,AST_761AB970,REPARATION,INSPECTION,500.0
ACT_7FF8B94B,2027-09-12,SYS_057,AST_3D7F459C,REPARATION,INSPECTION,500.0
ACT_1B56B9D9,2027-09-12,SYS_082,AST_677BB75C,REPARATION,INSPECTION,500.0
ACT_2F09E467,2027-09-12,SYS_144,AST_E96A36D9,REPARATION,INSPECTION,500.0
ACT_E25AB310,2027-09-14,SYS_056,AST_9A03EA3C,REPARATION,INSPECTION,500.0
ACT_C09C8FBE,2027-09-14,SYS_124,AST_C6FED7CE,REPARATION,INSPECTION,500.0
ACT_7892259A,2027-09-15,SYS_187,AST_973CB783,REPARATION,INSPECTION,500.0
ACT_CB55DC73,2027-09-16,SYS_072,AST_2677C73B,REPARATION,INSPECTION,500.0
ACT_73AB0DCB,2027-09-16,SYS_104,AST_067D11C4,REPARATION,INSPECTION,500.0
ACT_FA109DFC,2027-09-17,SYS_143,AST_5AB29CA1,REPARATION,INSPECTION,500.0
ACT_50047328,2027-09-17,SYS_178,AST_FB8BAAE3,REPARATION,INSPECTION,500.0
ACT_F2D8E742,2027-09-18,SYS_036,AST_201A44F7,REPARATION,INSPECTION,500.0
ACT_7812819D,2027-09-19,SYS_074,AST_005C2060,REPARATION,INSPECTION,500.0
ACT_28AB6D61,2027-09-19,SYS_081,AST_445C2E7F,REPARATION,INSPECTION,500.0
ACT_9D0ECACF,2027-09-19,SYS_156,AST_E775854F,REPARATION,INSPECTION,500.0
ACT_35C2B9F2,2027-09-20,SYS_150,AST_39BD878A,REPARATION,INSPECTION,500.0
ACT_455C1E2F,2027-09-21,SYS_108,AST_8823CDE5,REPARATION,INSPECTION,500.0
ACT_F98C3FFF,2027-09-21,SYS_155,AST_EB9D2923,REPARATION,INSPECTION,500.0
ACT_A82F4B45,2027-09-22,SYS_060,AST_F0FDDB4C,REPARATION,INSPECTION,500.0
ACT_133434E9,2027-09-22,SYS_101,AST_199E4ED5,REPARATION,INSPECTION,500.0
ACT_33BDDF6B,2027-09-22,SYS_130,AST_3A50A6C8,REPARATION,INSPECTION,500.0
ACT_1C1FF709,2027-09-22,SYS_180,AST_ABEDAC5D,REPARATION,INSPECTION,500.0
ACT_5A287448,2027-09-23,SYS_064,AST_6BB62FDB,REPARATION,INSPECTION,500.0
ACT_5C7E7D42,2027-09-23,SYS_094,AST_DDF229A0,REPARATION,INSPECTION,500.0
ACT_91501386,2027-09-23,SYS_172,AST_ADEC264C,REPARATION,INSPECTION,500.0
ACT_54AADBF6,2027-09-25,SYS_004,AST_34B81456,REMPLACEMENT,PANNE,1800.0
ACT_8DB27808,2027-09-25,SYS_161,AST_D05D43D5,REPARATION,INSPECTION,500.0
ACT_2EDC6A8A,2027-09-25,SYS_171,AST_5A3839A3,REPARATION,INSPECTION,500.0
ACT_2B436E06,2027-09-26,SYS_030,AST_963E7AC3,REPARATION,INSPECTION,500.0
ACT_38EA2283,2027-09-26,SYS_039,AST_0C2D90D2,REPARATION,INSPECTION,500.0
ACT_912F9F17,2027-09-26,SYS_153,AST_416FD4D1,REMPLACEMENT,INSPECTION,1800.0
ACT_E198EAC3,2027-09-26,SYS_184,AST_F713DE74,REPARATION,INSPECTION,500.0
ACT_A91A7701,2027-09-27,SYS_113,AST_C2D66558,REPARATION,INSPECTION,500.0
ACT_1D326B87,2027-09-27,SYS_181,AST_69222B18,REPARATION,INSPECTION,500.0
ACT_CDC28DAD,2027-09-28,SYS_053,AST_1421CD29,REPARATION,INSPECTION,500.0
ACT_537EB084,2027-09-28,SYS_066,AST_F5795CF8,REPARATION,INSPECTION,500.0
ACT_12C798F7,2027-09-29,SYS_140,AST_82DF0E33,REPARATION,INSPECTION,500.0
ACT_3EC11C43,2027-09-29,SYS_186,AST_5CB7885A,REPARATION,INSPECTION,500.0
ACT_4F38353A,2027-10-01,SYS_196,AST_83AEE438,REPARATION,INSPECTION,500.0
ACT_F7EE6564,2027-10-02,SYS_198,AST_1856384A,REPARATION,INSPECTION,500.0
ACT_5DAB056C,2027-10-03,SYS_037,AST_12C3D6E6,REPARATION,INSPECTION,500.0
ACT_A47B2D9B,2027-10-03,SYS_100,AST_46B9882F,REMPLACEMENT,PANNE,1800.0
ACT_6B2F4178,2027-10-03,SYS_107,AST_4ED453A3,REPARATION,INSPECTION,500.0
ACT_A3B5A5E6,2027-10-03,SYS_128,AST_D607EFBB,REPARATION,INSPECTION,500.0
ACT_9DAC00BD,2027-10-04,SYS_168,AST_FB44B477,REPARATION,INSPECTION,500.0
ACT_2E787610,2027-10-05,SYS_125,AST_3F4357D4,REPARATION,INSPECTION,500.0
ACT_202FD5C9,2027-10-05,SYS_197,AST_C302525D,REPARATION,INSPECTION,500.0
ACT_8589BC42,2027-10-06,SYS_052,AST_79A75A88,REPARATION,INSPECTION,500.0
ACT_DDDD9F41,2027-10-08,SYS_016,AST_75491F89,REPARATION,INSPECTION,500.0
ACT_EF9A4D31,2027-10-08,SYS_035,AST_EC002B8E,REPARATION,INSPECTION,500.0
ACT_D5601D66,2027-10-08,SYS_075,AST_9F8C53BE,REPARATION,INSPECTION,500.0
ACT_41863C32,2027-10-08,SYS_091,AST_FF3BACB3,REPARATION,INSPECTION,500.0
ACT_9F55FF71,2027-10-08,SYS_096,AST_94F5E2F2,REPARATION,INSPECTION,500.0
ACT_3D645982,2027-10-08,SYS_141,AST_C841EE03,REPARATION,INSPECTION,500.0
ACT_EA85BC19,2027-10-09,SYS_079,AST_D2724D76,REPARATION,INSPECTION,500.0
ACT_12476132,2027-10-09,SYS_119,AST_47437ED7,REPARATION,INSPECTION,500.0
ACT_18DBD5FB,2027-10-09,SYS_169,AST_55F0F9F6,REMPLACEMENT,INSPECTION,1800.0
ACT_1ED5521D,2027-10-10,SYS_085,AST_BC13EB44,REPARATION,INSPECTION,500.0
ACT_F64B5756,2027-10-10,SYS_106,AST_2B28FACA,REPARATION,INSPECTION,500.0
ACT_FD283E95,2027-10-11,SYS_157,AST_07151874,REPARATION,INSPECTION,500.0
ACT_BAE9A5AE,2027-10-11,SYS_192,AST_D07C19AF,REPARATION,INSPECTION,500.0
ACT_1F231902,2027-10-12,SYS_047,AST_7CD9A8D7,REPARATION,INSPECTION,500.0
ACT_51B7997E,2027-10-12,SYS_099,AST_2E2BCA5E,REPARATION,INSPECTION,500.0
ACT_29424810,2027-10-13,SYS_034,AST_898B9A3E,REPARATION,INSPECTION,500.0
ACT_0549A742,2027-10-13,SYS_159,AST_3EE93CB8,REPARATION,INSPECTION,500.0
ACT_DA8B75F8,2027-10-15,SYS_114,AST_71208FE4,REMPLACEMENT,INSPECTION,1800.0
ACT_28239F6A,2027-10-15,SYS_136,AST_46F2626C,REPARATION,INSPECTION,500.0
ACT_AB4FC028,2027-10-15,SYS_145,AST_FDBA2A0E,REPARATION,INSPECTION,500.0
ACT_C28BD4CB,2027-10-15,SYS_185,AST_A2B95F2A,REPARATION,INSPECTION,500.0
ACT_531A73D7,2027-10-16,SYS_062,AST_E6F98CD6,REPARATION,INSPECTION,500.0
ACT_DF5B2913,2027-10-17,SYS_006,AST_01B706B3,REPARATION,INSPECTION,500.0
ACT_1F21A973,2027-10-17,SYS_021,AST_47CEED8F,REPARATION,INSPECTION,500.0
ACT_8BB5AC10,2027-10-17,SYS_166,AST_DA889646,REPARATION,INSPECTION,500.0
ACT_6559376C,2027-10-18,SYS_003,AST_792F8123,REPARATION,INSPECTION,500.0
ACT_8686BAF7,2027-10-18,SYS_029,AST_72182962,REPARATION,INSPECTION,500.0
ACT_FF34645E,2027-10-18,SYS_038,AST_C09E7897,REPARATION,INSPECTION,500.0
ACT_BAF45E17,2027-10-18,SYS_050,AST_F69AFC56,REMPLACEMENT,INSPECTION,1800.0
ACT_A76B03D8,2027-10-18,SYS_142,AST_A42F6532,REPARATION,INSPECTION,500.0
ACT_594DA06A,2027-10-18,SYS_150,AST_39BD878A,REPARATION,INSPECTION,500.0
ACT_F23AE80A,2027-10-19,SYS_022,AST_3A3ABCBA,REPARATION,INSPECTION,500.0
ACT_CA5808BA,2027-10-20,SYS_087,AST_CEA7BD4E,REPARATION,INSPECTION,500.0
ACT_EC84F67A,2027-10-20,SYS_193,AST_B624BE5F,REPARATION,INSPECTION,500.0
ACT_0DC7B44C,2027-10-21,SYS_031,AST_9FC6C1DF,REPARATION,INSPECTION,500.0
ACT_7C035D92,2027-10-21,SYS_152,AST_25E0634B,REPARATION,INSPECTION,500.0
ACT_E4C289A3,2027-10-22,SYS_110,AST_FED5DCED,REPARATION,INSPECTION,500.0
ACT_1DB7BD2A,2027-10-23,SYS_098,AST_336E36C7,REPARATION,INSPECTION,500.0
ACT_2EAC3C19,2027-10-24,SYS_079,AST_D2724D76,REMPLACEMENT,PANNE,1800.0
ACT_A913B920,2027-10-24,SYS_117,AST_AF2CD7F7,REPARATION,INSPECTION,500.0
ACT_104D814A,2027-10-25,SYS_019,AST_295F6162,REPARATION,INSPECTION,500.0
ACT_F7494E66,2027-10-25,SYS_132,AST_B471717C,REPARATION,INSPECTION,500.0
ACT_8DFFF7EA,2027-10-25,SYS_147,AST_059BC199,REPARATION,INSPECTION,500.0
ACT_40E18ABE,2027-10-25,SYS_183,AST_3AC31DE4,REPARATION,INSPECTION,500.0
ACT_0ADCC565,2027-10-26,SYS_001,AST_4062C732,REPARATION,INSPECTION,500.0
ACT_3EE05884,2027-10-26,SYS_002,AST_8C3021C3,REPARATION,INSPECTION,500.0
ACT_BF9A455B,2027-10-26,SYS_008,AST_8CDA59B0,REPARATION,INSPECTION,500.0
ACT_F4FB15B8,2027-10-26,SYS_071,AST_E62B116D,REPARATION,INSPECTION,500.0
ACT_D0EE9817,2027-10-26,SYS_109,AST_36E83F9B,REPARATION,INSPECTION,500.0
ACT_FA7B79A8,2027-10-26,SYS_158,AST_72555574,REPARATION,INSPECTION,500.0
ACT_923F1B20,2027-10-27,SYS_058,AST_F3A498A9,REPARATION,INSPECTION,500.0
ACT_6DD72F6D,2027-10-27,SYS_088,AST_8881A08E,REPARATION,INSPECTION,500.0
ACT_917911BD,2027-10-27,SYS_149,AST_AB74CC0D,REPARATION,INSPECTION,500.0
ACT_2A1F048C,2027-10-27,SYS_151,AST_1DB9A142,REPARATION,INSPECTION,500.0
ACT_4AD054AA,2027-10-28,SYS_013,AST_0D114CD8,REPARATION,INSPECTION,500.0
ACT_829BD279,2027-10-28,SYS_137,AST_CC32FEC1,REPARATION,INSPECTION,500.0
ACT_3D58DB8E,2027-10-29,SYS_092,AST_A654FA74,REPARATION,INSPECTION,500.0
ACT_B3C2085F,2027-10-29,SYS_097,AST_78B2DAF5,REPARATION,INSPECTION,500.0
ACT_3698ACAE,2027-10-29,SYS_102,AST_D4717E02,REPARATION,INSPECTION,500.0
ACT_58B5DAB8,2027-10-30,SYS_010,AST_BA1E579E,REPARATION,INSPECTION,500.0
ACT_68AEA0B8,2027-10-30,SYS_089,AST_F3FA3B59,REPARATION,INSPECTION,500.0
ACT_145620E7,2027-10-30,SYS_139,AST_594EB63A,REPARATION,INSPECTION,500.0
ACT_3A94DF37,2027-10-30,SYS_188,AST_0D8C5A64,REPARATION,INSPECTION,500.0
ACT_27693548,2027-10-30,SYS_196,AST_83AEE438,REPARATION,INSPECTION,500.0
ACT_96D4D08D,2027-10-31,SYS_051,AST_8936EA7E,REPARATION,INSPECTION,500.0
ACT_555737F1,2027-10-31,SYS_080,AST_9613CDC6,REPARATION,INSPECTION,500.0
ACT_D7D4D2C2,2027-11-01,SYS_033,AST_78A40885,REPARATION,INSPECTION,500.0
ACT_87FDF54E,2027-11-02,SYS_011,AST_C95E4C36,REPARATION,INSPECTION,500.0
ACT_F364EF6A,2027-11-02,SYS_126,AST_C9DE68BD,REPARATION,INSPECTION,500.0
ACT_0BC7482E,2027-11-02,SYS_164,AST_79E11B35,REPARATION,INSPECTION,500.0
ACT_459A95C0,2027-11-03,SYS_048,AST_B7D85950,REPARATION,INSPECTION,500.0
ACT_258B5606,2027-11-03,SYS_067,AST_4F5BB5C0,REPARATION,INSPECTION,500.0
ACT_A94CFA24,2027-11-03,SYS_105,AST_7866AE54,REPARATION,INSPECTION,500.0
ACT_D9389F0E,2027-11-03,SYS_182,AST_99B17A89,REPARATION,INSPECTION,500.0
ACT_FFB1F19A,2027-11-04,SYS_037,AST_12C3D6E6,REPARATION,INSPECTION,500.0
ACT_B8BE1560,2027-11-04,SYS_050,AST_A1D4C9EF,REMPLACEMENT,PANNE,1800.0
ACT_1BCF95F5,2027-11-04,SYS_059,AST_1F05FC1B,REPARATION,INSPECTION,500.0
ACT_019E346E,2027-11-04,SYS_068,AST_B504AAFE,REPARATION,INSPECTION,500.0
ACT_679CC636,2027-11-04,SYS_073,AST_F220FE8F,REPARATION,INSPECTION,500.0
ACT_6BCFD5D9,2027-11-05,SYS_078,AST_22724B56,REPARATION,INSPECTION,500.0
ACT_AE359BFE,2027-11-05,SYS_133,AST_36645A9F,REPARATION,INSPECTION,500.0
ACT_7A4E895A,2027-11-06,SYS_055,AST_65BC7AF4,REPARATION,INSPECTION,500.0
ACT_CABB926C,2027-11-06,SYS_075,AST_9F8C53BE,REPARATION,INSPECTION,500.0
ACT_B82906C7,2027-11-06,SYS_123,AST_81F81829,REPARATION,INSPECTION,500.0
ACT_5A688D63,2027-11-06,SYS_127,AST_0BB6D2CA,REPARATION,INSPECTION,500.0
ACT_D436DBB6,2027-11-06,SYS_178,AST_FB8BAAE3,REPARATION,INSPECTION,500.0
ACT_FB2605BB,2027-11-07,SYS_023,AST_E2660384,REPARATION,INSPECTION,500.0
ACT_52222D71,2027-11-07,SYS_162,AST_FA7C66DB,REPARATION,INSPECTION,500.0
ACT_639DBEF7,2027-11-07,SYS_177,AST_74A7AC95,REPARATION,INSPECTION,500.0
ACT_A89CBAFE,2027-11-07,SYS_179,AST_05AA0B71,REPARATION,INSPECTION,500.0
ACT_DF000499,2027-11-08,SYS_012,AST_400DB418,REPARATION,INSPECTION,500.0
ACT_BD23FE11,2027-11-08,SYS_026,AST_1EC8F895,REPARATION,INSPECTION,500.0
ACT_F7BEED36,2027-11-08,SYS_045,AST_71683139,REPARATION,INSPECTION,500.0
ACT_D37835D7,2027-11-09,SYS_024,AST_360766DC,REPARATION,INSPECTION,500.0
ACT_B672DC2C,2027-11-09,SYS_032,AST_9EA318AD,REPARATION,INSPECTION,500.0
ACT_FA2C7F1E,2027-11-09,SYS_043,AST_11D07EA3,REPARATION,INSPECTION,500.0
ACT_72826D7C,2027-11-09,SYS_063,AST_36AFB794,REPARATION,INSPECTION,500.0
ACT_11FB1DD1,2027-11-09,SYS_124,AST_C6FED7CE,REPARATION,INSPECTION,500.0
ACT_61FC88D4,2027-11-10,SYS_014,AST_C582AD53,REMPLACEMENT,INSPECTION,1800.0
ACT_C907C612,2027-11-10,SYS_095,AST_F7A145A0,REPARATION,INSPECTION,500.0
ACT_E7CE7C7A,2027-11-10,SYS_154,AST_8779BF08,REPARATION,INSPECTION,500.0
ACT_1C0A533C,2027-11-10,SYS_176,AST_5DF61EE8,REPARATION,INSPECTION,500.0
ACT_7FEC111E,2027-11-11,SYS_009,AST_59AE948D,REPARATION,INSPECTION,500.0
ACT_2049840C,2027-11-11,SYS_016,AST_75491F89,REPARATION,INSPECTION,500.0
ACT_4F94601F,2027-11-11,SYS_024,AST_360766DC,REMPLACEMENT,PANNE,1800.0
ACT_6473E253,2027-11-11,SYS_044,AST_24282EF9,REPARATION,INSPECTION,500.0
ACT_096A0DC2,2027-11-11,SYS_074,AST_005C2060,REPARATION,INSPECTION,500.0
ACT_511976DC,2027-11-11,SYS_166,AST_DA889646,REPARATION,INSPECTION,500.0
ACT_D40D0FA8,2027-11-14,SYS_000,AST_AD9DFCC2,REPARATION,INSPECTION,500.0
ACT_09FC5AE7,2027-11-14,SYS_061,AST_A35FE079,REPARATION,INSPECTION,500.0
ACT_FDD81E00,2027-11-14,SYS_111,AST_AA47D855,REPARATION,INSPECTION,500.0
ACT_26D9907C,2027-11-14,SYS_170,AST_41E4C47D,REMPLACEMENT,INSPECTION,1800.0
ACT_7A009B00,2027-11-15,SYS_171,AST_5A3839A3,REMPLACEMENT,PANNE,1800.0
ACT_A451F38D,2027-11-16,SYS_049,AST_8B590081,REPARATION,INSPECTION,500.0
ACT_A17DD288,2027-11-16,SYS_082,AST_677BB75C,REPARATION,INSPECTION,500.0
ACT_3145D416,2027-11-16,SYS_084,AST_D1DA8606,REPARATION,INSPECTION,500.0
ACT_9373F85D,2027-11-17,SYS_056,AST_9A03EA3C,REPARATION,INSPECTION,500.0
ACT_680E3D0B,2027-11-17,SYS_115,AST_E485A485,REPARATION,INSPECTION,500.0
ACT_337BEA00,2027-11-19,SYS_018,AST_32331E58,REPARATION,INSPECTION,500.0
ACT_2E8D5FA9,2027-11-19,SYS_053,AST_1421CD29,REPARATION,INSPECTION,500.0
ACT_94CB2F29,2027-11-19,SYS_103,AST_E421B8F7,REPARATION,INSPECTION,500.0
ACT_B11AFF93,2027-11-20,SYS_159,AST_3EE93CB8,REPARATION,INSPECTION,500.0
ACT_DD1DA9CD,2027-11-20,SYS_168,AST_FB44B477,REPARATION,INSPECTION,500.0
ACT_0D2320ED,2027-11-21,SYS_022,AST_3A3ABCBA,REPARATION,INSPECTION,500.0
ACT_53B22482,2027-11-21,SYS_070,AST_EF1723A7,REPARATION,INSPECTION,500.0
ACT_7918C1C1,2027-11-21,SYS_072,AST_2677C73B,REPARATION,INSPECTION,500.0
ACT_E9942D1D,2027-11-21,SYS_134,AST_513E84BA,REPARATION,INSPECTION,500.0
ACT_B632BCE1,2027-11-21,SYS_148,AST_0CAAF0CA,REMPLACEMENT,INSPECTION,1800.0
ACT_34D12F5B,2027-11-22,SYS_083,AST_35C2C263,REPARATION,INSPECTION,500.0
ACT_860D3324,2027-11-22,SYS_094,AST_DDF229A0,REPARATION,INSPECTION,500.0
ACT_8E3390D7,2027-11-22,SYS_155,AST_EB9D2923,REPARATION,INSPECTION,500.0
ACT_846EA2AE,2027-11-23,SYS_007,AST_0811D38E,REMPLACEMENT,PANNE,1800.0
ACT_8D7E33FD,2027-11-23,SYS_129,AST_B8F71FDD,REPARATION,INSPECTION,500.0
ACT_79B8E09C,2027-11-24,SYS_020,AST_D740D9D8,REPARATION,INSPECTION,500.0
ACT_AFF7BE38,2027-11-24,SYS_028,AST_01BDCD63,REPARATION,INSPECTION,500.0
ACT_07C92CB9,2027-11-24,SYS_144,AST_E96A36D9,REPARATION,INSPECTION,500.0
ACT_35083EA7,2027-11-24,SYS_187,AST_973CB783,REPARATION,INSPECTION,500.0
ACT_0BA17249,2027-11-24,SYS_190,AST_44EFBB16,REPARATION,INSPECTION,500.0
ACT_7DCE18BF,2027-11-24,SYS_191,AST_28102D1A,REPARATION,INSPECTION,500.0
ACT_E64C8052,2027-11-25,SYS_076,AST_F603957B,REPARATION,INSPECTION,500.0
ACT_7AF151BD,2027-11-25,SYS_112,AST_72528000,REPARATION,INSPECTION,500.0
ACT_FEAF00FD,2027-11-25,SYS_120,AST_8176A690,REPARATION,INSPECTION,500.0
ACT_7B85651B,2027-11-25,SYS_184,AST_F713DE74,REPARATION,INSPECTION,500.0
ACT_D9A79D29,2027-11-25,SYS_194,AST_94955F5C,REPARATION,INSPECTION,500.0
ACT_AEBD8917,2027-11-26,SYS_041,AST_5F735C82,REPARATION,INSPECTION,500.0
ACT_45FA1A1D,2027-11-26,SYS_130,AST_3A50A6C8,REPARATION,INSPECTION,500.0
ACT_08F89EE2,2027-11-27,SYS_040,AST_D89EE066,REPARATION,INSPECTION,500.0
ACT_923F601B,2027-11-29,SYS_042,AST_46131EB7,REPARATION,INSPECTION,500.0
ACT_392E0965,2027-11-29,SYS_102,AST_D4717E02,REPARATION,INSPECTION,500.0
ACT_05083970,2027-11-29,SYS_128,AST_D607EFBB,REPARATION,INSPECTION,500.0
ACT_56DF4AC1,2027-11-29,SYS_157,AST_07151874,REPARATION,INSPECTION,500.0
ACT_3A1F463A,2027-11-30,SYS_010,AST_BA1E579E,REMPLACEMENT,PANNE,1800.0
ACT_DAF84C37,2027-11-30,SYS_131,AST_36C9F1A5,REPARATION,INSPECTION,500.0
ACT_602F0A71,2027-11-30,SYS_140,AST_82DF0E33,REPARATION,INSPECTION,500.0
ACT_0A4C79EF,2027-11-30,SYS_146,AST_1E893714,REPARATION,INSPECTION,500.0
ACT_FD4F51F8,2027-11-30,SYS_181,AST_69222B18,REPARATION,INSPECTION,500.0
ACT_BEB65CB0,2027-12-01,SYS_089,AST_F3FA3B59,REPARATION,INSPECTION,500.0
ACT_E51693EE,2027-12-01,SYS_107,AST_4ED453A3,REPARATION,INSPECTION,500.0
ACT_415E8D9D,2027-12-01,SYS_163,AST_24ADEDD2,REPARATION,INSPECTION,500.0
ACT_7A395A85,2027-12-02,SYS_175,AST_26E9BA3E,REPARATION,INSPECTION,500.0
ACT_2A207050,2027-12-02,SYS_198,AST_1856384A,REPARATION,INSPECTION,500.0
ACT_E366DABB,2027-12-03,SYS_118,AST_CD01BE37,REPARATION,INSPECTION,500.0
ACT_ED8AA2C2,2027-12-04,SYS_035,AST_EC002B8E,REPARATION,INSPECTION,500.0
ACT_A37C1ABA,2027-12-05,SYS_048,AST_B7D85950,REPARATION,INSPECTION,500.0
ACT_969DF191,2027-12-06,SYS_173,AST_761AB970,REPARATION,INSPECTION,500.0
ACT_DD211BE0,2027-12-07,SYS_015,AST_972033C2,REPARATION,INSPECTION,500.0
ACT_9E0AA9EC,2027-12-07,SYS_086,AST_783BFF5F,REPARATION,INSPECTION,500.0
ACT_3443FB80,2027-12-08,SYS_125,AST_3F4357D4,REPARATION,INSPECTION,500.0
ACT_EB50FF2D,2027-12-08,SYS_162,AST_FA7C66DB,REPARATION,INSPECTION,500.0
ACT_FA9D0F12,2027-12-09,SYS_025,AST_FAC40B08,REPARATION,INSPECTION,500.0
ACT_9CDFB935,2027-12-09,SYS_036,AST_201A44F7,REPARATION,INSPECTION,500.0
ACT_BB7BF4FD,2027-12-09,SYS_154,AST_8779BF08,REPARATION,INSPECTION,500.0
ACT_328C692F,2027-12-09,SYS_160,AST_1C7F68AF,REPARATION,INSPECTION,500.0
ACT_1493CCC6,2027-12-11,SYS_090,AST_3E900085,REPARATION,INSPECTION,500.0
ACT_E9029E03,2027-12-11,SYS_141,AST_C841EE03,REPARATION,INSPECTION,500.0
ACT_2B80C58F,2027-12-12,SYS_027,AST_F62C7205,REPARATION,INSPECTION,500.0
ACT_84C5BD16,2027-12-12,SYS_167,AST_05426636,REPARATION,INSPECTION,500.0
ACT_C48E596C,2027-12-12,SYS_185,AST_A2B95F2A,REPARATION,INSPECTION,500.0
ACT_1B31BF0C,2027-12-13,SYS_035,AST_EC002B8E,REMPLACEMENT,PANNE,1800.0
ACT_A9FFD1EC,2027-12-13,SYS_116,AST_C5B87FD2,REMPLACEMENT,PANNE,1800.0
ACT_28FA7FD2,2027-12-13,SYS_174,AST_4BB6A596,REPARATION,INSPECTION,500.0
ACT_F23D6C6F,2027-12-14,SYS_081,AST_445C2E7F,REPARATION,INSPECTION,500.0
ACT_677FDAEA,2027-12-14,SYS_132,AST_B471717C,REPARATION,INSPECTION,500.0
ACT_B195D538,2027-12-14,SYS_138,AST_BDEBA9F4,REMPLACEMENT,INSPECTION,1800.0
ACT_B51CA4AD,2027-12-15,SYS_060,AST_F0FDDB4C,REPARATION,INSPECTION,500.0
ACT_FBC3E2C2,2027-12-15,SYS_101,AST_199E4ED5,REPARATION,INSPECTION,500.0
ACT_0E30E874,2027-12-15,SYS_189,AST_3346BE51,REPARATION,INSPECTION,500.0
ACT_FF08121C,2027-12-16,SYS_197,AST_C302525D,REPARATION,INSPECTION,500.0
ACT_603D7788,2027-12-17,SYS_172,AST_ADEC264C,REPARATION,INSPECTION,500.0
ACT_D1DC69C8,2027-12-17,SYS_192,AST_D07C19AF,REPARATION,INSPECTION,500.0
ACT_E821AA09,2027-12-18,SYS_057,AST_3D7F459C,REPARATION,INSPECTION,500.0
ACT_CED1AD37,2027-12-18,SYS_077,AST_C4095CA0,REPARATION,INSPECTION,500.0
ACT_D2026D5F,2027-12-18,SYS_088,AST_8881A08E,REPARATION,INSPECTION,500.0
ACT_14413251,2027-12-19,SYS_164,AST_79E11B35,REPARATION,INSPECTION,500.0
ACT_1C4C666D,2027-12-20,SYS_029,AST_72182962,REPARATION,INSPECTION,500.0
ACT_F3DFF4E4,2027-12-20,SYS_046,AST_CA11BC6D,REPARATION,INSPECTION,500.0
ACT_A30A5576,2027-12-20,SYS_087,AST_CEA7BD4E,REPARATION,INSPECTION,500.0
ACT_A90777BB,2027-12-20,SYS_109,AST_36E83F9B,REPARATION,INSPECTION,500.0
ACT_37514921,2027-12-21,SYS_031,AST_9FC6C1DF,REPARATION,INSPECTION,500.0
ACT_284B5271,2027-12-21,SYS_071,AST_E62B116D,REPARATION,INSPECTION,500.0
ACT_8E15D750,2027-12-21,SYS_093,AST_5B1AF013,REPARATION,INSPECTION,500.0
ACT_5DEDA90A,2027-12-21,SYS_108,AST_8823CDE5,REPARATION,INSPECTION,500.0
ACT_09137D16,2027-12-21,SYS_147,AST_059BC199,REPARATION,INSPECTION,500.0
ACT_F81A501C,2027-12-21,SYS_165,AST_DAF61BF2,REMPLACEMENT,PANNE,1800.0
ACT_FCE6B6A1,2027-12-22,SYS_028,AST_01BDCD63,REPARATION,INSPECTION,500.0
ACT_24E245A4,2027-12-22,SYS_158,AST_72555574,REPARATION,INSPECTION,500.0
ACT_1D8838C0,2027-12-24,SYS_066,AST_F5795CF8,REPARATION,INSPECTION,500.0
ACT_BBDB08DF,2027-12-24,SYS_142,AST_A42F6532,REPARATION,INSPECTION,500.0
ACT_2E583ADF,2027-12-25,SYS_013,AST_0D114CD8,REPARATION,INSPECTION,500.0
ACT_6FCA4480,2027-12-25,SYS_076,AST_F603957B,REPARATION,INSPECTION,500.0
ACT_1A2D7828,2027-12-25,SYS_091,AST_FF3BACB3,REPARATION,INSPECTION,500.0
ACT_F284A09A,2027-12-26,SYS_122,AST_A852979F,REPARATION,INSPECTION,500.0
ACT_2A256049,2027-12-27,SYS_011,AST_C95E4C36,REPARATION,INSPECTION,500.0
ACT_565382BB,2027-12-28,SYS_064,AST_6BB62FDB,REPARATION,INSPECTION,500.0
ACT_AE11DDC8,2027-12-28,SYS_097,AST_78B2DAF5,REPARATION,INSPECTION,500.0
ACT_263139EC,2027-12-28,SYS_135,AST_9F388D08,REPARATION,INSPECTION,500.0
ACT_83D33E55,2027-12-29,SYS_034,AST_898B9A3E,REPARATION,INSPECTION,500.0
ACT_24F4B006,2027-12-29,SYS_108,AST_8823CDE5,REMPLACEMENT,PANNE,1800.0
ACT_E83B200C,2027-12-29,SYS_149,AST_AB74CC0D,REPARATION,INSPECTION,500.0
ACT_605AEA01,2027-12-30,SYS_005,AST_2355582B,REPARATION,INSPECTION,500.0
ACT_B306CC7C,2027-12-30,SYS_161,AST_D05D43D5,REPARATION,INSPECTION,500.0
ACT_86046C80,2027-12-30,SYS_183,AST_3AC31DE4,REPARATION,INSPECTION,500.0
ACT_0720AF4A,2027-12-31,SYS_065,AST_C0195FDC,REMPLACEMENT,INSPECTION,1800.0
ACT_2FFC5F70,2027-12-31,SYS_067,AST_4F5BB5C0,REPARATION,INSPECTION,500.0
ACT_6269A5FB,2027-12-31,SYS_105,AST_7866AE54,REPARATION,INSPECTION,500.0
ACT_B0937F77,2027-12-31,SYS_139,AST_594EB63A,REPARATION,INSPECTION,500.0
ACT_6159A521,2027-12-31,SYS_186,AST_5CB7885A,REPARATION,INSPECTION,500.0
