threshold,precision,recall
inf,1.0,0.0
2.009077,1.0,0.0007462686567164179
1.978348,1.0,0.0014925373134328358
1.940624,1.0,0.002238805970149254
1.915351,1.0,0.0029850746268656717
1.905506,1.0,0.0037313432835820895
1.882428,1.0,0.004477611940298508
1.864298,1.0,0.0052238805970149255
1.841303,1.0,0.005970149253731343
1.833441,1.0,0.006716417910447761
1.8171,1.0,0.007462686567164179
1.816674,1.0,0.008208955223880597
1.815625,1.0,0.008955223880597015
1.812773,1.0,0.009701492537313432
1.806228,1.0,0.010447761194029851
1.801771,1.0,0.011194029850746268
1.799968,1.0,0.011940298507462687
1.796334,1.0,0.012686567164179104
1.789431,1.0,0.013432835820895522
1.785265,1.0,0.014179104477611941
1.779834,1.0,0.014925373134328358
1.774002,1.0,0.015671641791044775
1.773866,1.0,0.016417910447761194
1.763484,1.0,0.017164179104477612
1.7479,1.0,0.01791044776119403
1.746255,1.0,0.018656716417910446
1.745635,1.0,0.019402985074626865
1.741785,1.0,0.020149253731343283
1.740653,1.0,0.020895522388059702
1.733184,1.0,0.02164179104477612
1.729555,1.0,0.022388059701492536
1.723591,1.0,0.023134328358208955
1.721781,1.0,0.023880597014925373
1.713381,1.0,0.024626865671641792
1.712467,1.0,0.025373134328358207
1.711356,1.0,0.026119402985074626
1.709466,1.0,0.026865671641791045
1.700791,1.0,0.027611940298507463
1.685357,1.0,0.028358208955223882
1.684298,1.0,0.029104477611940297
1.682626,1.0,0.029850746268656716
1.676912,1.0,0.030597014925373135
1.674059,1.0,0.03134328358208955
1.674041,1.0,0.03208955223880597
1.666897,1.0,0.03283582089552239
1.664406,1.0,0.033582089552238806
1.661348,1.0,0.034328358208955224
1.661085,1.0,0.03507462686567164
1.659773,1.0,0.03582089552238806
1.65662,1.0,0.03656716417910448
1.651009,1.0,0.03731343283582089
1.650963,1.0,0.03805970149253731
1.648997,1.0,0.03880597014925373
1.64829,1.0,0.03955223880597015
1.645775,1.0,0.04029850746268657
1.645636,1.0,0.041044776119402986
1.645466,1.0,0.041791044776119404
1.641113,1.0,0.04253731343283582
1.640582,1.0,0.04328358208955224
1.632984,1.0,0.04402985074626865
1.632357,1.0,0.04477611940298507
1.631249,1.0,0.04552238805970149
1.630137,1.0,0.04626865671641791
1.629287,1.0,0.04701492537313433
1.624332,1.0,0.04776119402985075
1.622422,1.0,0.048507462686567165
1.620655,1.0,0.049253731343283584
1.620399,1.0,0.05
1.619606,1.0,0.050746268656716415
1.618693,1.0,0.05149253731343283
1.618558,1.0,0.05223880597014925
1.615427,1.0,0.05298507462686567
1.614042,1.0,0.05373134328358209
1.612866,1.0,0.05447761194029851
1.611706,1.0,0.05522388059701493
1.606647,1.0,0.055970149253731345
1.604995,1.0,0.056716417910447764
1.604224,1.0,0.057462686567164176
1.604154,1.0,0.058208955223880594
1.601701,1.0,0.05895522388059701
1.601419,1.0,0.05970149253731343
1.600675,1.0,0.06044776119402985
1.600221,1.0,0.06119402985074627
1.599849,1.0,0.06194029850746269
1.593786,1.0,0.0626865671641791
1.593677,1.0,0.06343283582089553
1.592103,1.0,0.06417910447761194
1.591841,1.0,0.06492537313432836
1.587664,1.0,0.06567164179104477
1.586063,1.0,0.0664179104477612
1.581234,1.0,0.06716417910447761
1.581031,1.0,0.06791044776119402
1.580404,1.0,0.06865671641791045
1.578209,1.0,0.06940298507462686
1.57701,1.0,0.07014925373134329
1.575873,1.0,0.0708955223880597
1.575741,1.0,0.07164179104477612
1.573931,1.0,0.07238805970149254
1.570419,1.0,0.07313432835820896
1.570124,1.0,0.07388059701492537
1.569812,1.0,0.07462686567164178
1.567405,1.0,0.07537313432835821
1.566436,1.0,0.07611940298507462
1.565323,1.0,0.07686567164179105
1.564647,1.0,0.07761194029850746
1.563859,0.9905660377358491,0.07835820895522388
1.564254,1.0,0.07835820895522388
1.563024,0.9906542056074766,0.0791044776119403
1.561154,0.9907407407407407,0.07985074626865672
1.559675,0.9908256880733946,0.08059701492537313
1.558294,0.990909090909091,0.08134328358208955
1.555605,0.990990990990991,0.08208955223880597
1.554365,0.9910714285714286,0.08283582089552238
1.554121,0.9911504424778761,0.08358208955223881
1.553418,0.9912280701754386,0.08432835820895522
1.553279,0.991304347826087,0.08507462686567165
1.551334,0.9913793103448276,0.08582089552238806
1.5481,0.9914529914529915,0.08656716417910448
1.547772,0.9915254237288136,0.0873134328358209
1.546442,0.9915966386554622,0.0880597014925373
1.546215,0.9916666666666667,0.08880597014925373
1.546194,0.9917355371900827,0.08955223880597014
1.544975,0.9918032786885246,0.09029850746268657
1.544799,0.991869918699187,0.09104477611940298
1.544054,0.9919354838709677,0.09179104477611941
1.543506,0.992,0.09253731343283582
1.543372,0.9920634920634921,0.09328358208955224
1.543169,0.9921259842519685,0.09402985074626866
1.54299,0.9921875,0.09477611940298507
1.541581,0.9922480620155039,0.0955223880597015
1.539705,0.9923076923076923,0.0962686567164179
1.538834,0.9923664122137404,0.09701492537313433
1.537106,0.9924242424242424,0.09776119402985074
1.535222,0.9924812030075187,0.09850746268656717
1.534172,0.9925373134328358,0.09925373134328358
1.534102,0.9925925925925926,0.1
1.530151,0.9926470588235294,0.10074626865671642
1.528759,0.9927007299270073,0.10149253731343283
1.523845,0.9927536231884058,0.10223880597014925
1.522666,0.9928057553956835,0.10298507462686567
1.522164,0.9928571428571429,0.10373134328358209
1.521731,0.9929078014184397,0.1044776119402985
1.521306,0.9929577464788732,0.10522388059701493
1.518895,0.9861111111111112,0.10597014925373134
1.519522,0.993006993006993,0.10597014925373134
1.518531,0.9862068965517241,0.10671641791044777
1.515828,0.9863013698630136,0.10746268656716418
1.515043,0.9863945578231292,0.10820895522388059
1.514067,0.9864864864864865,0.10895522388059702
1.51392,0.9865771812080537,0.10970149253731343
1.513785,0.9866666666666667,0.11044776119402985
1.513782,0.9867549668874173,0.11119402985074626
1.512045,0.9868421052631579,0.11194029850746269
1.509653,0.9869281045751634,0.1126865671641791
1.509636,0.987012987012987,0.11343283582089553
1.509547,0.9870967741935484,0.11417910447761194
1.509025,0.9871794871794872,0.11492537313432835
1.508227,0.9872611464968153,0.11567164179104478
1.506047,0.9873417721518988,0.11641791044776119
1.505373,0.9874213836477987,0.11716417910447761
1.504729,0.9875,0.11791044776119403
1.504261,0.9875776397515528,0.11865671641791045
1.503927,0.9876543209876543,0.11940298507462686
1.501604,0.9877300613496932,0.12014925373134329
1.497456,0.9878048780487805,0.1208955223880597
1.495348,0.9878787878787879,0.12164179104477611
1.493072,0.9879518072289156,0.12238805970149254
1.487837,0.9880239520958084,0.12313432835820895
1.485366,0.9880952380952381,0.12388059701492538
1.480618,0.9881656804733728,0.12462686567164179
1.480604,0.9882352941176471,0.1253731343283582
1.479531,0.9883040935672515,0.12611940298507462
1.47878,0.9883720930232558,0.12686567164179105
1.478639,0.9884393063583815,0.12761194029850748
1.476631,0.9885057471264368,0.12835820895522387
1.476406,0.9885714285714285,0.1291044776119403
1.475056,0.9886363636363636,0.12985074626865672
1.474755,0.9887005649717514,0.13059701492537312
1.474648,0.9887640449438202,0.13134328358208955
1.473709,0.9888268156424581,0.13208955223880597
1.473497,0.9888888888888889,0.1328358208955224
1.473143,0.988950276243094,0.1335820895522388
1.471182,0.989010989010989,0.13432835820895522
1.470604,0.9890710382513661,0.13507462686567165
1.470122,0.9891304347826086,0.13582089552238805
1.46944,0.9891891891891892,0.13656716417910447
1.468378,0.989247311827957,0.1373134328358209
1.468041,0.9893048128342246,0.13805970149253732
1.467505,0.9893617021276596,0.13880597014925372
1.46747,0.9894179894179894,0.13955223880597015
1.463102,0.9894736842105263,0.14029850746268657
1.462735,0.9895287958115183,0.141044776119403
1.462438,0.9895833333333334,0.1417910447761194
1.461773,0.9896373056994818,0.14253731343283582
1.460958,0.9896907216494846,0.14328358208955225
1.458262,0.9897435897435898,0.14402985074626865
1.458131,0.9897959183673469,0.14477611940298507
1.458094,0.9898477157360406,0.1455223880597015
1.45805,0.98989898989899,0.14626865671641792
1.457708,0.9899497487437185,0.14701492537313432
1.457309,0.99,0.14776119402985075
1.455713,0.9900497512437811,0.14850746268656717
1.45456,0.9900990099009901,0.14925373134328357
1.45304,0.9901477832512315,0.15
1.452166,0.9901960784313726,0.15074626865671642
1.451235,0.9902439024390244,0.15149253731343285
1.449008,0.9902912621359223,0.15223880597014924
1.448986,0.9903381642512077,0.15298507462686567
1.448097,0.9903846153846154,0.1537313432835821
1.446969,0.9904306220095693,0.15447761194029852
1.445918,0.9904761904761905,0.15522388059701492
1.445054,0.990521327014218,0.15597014925373134
1.444997,0.9905660377358491,0.15671641791044777
1.443383,0.9906103286384976,0.15746268656716417
1.443182,0.9906542056074766,0.1582089552238806
1.442505,0.9906976744186047,0.15895522388059702
1.441947,0.9907407407407407,0.15970149253731344
1.441319,0.9907834101382489,0.16044776119402984
1.441207,0.9908256880733946,0.16119402985074627
1.44119,0.9908675799086758,0.1619402985074627
1.440287,0.990909090909091,0.1626865671641791
1.440243,0.9909502262443439,0.16343283582089552
1.439594,0.990990990990991,0.16417910447761194
1.438552,0.9910313901345291,0.16492537313432837
1.437762,0.9910714285714286,0.16567164179104477
1.436577,0.9911111111111112,0.1664179104477612
1.435786,0.9911504424778761,0.16716417910447762
1.434929,0.9911894273127754,0.16791044776119404
1.434113,0.9912280701754386,0.16865671641791044
1.430741,0.9912663755458515,0.16940298507462687
1.43027,0.991304347826087,0.1701492537313433
1.430113,0.9913419913419913,0.1708955223880597
1.427574,0.9871244635193133,0.17164179104477612
1.428694,0.9913793103448276,0.17164179104477612
1.426959,0.9871794871794872,0.17238805970149254
1.426159,0.9872340425531915,0.17313432835820897
1.42555,0.9872881355932204,0.17388059701492536
1.424823,0.9873417721518988,0.1746268656716418
1.42212,0.9873949579831933,0.17537313432835822
1.421294,0.9874476987447699,0.1761194029850746
1.420519,0.9875,0.17686567164179104
1.419206,0.9875518672199171,0.17761194029850746
1.418454,0.987603305785124,0.1783582089552239
1.417986,0.9876543209876543,0.1791044776119403
1.416342,0.9877049180327869,0.1798507462686567
1.416134,0.9877551020408163,0.18059701492537314
1.414581,0.9878048780487805,0.18134328358208956
1.411796,0.9799196787148594,0.18208955223880596
1.412991,0.9838709677419355,0.18208955223880596
1.413562,0.9878542510121457,0.18208955223880596
1.411793,0.98,0.1828358208955224
1.411037,0.9800796812749004,0.18358208955223881
1.41057,0.9801587301587301,0.1843283582089552
1.410464,0.9802371541501976,0.18507462686567164
1.409752,0.9803149606299213,0.18582089552238806
1.409347,0.9765625,0.1865671641791045
1.409464,0.9803921568627451,0.1865671641791045
1.408839,0.9766536964980544,0.1873134328358209
1.40591,0.9767441860465116,0.1880597014925373
1.404709,0.9768339768339769,0.18880597014925374
1.404378,0.9769230769230769,0.18955223880597014
1.403855,0.9770114942528736,0.19029850746268656
1.40367,0.9770992366412213,0.191044776119403
1.403636,0.9771863117870723,0.1917910447761194
1.403209,0.9772727272727273,0.1925373134328358
1.403014,0.9773584905660377,0.19328358208955224
1.402581,0.9774436090225563,0.19402985074626866
1.401536,0.9738805970149254,0.1947761194029851
1.402432,0.9775280898876404,0.1947761194029851
1.401057,0.9739776951672863,0.19552238805970149
1.4008,0.9740740740740741,0.1962686567164179
1.399988,0.974169741697417,0.19701492537313434
1.398397,0.9742647058823529,0.19776119402985073
1.398005,0.9743589743589743,0.19850746268656716
1.397749,0.9744525547445255,0.19925373134328359
1.397388,0.9710144927536232,0.2
1.397552,0.9745454545454545,0.2
1.39737,0.9711191335740073,0.2007462686567164
1.396282,0.967741935483871,0.20149253731343283
1.396463,0.9712230215827338,0.20149253731343283
1.392694,0.9678571428571429,0.20223880597014926
1.392038,0.9679715302491103,0.20298507462686566
1.391939,0.9680851063829787,0.20373134328358208
1.391034,0.9681978798586572,0.2044776119402985
1.390904,0.9683098591549296,0.20522388059701493
1.388685,0.965034965034965,0.20597014925373133
1.390412,0.968421052631579,0.20597014925373133
1.387917,0.9651567944250871,0.20671641791044776
1.387494,0.9652777777777778,0.20746268656716418
1.387404,0.9653979238754326,0.2082089552238806
1.384676,0.9655172413793104,0.208955223880597
1.384062,0.9656357388316151,0.20970149253731343
1.382343,0.9657534246575342,0.21044776119402986
1.382019,0.9658703071672355,0.21119402985074626
1.381624,0.9659863945578231,0.21194029850746268
1.379111,0.9661016949152542,0.2126865671641791
1.378769,0.9662162162162162,0.21343283582089553
1.37785,0.9663299663299664,0.21417910447761193
1.3773,0.9632107023411371,0.21492537313432836
1.377564,0.9664429530201343,0.21492537313432836
1.376774,0.9633333333333334,0.21567164179104478
1.375324,0.9634551495016611,0.21641791044776118
1.375283,0.9635761589403974,0.2171641791044776
1.37483,0.9636963696369637,0.21791044776119403
1.374595,0.9638157894736842,0.21865671641791046
1.37448,0.9639344262295082,0.21940298507462686
1.373872,0.9640522875816994,0.22014925373134328
1.3725,0.9641693811074918,0.2208955223880597
1.37224,0.9642857142857143,0.22164179104477613
1.37223,0.9644012944983819,0.22238805970149253
1.371906,0.964516129032258,0.22313432835820896
1.371617,0.9646302250803859,0.22388059701492538
1.371399,0.9647435897435898,0.22462686567164178
1.371018,0.9648562300319489,0.2253731343283582
1.370356,0.964968152866242,0.22611940298507463
1.367969,0.9650793650793651,0.22686567164179106
1.367646,0.9651898734177216,0.22761194029850745
1.36763,0.9652996845425867,0.22835820895522388
1.367341,0.9654088050314465,0.2291044776119403
1.366474,0.9655172413793104,0.2298507462686567
1.365262,0.965625,0.23059701492537313
1.364818,0.9657320872274143,0.23134328358208955
1.363935,0.9658385093167702,0.23208955223880598
1.363868,0.9659442724458205,0.23283582089552238
1.363128,0.9660493827160493,0.2335820895522388
1.362842,0.9661538461538461,0.23432835820895523
1.361636,0.9662576687116564,0.23507462686567165
1.361456,0.9663608562691132,0.23582089552238805
1.361058,0.9664634146341463,0.23656716417910448
1.360076,0.9665653495440729,0.2373134328358209
1.359787,0.9666666666666667,0.2380597014925373
1.358673,0.9667673716012085,0.23880597014925373
1.358506,0.9668674698795181,0.23955223880597015
1.358364,0.9669669669669669,0.24029850746268658
1.357119,0.9641791044776119,0.24104477611940298
1.357221,0.9670658682634731,0.24104477611940298
1.350922,0.9614243323442137,0.2417910447761194
1.356703,0.9642857142857143,0.2417910447761194
1.350561,0.9587020648967551,0.24253731343283583
1.35073,0.9615384615384616,0.24253731343283583
1.350485,0.9588235294117647,0.24328358208955222
1.349106,0.9589442815249267,0.24402985074626865
1.34869,0.9590643274853801,0.24477611940298508
1.348686,0.9591836734693877,0.2455223880597015
1.348629,0.9593023255813954,0.2462686567164179
1.348239,0.9594202898550724,0.24701492537313433
1.347106,0.9595375722543352,0.24776119402985075
1.346982,0.9596541786743515,0.24850746268656718
1.34627,0.9597701149425287,0.24925373134328357
1.346242,0.9598853868194842,0.25
1.34533,0.9545454545454546,0.2507462686567164
1.345489,0.9572649572649573,0.2507462686567164
1.346013,0.96,0.2507462686567164
1.345231,0.9546742209631728,0.25149253731343285
1.345109,0.9548022598870056,0.25223880597014925
1.343684,0.9549295774647887,0.25298507462686565
1.34339,0.9550561797752809,0.2537313432835821
1.343019,0.9551820728291317,0.2544776119402985
1.34248,0.9553072625698324,0.25522388059701495
1.342382,0.9554317548746518,0.25597014925373135
1.342273,0.9555555555555556,0.25671641791044775
1.342084,0.9556786703601108,0.2574626865671642
1.341774,0.9558011049723757,0.2582089552238806
1.34155,0.9559228650137741,0.258955223880597
1.340404,0.9560439560439561,0.25970149253731345
1.339912,0.953551912568306,0.26044776119402985
1.340018,0.9561643835616438,0.26044776119402985
1.338977,0.9536784741144414,0.26119402985074625
1.338534,0.9512195121951219,0.2619402985074627
1.338812,0.9538043478260869,0.2619402985074627
1.33811,0.9513513513513514,0.2626865671641791
1.337874,0.9514824797843666,0.26343283582089555
1.3374,0.9516129032258065,0.26417910447761195
1.337127,0.9517426273458445,0.26492537313432835
1.336566,0.9518716577540107,0.2656716417910448
1.336052,0.952,0.2664179104477612
1.335178,0.9521276595744681,0.2671641791044776
1.334561,0.9522546419098143,0.26791044776119405
1.333999,0.9523809523809523,0.26865671641791045
1.333746,0.9525065963060686,0.26940298507462684
1.333711,0.9526315789473684,0.2701492537313433
1.333363,0.952755905511811,0.2708955223880597
1.332742,0.9528795811518325,0.2716417910447761
1.332485,0.9530026109660574,0.27238805970149255
1.33219,0.953125,0.27313432835820894
1.331893,0.9532467532467532,0.2738805970149254
1.331587,0.9533678756476683,0.2746268656716418
1.330457,0.9534883720930233,0.2753731343283582
1.330399,0.9536082474226805,0.27611940298507465
1.330318,0.9537275064267352,0.27686567164179104
1.328771,0.9538461538461539,0.27761194029850744
1.327936,0.9539641943734015,0.2783582089552239
1.327768,0.9540816326530612,0.2791044776119403
1.327537,0.9541984732824428,0.2798507462686567
1.327204,0.9518987341772152,0.28059701492537314
1.327304,0.9543147208121827,0.28059701492537314
1.325567,0.952020202020202,0.28134328358208954
1.324747,0.9521410579345088,0.282089552238806
1.324168,0.9522613065326633,0.2828358208955224
1.324104,0.9523809523809523,0.2835820895522388
1.323006,0.9525,0.28432835820895525
1.322507,0.9526184538653366,0.28507462686567164
1.322451,0.9527363184079602,0.28582089552238804
1.322154,0.9528535980148883,0.2865671641791045
1.322011,0.9529702970297029,0.2873134328358209
1.321753,0.9530864197530864,0.2880597014925373
1.321246,0.9532019704433498,0.28880597014925374
1.320962,0.9533169533169533,0.28955223880597014
1.320424,0.9534313725490197,0.2902985074626866
1.320134,0.9535452322738386,0.291044776119403
1.319239,0.9536585365853658,0.2917910447761194
1.31895,0.9537712895377128,0.29253731343283584
1.318912,0.9538834951456311,0.29328358208955224
1.318633,0.9539951573849879,0.29402985074626864
1.317461,0.9541062801932367,0.2947761194029851
1.31728,0.9542168674698795,0.2955223880597015
1.316875,0.9543269230769231,0.2962686567164179
1.315838,0.9521531100478469,0.29701492537313434
1.316069,0.9544364508393285,0.29701492537313434
1.314444,0.9522673031026253,0.29776119402985074
1.313907,0.9523809523809523,0.29850746268656714
1.313631,0.9502369668246445,0.2992537313432836
1.313715,0.9524940617577197,0.2992537313432836
1.313457,0.950354609929078,0.3
1.313089,0.9504716981132075,0.30074626865671644
1.313078,0.9505882352941176,0.30149253731343284
1.312227,0.9507042253521126,0.30223880597014924
1.312192,0.9508196721311475,0.3029850746268657
1.312057,0.9509345794392523,0.3037313432835821
1.311767,0.951048951048951,0.3044776119402985
1.308767,0.9467592592592593,0.30522388059701494
1.309294,0.9489559164733179,0.30522388059701494
1.309807,0.9511627906976744,0.30522388059701494
1.307565,0.9468822170900693,0.30597014925373134
1.306328,0.9470046082949308,0.30671641791044774
1.30622,0.9471264367816092,0.3074626865671642
1.306069,0.9472477064220184,0.3082089552238806
1.305894,0.9473684210526315,0.30895522388059704
1.305828,0.9474885844748858,0.30970149253731344
1.305813,0.9476082004555809,0.31044776119402984
1.304709,0.9477272727272728,0.3111940298507463
1.304628,0.9478458049886621,0.3119402985074627
1.303316,0.9479638009049773,0.3126865671641791
1.303075,0.9480812641083521,0.31343283582089554
1.302518,0.946067415730337,0.31417910447761194
1.302651,0.9481981981981982,0.31417910447761194
1.302236,0.9461883408071748,0.31492537313432833
1.302102,0.9463087248322147,0.3156716417910448
1.301673,0.9464285714285714,0.3164179104477612
1.300992,0.9465478841870824,0.31716417910447764
1.300051,0.9466666666666667,0.31791044776119404
1.299548,0.9467849223946785,0.31865671641791044
1.299022,0.9469026548672567,0.3194029850746269
1.298664,0.9470198675496688,0.3201492537313433
1.297631,0.947136563876652,0.3208955223880597
1.29711,0.9451754385964912,0.32164179104477614
1.297377,0.9472527472527472,0.32164179104477614
1.295922,0.9411764705882353,0.32238805970149254
1.296013,0.9432314410480349,0.32238805970149254
1.296079,0.9452954048140044,0.32238805970149254
1.295775,0.941304347826087,0.32313432835820893
1.295058,0.9414316702819957,0.3238805970149254
1.294769,0.9415584415584416,0.3246268656716418
1.294004,0.9396551724137931,0.3253731343283582
1.294442,0.9416846652267818,0.3253731343283582
1.29388,0.9397849462365592,0.32611940298507464
1.292738,0.9399141630901288,0.32686567164179103
1.292683,0.9400428265524625,0.3276119402985075
1.291963,0.9381663113006397,0.3283582089552239
1.29234,0.9401709401709402,0.3283582089552239
1.291514,0.9382978723404255,0.3291044776119403
1.291181,0.9384288747346072,0.32985074626865674
1.29087,0.9385593220338984,0.33059701492537313
1.290377,0.9386892177589852,0.33134328358208953
1.289655,0.9388185654008439,0.332089552238806
1.28868,0.9369747899159664,0.3328358208955224
1.289233,0.9389473684210526,0.3328358208955224
1.288035,0.9371069182389937,0.3335820895522388
1.287811,0.9372384937238494,0.33432835820895523
1.287699,0.9373695198329853,0.33507462686567163
1.287607,0.9375,0.3358208955223881
1.28735,0.9376299376299376,0.3365671641791045
1.287153,0.9377593360995851,0.3373134328358209
1.28678,0.937888198757764,0.33805970149253733
1.286384,0.9380165289256198,0.33880597014925373
1.28564,0.9381443298969072,0.33955223880597013
1.285532,0.9382716049382716,0.3402985074626866
1.283799,0.9364754098360656,0.341044776119403
1.284305,0.9383983572895277,0.341044776119403
1.282917,0.9346938775510204,0.3417910447761194
1.283523,0.9366053169734151,0.3417910447761194
1.281344,0.9329268292682927,0.34253731343283583
1.281631,0.9348268839103869,0.34253731343283583
1.281317,0.9330628803245437,0.34328358208955223
1.28042,0.9331983805668016,0.3440298507462687
1.279592,0.9314516129032258,0.3447761194029851
1.280071,0.9333333333333333,0.3447761194029851
1.278851,0.929718875502008,0.3455223880597015
1.278984,0.93158953722334,0.3455223880597015
1.277961,0.9298597194388778,0.34626865671641793
1.277906,0.93,0.34701492537313433
1.277438,0.9301397205588823,0.34776119402985073
1.277191,0.9302788844621513,0.3485074626865672
1.277002,0.9304174950298211,0.3492537313432836
1.276802,0.9305555555555556,0.35
1.276414,0.9306930693069307,0.35074626865671643
1.275782,0.9308300395256917,0.35149253731343283
1.275683,0.9309664694280079,0.3522388059701492
1.275164,0.9311023622047244,0.3529850746268657
1.272756,0.9275929549902152,0.3537313432835821
1.274106,0.9294117647058824,0.3537313432835821
1.274939,0.931237721021611,0.3537313432835821
1.272392,0.927734375,0.35447761194029853
1.272306,0.9278752436647173,0.35522388059701493
1.272229,0.9280155642023347,0.3559701492537313
1.272022,0.9281553398058252,0.3567164179104478
1.27198,0.9282945736434108,0.3574626865671642
1.271598,0.9284332688588007,0.3582089552238806
1.271184,0.9285714285714286,0.35895522388059703
1.270369,0.928709055876686,0.3597014925373134
1.270339,0.9288461538461539,0.3604477611940298
1.270291,0.9289827255278311,0.3611940298507463
1.270215,0.9291187739463601,0.3619402985074627
1.270067,0.9292543021032504,0.36268656716417913
1.269171,0.9293893129770993,0.36343283582089553
1.269089,0.9295238095238095,0.3641791044776119
1.268552,0.9296577946768061,0.3649253731343284
1.268032,0.9297912713472486,0.3656716417910448
1.266386,0.9281663516068053,0.3664179104477612
1.267863,0.9299242424242424,0.3664179104477612
1.266303,0.9283018867924528,0.36716417910447763
1.266232,0.928436911487759,0.367910447761194
1.266106,0.9285714285714286,0.3686567164179104
1.266022,0.9287054409005628,0.3694029850746269
1.265608,0.9288389513108615,0.3701492537313433
1.264155,0.9289719626168225,0.37089552238805973
1.262721,0.9291044776119403,0.3716417910447761
1.262337,0.9292364990689013,0.3723880597014925
1.262032,0.929368029739777,0.373134328358209
1.261689,0.9294990723562152,0.3738805970149254
1.26025,0.9261992619926199,0.3746268656716418
1.261122,0.9279112754158965,0.3746268656716418
1.261281,0.9296296296296296,0.3746268656716418
1.26008,0.9263351749539595,0.3753731343283582
1.25804,0.9247706422018349,0.3761194029850746
1.258977,0.9264705882352942,0.3761194029850746
1.256515,0.923217550274223,0.376865671641791
1.257221,0.924908424908425,0.376865671641791
1.25648,0.9233576642335767,0.3776119402985075
1.255872,0.9234972677595629,0.3783582089552239
1.255014,0.9219600725952813,0.37910447761194027
1.255154,0.9236363636363636,0.37910447761194027
1.254474,0.9221014492753623,0.3798507462686567
1.254239,0.9205776173285198,0.3805970149253731
1.254291,0.9222423146473779,0.3805970149253731
1.253261,0.9207207207207208,0.3813432835820896
1.252935,0.920863309352518,0.382089552238806
1.252099,0.9193548387096774,0.38283582089552237
1.252772,0.9210053859964094,0.38283582089552237
1.251799,0.9178571428571428,0.3835820895522388
1.251987,0.9194991055456172,0.3835820895522388
1.251615,0.9163701067615658,0.3843283582089552
1.251728,0.9180035650623886,0.3843283582089552
1.25095,0.91651865008881,0.3850746268656716
1.250472,0.9166666666666666,0.3858208955223881
1.249275,0.9168141592920354,0.38656716417910447
1.248725,0.9169611307420494,0.38731343283582087
1.248691,0.9171075837742504,0.3880597014925373
1.247693,0.9140350877192982,0.3888059701492537
1.248017,0.9156414762741653,0.3888059701492537
1.248653,0.9172535211267606,0.3888059701492537
1.247491,0.9141856392294221,0.3895522388059702
1.247031,0.912739965095986,0.3902985074626866
1.247475,0.9143356643356644,0.3902985074626866
1.246893,0.9128919860627178,0.39104477611940297
1.245741,0.9114583333333334,0.3917910447761194
1.246179,0.9130434782608695,0.3917910447761194
1.245548,0.9116117850953206,0.3925373134328358
1.245199,0.9117647058823529,0.3932835820895522
1.244956,0.9119170984455959,0.3940298507462687
1.243361,0.9089347079037801,0.39477611940298507
1.243613,0.9104991394148021,0.39477611940298507
1.243806,0.9120689655172414,0.39477611940298507
1.243028,0.9075342465753424,0.39552238805970147
1.243125,0.9090909090909091,0.39552238805970147
1.242489,0.9061433447098977,0.3962686567164179
1.242576,0.9076923076923077,0.3962686567164179
1.241947,0.9063032367972743,0.3970149253731343
1.241789,0.9064625850340136,0.3977611940298508
1.241321,0.9066213921901528,0.39850746268656717
1.240735,0.9067796610169492,0.39925373134328357
1.238999,0.9038785834738617,0.4
1.23909,0.9054054054054054,0.4
1.24044,0.9069373942470389,0.4
1.238774,0.9040404040404041,0.4007462686567164
1.238011,0.9042016806722689,0.4014925373134328
1.237858,0.9043624161073825,0.40223880597014927
1.237757,0.9045226130653267,0.40298507462686567
1.236502,0.9016666666666666,0.40373134328358207
1.236516,0.9031719532554258,0.40373134328358207
1.236699,0.9046822742474916,0.40373134328358207
1.235591,0.9018302828618968,0.4044776119402985
1.235508,0.9019933554817275,0.4052238805970149
1.235109,0.9021558872305141,0.4059701492537313
1.234535,0.902317880794702,0.40671641791044777
1.233544,0.9024793388429752,0.40746268656716417
1.233277,0.9011532125205931,0.4082089552238806
1.233411,0.9026402640264026,0.4082089552238806
1.233222,0.9013157894736842,0.408955223880597
1.232871,0.9014778325123153,0.4097014925373134
1.23253,0.9016393442622951,0.41044776119402987
1.232256,0.9018003273322422,0.41119402985074627
1.230869,0.8990228013029316,0.41194029850746267
1.231028,0.9004893964110929,0.41194029850746267
1.231318,0.9019607843137255,0.41194029850746267
1.230457,0.8991869918699187,0.4126865671641791
1.230245,0.8993506493506493,0.4134328358208955
1.230186,0.899513776337115,0.4141791044776119
1.229238,0.8982229402261712,0.41492537313432837
1.230011,0.8996763754045307,0.41492537313432837
1.228204,0.8969404186795491,0.41567164179104477
1.228476,0.8983870967741936,0.41567164179104477
1.227325,0.8971061093247589,0.4164179104477612
1.226212,0.8958333333333334,0.4171641791044776
1.227078,0.8972712680577849,0.4171641791044776
1.226049,0.896,0.417910447761194
1.225988,0.8961661341853036,0.41865671641791047
1.225547,0.8949044585987261,0.41940298507462687
1.225731,0.8963317384370016,0.41940298507462687
1.225396,0.8950715421303657,0.42014925373134326
1.224043,0.8924050632911392,0.4208955223880597
1.225162,0.8938193343898574,0.4208955223880597
1.223366,0.889763779527559,0.4216417910447761
1.223595,0.8911671924290221,0.4216417910447761
1.223858,0.8925750394944708,0.4216417910447761
1.223144,0.889937106918239,0.4223880597014925
1.222965,0.8901098901098901,0.42313432835820897
1.222928,0.890282131661442,0.42388059701492536
1.222597,0.8904538341158059,0.4246268656716418
1.222522,0.890625,0.4253731343283582
1.222501,0.890795631825273,0.4261194029850746
1.22174,0.8881987577639752,0.42686567164179107
1.221787,0.8895800933125972,0.42686567164179107
1.222438,0.8909657320872274,0.42686567164179107
1.221695,0.8869969040247678,0.42761194029850746
1.221722,0.8883720930232558,0.42761194029850746
1.221694,0.8871715610510046,0.42835820895522386
1.220768,0.8873456790123457,0.4291044776119403
1.220692,0.8875192604006163,0.4298507462686567
1.22039,0.8863287250384024,0.4305970149253731
1.220558,0.8876923076923077,0.4305970149253731
1.220369,0.8865030674846626,0.43134328358208956
1.220336,0.886676875957121,0.43208955223880596
1.220276,0.8868501529051988,0.43283582089552236
1.219087,0.8829787234042553,0.4335820895522388
1.219358,0.8843226788432268,0.4335820895522388
1.219619,0.885670731707317,0.4335820895522388
1.220035,0.8870229007633588,0.4335820895522388
1.218944,0.8818181818181818,0.4343283582089552
1.219041,0.8831562974203339,0.4343283582089552
1.217911,0.8819969742813918,0.43507462686567167
1.217839,0.8821752265861027,0.43582089552238806
1.217135,0.8823529411764706,0.43656716417910446
1.217123,0.8825301204819277,0.4373134328358209
1.217043,0.8827067669172932,0.4380597014925373
1.216894,0.8828828828828829,0.4388059701492537
1.216767,0.8830584707646177,0.43955223880597016
1.216631,0.8832335329341318,0.44029850746268656
1.215345,0.8820895522388059,0.44104477611940296
1.215746,0.8834080717488789,0.44104477611940296
1.213822,0.8809523809523809,0.4417910447761194
1.214426,0.8822652757078987,0.4417910447761194
1.213342,0.8798219584569733,0.4425373134328358
1.213386,0.8811292719167905,0.4425373134328358
1.213211,0.88,0.44328358208955226
1.212771,0.8788774002954209,0.44402985074626866
1.21279,0.8801775147928994,0.44402985074626866
1.211661,0.8777614138438881,0.44477611940298506
1.212183,0.8790560471976401,0.44477611940298506
1.211615,0.8779411764705882,0.4455223880597015
1.210612,0.8781204111600588,0.4462686567164179
1.210027,0.8782991202346041,0.4470149253731343
1.209981,0.8784773060029283,0.44776119402985076
1.209392,0.8786549707602339,0.44850746268656716
1.20887,0.8788321167883212,0.44925373134328356
1.207924,0.8777292576419214,0.45
1.208446,0.8790087463556852,0.45
1.207858,0.877906976744186,0.4507462686567164
1.207227,0.8780841799709724,0.45149253731343286
1.206921,0.8782608695652174,0.45223880597014926
1.206733,0.8784370477568741,0.45298507462686566
1.206607,0.8786127167630058,0.4537313432835821
1.205448,0.8787878787878788,0.4544776119402985
1.205309,0.8789625360230547,0.4552238805970149
1.205023,0.879136690647482,0.45597014925373136
1.203943,0.8793103448275862,0.45671641791044776
1.203847,0.8794835007173601,0.45746268656716416
1.203107,0.8783977110157367,0.4582089552238806
1.203632,0.8796561604584527,0.4582089552238806
1.202314,0.8773181169757489,0.458955223880597
1.202945,0.8785714285714286,0.458955223880597
1.201716,0.8774928774928775,0.4597014925373134
1.201087,0.8776671408250356,0.46044776119402986
1.201056,0.8778409090909091,0.46119402985074626
1.200571,0.876770538243626,0.4619402985074627
1.20068,0.8780141843971632,0.4619402985074627
1.199878,0.8757062146892656,0.4626865671641791
1.200341,0.8769448373408769,0.4626865671641791
1.199624,0.8758815232722144,0.4634328358208955
1.198937,0.8735955056179775,0.46417910447761196
1.19925,0.8748241912798875,0.46417910447761196
1.199352,0.8760563380281691,0.46417910447761196
1.198297,0.8737727910238429,0.46492537313432836
1.196566,0.8727272727272727,0.46567164179104475
1.19685,0.8739495798319328,0.46567164179104475
1.196165,0.8729050279329609,0.4664179104477612
1.195797,0.871866295264624,0.4671641791044776
1.19583,0.8730822873082287,0.4671641791044776
1.195592,0.8720445062586927,0.467910447761194
1.195363,0.8722222222222222,0.46865671641791046
1.195244,0.8723994452149791,0.46940298507462686
1.194658,0.8713692946058091,0.4701492537313433
1.195171,0.8725761772853186,0.4701492537313433
1.194096,0.8703448275862069,0.4708955223880597
1.194567,0.8715469613259669,0.4708955223880597
1.193875,0.8681318681318682,0.4716417910447761
1.193924,0.8693259972489684,0.4716417910447761
1.194071,0.8705234159779615,0.4716417910447761
1.193805,0.8683127572016461,0.47238805970149256
1.193797,0.8684931506849315,0.47313432835820896
1.193704,0.8686730506155951,0.47388059701492535
1.193629,0.8688524590163934,0.4746268656716418
1.193192,0.8666666666666667,0.4753731343283582
1.193307,0.8678474114441417,0.4753731343283582
1.193453,0.869031377899045,0.4753731343283582
1.192843,0.8668478260869565,0.4761194029850746
1.192607,0.8670284938941656,0.47686567164179106
1.192288,0.8672086720867209,0.47761194029850745
1.19188,0.8673883626522327,0.4783582089552239
1.191285,0.8675675675675676,0.4791044776119403
1.190879,0.8677462887989204,0.4798507462686567
1.190756,0.8679245283018868,0.48059701492537316
1.190383,0.8681022880215343,0.48134328358208955
1.189575,0.8671140939597315,0.48208955223880595
1.189657,0.8682795698924731,0.48208955223880595
1.188443,0.8649732620320856,0.4828358208955224
1.188597,0.8661311914323963,0.4828358208955224
1.188959,0.8672922252010724,0.4828358208955224
1.188416,0.8651535380507344,0.4835820895522388
1.188055,0.8641810918774967,0.4843283582089552
1.188095,0.8653333333333333,0.4843283582089552
1.187573,0.8643617021276596,0.48507462686567165
1.187303,0.8645418326693227,0.48582089552238805
1.186559,0.8635761589403973,0.48656716417910445
1.186858,0.8647214854111406,0.48656716417910445
1.186536,0.8637566137566137,0.4873134328358209
1.186284,0.8639365918097754,0.4880597014925373
1.185906,0.8641160949868074,0.48880597014925375
1.185393,0.8631578947368421,0.48955223880597015
1.185569,0.8642951251646904,0.48955223880597015
1.184652,0.8633377135348226,0.49029850746268655
1.184573,0.863517060367454,0.491044776119403
1.184564,0.8636959370904325,0.4917910447761194
1.184061,0.8627450980392157,0.4925373134328358
1.184199,0.8638743455497382,0.4925373134328358
1.183835,0.8629242819843342,0.49328358208955225
1.182739,0.863102998696219,0.49402985074626865
1.182447,0.8621586475942783,0.49477611940298505
1.182556,0.86328125,0.49477611940298505
1.182387,0.8623376623376623,0.4955223880597015
1.182339,0.8625162127107653,0.4962686567164179
1.182328,0.8626943005181347,0.49701492537313435
1.182177,0.8628719275549805,0.49776119402985075
1.181686,0.8630490956072352,0.49850746268656715
1.180409,0.861003861003861,0.4992537313432836
1.180524,0.8621134020618557,0.4992537313432836
1.180703,0.863225806451613,0.4992537313432836
1.180271,0.8600770218228498,0.5
1.180285,0.8611825192802056,0.5
1.180115,0.8602564102564103,0.5007462686567165
1.179819,0.8604353393085787,0.5014925373134328
1.179248,0.859514687100894,0.5022388059701492
1.179708,0.860613810741688,0.5022388059701492
1.178531,0.8596938775510204,0.5029850746268657
1.177589,0.8587786259541985,0.503731343283582
1.178215,0.8598726114649682,0.503731343283582
1.17747,0.8589580686149937,0.5044776119402985
1.177298,0.8591370558375635,0.505223880597015
1.177223,0.8593155893536122,0.5059701492537313
1.177096,0.859493670886076,0.5067164179104477
1.17667,0.8585858585858586,0.5074626865671642
1.177053,0.8596713021491783,0.5074626865671642
1.175867,0.8576826196473551,0.5082089552238805
1.176056,0.8587641866330391,0.5082089552238805
1.175607,0.8578616352201258,0.508955223880597
1.175589,0.8580402010050251,0.5097014925373134
1.174871,0.8571428571428571,0.5104477611940299
1.175433,0.8582183186951067,0.5104477611940299
1.174572,0.8573216520650814,0.5111940298507462
1.174571,0.8575,0.5119402985074627
1.173669,0.8566084788029925,0.5126865671641792
1.174493,0.8576779026217228,0.5126865671641792
1.173462,0.8567870485678705,0.5134328358208955
1.173219,0.8548387096774194,0.514179104477612
1.173352,0.8559006211180125,0.514179104477612
1.173407,0.8569651741293532,0.514179104477612
1.173097,0.8550185873605948,0.5149253731343284
1.172335,0.8541409147095179,0.5156716417910447
1.172396,0.8551980198019802,0.5156716417910447
1.171771,0.8522167487684729,0.5164179104477612
1.171785,0.8532675709001233,0.5164179104477612
1.171922,0.854320987654321,0.5164179104477612
1.170961,0.8523985239852399,0.5171641791044777
1.169645,0.8515337423312883,0.517910447761194
1.170216,0.8525798525798526,0.517910447761194
1.169336,0.8517156862745098,0.5186567164179104
1.169334,0.8518971848225214,0.5194029850746269
1.168843,0.851037851037851,0.5201492537313432
1.16892,0.8520782396088019,0.5201492537313432
1.16852,0.8512195121951219,0.5208955223880597
1.168393,0.8503649635036497,0.5216417910447761
1.168487,0.8514007308160779,0.5216417910447761
1.167581,0.8495145631067961,0.5223880597014925
1.16771,0.850546780072904,0.5223880597014925
1.166683,0.8486682808716707,0.5231343283582089
1.166854,0.8496969696969697,0.5231343283582089
1.165844,0.848851269649335,0.5238805970149254
1.165812,0.8490338164251208,0.5246268656716417
1.165325,0.8471720818291215,0.5253731343283582
1.165369,0.8481927710843373,0.5253731343283582
1.165554,0.8492159227985525,0.5253731343283582
1.165023,0.8463385354141657,0.5261194029850746
1.165249,0.8473557692307693,0.5261194029850746
1.164463,0.8465227817745803,0.5268656716417911
1.163692,0.8467065868263473,0.5276119402985074
1.163631,0.84688995215311,0.5283582089552239
1.163413,0.8470728793309439,0.5291044776119403
1.162905,0.847255369928401,0.5298507462686567
1.162769,0.8474374255065554,0.5305970149253731
1.162724,0.8476190476190476,0.5313432835820896
1.162701,0.8478002378121284,0.5320895522388059
1.161763,0.8479809976247031,0.5328358208955224
1.160874,0.8481613285883749,0.5335820895522388
1.160867,0.8483412322274881,0.5343283582089552
1.160273,0.8485207100591716,0.5350746268656716
1.159179,0.8476977567886659,0.5358208955223881
1.159541,0.8486997635933806,0.5358208955223881
1.159168,0.847877358490566,0.5365671641791044
1.158676,0.8480565371024735,0.5373134328358209
1.158502,0.8472385428907168,0.5380597014925373
1.158644,0.8482352941176471,0.5380597014925373
1.158227,0.8474178403755869,0.5388059701492537
1.156789,0.8436406067677946,0.5395522388059701
1.157009,0.844626168224299,0.5395522388059701
1.157942,0.8456140350877193,0.5395522388059701
1.158064,0.8466042154566745,0.5395522388059701
1.158215,0.8475967174677609,0.5395522388059701
1.15588,0.8428405122235157,0.5402985074626866
1.156401,0.8438228438228438,0.5402985074626866
1.155661,0.8430232558139535,0.5410447761194029
1.155558,0.8432055749128919,0.5417910447761194
1.155331,0.8424101969872537,0.5425373134328358
1.155515,0.8433874709976799,0.5425373134328358
1.155236,0.8406466512702079,0.5432835820895522
1.155268,0.8416184971098266,0.5432835820895522
1.15531,0.8425925925925926,0.5432835820895522
1.155,0.8408304498269896,0.5440298507462686
1.154533,0.8410138248847926,0.5447761194029851
1.153403,0.8392652123995408,0.5455223880597015
1.15342,0.8402298850574713,0.5455223880597015
1.154314,0.8411967779056386,0.5455223880597015
1.152838,0.8394495412844036,0.5462686567164179
1.152401,0.8396334478808706,0.5470149253731343
1.152174,0.8398169336384439,0.5477611940298508
1.152117,0.84,0.5485074626865671
1.15187,0.8401826484018264,0.5492537313432836
1.151718,0.8403648802736602,0.55
1.151465,0.8405466970387244,0.5507462686567164
1.151402,0.8397727272727272,0.5514925373134328
1.15141,0.8407281001137656,0.5514925373134328
1.150471,0.8399545970488081,0.5522388059701493
1.15025,0.8391845979614949,0.5529850746268656
1.150363,0.8401360544217688,0.5529850746268656
1.150055,0.8393665158371041,0.5537313432835821
1.145514,0.8338945005611672,0.5544776119402985
1.146033,0.8348314606741573,0.5544776119402985
1.146452,0.8357705286839145,0.5544776119402985
1.146798,0.8367117117117117,0.5544776119402985
1.147069,0.8376550169109357,0.5544776119402985
1.149191,0.8386004514672686,0.5544776119402985
1.149967,0.8395480225988701,0.5544776119402985
1.145355,0.8340807174887892,0.5552238805970149
1.14516,0.8333333333333334,0.5559701492537313
1.145236,0.8342665173572228,0.5559701492537313
1.145115,0.8335195530726257,0.5567164179104478
1.14499,0.8337053571428571,0.5574626865671641
1.144704,0.8338907469342252,0.5582089552238806
1.144473,0.8340757238307349,0.558955223880597
1.143511,0.8342602892102335,0.5597014925373134
1.142648,0.8335183129855716,0.5604477611940298
1.142686,0.8344444444444444,0.5604477611940298
1.142394,0.8337028824833703,0.5611940298507463
1.142025,0.8338870431893688,0.5619402985074626
1.142021,0.834070796460177,0.5626865671641791
1.141943,0.8342541436464088,0.5634328358208955
1.141484,0.8335170893054025,0.564179104477612
1.141607,0.8344370860927153,0.564179104477612
1.140891,0.8327832783278328,0.5649253731343283
1.141183,0.8337004405286343,0.5649253731343283
1.140324,0.832967032967033,0.5656716417910448
1.140089,0.8331503841931943,0.5664179104477612
1.140028,0.8333333333333334,0.5671641791044776
1.139018,0.8335158817086528,0.567910447761194
1.138874,0.8336980306345733,0.5686567164179105
1.138865,0.833879781420765,0.5694029850746268
1.137689,0.8304347826086956,0.5701492537313433
1.13793,0.8313384113166485,0.5701492537313433
1.138106,0.8322440087145969,0.5701492537313433
1.138241,0.8331515812431843,0.5701492537313433
1.13844,0.834061135371179,0.5701492537313433
1.137106,0.8306188925081434,0.5708955223880597
1.136428,0.829004329004329,0.5716417910447761
1.136772,0.8299024918743229,0.5716417910447761
1.13706,0.8308026030368764,0.5716417910447761
1.136054,0.82829373650108,0.5723880597014925
1.136235,0.8291891891891892,0.5723880597014925
1.135981,0.8284789644012945,0.573134328358209
1.135783,0.8286637931034483,0.5738805970149253
1.133391,0.8244111349036403,0.5746268656716418
1.133666,0.8252947481243301,0.5746268656716418
1.134675,0.8261802575107297,0.5746268656716418
1.13468,0.8270676691729323,0.5746268656716418
1.135033,0.8279569892473119,0.5746268656716418
1.135402,0.8288482238966631,0.5746268656716418
1.132091,0.8228388473852721,0.5753731343283582
1.132316,0.8237179487179487,0.5753731343283582
1.13247,0.8245989304812834,0.5753731343283582
1.131241,0.8212765957446808,0.5761194029850746
1.131771,0.8221512247071352,0.5761194029850746
1.132029,0.8230277185501066,0.5761194029850746
1.131135,0.8214665249734325,0.576865671641791
1.131133,0.821656050955414,0.5776119402985075
1.130713,0.8209745762711864,0.5783582089552238
1.131126,0.8218451749734889,0.5783582089552238
1.130004,0.8194297782470961,0.5791044776119403
1.130364,0.8202959830866807,0.5791044776119403
1.130367,0.8211640211640212,0.5791044776119403
1.129843,0.8187565858798735,0.5798507462686567
1.129925,0.819620253164557,0.5798507462686567
1.129836,0.8189473684210526,0.5805970149253732
1.128413,0.8174186778593914,0.5813432835820895
1.129065,0.8182773109243697,0.5813432835820895
1.129508,0.8191377497371188,0.5813432835820895
1.128038,0.8176100628930818,0.582089552238806
1.127963,0.8178010471204189,0.5828358208955224
1.12713,0.8162839248434238,0.5835820895522388
1.127498,0.8171368861024033,0.5835820895522388
1.127898,0.8179916317991632,0.5835820895522388
1.124731,0.8147762747138397,0.5843283582089552
1.126442,0.815625,0.5843283582089552
1.126942,0.8164754953076121,0.5843283582089552
1.12459,0.814968814968815,0.5850746268656717
1.123392,0.8126293995859213,0.585820895522388
1.123679,0.8134715025906736,0.585820895522388
1.123687,0.8143153526970954,0.585820895522388
1.1241,0.8151609553478713,0.585820895522388
1.123316,0.81282316442606,0.5865671641791045
1.121241,0.8105046343975283,0.5873134328358209
1.121541,0.811340206185567,0.5873134328358209
1.12203,0.8121775025799793,0.5873134328358209
1.122318,0.8130165289256198,0.5873134328358209
1.121095,0.8106995884773662,0.5880597014925373
1.120913,0.8108941418293937,0.5888059701492537
1.120685,0.811088295687885,0.5895522388059702
1.120435,0.8112820512820513,0.5902985074626865
1.12011,0.8106448311156602,0.591044776119403
1.120247,0.8114754098360656,0.591044776119403
1.119275,0.8100102145045965,0.5917910447761194
1.119769,0.810838445807771,0.5917910447761194
1.118418,0.8093781855249745,0.5925373134328358
1.119149,0.810204081632653,0.5925373134328358
1.118116,0.8087487283825026,0.5932835820895522
1.118286,0.8095723014256619,0.5932835820895522
1.117693,0.8089430894308943,0.5940298507462687
1.116383,0.8066801619433198,0.594776119402985
1.117011,0.8074974670719351,0.594776119402985
1.117073,0.808316430020284,0.594776119402985
1.117637,0.8091370558375635,0.594776119402985
1.115788,0.8068756319514662,0.5955223880597015
1.115314,0.8062563067608476,0.5962686567164179
1.115493,0.807070707070707,0.5962686567164179
1.114991,0.8064516129032258,0.5970149253731343
1.114978,0.8066465256797583,0.5977611940298507
1.114186,0.8060301507537688,0.5985074626865672
1.114348,0.806841046277666,0.5985074626865672
1.114063,0.8062248995983936,0.5992537313432836
1.11386,0.8064192577733199,0.6
1.113634,0.8058058058058059,0.6007462686567164
1.113841,0.8066132264529058,0.6007462686567164
1.113465,0.8027888446215139,0.6014925373134329
1.113494,0.8035892323030908,0.6014925373134329
1.113506,0.8043912175648703,0.6014925373134329
1.113536,0.8051948051948052,0.6014925373134329
1.113544,0.806,0.6014925373134329
1.113399,0.8029850746268656,0.6022388059701492
1.112101,0.800792864222002,0.6029850746268657
1.112441,0.8015873015873016,0.6029850746268657
1.112738,0.8023833167825224,0.6029850746268657
1.113252,0.8031809145129225,0.6029850746268657
1.110536,0.799407114624506,0.6037313432835821
1.111353,0.8001978239366964,0.6037313432835821
1.111668,0.800990099009901,0.6037313432835821
1.109991,0.7996051332675223,0.6044776119402985
1.109917,0.7998027613412229,0.6052238805970149
1.109704,0.7992125984251969,0.6059701492537314
1.10988,0.8,0.6059701492537314
1.109679,0.799410029498525,0.6067164179104477
1.108966,0.7988223748773308,0.6074626865671642
1.109113,0.7996070726915521,0.6074626865671642
1.108551,0.7990196078431373,0.6082089552238806
1.10826,0.7984344422700587,0.608955223880597
1.108518,0.7992164544564153,0.608955223880597
1.108183,0.7978515625,0.6097014925373134
1.108187,0.7986314760508308,0.6097014925373134
1.108142,0.7980487804878049,0.6104477611940299
1.107208,0.796692607003891,0.6111940298507462
1.107377,0.7974683544303798,0.6111940298507462
1.107785,0.7982456140350878,0.6111940298507462
1.106831,0.7968901846452867,0.6119402985074627
1.106783,0.7970873786407767,0.6126865671641791
1.106657,0.7972841901066925,0.6134328358208955
1.106532,0.7967086156824782,0.6141791044776119
1.106656,0.7974806201550387,0.6141791044776119
1.106412,0.7969052224371374,0.6149253731343284
1.106024,0.7955641272902604,0.6156716417910447
1.106308,0.7963320463320464,0.6156716417910447
1.10638,0.7971014492753623,0.6156716417910447
1.105978,0.7957610789980732,0.6164179104477612
1.105586,0.7959576515880654,0.6171641791044776
1.105342,0.7961538461538461,0.6179104477611941
1.104878,0.7955854126679462,0.6186567164179104
1.105014,0.7963496637848223,0.6186567164179104
1.104704,0.7957813998082455,0.6194029850746269
1.103875,0.7944550669216062,0.6201492537313433
1.104003,0.7952153110047847,0.6201492537313433
1.104327,0.7959770114942529,0.6201492537313433
1.103872,0.7946513849092646,0.6208955223880597
1.103782,0.7948473282442748,0.6216417910447761
1.103698,0.7950428979980935,0.6223880597014926
1.103349,0.7952380952380952,0.6231343283582089
1.102663,0.7946768060836502,0.6238805970149254
1.102854,0.7954329210275928,0.6238805970149254
1.102421,0.7948717948717948,0.6246268656716418
1.101752,0.7935606060606061,0.6253731343283582
1.102165,0.7943127962085308,0.6253731343283582
1.102381,0.7950664136622391,0.6253731343283582
1.100446,0.793755912961211,0.6261194029850746
1.099166,0.7902163687676388,0.6268656716417911
1.099371,0.7909604519774012,0.6268656716417911
1.100029,0.7917059377945335,0.6268656716417911
1.100056,0.7924528301886793,0.6268656716417911
1.100152,0.7932011331444759,0.6268656716417911
1.100369,0.7939508506616257,0.6268656716417911
1.098882,0.7889305816135085,0.6276119402985074
1.098924,0.7896713615023474,0.6276119402985074
1.099046,0.7904135338345865,0.6276119402985074
1.098403,0.7891283973758201,0.6283582089552239
1.098303,0.7893258426966292,0.6291044776119403
1.098255,0.7895229186155285,0.6298507462686567
1.097939,0.7897196261682243,0.6305970149253731
1.097547,0.789179104477612,0.6313432835820896
1.097566,0.7899159663865546,0.6313432835820896
1.097392,0.7893755824790307,0.6320895522388059
1.096957,0.7888372093023256,0.6328358208955224
1.097383,0.7895716945996276,0.6328358208955224
1.096503,0.7883008356545961,0.6335820895522388
1.096739,0.7890334572490706,0.6335820895522388
1.096395,0.7884972170686456,0.6343283582089553
1.096269,0.788693234476367,0.6350746268656716
1.095241,0.7867036011080333,0.6358208955223881
1.095829,0.7874306839186691,0.6358208955223881
1.096056,0.788159111933395,0.6358208955223881
1.096076,0.7888888888888889,0.6358208955223881
1.094758,0.7869003690036901,0.6365671641791045
1.094712,0.7870967741935484,0.6373134328358209
1.094039,0.787292817679558,0.6380597014925373
1.093469,0.7867647058823529,0.6388059701492538
1.093723,0.7874885004599816,0.6388059701492538
1.093002,0.7862385321100918,0.6395522388059701
1.093027,0.7869605142332415,0.6395522388059701
1.092943,0.7864344637946837,0.6402985074626866
1.092536,0.7866300366300366,0.641044776119403
1.092475,0.7868252516010978,0.6417910447761194
1.091008,0.7855839416058394,0.6425373134328358
1.091077,0.7863013698630137,0.6425373134328358
1.092225,0.7870201096892139,0.6425373134328358
1.09038,0.785063752276867,0.6432835820895523
1.090424,0.7857793983591613,0.6432835820895523
1.090085,0.7852593266606005,0.6440298507462686
1.08765,0.7833182230281052,0.6447761194029851
1.088705,0.7840290381125227,0.6447761194029851
1.089359,0.784741144414169,0.6447761194029851
1.090045,0.7854545454545454,0.6447761194029851
1.087366,0.7835144927536232,0.6455223880597015
1.08553,0.7822944896115628,0.6462686567164179
1.087027,0.783001808318264,0.6462686567164179
1.087239,0.783710407239819,0.6462686567164179
1.085277,0.7824909747292419,0.6470149253731343
1.085183,0.781981981981982,0.6477611940298508
1.085267,0.7826871055004508,0.6477611940298508
1.084385,0.7814748201438849,0.6485074626865671
1.0851,0.7821782178217822,0.6485074626865671
1.084138,0.7809694793536804,0.6492537313432836
1.084212,0.7816711590296496,0.6492537313432836
1.083918,0.7811659192825112,0.65
1.082581,0.7792672028596962,0.6507462686567164
1.082757,0.7799642218246869,0.6507462686567164
1.082864,0.7806624888093107,0.6507462686567164
1.082985,0.7813620071684588,0.6507462686567164
1.082281,0.7794642857142857,0.6514925373134328
1.082036,0.7796610169491526,0.6522388059701493
1.081803,0.7798573975044564,0.6529850746268657
1.081325,0.7786666666666666,0.6537313432835821
1.081366,0.7793594306049823,0.6537313432835821
1.081527,0.780053428317008,0.6537313432835821
1.080969,0.7788632326820604,0.6544776119402985
1.080706,0.7776793622674933,0.655223880597015
1.080762,0.7783687943262412,0.655223880597015
1.080841,0.7790594498669032,0.655223880597015
1.08036,0.7778761061946903,0.6559701492537313
1.079565,0.7773851590106007,0.6567164179104478
1.079571,0.7780725022104332,0.6567164179104478
1.077415,0.7762114537444934,0.6574626865671642
1.078148,0.7768959435626103,0.6574626865671642
1.079324,0.7775816416593115,0.6574626865671642
1.07741,0.7764084507042254,0.6582089552238806
1.076772,0.7759226713532513,0.658955223880597
1.07715,0.7766051011433597,0.658955223880597
1.076668,0.7761194029850746,0.6597014925373135
1.076317,0.7749562171628721,0.6604477611940298
1.076356,0.775635407537248,0.6604477611940298
1.076557,0.7763157894736842,0.6604477611940298
1.076295,0.7751531058617673,0.6611940298507463
1.076085,0.7753496503496503,0.6619402985074627
1.075982,0.7755458515283843,0.6626865671641791
1.075759,0.7757417102966842,0.6634328358208955
1.075549,0.7759372275501307,0.664179104477612
1.075503,0.7761324041811847,0.6649253731343283
1.074849,0.7749782797567333,0.6656716417910448
1.075166,0.7756521739130435,0.6656716417910448
1.075245,0.7763272410791993,0.6656716417910448
1.074509,0.7738301559792028,0.6664179104477612
1.074715,0.7745013009540329,0.6664179104477612
1.074766,0.7751736111111112,0.6664179104477612
1.073457,0.7713546160483176,0.6671641791044776
1.073486,0.772020725388601,0.6671641791044776
1.073518,0.7726879861711322,0.6671641791044776
1.073676,0.773356401384083,0.6671641791044776
1.074232,0.7740259740259741,0.6671641791044776
1.073138,0.771551724137931,0.667910447761194
1.073137,0.7717484926787253,0.6686567164179105
1.071649,0.7686375321336761,0.6694029850746268
1.071768,0.7692967409948542,0.6694029850746268
1.07186,0.7699570815450644,0.6694029850746268
1.072182,0.770618556701031,0.6694029850746268
1.07222,0.7712811693895099,0.6694029850746268
1.073012,0.7719449225473322,0.6694029850746268
1.07125,0.7688356164383562,0.6701492537313433
1.071098,0.7690333618477331,0.6708955223880597
1.070903,0.7679180887372014,0.6716417910447762
1.070934,0.7685738684884714,0.6716417910447762
1.070999,0.7692307692307693,0.6716417910447762
1.070751,0.7674616695059625,0.6723880597014925
1.070854,0.7681159420289855,0.6723880597014925
1.070694,0.7676595744680851,0.673134328358209
1.070303,0.7672047578589635,0.6738805970149254
1.070566,0.7678571428571429,0.6738805970149254
1.06993,0.767402376910017,0.6746268656716418
1.069725,0.7675996607294318,0.6753731343283582
1.068956,0.7671464860287892,0.6761194029850747
1.06921,0.7677966101694915,0.6761194029850747
1.068664,0.7673434856175972,0.676865671641791
1.06756,0.7668918918918919,0.6776119402985075
1.06845,0.7675401521555367,0.6776119402985075
1.067354,0.7670886075949367,0.6783582089552239
1.066968,0.7672849915682968,0.6791044776119403
1.065904,0.7668350168350169,0.6798507462686567
1.066014,0.7674810446503791,0.6798507462686567
1.065822,0.767031118587048,0.6805970149253732
1.065736,0.7672268907563026,0.6813432835820895
1.065165,0.7667785234899329,0.682089552238806
1.065521,0.7674223341729639,0.682089552238806
1.064951,0.7669740150880134,0.6828358208955224
1.064947,0.7671691792294807,0.6835820895522388
1.064881,0.7673640167364016,0.6843283582089552
1.064389,0.7669172932330827,0.6850746268656717
1.064464,0.7675585284280937,0.6850746268656717
1.064182,0.7664720600500416,0.685820895522388
1.064341,0.7671118530884808,0.685820895522388
1.063896,0.7660283097418817,0.6865671641791045
1.063912,0.7666666666666667,0.6865671641791045
1.062669,0.7655860349127181,0.6873134328358209
1.062944,0.7662229617304492,0.6873134328358209
1.062561,0.7657807308970099,0.6880597014925374
1.062472,0.7659751037344399,0.6888059701492537
1.062216,0.7661691542288557,0.6895522388059702
1.06105,0.763831544178365,0.6902985074626866
1.061182,0.7644628099173554,0.6902985074626866
1.061208,0.7650951199338296,0.6902985074626866
1.061559,0.765728476821192,0.6902985074626866
1.061633,0.7663628831814416,0.6902985074626866
1.060698,0.764026402640264,0.691044776119403
1.060515,0.7642209398186315,0.6917910447761194
1.059562,0.7631578947368421,0.6925373134328359
1.060169,0.7637860082304527,0.6925373134328359
1.060443,0.7644151565074135,0.6925373134328359
1.058851,0.7633525061626951,0.6932835820895522
1.058456,0.7616707616707616,0.6940298507462687
1.058608,0.7622950819672131,0.6940298507462687
1.058765,0.7629204265791633,0.6940298507462687
1.058809,0.7635467980295566,0.6940298507462687
1.058214,0.7618657937806874,0.6947761194029851
1.057909,0.761437908496732,0.6955223880597015
1.058188,0.7620605069501226,0.6955223880597015
1.057527,0.7610114192495921,0.6962686567164179
1.057743,0.7616326530612245,0.6962686567164179
1.057046,0.760586319218241,0.6970149253731344
1.057345,0.7612061939690301,0.6970149253731344
1.055836,0.7601626016260162,0.6977611940298507
1.056912,0.7607811228641171,0.6977611940298507
1.054397,0.7591240875912408,0.6985074626865672
1.054616,0.7597402597402597,0.6985074626865672
1.055231,0.760357432981316,0.6985074626865672
1.054196,0.7593192868719612,0.6992537313432836
1.05362,0.7582861762328214,0.7
1.053917,0.7588996763754046,0.7
1.054173,0.7595141700404858,0.7
1.052891,0.757258064516129,0.7007462686567164
1.053238,0.7578692493946732,0.7007462686567164
1.053371,0.7584814216478191,0.7007462686567164
1.051621,0.7568438003220612,0.7014925373134329
1.052538,0.7574536663980661,0.7014925373134329
1.050538,0.7558232931726908,0.7022388059701492
1.050766,0.7564308681672026,0.7022388059701492
1.051392,0.7570394207562349,0.7022388059701492
1.050305,0.7560192616372392,0.7029850746268657
1.049892,0.7556089743589743,0.7037313432835821
1.049897,0.756214915797915,0.7037313432835821
1.049281,0.755804643714972,0.7044776119402985
1.048249,0.7535885167464115,0.7052238805970149
1.048406,0.7541899441340782,0.7052238805970149
1.0487,0.7547923322683706,0.7052238805970149
1.048896,0.7553956834532374,0.7052238805970149
1.049225,0.756,0.7052238805970149
1.047155,0.7537848605577689,0.7059701492537314
1.046304,0.7533810660302307,0.7067164179104478
1.046334,0.7539808917197452,0.7067164179104478
1.044532,0.7523809523809524,0.7074626865671642
1.045598,0.7529785544082606,0.7074626865671642
1.045994,0.753577106518283,0.7074626865671642
1.044123,0.7507911392405063,0.7082089552238806
1.044171,0.7513855898653998,0.7082089552238806
1.044172,0.7519809825673535,0.7082089552238806
1.044291,0.7525773195876289,0.7082089552238806
1.043998,0.7509881422924901,0.7089552238805971
1.043274,0.7505919494869772,0.7097014925373134
1.043725,0.7511848341232228,0.7097014925373134
1.042602,0.7501970055161544,0.7104477611940299
1.04304,0.750788643533123,0.7104477611940299
1.042307,0.7503937007874015,0.7111940298507463
1.041846,0.7505900865460268,0.7119402985074627
1.041627,0.7501963864886095,0.7126865671641791
1.041709,0.7507861635220126,0.7126865671641791
1.040579,0.7486296006264683,0.7134328358208956
1.040694,0.7492163009404389,0.7134328358208956
1.040793,0.7498039215686274,0.7134328358208956
1.040857,0.750392464678179,0.7134328358208956
1.040364,0.7482408131352619,0.7141791044776119
1.040431,0.7488262910798122,0.7141791044776119
1.040234,0.7484375,0.7149253731343284
1.039948,0.7486338797814208,0.7156716417910448
1.039292,0.7470817120622568,0.7164179104477612
1.039747,0.7476635514018691,0.7164179104477612
1.039822,0.7482462977396727,0.7164179104477612
1.03988,0.748829953198128,0.7164179104477612
1.038503,0.7466977466977467,0.7171641791044776
1.039213,0.7472783825816485,0.7171641791044776
1.037634,0.7457364341085271,0.7179104477611941
1.037995,0.7463149728471683,0.7179104477611941
1.038242,0.7468944099378882,0.7179104477611941
1.037273,0.7447795823665894,0.7186567164179104
1.037463,0.7453560371517027,0.7186567164179104
1.037543,0.7459333849728892,0.7186567164179104
1.036943,0.7449768160741885,0.7194029850746269
1.035665,0.7445987654320988,0.7201492537313433
1.03672,0.7451737451737451,0.7201492537313433
1.035417,0.7442218798151001,0.7208955223880597
1.035555,0.7447956823438705,0.7208955223880597
1.034054,0.7409961685823755,0.7216417910447761
1.034183,0.7415644171779141,0.7216417910447761
1.034281,0.7421335379892555,0.7216417910447761
1.034427,0.7427035330261137,0.7216417910447761
1.034502,0.7432744043043813,0.7216417910447761
1.034704,0.7438461538461538,0.7216417910447761
1.035243,0.7444187836797537,0.7216417910447761
1.033927,0.7411944869831547,0.7223880597014926
1.033746,0.7408256880733946,0.7231343283582089
1.033891,0.7413925019127774,0.7231343283582089
1.033718,0.7410236822001528,0.7238805970149254
1.033369,0.7406559877955758,0.7246268656716418
1.033705,0.7412213740458016,0.7246268656716418
1.032899,0.7402894135567403,0.7253731343283583
1.033091,0.7408536585365854,0.7253731343283583
1.03287,0.7404870624048706,0.7261194029850746
1.032229,0.7395596051632498,0.7268656716417911
1.032298,0.7401215805471124,0.7268656716417911
1.032695,0.7406844106463878,0.7268656716417911
1.03186,0.7391963608794542,0.7276119402985075
1.032068,0.7397572078907435,0.7276119402985075
1.031819,0.7393939393939394,0.7283582089552239
1.031627,0.7395912187736563,0.7291044776119403
1.030491,0.7386706948640483,0.7298507462686568
1.03092,0.7392290249433107,0.7298507462686568
1.031385,0.7397881996974282,0.7298507462686568
1.028744,0.7366440933032355,0.7305970149253731
1.029717,0.7371987951807228,0.7305970149253731
1.029722,0.7377543330821401,0.7305970149253731
1.029777,0.7383107088989442,0.7305970149253731
1.030169,0.7388679245283019,0.7305970149253731
1.028686,0.7368421052631579,0.7313432835820896
1.028391,0.7370398196844478,0.732089552238806
1.02828,0.7372372372372372,0.7328358208955223
1.028197,0.7374343585896475,0.7335820895522388
1.027489,0.7365269461077845,0.7343283582089553
1.027507,0.7370786516853932,0.7343283582089553
1.027778,0.7376311844077961,0.7343283582089553
1.026744,0.7328869047619048,0.7350746268656716
1.026774,0.7334326135517498,0.7350746268656716
1.026827,0.7339791356184798,0.7350746268656716
1.027094,0.7345264727815063,0.7350746268656716
1.027242,0.7350746268656716,0.7350746268656716
1.027298,0.7356235997012696,0.7350746268656716
1.027463,0.7361733931240658,0.7350746268656716
1.027464,0.7367240089753179,0.7350746268656716
1.026362,0.7319970304380103,0.735820895522388
1.026404,0.7325408618127786,0.735820895522388
1.026638,0.7330855018587361,0.735820895522388
1.026302,0.7321958456973294,0.7365671641791045
1.026282,0.7323943661971831,0.7373134328358208
1.026216,0.7325925925925926,0.7380597014925373
1.026033,0.7327905255366395,0.7388059701492538
1.025915,0.7329881656804734,0.7395522388059701
1.024978,0.7326440177252584,0.7402985074626866
1.025705,0.7331855136733185,0.7402985074626866
1.024776,0.7328413284132841,0.741044776119403
1.023635,0.7308823529411764,0.7417910447761195
1.023698,0.731420161883738,0.7417910447761195
1.024465,0.7319587628865979,0.7417910447761195
1.024505,0.7324981577008106,0.7417910447761195
1.024519,0.7330383480825958,0.7417910447761195
1.021867,0.7278712509144111,0.7425373134328358
1.021931,0.7284040995607614,0.7425373134328358
1.022051,0.7289377289377289,0.7425373134328358
1.022693,0.7294721407624634,0.7425373134328358
1.022806,0.7300073367571533,0.7425373134328358
1.023181,0.7305433186490455,0.7425373134328358
1.023405,0.7310800881704629,0.7425373134328358
1.021315,0.727007299270073,0.7432835820895523
1.021386,0.7275383491599707,0.7432835820895523
1.021738,0.7280701754385965,0.7432835820895523
1.020914,0.7261471230881282,0.7440298507462687
1.021091,0.7266763848396501,0.7440298507462687
1.021175,0.7272064186725018,0.7440298507462687
1.020596,0.7263464337700145,0.744776119402985
1.019961,0.7265454545454545,0.7455223880597015
1.019633,0.7267441860465116,0.746268656716418
1.019614,0.7269426289034132,0.7470149253731343
1.018619,0.7250361794500724,0.7477611940298508
1.01862,0.7255611875452571,0.7477611940298508
1.019041,0.7260869565217392,0.7477611940298508
1.019436,0.7266134880348079,0.7477611940298508
1.01958,0.7271407837445574,0.7477611940298508
1.018555,0.725234996384671,0.7485074626865672
1.018366,0.7254335260115607,0.7492537313432835
1.017872,0.7251082251082251,0.75
1.017972,0.7256317689530686,0.75
1.017678,0.7253064167267483,0.7507462686567165
1.016506,0.723939611790079,0.7514925373134328
1.017051,0.7244604316546762,0.7514925373134328
1.017069,0.7249820014398848,0.7514925373134328
1.017228,0.7255043227665706,0.7514925373134328
1.01611,0.7241379310344828,0.7522388059701492
1.01591,0.7243359655419956,0.7529850746268657
1.015519,0.7234957020057307,0.753731343283582
1.015725,0.7240143369175627,0.753731343283582
1.015782,0.7245337159253945,0.753731343283582
1.015218,0.723175965665236,0.7544776119402985
1.015495,0.7236936292054402,0.7544776119402985
1.014718,0.7228571428571429,0.755223880597015
1.014721,0.72337383845604,0.755223880597015
1.014595,0.7230549607423269,0.7559701492537313
1.01424,0.7232524964336662,0.7567164179104477
1.014025,0.7229344729344729,0.7574626865671642
1.014122,0.7234497505345688,0.7574626865671642
1.013969,0.7231316725978648,0.7582089552238805
1.013802,0.7235252309879175,0.7597014925373134
1.013685,0.7237215909090909,0.7604477611940299
1.013293,0.7228915662650602,0.7611940298507462
1.013306,0.723404255319149,0.7611940298507462
1.013563,0.7239176721078779,0.7611940298507462
1.013244,0.7230878186968839,0.7619402985074627
1.013079,0.7232837933474876,0.7626865671641792
1.012304,0.7209302325581395,0.7634328358208955
1.012457,0.7214386459802539,0.7634328358208955
1.012548,0.7219477769936485,0.7634328358208955
1.012834,0.722457627118644,0.7634328358208955
1.012945,0.7229681978798587,0.7634328358208955
1.013053,0.7234794908062234,0.7634328358208955
1.011385,0.720112517580872,0.764179104477612
1.011951,0.7206192821956369,0.764179104477612
1.012255,0.7211267605633803,0.764179104477612
1.011319,0.7203092059030218,0.7649253731343284
1.010717,0.72,0.7656716417910447
1.011102,0.7205056179775281,0.7656716417910447
1.01039,0.7196916608269096,0.7664179104477612
1.01052,0.7201963534361852,0.7664179104477612
1.009434,0.7178770949720671,0.7671641791044777
1.009447,0.7183787561146052,0.7671641791044777
1.009487,0.7188811188811188,0.7671641791044777
1.009973,0.7193841847445767,0.7671641791044777
1.010288,0.7198879551820728,0.7671641791044777
1.009252,0.7175732217573222,0.767910447761194
1.009331,0.7180739706908583,0.767910447761194
1.00904,0.7172701949860725,0.7686567164179104
1.009045,0.7177700348432056,0.7686567164179104
1.008115,0.7164697706740792,0.7694029850746269
1.008136,0.7169680111265647,0.7694029850746269
1.008885,0.7174669450243563,0.7694029850746269
1.007306,0.7151767151767152,0.7701492537313432
1.007793,0.7156726768377254,0.7701492537313432
1.007839,0.7161693268563497,0.7701492537313432
1.008032,0.7166666666666667,0.7701492537313432
1.007226,0.7153739612188366,0.7708955223880597
1.005853,0.715076071922545,0.7716417910447761
1.006536,0.7155709342560553,0.7716417910447761
1.005042,0.7147790055248618,0.7723880597014925
1.005605,0.7152729785763648,0.7723880597014925
1.00499,0.714975845410628,0.7731343283582089
1.001034,0.7102739726027397,0.7738805970149254
1.001461,0.7107607950651131,0.7738805970149254
1.001609,0.7112482853223594,0.7738805970149254
1.002041,0.7117364447494853,0.7738805970149254
1.002103,0.7122252747252747,0.7738805970149254
1.003192,0.7127147766323024,0.7738805970149254
1.003347,0.7132049518569463,0.7738805970149254
1.003428,0.7136958017894013,0.7738805970149254
1.003764,0.7141873278236914,0.7738805970149254
1.004387,0.7146795313576844,0.7738805970149254
1.004559,0.7151724137931035,0.7738805970149254
1.000327,0.7099863201094391,0.7746268656716417
1.000903,0.7104722792607803,0.7746268656716417
1.000078,0.7101845522898155,0.7753731343283582
1.000053,0.7103825136612022,0.7761194029850746
0.998958,0.7086453369639211,0.7768656716417911
0.999036,0.7091280653950953,0.7768656716417911
0.99941,0.7096114519427403,0.7768656716417911
0.99958,0.7100954979536153,0.7768656716417911
1.00004,0.710580204778157,0.7768656716417911
0.998778,0.708361658735554,0.7776119402985074
0.998789,0.708843537414966,0.7776119402985074
0.998448,0.7085597826086957,0.7783582089552239
0.997511,0.7082767978290366,0.7791044776119403
0.99813,0.7087576374745418,0.7791044776119403
0.996174,0.7084745762711865,0.7798507462686567
0.995721,0.7072346179851251,0.7805970149253731
0.995957,0.7077131258457375,0.7805970149253731
0.995995,0.7081922816519973,0.7805970149253731
0.996048,0.7086720867208672,0.7805970149253731
0.995301,0.7069547602970966,0.7813432835820896
0.995557,0.7074324324324325,0.7813432835820896
0.995087,0.7071524966261808,0.7820895522388059
0.994871,0.7068733153638814,0.7828358208955224
0.995025,0.7073499662845584,0.7828358208955224
0.994022,0.7070707070707071,0.7835820895522388
0.993806,0.7072678331090175,0.7843283582089552
0.993369,0.706989247311828,0.7850746268656716
0.993742,0.7074646940147948,0.7850746268656716
0.992195,0.7048192771084337,0.7858208955223881
0.992504,0.7052913596784997,0.7858208955223881
0.992793,0.7057640750670241,0.7858208955223881
0.992967,0.7062374245472837,0.7858208955223881
0.993058,0.7067114093959731,0.7858208955223881
0.993069,0.707186030893217,0.7858208955223881
0.992112,0.7045454545454546,0.7865671641791044
0.992192,0.7050167224080267,0.7865671641791044
0.992072,0.7047428189712759,0.7873134328358209
0.991765,0.704469646430954,0.7880597014925373
0.991815,0.7049399198931909,0.7880597014925373
0.991486,0.704197201865423,0.7888059701492537
0.991756,0.7046666666666667,0.7888059701492537
0.990367,0.702523240371846,0.7895522388059701
0.99062,0.7029900332225913,0.7895522388059701
0.99068,0.7034574468085106,0.7895522388059701
0.99069,0.7039254823685961,0.7895522388059701
0.990883,0.7043941411451398,0.7895522388059701
0.989835,0.7027206370272063,0.7902985074626866
0.988914,0.7019867549668874,0.7910447761194029
0.989114,0.7024519549370444,0.7910447761194029
0.989448,0.7029177718832891,0.7910447761194029
0.988632,0.7012557832121613,0.7917910447761194
0.988685,0.7017195767195767,0.7917910447761194
0.988698,0.7021839841164792,0.7917910447761194
0.988358,0.7014531043593131,0.7925373134328358
0.988202,0.7016501650165017,0.7932835820895522
0.987876,0.7018469656992085,0.7940298507462686
0.987452,0.7020435069215557,0.7947761194029851
0.985728,0.6990163934426229,0.7955223880597015
0.985809,0.699475065616798,0.7955223880597015
0.985951,0.6999343401181878,0.7955223880597015
0.986029,0.7003942181340341,0.7955223880597015
0.986284,0.7008547008547008,0.7955223880597015
0.986307,0.7013157894736842,0.7955223880597015
0.987203,0.7017774851876234,0.7955223880597015
0.98732,0.7022397891963109,0.7955223880597015
0.985687,0.6992136304062909,0.7962686567164179
0.98531,0.6994106090373281,0.7970149253731343
0.985205,0.699607329842932,0.7977611940298508
0.985146,0.6998037933289731,0.7985074626865671
0.985118,0.7,0.7992537313432836
0.984917,0.7001959503592423,0.8
0.984714,0.7003916449086162,0.8007462686567164
0.984609,0.700587084148728,0.8014925373134328
0.982674,0.6971465629053177,0.8022388059701493
0.983068,0.6975989617131733,0.8022388059701493
0.983469,0.698051948051948,0.8022388059701493
0.983521,0.6985055230669266,0.8022388059701493
0.983913,0.6989596879063719,0.8022388059701493
0.983941,0.6994144437215355,0.8022388059701493
0.984358,0.6998697916666666,0.8022388059701493
0.984455,0.7003257328990228,0.8022388059701493
0.98459,0.7007822685788787,0.8022388059701493
0.98095,0.6950904392764858,0.8029850746268656
0.981014,0.6955397543632837,0.8029850746268656
0.981432,0.6959896507115135,0.8029850746268656
0.982048,0.6964401294498382,0.8029850746268656
0.982544,0.6968911917098446,0.8029850746268656
0.982583,0.6973428386260532,0.8029850746268656
0.980652,0.6948387096774193,0.8037313432835821
0.980788,0.6952872821174951,0.8037313432835821
0.980588,0.6945876288659794,0.8044776119402985
0.980603,0.6950354609929078,0.8044776119402985
0.980553,0.6947842884739215,0.8052238805970149
0.980497,0.6945337620578779,0.8059701492537313
0.980527,0.694980694980695,0.8059701492537313
0.979234,0.6942838792549775,0.8067164179104478
0.979657,0.6947300771208226,0.8067164179104478
0.979155,0.6944801026957638,0.8074626865671641
0.979093,0.6942307692307692,0.8082089552238806
0.979104,0.6946760744066709,0.8082089552238806
0.979032,0.6944266495836002,0.808955223880597
0.978579,0.6941778630838131,0.8097014925373134
0.978989,0.6946222791293214,0.8097014925373134
0.977973,0.6930440331844289,0.8104477611940298
0.978316,0.6934865900383141,0.8104477611940298
0.97838,0.6939297124600639,0.8104477611940298
0.978529,0.6943734015345269,0.8104477611940298
0.977373,0.6919159770846595,0.8111940298507463
0.977562,0.6923566878980891,0.8111940298507463
0.977587,0.6927979604843849,0.8111940298507463
0.977963,0.6932397959183674,0.8111940298507463
0.976514,0.6894803548795945,0.8119402985074626
0.976607,0.6899175649968294,0.8119402985074626
0.976926,0.6903553299492385,0.8119402985074626
0.977112,0.6907936507936508,0.8119402985074626
0.977151,0.6912325285895807,0.8119402985074626
0.977222,0.6916719643992372,0.8119402985074626
0.977225,0.6921119592875318,0.8119402985074626
0.976359,0.6896770107663078,0.8126865671641791
0.976213,0.6894370651486401,0.8134328358208955
0.976223,0.689873417721519,0.8134328358208955
0.975617,0.6887626262626263,0.814179104477612
0.975784,0.6891977258370183,0.814179104477612
0.975864,0.6896333754740834,0.814179104477612
0.97498,0.6876574307304786,0.8149253731343283
0.974985,0.6880907372400756,0.8149253731343283
0.975115,0.6885245901639344,0.8149253731343283
0.975442,0.6889589905362776,0.8149253731343283
0.974191,0.6856963613550816,0.8156716417910448
0.974233,0.6861268047708726,0.8156716417910448
0.974336,0.6865577889447236,0.8156716417910448
0.974553,0.6869893148962917,0.8156716417910448
0.974752,0.6874213836477987,0.8156716417910448
0.974766,0.6878539962240403,0.8156716417910448
0.974004,0.6854636591478697,0.8164179104477612
0.974066,0.6858934169278997,0.8164179104477612
0.973219,0.6856606136505948,0.8171641791044776
0.972835,0.685428392745466,0.817910447761194
0.973025,0.685857321652065,0.817910447761194
0.971345,0.6826384567517113,0.8186567164179105
0.971693,0.6830635118306351,0.8186567164179105
0.972175,0.6834890965732088,0.8186567164179105
0.972187,0.6839152119700748,0.8186567164179105
0.972281,0.6843418590143481,0.8186567164179105
0.972365,0.684769038701623,0.8186567164179105
0.972549,0.6851967520299813,0.8186567164179105
0.97266,0.685625,0.8186567164179105
0.971221,0.6828358208955224,0.8194029850746268
0.970995,0.6826086956521739,0.8201492537313433
0.97111,0.6830329397141082,0.8201492537313433
0.970859,0.6828057107386716,0.8208955223880597
0.970385,0.6821561338289963,0.8216417910447761
0.970418,0.6825790452572845,0.8216417910447761
0.97064,0.6830024813895782,0.8216417910447761
0.970315,0.6823529411764706,0.8223880597014925
0.970215,0.6821273964131107,0.823134328358209
0.970263,0.682549504950495,0.823134328358209
0.969886,0.6819024088943793,0.8238805970149253
0.969918,0.6823238566131026,0.8238805970149253
0.969782,0.6820987654320988,0.8246268656716418
0.968762,0.6818742293464858,0.8253731343283582
0.969545,0.6822948797038865,0.8253731343283582
0.967451,0.6799754299754299,0.8261194029850746
0.967907,0.6803933620159803,0.8261194029850746
0.968047,0.6808118081180812,0.8261194029850746
0.968307,0.6812307692307692,0.8261194029850746
0.968651,0.6816502463054187,0.8261194029850746
0.968656,0.6820702402957486,0.8261194029850746
0.965565,0.678921568627451,0.826865671641791
0.965733,0.6793378295524218,0.826865671641791
0.965966,0.6797546012269938,0.826865671641791
0.967243,0.6801718845917741,0.826865671641791
0.965412,0.6787025703794369,0.8276119402985075
0.965428,0.6791181873851806,0.8276119402985075
0.964102,0.6760048721071864,0.8283582089552238
0.964284,0.676416819012797,0.8283582089552238
0.964294,0.676829268292683,0.8283582089552238
0.964397,0.677242220866382,0.8283582089552238
0.964609,0.6776556776556777,0.8283582089552238
0.964796,0.678069639584606,0.8283582089552238
0.964925,0.6784841075794621,0.8283582089552238
0.964943,0.6788990825688074,0.8283582089552238
0.963817,0.6762020693852708,0.8291044776119403
0.963612,0.675577156743621,0.8298507462686567
0.963708,0.6759878419452887,0.8298507462686567
0.963815,0.6763990267639902,0.8298507462686567
0.962351,0.6749545178896301,0.8305970149253732
0.962805,0.6753640776699029,0.8305970149253732
0.962962,0.6757741347905283,0.8305970149253732
0.96192,0.6747425802543913,0.8313432835820895
0.962314,0.6751515151515152,0.8313432835820895
0.961764,0.6745311554748942,0.832089552238806
0.961851,0.6749394673123487,0.832089552238806
0.960372,0.6739130434782609,0.8328358208955224
0.960664,0.6743202416918429,0.8328358208955224
0.961716,0.6747279322853688,0.8328358208955224
0.95998,0.6741098370549186,0.8335820895522388
0.95946,0.6734939759036145,0.8343283582089552
0.959473,0.6738999397227246,0.8343283582089552
0.959677,0.6743063932448733,0.8343283582089552
0.959297,0.6736905478627333,0.8350746268656717
0.959098,0.6738868832731648,0.835820895522388
0.958566,0.6732732732732732,0.8365671641791045
0.958655,0.6736778846153846,0.8365671641791045
0.958749,0.6740829825616356,0.8365671641791045
0.957065,0.6710526315789473,0.8373134328358209
0.957659,0.6714542190305206,0.8373134328358209
0.957838,0.6718562874251497,0.8373134328358209
0.958003,0.6722588376273217,0.8373134328358209
0.958057,0.6726618705035972,0.8373134328358209
0.958223,0.6730653869226155,0.8373134328358209
0.958426,0.673469387755102,0.8373134328358209
0.956913,0.671249252839211,0.8380597014925373
0.956741,0.6710447761194029,0.8388059701492537
0.956818,0.6714456391875747,0.8388059701492537
0.955237,0.6700416914830256,0.8395522388059702
0.95557,0.6704410011918951,0.8395522388059702
0.955645,0.6708407871198568,0.8395522388059702
0.95617,0.6712410501193318,0.8395522388059702
0.954589,0.6702380952380952,0.8402985074626865
0.954148,0.6696375519904931,0.841044776119403
0.954175,0.6700356718192628,0.841044776119403
0.954559,0.6704342653182629,0.841044776119403
0.953859,0.6694362017804154,0.8417910447761194
0.953874,0.669833729216152,0.8417910447761194
0.952618,0.6692353289863663,0.8425373134328358
0.952786,0.669632265717675,0.8425373134328358
0.952481,0.669431279620853,0.8432835820895522
0.951801,0.6684397163120568,0.8440298507462687
0.951904,0.6688350088704909,0.8440298507462687
0.95238,0.6692307692307692,0.8440298507462687
0.952454,0.6696269982238011,0.8440298507462687
0.951305,0.6682408500590319,0.844776119402985
0.951603,0.6686355581807443,0.844776119402985
0.949567,0.6656874265569918,0.8455223880597015
0.949985,0.6660787771898883,0.8455223880597015
0.950022,0.6664705882352941,0.8455223880597015
0.950449,0.6668628605061802,0.8455223880597015
0.950476,0.6672555948174322,0.8455223880597015
0.950812,0.6676487919858574,0.8455223880597015
0.950891,0.6680424528301887,0.8455223880597015
0.951118,0.6684365781710915,0.8455223880597015
0.947558,0.6639344262295082,0.8462686567164179
0.948122,0.664323374340949,0.8462686567164179
0.948707,0.6647127784290738,0.8462686567164179
0.948905,0.6651026392961877,0.8462686567164179
0.948992,0.6654929577464789,0.8462686567164179
0.949305,0.6658837345860247,0.8462686567164179
0.946727,0.6629672897196262,0.8470149253731343
0.946964,0.6633547632963179,0.8470149253731343
0.94717,0.6637426900584795,0.8470149253731343
0.947551,0.6641310708016384,0.8470149253731343
0.946408,0.662777129521587,0.8477611940298507
0.946725,0.663164039696439,0.8477611940298507
0.946129,0.6622015142690739,0.8485074626865672
0.946229,0.6625874125874126,0.8485074626865672
0.946238,0.6629737609329446,0.8485074626865672
0.945724,0.6604759141033082,0.8492537313432836
0.94584,0.6608594657375145,0.8492537313432836
0.945976,0.6612434631028472,0.8492537313432836
0.946026,0.6616279069767442,0.8492537313432836
0.946068,0.6620127981384526,0.8492537313432836
0.946099,0.6623981373690337,0.8492537313432836
0.944114,0.6587622903412377,0.85
0.944198,0.6591435185185185,0.85
0.944294,0.6595251881876085,0.85
0.945334,0.6599073001158748,0.85
0.945428,0.6602898550724637,0.85
0.945474,0.6606728538283063,0.85
0.943723,0.6581986143187067,0.8507462686567164
0.943727,0.658578856152513,0.8507462686567164
0.944007,0.6589595375722543,0.8507462686567164
0.943648,0.6580161476355249,0.8514925373134329
0.943719,0.6583958453548759,0.8514925373134329
0.943323,0.6578341013824884,0.8522388059701492
0.943357,0.6582132564841499,0.8522388059701492
0.942372,0.6572742955721679,0.8529850746268657
0.943019,0.6576524741081703,0.8529850746268657
0.943205,0.6580310880829016,0.8529850746268657
0.941217,0.6563396442914515,0.8537313432835821
0.941576,0.6567164179104478,0.8537313432835821
0.941972,0.6570936243538197,0.8537313432835821
0.942281,0.6574712643678161,0.8537313432835821
0.940443,0.6554092730394963,0.8544776119402985
0.940781,0.6557846506300115,0.8544776119402985
0.940897,0.6561604584527221,0.8544776119402985
0.940991,0.6565366972477065,0.8544776119402985
0.939824,0.6526195899772209,0.8552238805970149
0.939873,0.652991452991453,0.8552238805970149
0.939948,0.6533637400228051,0.8552238805970149
0.939963,0.6537364517969195,0.8552238805970149
0.94,0.6541095890410958,0.8552238805970149
0.940227,0.6544831524842947,0.8552238805970149
0.940277,0.6548571428571428,0.8552238805970149
0.940315,0.6552315608919382,0.8552238805970149
0.940426,0.6556064073226545,0.8552238805970149
0.939407,0.6520750426378624,0.8559701492537314
0.939555,0.6524459613196815,0.8559701492537314
0.939613,0.6528173022196927,0.8559701492537314
0.939253,0.6522727272727272,0.8567164179104477
0.938157,0.6517300056721498,0.8574626865671642
0.938385,0.6520998864926221,0.8574626865671642
0.938681,0.6524701873935264,0.8574626865671642
0.937586,0.6519274376417233,0.8582089552238806
0.937498,0.6521246458923513,0.858955223880597
0.934828,0.6482836240855374,0.8597014925373134
0.935031,0.6486486486486487,0.8597014925373134
0.935338,0.6490140845070422,0.8597014925373134
0.935662,0.649379932356257,0.8597014925373134
0.936226,0.649746192893401,0.8597014925373134
0.936232,0.6501128668171557,0.8597014925373134
0.936622,0.6504799548277809,0.8597014925373134
0.936742,0.6508474576271186,0.8597014925373134
0.936968,0.6512153759185981,0.8597014925373134
0.937033,0.6515837104072398,0.8597014925373134
0.937045,0.6519524617996605,0.8597014925373134
0.937119,0.652321630804077,0.8597014925373134
0.934798,0.6484814398200225,0.8604477611940299
0.930969,0.6450531022917831,0.8611940298507462
0.931565,0.645413870246085,0.8611940298507462
0.931614,0.6457750419697817,0.8611940298507462
0.932025,0.6461366181410975,0.8611940298507462
0.932128,0.646498599439776,0.8611940298507462
0.932404,0.6468609865470852,0.8611940298507462
0.933486,0.6472237801458216,0.8611940298507462
0.933559,0.6475869809203143,0.8611940298507462
0.93372,0.6479505895564289,0.8611940298507462
0.933962,0.648314606741573,0.8611940298507462
0.934522,0.6486790331646992,0.8611940298507462
0.930503,0.644891122278057,0.8619402985074627
0.930757,0.6452513966480447,0.8619402985074627
0.929707,0.6450892857142857,0.8626865671641791
0.929167,0.644927536231884,0.8634328358208955
0.929681,0.645287228109314,0.8634328358208955
0.928616,0.6447661469933185,0.8641791044776119
0.929132,0.645125348189415,0.8641791044776119
0.928345,0.6449638286032277,0.8649253731343284
0.92571,0.6423034330011074,0.8656716417910447
0.926302,0.6426592797783933,0.8656716417910447
0.926506,0.6430155210643016,0.8656716417910447
0.926703,0.6433721575152523,0.8656716417910447
0.926889,0.6437291897891232,0.8656716417910447
0.926963,0.6440866185452526,0.8656716417910447
0.927252,0.6444444444444445,0.8656716417910447
0.927558,0.6448026681489717,0.8656716417910447
0.927769,0.6451612903225806,0.8656716417910447
0.925376,0.6421460176991151,0.8664179104477612
0.925672,0.6425013835085778,0.8664179104477612
0.925216,0.6423438363736871,0.8671641791044776
0.92319,0.6397139713971397,0.8679104477611941
0.923215,0.6400660429279031,0.8679104477611941
0.923463,0.6404185022026432,0.8679104477611941
0.924529,0.6407713498622589,0.8679104477611941
0.924553,0.6411245865490628,0.8679104477611941
0.924604,0.6414782129067843,0.8679104477611941
0.924816,0.641832229580574,0.8679104477611941
0.924821,0.6421866372170072,0.8679104477611941
0.924924,0.6425414364640883,0.8679104477611941
0.92314,0.639912039582188,0.8686567164179104
0.921956,0.6390565002742732,0.8694029850746269
0.922013,0.6394072447859495,0.8694029850746269
0.922184,0.6397583745194948,0.8694029850746269
0.922502,0.6401098901098901,0.8694029850746269
0.920611,0.637855579868709,0.8701492537313433
0.921081,0.6382047071702244,0.8701492537313433
0.921268,0.6385542168674698,0.8701492537313433
0.921623,0.6389041095890411,0.8701492537313433
0.921882,0.6392543859649122,0.8701492537313433
0.91827,0.6349292709466812,0.8708955223880597
0.918554,0.6352749047359826,0.8708955223880597
0.918692,0.6356209150326797,0.8708955223880597
0.918761,0.635967302452316,0.8708955223880597
0.918826,0.6363140676117776,0.8708955223880597
0.919027,0.6366612111292962,0.8708955223880597
0.919109,0.6370087336244541,0.8708955223880597
0.919511,0.6373566357181868,0.8708955223880597
0.919967,0.6377049180327868,0.8708955223880597
0.920256,0.6380535811919081,0.8708955223880597
0.917564,0.6344378055404671,0.8716417910447761
0.917701,0.6347826086956522,0.8716417910447761
0.918244,0.6351277868406743,0.8716417910447761
0.917399,0.6342919153553989,0.8723880597014926
0.917553,0.6346362649294245,0.8723880597014926
0.91707,0.6341463414634146,0.8731343283582089
0.917217,0.6344902386117137,0.8731343283582089
0.916643,0.6343445287107259,0.8738805970149254
0.91549,0.633856138453218,0.8746268656716418
0.915947,0.6341991341991342,0.8746268656716418
0.916439,0.6345425013535463,0.8746268656716418
0.913953,0.6316639741518578,0.8753731343283582
0.914118,0.6320043103448276,0.8753731343283582
0.914125,0.6323450134770889,0.8753731343283582
0.914409,0.6326860841423948,0.8753731343283582
0.91463,0.6330275229357798,0.8753731343283582
0.915132,0.6333693304535637,0.8753731343283582
0.915331,0.6337115072933549,0.8753731343283582
0.915448,0.634054054054054,0.8753731343283582
0.912913,0.630843632455669,0.8761194029850746
0.91313,0.6311827956989248,0.8761194029850746
0.91356,0.6315223238300162,0.8761194029850746
0.913833,0.6318622174381054,0.8761194029850746
0.911961,0.6286784376672017,0.8768656716417911
0.912215,0.6290149892933619,0.8768656716417911
0.912396,0.6293519014461704,0.8768656716417911
0.9124,0.6296891747052519,0.8768656716417911
0.912439,0.6300268096514745,0.8768656716417911
0.912481,0.6303648068669528,0.8768656716417911
0.912539,0.630703166935051,0.8768656716417911
0.912869,0.6310418904403867,0.8768656716417911
0.910622,0.6251993620414673,0.8776119402985074
0.910655,0.625531914893617,0.8776119402985074
0.910716,0.6258648217136775,0.8776119402985074
0.910778,0.6261980830670927,0.8776119402985074
0.910907,0.6265316995205115,0.8776119402985074
0.910985,0.6268656716417911,0.8776119402985074
0.911079,0.6272,0.8776119402985074
0.911123,0.6275346851654215,0.8776119402985074
0.911352,0.6278697277095568,0.8776119402985074
0.911625,0.6282051282051282,0.8776119402985074
0.911721,0.6285408872260823,0.8776119402985074
0.91179,0.6288770053475936,0.8776119402985074
0.91028,0.6250663834306956,0.8783582089552239
0.910601,0.6253985122210415,0.8783582089552239
0.909642,0.6239406779661016,0.8791044776119403
0.909932,0.6242713301536831,0.8791044776119403
0.910112,0.6246023329798516,0.8791044776119403
0.910115,0.6249336870026525,0.8791044776119403
0.910157,0.6252653927813163,0.8791044776119403
0.909469,0.6238095238095238,0.8798507462686567
0.909558,0.6241397564849126,0.8798507462686567
0.906908,0.6226912928759895,0.8805970149253731
0.907095,0.6230200633579726,0.8805970149253731
0.90809,0.6233491811938722,0.8805970149253731
0.908378,0.6236786469344608,0.8805970149253731
0.908834,0.6240084611316764,0.8805970149253731
0.906879,0.6228902953586498,0.8813432835820896
0.905498,0.6217780115728564,0.8820895522388059
0.905627,0.6221052631578947,0.8820895522388059
0.905736,0.6224328593996841,0.8820895522388059
0.906002,0.6227608008429927,0.8820895522388059
0.906819,0.6230890880337375,0.8820895522388059
0.905137,0.6216500262743038,0.8828358208955224
0.905483,0.6219768664563617,0.8828358208955224
0.905105,0.6218487394957983,0.8835820895522388
0.904617,0.6220472440944882,0.8843283582089553
0.904139,0.6215932914046122,0.8850746268656716
0.904286,0.6219192448872575,0.8850746268656716
0.90452,0.6222455403987408,0.8850746268656716
0.903842,0.6211407639979069,0.8858208955223881
0.903929,0.6214659685863875,0.8858208955223881
0.904061,0.6217915138816134,0.8858208955223881
0.902742,0.6203655352480417,0.8865671641791045
0.902805,0.6206896551724138,0.8865671641791045
0.903018,0.6210141139571353,0.8865671641791045
0.903738,0.6213389121338913,0.8865671641791045
0.900047,0.616701244813278,0.8873134328358209
0.900367,0.6170212765957447,0.8873134328358209
0.900512,0.6173416407061267,0.8873134328358209
0.900557,0.6176623376623377,0.8873134328358209
0.90071,0.617983367983368,0.8873134328358209
0.901268,0.6183047321892876,0.8873134328358209
0.901719,0.6186264308012487,0.8873134328358209
0.901858,0.6189484643414888,0.8873134328358209
0.901892,0.6192708333333333,0.8873134328358209
0.901962,0.6195935383011986,0.8873134328358209
0.902056,0.6199165797705943,0.8873134328358209
0.902446,0.6202399582681273,0.8873134328358209
0.902617,0.6205636743215032,0.8873134328358209
0.90002,0.616580310880829,0.8880597014925373
0.900031,0.6168999481596682,0.8880597014925373
0.899659,0.6161407139161924,0.8888059701492538
0.899732,0.6164596273291926,0.8888059701492538
0.899965,0.6167788710512687,0.8888059701492538
0.899572,0.6160206718346253,0.8895522388059701
0.899642,0.6163391933815926,0.8895522388059701
0.899295,0.6162190082644629,0.8902985074626866
0.898946,0.6157813305827746,0.891044776119403
0.899234,0.6160990712074303,0.891044776119403
0.899261,0.6164171399070728,0.891044776119403
0.897601,0.6134496919917864,0.8917910447761194
0.89779,0.6137647663071392,0.8917910447761194
0.898126,0.6140801644398767,0.8917910447761194
0.898137,0.6143958868894601,0.8917910447761194
0.898197,0.6147119341563786,0.8917910447761194
0.898277,0.6150283067421514,0.8917910447761194
0.89829,0.6153450051493305,0.8917910447761194
0.898601,0.6156620298815044,0.8917910447761194
0.898634,0.615979381443299,0.8917910447761194
0.896434,0.6130189646335212,0.8925373134328358
0.896947,0.6133333333333333,0.8925373134328358
0.897306,0.6136480246280144,0.8925373134328358
0.895748,0.612589559877175,0.8932835820895523
0.895852,0.6129032258064516,0.8932835820895523
0.896133,0.6132172131147541,0.8932835820895523
0.895566,0.6127877237851662,0.8940298507462686
0.89443,0.6114227434982152,0.8947761194029851
0.894593,0.611734693877551,0.8947761194029851
0.894691,0.6120469627360898,0.8947761194029851
0.894692,0.6123595505617978,0.8947761194029851
0.895114,0.6126724578436382,0.8947761194029851
0.895209,0.6129856850715747,0.8947761194029851
0.893199,0.6113092205807438,0.8955223880597015
0.893847,0.6116207951070336,0.8955223880597015
0.892558,0.610574478901881,0.8962686567164179
0.892636,0.6108850457782299,0.8962686567164179
0.892781,0.6111959287531806,0.8962686567164179
0.893184,0.6115071283095723,0.8962686567164179
0.891412,0.6092245311708059,0.8970149253731343
0.891949,0.6095334685598377,0.8970149253731343
0.892192,0.6098427194317605,0.8970149253731343
0.892276,0.6101522842639594,0.8970149253731343
0.892442,0.6104621635347892,0.8970149253731343
0.892549,0.6107723577235772,0.8970149253731343
0.890465,0.6088056680161943,0.8977611940298508
0.890781,0.6091139240506329,0.8977611940298508
0.891166,0.6094224924012158,0.8977611940298508
0.888899,0.6080808080808081,0.8985074626865671
0.888934,0.608388074785245,0.8985074626865671
0.88969,0.6086956521739131,0.8985074626865671
0.889698,0.60900354071826,0.8985074626865671
0.887454,0.6067472306143001,0.8992537313432836
0.887644,0.6070528967254408,0.8992537313432836
0.887808,0.6073588709677419,0.8992537313432836
0.887814,0.6076651538073626,0.8992537313432836
0.888511,0.6079717457114027,0.8992537313432836
0.88871,0.6082786471479051,0.8992537313432836
0.885712,0.6033016508254128,0.9
0.885798,0.6036036036036037,0.9
0.885895,0.6039058587881823,0.9
0.885932,0.6042084168336673,0.9
0.885941,0.6045112781954888,0.9
0.886424,0.60481444332999,0.9
0.886674,0.6051179126944305,0.9
0.88684,0.6054216867469879,0.9
0.886993,0.6057257659467604,0.9
0.887114,0.6060301507537689,0.9
0.887296,0.6063348416289592,0.9
0.887392,0.6066398390342053,0.9
0.887413,0.60694514343231,0.9
0.885602,0.6035,0.9007462686567164
0.88055,0.5986124876114965,0.9014925373134328
0.880859,0.5989092711948438,0.9014925373134328
0.880941,0.5992063492063492,0.9014925373134328
0.881103,0.5995037220843672,0.9014925373134328
0.881183,0.5998013902681232,0.9014925373134328
0.881362,0.6000993541977149,0.9014925373134328
0.882534,0.6003976143141153,0.9014925373134328
0.882553,0.6006961710591745,0.9014925373134328
0.882643,0.6009950248756218,0.9014925373134328
0.882773,0.6012941762070682,0.9014925373134328
0.883158,0.601593625498008,0.9014925373134328
0.883466,0.6018933731938216,0.9014925373134328
0.884381,0.6021934197407777,0.9014925373134328
0.884508,0.602493765586035,0.9014925373134328
0.88458,0.6027944111776448,0.9014925373134328
0.88477,0.6030953569645532,0.9014925373134328
0.885486,0.6033966033966034,0.9014925373134328
0.885524,0.6036981509245377,0.9014925373134328
0.878699,0.597037037037037,0.9022388059701493
0.878713,0.5973320158102767,0.9022388059701493
0.878742,0.5976272862086011,0.9022388059701493
0.87997,0.5979228486646885,0.9022388059701493
0.880024,0.5982187036120732,0.9022388059701493
0.880038,0.5985148514851485,0.9022388059701493
0.880221,0.5988112927191679,0.9022388059701493
0.87809,0.5963528831936915,0.9029850746268657
0.878275,0.596646942800789,0.9029850746268657
0.878284,0.5969412925505674,0.9029850746268657
0.878552,0.5972359328726555,0.9029850746268657
0.877063,0.595378564405113,0.9037313432835821
0.877204,0.5956714215445155,0.9037313432835821
0.87732,0.5959645669291339,0.9037313432835821
0.877432,0.5962580009847366,0.9037313432835821
0.877593,0.596551724137931,0.9037313432835821
0.87301,0.5906432748538012,0.9044776119402985
0.873081,0.590931253047294,0.9044776119402985
0.873314,0.5912195121951219,0.9044776119402985
0.873492,0.5915080527086384,0.9044776119402985
0.874557,0.591796875,0.9044776119402985
0.874614,0.592085979482169,0.9044776119402985
0.874617,0.592375366568915,0.9044776119402985
0.874678,0.5926650366748166,0.9044776119402985
0.874718,0.5929549902152642,0.9044776119402985
0.874866,0.593245227606461,0.9044776119402985
0.875139,0.5935357492654261,0.9044776119402985
0.875214,0.5938265556099951,0.9044776119402985
0.875793,0.5941176470588235,0.9044776119402985
0.875918,0.594409024031388,0.9044776119402985
0.876078,0.5947006869479883,0.9044776119402985
0.876786,0.5949926362297496,0.9044776119402985
0.876803,0.5952848722986247,0.9044776119402985
0.876861,0.5955773955773955,0.9044776119402985
0.870218,0.5885492479378942,0.905223880597015
0.870511,0.5888349514563107,0.905223880597015
0.870887,0.5891209324915008,0.905223880597015
0.871114,0.5894071914480078,0.905223880597015
0.871264,0.5896937287311619,0.905223880597015
0.87183,0.5899805447470817,0.905223880597015
0.872104,0.5902676399026764,0.905223880597015
0.872575,0.5905550146056475,0.905223880597015
0.872806,0.590842669264491,0.905223880597015
0.867551,0.5842155919153031,0.9059701492537313
0.867584,0.5844968704862783,0.9059701492537313
0.867778,0.5847784200385356,0.9059701492537313
0.867933,0.5850602409638554,0.9059701492537313
0.868134,0.5853423336547734,0.9059701492537313
0.868149,0.5856246985045828,0.9059701492537313
0.868194,0.5859073359073359,0.9059701492537313
0.868206,0.5861902462578464,0.9059701492537313
0.868596,0.5864734299516908,0.9059701492537313
0.868599,0.5867568873852103,0.9059701492537313
0.868885,0.5870406189555126,0.9059701492537313
0.868887,0.5873246250604741,0.9059701492537313
0.869404,0.5876089060987415,0.9059701492537313
0.869733,0.5878934624697336,0.9059701492537313
0.869841,0.5881782945736435,0.9059701492537313
0.869903,0.5884634028114396,0.9059701492537313
0.870183,0.588748787584869,0.9059701492537313
0.867268,0.5841346153846154,0.9067164179104478
0.867361,0.5844155844155844,0.9067164179104478
0.867151,0.5843344545891398,0.9074626865671642
0.86683,0.5839731285988484,0.9082089552238806
0.866883,0.5842534805568891,0.9082089552238806
0.867013,0.5845341018251681,0.9082089552238806
0.864686,0.5813842482100239,0.908955223880597
0.864896,0.5816618911174785,0.908955223880597
0.865006,0.5819397993311036,0.908955223880597
0.865072,0.5822179732313576,0.908955223880597
0.865094,0.5824964131994261,0.908955223880597
0.865204,0.5827751196172248,0.908955223880597
0.865224,0.5830540928674006,0.908955223880597
0.865385,0.5833333333333334,0.908955223880597
0.865664,0.5836128413991375,0.908955223880597
0.865705,0.5838926174496645,0.908955223880597
0.865986,0.5841726618705037,0.908955223880597
0.864631,0.5815839694656488,0.9097014925373135
0.864469,0.5817835002384358,0.9104477611940298
0.862975,0.5808753568030447,0.9111940298507463
0.863152,0.581151832460733,0.9111940298507463
0.863541,0.5814285714285714,0.9111940298507463
0.864163,0.5817055740828966,0.9111940298507463
0.864425,0.5819828408007627,0.9111940298507463
0.860867,0.5785984848484849,0.9119402985074627
0.860944,0.5788725722406443,0.9119402985074627
0.860975,0.5791469194312796,0.9119402985074627
0.860991,0.5794215267899478,0.9119402985074627
0.861184,0.579696394686907,0.9119402985074627
0.861198,0.5799715234931182,0.9119402985074627
0.861373,0.5802469135802469,0.9119402985074627
0.861587,0.580522565320665,0.9119402985074627
0.862356,0.5807984790874525,0.9119402985074627
0.862837,0.5810746552543985,0.9119402985074627
0.859912,0.5774315391879131,0.9126865671641791
0.860116,0.5777042985356636,0.9126865671641791
0.860607,0.5779773156899811,0.9126865671641791
0.860637,0.5782505910165484,0.9126865671641791
0.860667,0.5785241248817408,0.9126865671641791
0.860759,0.5787979176526266,0.9126865671641791
0.859629,0.5773584905660377,0.9134328358208955
0.859827,0.5776309579990562,0.9134328358208955
0.856708,0.5745778611632271,0.914179104477612
0.857093,0.5748474894415767,0.914179104477612
0.857119,0.5751173708920188,0.914179104477612
0.857548,0.575387505871301,0.914179104477612
0.857589,0.5756578947368421,0.914179104477612
0.857717,0.5759285378467325,0.914179104477612
0.857803,0.5761994355597366,0.914179104477612
0.858373,0.5764705882352941,0.914179104477612
0.858949,0.5767419962335216,0.914179104477612
0.859167,0.5770136599152144,0.914179104477612
0.859241,0.5772855796418473,0.914179104477612
0.85948,0.5775577557755776,0.914179104477612
0.855219,0.5739700374531835,0.9149253731343283
0.85545,0.5742388758782201,0.9149253731343283
0.855922,0.5745079662605436,0.9149253731343283
0.856199,0.5747773089545242,0.9149253731343283
0.854809,0.573632538569425,0.9156716417910448
0.854988,0.5739008419083256,0.9156716417910448
0.855158,0.5741693963500234,0.9156716417910448
0.854311,0.5730284647690154,0.9164179104477612
0.854588,0.5732959850606909,0.9164179104477612
0.854612,0.5735637552545539,0.9164179104477612
0.854653,0.5738317757009346,0.9164179104477612
0.85428,0.5732276119402985,0.9171641791044776
0.853711,0.5726256983240223,0.917910447761194
0.853788,0.5728924080111784,0.917910447761194
0.853961,0.5731593662628145,0.917910447761194
0.854055,0.5734265734265734,0.917910447761194
0.853255,0.5725581395348838,0.9186567164179105
0.853582,0.5728245695672406,0.9186567164179105
0.852712,0.5724907063197026,0.9194029850746268
0.852912,0.5727568572756857,0.9194029850746268
0.85227,0.5724233983286908,0.9201492537313433
0.852683,0.5726892707849512,0.9201492537313433
0.851512,0.5712962962962963,0.9208955223880597
0.851719,0.571560907827698,0.9208955223880597
0.851781,0.571825764596849,0.9208955223880597
0.851847,0.5720908669448308,0.9208955223880597
0.851871,0.5723562152133581,0.9208955223880597
0.8519,0.5726218097447796,0.9208955223880597
0.85086,0.5707024029574861,0.9216417910447762
0.851039,0.5709662505779011,0.9216417910447762
0.851108,0.5712303422756707,0.9216417910447762
0.851269,0.5714946783896344,0.9216417910447762
0.850507,0.5706371191135734,0.9223880597014925
0.850785,0.5709006928406467,0.9223880597014925
0.850489,0.570835256114444,0.923134328358209
0.84879,0.5697192820984813,0.9238805970149254
0.848847,0.5699815837937385,0.9238805970149254
0.849069,0.5702441271303547,0.9238805970149254
0.850075,0.5705069124423963,0.9238805970149254
0.850127,0.5707699400645458,0.9238805970149254
0.850474,0.5710332103321033,0.9238805970149254
0.848236,0.5693933823529411,0.9246268656716418
0.848381,0.5696551724137932,0.9246268656716418
0.848521,0.5699172033118676,0.9246268656716418
0.847765,0.5688073394495413,0.9253731343283582
0.84779,0.5690683799908215,0.9253731343283582
0.847902,0.5693296602387512,0.9253731343283582
0.84815,0.5695911805236564,0.9253731343283582
0.844958,0.5664080328617069,0.9261194029850747
0.845666,0.5666666666666667,0.9261194029850747
0.84611,0.566925536774783,0.9261194029850747
0.846377,0.5671846435100548,0.9261194029850747
0.846438,0.5674439871970736,0.9261194029850747
0.846875,0.5677035681610247,0.9261194029850747
0.8469,0.5679633867276888,0.9261194029850747
0.847154,0.5682234432234432,0.9261194029850747
0.847239,0.5684837379752634,0.9261194029850747
0.847354,0.5687442713107241,0.9261194029850747
0.847529,0.569005043558001,0.9261194029850747
0.844838,0.5663474692202463,0.926865671641791
0.844946,0.5666058394160584,0.926865671641791
0.843878,0.5662870159453303,0.9276119402985075
0.844549,0.5665451230628988,0.9276119402985075
0.843335,0.5664845173041895,0.9283582089552239
0.842616,0.5661664392905866,0.9291044776119403
0.842657,0.5664240218380345,0.9291044776119403
0.842893,0.566681838871188,0.9291044776119403
0.841305,0.5653357531760436,0.9298507462686567
0.841316,0.5655923740354063,0.9298507462686567
0.842094,0.5658492279745686,0.9298507462686567
0.84211,0.5661063153112221,0.9298507462686567
0.842257,0.5663636363636364,0.9298507462686567
0.840305,0.562979683972912,0.9305970149253732
0.840389,0.5632339656729901,0.9305970149253732
0.840456,0.5634884771802983,0.9305970149253732
0.84051,0.5637432188065099,0.9305970149253732
0.840676,0.5639981908638625,0.9305970149253732
0.840708,0.5642533936651584,0.9305970149253732
0.840831,0.5645088275237664,0.9305970149253732
0.840974,0.5647644927536232,0.9305970149253732
0.840992,0.5650203896692343,0.9305970149253732
0.8412,0.5652765185856754,0.9305970149253732
0.841204,0.5655328798185941,0.9305970149253732
0.839207,0.5616561656165616,0.9313432835820895
0.839234,0.5619090499774876,0.9313432835820895
0.839258,0.5621621621621622,0.9313432835820895
0.839316,0.562415502478594,0.9313432835820895
0.839758,0.5626690712353472,0.9313432835820895
0.839769,0.5629228687415426,0.9313432835820895
0.839935,0.5631768953068592,0.9313432835820895
0.836319,0.5588366890380313,0.932089552238806
0.83634,0.5590868397493286,0.932089552238806
0.836645,0.5593372145096283,0.932089552238806
0.836756,0.5595878136200717,0.932089552238806
0.836773,0.5598386373823397,0.932089552238806
0.83679,0.5600896860986547,0.932089552238806
0.836933,0.560340960071781,0.932089552238806
0.837491,0.5605924596050269,0.932089552238806
0.838095,0.5608441850022452,0.932089552238806
0.83849,0.5610961365678346,0.932089552238806
0.839095,0.5613483146067416,0.932089552238806
0.83915,0.5616007194244604,0.932089552238806
0.839161,0.5618533513270355,0.932089552238806
0.834719,0.5572893446277307,0.9328358208955224
0.835137,0.5575379125780553,0.9328358208955224
0.835503,0.5577867023650156,0.9328358208955224
0.83559,0.5580357142857143,0.9328358208955224
0.835772,0.5582849486377848,0.9328358208955224
0.835977,0.5585344057193923,0.9328358208955224
0.836256,0.5587840858292356,0.9328358208955224
0.836306,0.5590339892665475,0.9328358208955224
0.833762,0.557238307349666,0.9335820895522388
0.834667,0.5574866310160428,0.9335820895522388
0.830653,0.5547186530793088,0.9343283582089552
0.83172,0.5549645390070922,0.9343283582089552
0.831844,0.555210643015521,0.9343283582089552
0.832128,0.5554569653948536,0.9343283582089552
0.832136,0.5557035064358633,0.9343283582089552
0.832146,0.5559502664298401,0.9343283582089552
0.832562,0.5561972456685917,0.9343283582089552
0.83286,0.5564444444444444,0.9343283582089552
0.832953,0.5566918630502445,0.9343283582089552
0.832964,0.5569395017793595,0.9343283582089552
0.833354,0.5571873609256787,0.9343283582089552
0.833655,0.5574354407836153,0.9343283582089552
0.829157,0.5532008830022075,0.9350746268656717
0.829163,0.5534452296819788,0.9350746268656717
0.829227,0.5536897923110915,0.9350746268656717
0.829517,0.5539345711759505,0.9350746268656717
0.829782,0.5541795665634675,0.9350746268656717
0.829825,0.554424778761062,0.9350746268656717
0.829936,0.5546702080566622,0.9350746268656717
0.8302,0.5549158547387069,0.9350746268656717
0.829059,0.5533980582524272,0.935820895522388
0.8283,0.5535950595500662,0.9365671641791045
0.828297,0.5537918871252204,0.9373134328358209
0.826214,0.5527704485488126,0.9380597014925374
0.826452,0.5530136383633963,0.9380597014925374
0.826775,0.5532570422535211,0.9380597014925374
0.826859,0.5535006605019815,0.9380597014925374
0.827513,0.5537444933920704,0.9380597014925374
0.82802,0.5539885412075805,0.9380597014925374
0.825592,0.5524813350900307,0.9388059701492537
0.825647,0.5527240773286467,0.9388059701492537
0.826043,0.552967032967033,0.9388059701492537
0.823866,0.5517090271691498,0.9395522388059702
0.824686,0.5519508987286278,0.9395522388059702
0.824945,0.5521929824561403,0.9395522388059702
0.82497,0.5524352786309785,0.9395522388059702
0.825115,0.5526777875329236,0.9395522388059702
0.822899,0.5514223194748359,0.9402985074626866
0.823724,0.5516637478108581,0.9402985074626866
0.823779,0.5519053876478318,0.9402985074626866
0.822163,0.5508955875928353,0.941044776119403
0.822446,0.5511363636363636,0.941044776119403
0.822834,0.5513773502404897,0.941044776119403
0.822879,0.5516185476815398,0.941044776119403
0.822066,0.5510917030567686,0.9417910447761194
0.82123,0.5500871080139372,0.9425373134328359
0.821307,0.550326797385621,0.9425373134328359
0.82136,0.550566695727986,0.9425373134328359
0.821361,0.5508068033144352,0.9425373134328359
0.82146,0.5510471204188482,0.9425373134328359
0.821895,0.5512876473155827,0.9425373134328359
0.820929,0.549804262722923,0.9432835820895522
0.821069,0.5500435161009574,0.9432835820895522
0.821221,0.5502829777971266,0.9432835820895522
0.820076,0.549760973489787,0.9440298507462687
0.820576,0.55,0.9440298507462687
0.818014,0.5473411154345007,0.9447761194029851
0.81852,0.5475778546712803,0.9447761194029851
0.818735,0.5478147987884033,0.9447761194029851
0.819073,0.548051948051948,0.9447761194029851
0.819111,0.5482893027284539,0.9447761194029851
0.81923,0.548526863084922,0.9447761194029851
0.819271,0.5487646293888166,0.9447761194029851
0.819303,0.5490026019080659,0.9447761194029851
0.819674,0.5492407809110629,0.9447761194029851
0.819751,0.5494791666666666,0.9447761194029851
0.819883,0.5497177594442032,0.9447761194029851
0.819915,0.5499565595134666,0.9447761194029851
0.816886,0.5451807228915663,0.9455223880597015
0.816937,0.5454154111063281,0.9455223880597015
0.816948,0.545650301464255,0.9455223880597015
0.816987,0.5458853942266264,0.9455223880597015
0.817007,0.5461206896551725,0.9455223880597015
0.817211,0.5463561880120742,0.9455223880597015
0.817382,0.5465918895599655,0.9455223880597015
0.817384,0.5468277945619335,0.9455223880597015
0.817436,0.5470639032815199,0.9455223880597015
0.817683,0.5473002159827214,0.9455223880597015
0.817889,0.5475367329299914,0.9455223880597015
0.814743,0.5435062151735962,0.9462686567164179
0.81478,0.5437392795883362,0.9462686567164179
0.81495,0.543972543972544,0.9462686567164179
0.814978,0.544206008583691,0.9462686567164179
0.815704,0.5444396736796908,0.9462686567164179
0.815934,0.5446735395189003,0.9462686567164179
0.816091,0.5449076063601204,0.9462686567164179
0.816344,0.5451418744625968,0.9462686567164179
0.816689,0.5453763440860215,0.9462686567164179
0.806763,0.5358952702702703,0.9470149253731344
0.806798,0.5361216730038023,0.9470149253731344
0.807019,0.5363482671174978,0.9470149253731344
0.807469,0.5365750528541227,0.9470149253731344
0.807514,0.5368020304568528,0.9470149253731344
0.807553,0.5370292001692764,0.9470149253731344
0.807597,0.5372565622353938,0.9470149253731344
0.807721,0.5374841168996188,0.9470149253731344
0.808753,0.5377118644067796,0.9470149253731344
0.808801,0.5379398050021196,0.9470149253731344
0.809524,0.5381679389312977,0.9470149253731344
0.809542,0.5383962664403903,0.9470149253731344
0.809558,0.5386247877758913,0.9470149253731344
0.809745,0.5388535031847134,0.9470149253731344
0.810291,0.5390824129141886,0.9470149253731344
0.810336,0.5393115172120697,0.9470149253731344
0.810371,0.5395408163265306,0.9470149253731344
0.810435,0.5397703105061676,0.9470149253731344
0.810508,0.54,0.9470149253731344
0.810817,0.5402298850574713,0.9470149253731344
0.810934,0.5404599659284497,0.9470149253731344
0.811071,0.5406902428632296,0.9470149253731344
0.811121,0.540920716112532,0.9470149253731344
0.811243,0.5411513859275053,0.9470149253731344
0.811502,0.5413822525597269,0.9470149253731344
0.812574,0.5416133162612036,0.9470149253731344
0.812849,0.5418445772843723,0.9470149253731344
0.813159,0.5420760358821016,0.9470149253731344
0.813414,0.5423076923076923,0.9470149253731344
0.813613,0.5425395468148781,0.9470149253731344
0.81404,0.5427715996578272,0.9470149253731344
0.814109,0.5430038510911425,0.9470149253731344
0.814147,0.543236301369863,0.9470149253731344
0.814237,0.5434689507494647,0.9470149253731344
0.814689,0.5437017994858612,0.9470149253731344
0.805644,0.5356389708983551,0.9477611940298507
0.805851,0.5358649789029536,0.9477611940298507
0.805965,0.5360911777121148,0.9477611940298507
0.805256,0.5358347386172007,0.9485074626865672
0.804075,0.5349032800672834,0.9492537313432836
0.804122,0.5351283129995793,0.9492537313432836
0.804259,0.5353535353535354,0.9492537313432836
0.804606,0.535578947368421,0.9492537313432836
0.804862,0.535804549283909,0.9492537313432836
0.805179,0.5360303413400759,0.9492537313432836
0.80064,0.5306377657357232,0.95
0.800713,0.530859049207673,0.95
0.800714,0.5310805173133083,0.95
0.8009,0.5313021702838063,0.95
0.800933,0.5315240083507307,0.95
0.801263,0.5317460317460317,0.95
0.801398,0.5319682407020476,0.95
0.801428,0.532190635451505,0.95
0.801857,0.5324132162275199,0.95
0.802089,0.5326359832635983,0.95
0.802517,0.5328589367936375,0.95
0.802553,0.5330820770519263,0.95
0.802902,0.5333054042731462,0.95
0.80306,0.5335289186923722,0.95
0.803136,0.5337526205450733,0.95
0.803661,0.5339765100671141,0.95
0.803696,0.5342005874947545,0.95
0.803795,0.5344248530646516,0.95
0.803861,0.5346493070138597,0.95
0.803993,0.5348739495798319,0.95
0.804068,0.5350987810004203,0.95
0.799151,0.5290697674418605,0.9507462686567164
0.79931,0.5292895720814291,0.9507462686567164
0.799381,0.5295095594347464,0.9507462686567164
0.79976,0.5297297297297298,0.9507462686567164
0.799958,0.5299500831946755,0.9507462686567164
0.800031,0.5301706200582605,0.9507462686567164
0.800087,0.5303913405495421,0.9507462686567164
0.800511,0.5306122448979592,0.9507462686567164
0.80057,0.5308333333333334,0.9507462686567164
0.799115,0.5292652552926526,0.9514925373134329
0.798842,0.5294605809128631,0.9522388059701492
0.797948,0.5287784679089027,0.9529850746268657
0.798032,0.5289975144987572,0.9529850746268657
0.798473,0.5292167426440116,0.9529850746268657
0.79867,0.5294361525704809,0.9529850746268657
0.798797,0.529655744504355,0.9529850746268657
0.791994,0.5229132569558101,0.9537313432835821
0.792031,0.52312730249693,0.9537313432835821
0.792111,0.5233415233415234,0.9537313432835821
0.792457,0.5235559197050389,0.9537313432835821
0.792914,0.5237704918032787,0.9537313432835821
0.793129,0.5239852398523985,0.9537313432835821
0.793451,0.5242001640689089,0.9537313432835821
0.794159,0.5244152646696758,0.9537313432835821
0.794248,0.5246305418719212,0.9537313432835821
0.794252,0.5248459958932238,0.9537313432835821
0.79438,0.5250616269515201,0.9537313432835821
0.794678,0.5252774352651048,0.9537313432835821
0.794681,0.5254934210526315,0.9537313432835821
0.795063,0.5257095845331139,0.9537313432835821
0.795126,0.5259259259259259,0.9537313432835821
0.795332,0.5261424454508028,0.9537313432835821
0.795464,0.5263591433278418,0.9537313432835821
0.795548,0.5265760197775031,0.9537313432835821
0.795814,0.52679307502061,0.9537313432835821
0.795841,0.5270103092783505,0.9537313432835821
0.796153,0.5272277227722773,0.9537313432835821
0.796358,0.5274453157243087,0.9537313432835821
0.796401,0.5276630883567299,0.9537313432835821
0.797178,0.5278810408921933,0.9537313432835821
0.797218,0.528099173553719,0.9537313432835821
0.797394,0.5283174865646961,0.9537313432835821
0.797515,0.5285359801488834,0.9537313432835821
0.797569,0.5287546545304096,0.9537313432835821
0.797595,0.5289735099337748,0.9537313432835821
0.789648,0.5205535205535206,0.9544776119402985
0.789666,0.5207654723127035,0.9544776119402985
0.789706,0.5209775967413443,0.9544776119402985
0.789772,0.5211898940505297,0.9544776119402985
0.790377,0.5214023644516919,0.9544776119402985
0.790412,0.5216150081566069,0.9544776119402985
0.790493,0.521827825377397,0.9544776119402985
0.791018,0.5220408163265307,0.9544776119402985
0.791758,0.5222539812168232,0.9544776119402985
0.791777,0.5224673202614379,0.9544776119402985
0.791898,0.5226808336738864,0.9544776119402985
0.79192,0.5228945216680294,0.9544776119402985
0.791924,0.5231083844580777,0.9544776119402985
0.785714,0.5171717171717172,0.9552238805970149
0.786004,0.5173807599029911,0.9552238805970149
0.786144,0.5175899716942984,0.9552238805970149
0.786447,0.517799352750809,0.9552238805970149
0.786516,0.5180089032780251,0.9552238805970149
0.787202,0.5182186234817814,0.9552238805970149
0.787306,0.5184285135682463,0.9552238805970149
0.787654,0.5186385737439222,0.9552238805970149
0.787663,0.5188488042156465,0.9552238805970149
0.78767,0.519059205190592,0.9552238805970149
0.78808,0.5192697768762677,0.9552238805970149
0.78812,0.5194805194805194,0.9552238805970149
0.788399,0.5196914332115307,0.9552238805970149
0.788527,0.5199025182778229,0.9552238805970149
0.788789,0.5201137748882568,0.9552238805970149
0.789184,0.5203252032520326,0.9552238805970149
0.789213,0.5205368035786905,0.9552238805970149
0.789642,0.5207485760781123,0.9552238805970149
0.783847,0.5150784077201448,0.9559701492537314
0.78398,0.5152855993563958,0.9559701492537314
0.783987,0.5154929577464789,0.9559701492537314
0.784128,0.5157004830917874,0.9559701492537314
0.784382,0.5159081755940395,0.9559701492537314
0.784679,0.516116035455278,0.9559701492537314
0.784694,0.5163240628778718,0.9559701492537314
0.784756,0.5165322580645161,0.9559701492537314
0.784845,0.5167406212182332,0.9559701492537314
0.78487,0.5169491525423728,0.9559701492537314
0.785056,0.5171578522406136,0.9559701492537314
0.785577,0.5173667205169629,0.9559701492537314
0.782965,0.5140336808340016,0.9567164179104478
0.783286,0.5142398716405937,0.9567164179104478
0.783401,0.514446227929374,0.9567164179104478
0.783571,0.5146527498996387,0.9567164179104478
0.783614,0.5148594377510041,0.9567164179104478
0.783658,0.515066291683407,0.9567164179104478
0.783724,0.5152733118971061,0.9567164179104478
0.780948,0.5123801916932907,0.9574626865671642
0.78103,0.5125848981222533,0.9574626865671642
0.781352,0.5127897681854516,0.9574626865671642
0.781713,0.5129948020791684,0.9574626865671642
0.781911,0.5132,0.9574626865671642
0.782624,0.513405362144858,0.9574626865671642
0.782736,0.5136108887109688,0.9574626865671642
0.782776,0.513816579895875,0.9574626865671642
0.782885,0.5140224358974359,0.9574626865671642
0.782955,0.5142284569138277,0.9574626865671642
0.779833,0.5119617224880383,0.9582089552238806
0.780113,0.5121659353809334,0.9582089552238806
0.780486,0.5123703112529928,0.9582089552238806
0.780851,0.5125748502994012,0.9582089552238806
0.778365,0.510934393638171,0.9589552238805971
0.778704,0.5111376292760541,0.9589552238805971
0.778771,0.5113410266613609,0.9589552238805971
0.779091,0.5115445859872612,0.9589552238805971
0.779261,0.5117483074472322,0.9589552238805971
0.779354,0.5119521912350598,0.9589552238805971
0.779532,0.5121562375448386,0.9589552238805971
0.776045,0.5085013839462238,0.9597014925373134
0.776171,0.5087025316455697,0.9597014925373134
0.776326,0.5089038385437278,0.9597014925373134
0.776535,0.5091053048297703,0.9597014925373134
0.776581,0.5093069306930693,0.9597014925373134
0.776738,0.5095087163232963,0.9597014925373134
0.776798,0.5097106619104241,0.9597014925373134
0.777341,0.5099127676447264,0.9597014925373134
0.777422,0.510115033716779,0.9597014925373134
0.77775,0.5103174603174603,0.9597014925373134
0.777808,0.5105200476379516,0.9597014925373134
0.777952,0.5107227958697379,0.9597014925373134
0.778067,0.5109257052046087,0.9597014925373134
0.778292,0.5111287758346582,0.9597014925373134
0.775942,0.5084946661398657,0.9604477611940299
0.775969,0.508695652173913,0.9604477611940299
0.765861,0.5001941747572816,0.9611940298507463
0.765865,0.5003885003885004,0.9611940298507463
0.766434,0.5005829770695686,0.9611940298507463
0.766737,0.5007776049766719,0.9611940298507463
0.767202,0.5009723842862699,0.9611940298507463
0.76724,0.5011673151750973,0.9611940298507463
0.767303,0.5013623978201635,0.9611940298507463
0.768,0.5015576323987538,0.9611940298507463
0.768696,0.5017530190884301,0.9611940298507463
0.768701,0.5019485580670304,0.9611940298507463
0.768951,0.5021442495126706,0.9611940298507463
0.76906,0.5023400936037441,0.9611940298507463
0.769074,0.5025360905189231,0.9611940298507463
0.769298,0.5027322404371585,0.9611940298507463
0.769312,0.5029285435376806,0.9611940298507463
0.769414,0.503125,0.9611940298507463
0.770371,0.5033216100039077,0.9611940298507463
0.770605,0.5035183737294762,0.9611940298507463
0.770918,0.5037152913570591,0.9611940298507463
0.771219,0.5039123630672926,0.9611940298507463
0.771418,0.5041095890410959,0.9611940298507463
0.771447,0.5043069694596711,0.9611940298507463
0.772003,0.5045045045045045,0.9611940298507463
0.772312,0.5047021943573667,0.9611940298507463
0.772595,0.5049000392003136,0.9611940298507463
0.772631,0.5050980392156863,0.9611940298507463
0.772739,0.5052961945861122,0.9611940298507463
0.772861,0.5054945054945055,0.9611940298507463
0.772922,0.5056929721240675,0.9611940298507463
0.773579,0.5058915946582875,0.9611940298507463
0.773769,0.506090373280943,0.9611940298507463
0.773827,0.5062893081761006,0.9611940298507463
0.773849,0.5064883995281164,0.9611940298507463
0.773954,0.5066876475216365,0.9611940298507463
0.774033,0.5068870523415978,0.9611940298507463
0.774214,0.5070866141732283,0.9611940298507463
0.774356,0.5072863332020481,0.9611940298507463
0.774644,0.5074862096138691,0.9611940298507463
0.775169,0.507686243594797,0.9611940298507463
0.775189,0.5078864353312302,0.9611940298507463
0.775674,0.5080867850098619,0.9611940298507463
0.77568,0.5082872928176796,0.9611940298507463
0.775737,0.5084879589419661,0.9611940298507463
0.775843,0.5086887835703001,0.9611940298507463
0.765441,0.5,0.9619402985074627
0.765478,0.5001940240589833,0.9619402985074627
0.765618,0.500388198757764,0.9619402985074627
0.765091,0.5,0.9626865671641791
0.765388,0.5001938735944165,0.9626865671641791
0.757231,0.49312452253628725,0.9634328358208956
0.757328,0.49331295376385176,0.9634328358208956
0.757428,0.49350152905198774,0.9634328358208956
0.757487,0.4936902485659656,0.9634328358208956
0.757712,0.49387911247130833,0.9634328358208956
0.757939,0.4940681209337926,0.9634328358208956
0.758071,0.4942572741194487,0.9634328358208956
0.758956,0.49444657219456145,0.9634328358208956
0.759016,0.4946360153256705,0.9634328358208956
0.759063,0.49482560367957074,0.9634328358208956
0.759102,0.4950153374233129,0.9634328358208956
0.759267,0.4952052167242041,0.9634328358208956
0.759293,0.49539524174980815,0.9634328358208956
0.759361,0.49558541266794626,0.9634328358208956
0.759528,0.4957757296466974,0.9634328358208956
0.759538,0.49596619285439875,0.9634328358208956
0.760086,0.49615680245964644,0.9634328358208956
0.760282,0.49634755863129565,0.9634328358208956
0.760287,0.49653846153846154,0.9634328358208956
0.760989,0.4967295113505194,0.9634328358208956
0.76101,0.4969207082371055,0.9634328358208956
0.761379,0.49711205236811706,0.9634328358208956
0.761382,0.4973035439137134,0.9634328358208956
0.761486,0.497495183044316,0.9634328358208956
0.761729,0.4976869699306091,0.9634328358208956
0.761925,0.4978789047435403,0.9634328358208956
0.761951,0.498070987654321,0.9634328358208956
0.762008,0.49826321883442687,0.9634328358208956
0.762944,0.49845559845559845,0.9634328358208956
0.763805,0.49864812668984165,0.9634328358208956
0.763863,0.4988408037094281,0.9634328358208956
0.763936,0.499033629686896,0.9634328358208956
0.764135,0.49922660479505027,0.9634328358208956
0.764311,0.49941972920696326,0.9634328358208956
0.764555,0.4996130030959752,0.9634328358208956
0.764844,0.4998064266356949,0.9634328358208956
0.764847,0.5,0.9634328358208956
0.765039,0.5001937233630376,0.9634328358208956
0.755909,0.492003046458492,0.9641791044776119
0.75616,0.4921904761904762,0.9641791044776119
0.756186,0.4923780487804878,0.9641791044776119
0.756255,0.4925657643919176,0.9641791044776119
0.756355,0.4927536231884058,0.9641791044776119
0.756664,0.49294162533384206,0.9641791044776119
0.756919,0.49312977099236643,0.9641791044776119
0.756965,0.4933180603283696,0.9641791044776119
0.754753,0.4912613981762918,0.9649253731343284
0.754809,0.49144811858608894,0.9649253731343284
0.754999,0.49163498098859315,0.9649253731343284
0.755436,0.4918219855458349,0.9649253731343284
0.755587,0.4920091324200913,0.9649253731343284
0.755751,0.49219642177388656,0.9649253731343284
0.75134,0.48830188679245284,0.9656716417910448
0.751355,0.488486221215553,0.9656716417910448
0.751395,0.48867069486404835,0.9656716417910448
0.751745,0.488855307895731,0.9656716417910448
0.751764,0.4890400604686319,0.9656716417910448
0.751923,0.4892249527410208,0.9656716417910448
0.752165,0.48940998487140697,0.9656716417910448
0.752207,0.48959515701853956,0.9656716417910448
0.752271,0.489780469341408,0.9656716417910448
0.752277,0.4899659219992427,0.9656716417910448
0.752292,0.49015151515151517,0.9656716417910448
0.753043,0.4903372489579386,0.9656716417910448
0.753496,0.49052312357846856,0.9656716417910448
0.753665,0.490709139173303,0.9656716417910448
0.753936,0.49089529590288317,0.9656716417910448
0.753951,0.49108159392789374,0.9656716417910448
0.754587,0.4912680334092635,0.9656716417910448
0.75473,0.4914546145081656,0.9656716417910448
0.749358,0.4870251974426476,0.9664179104477612
0.74947,0.4872084273890143,0.9664179104477612
0.749884,0.48739179525780957,0.9664179104477612
0.749981,0.4875753012048193,0.9664179104477612
0.750092,0.487758945386064,0.9664179104477612
0.750127,0.4879427279577995,0.9664179104477612
0.7507,0.48812664907651715,0.9664179104477612
0.750704,0.4883107088989442,0.9664179104477612
0.750829,0.4884949075820445,0.9664179104477612
0.747054,0.48612153038259565,0.9671641791044776
0.747361,0.48630393996247656,0.9671641791044776
0.748099,0.4864864864864865,0.9671641791044776
0.748414,0.48666917010889976,0.9671641791044776
0.748528,0.4868519909842224,0.9671641791044776
0.748609,0.48703494926719276,0.9671641791044776
0.748735,0.48721804511278194,0.9671641791044776
0.744455,0.4850411368735976,0.9679104477611941
0.74446,0.48522259633370746,0.9679104477611941
0.744877,0.48540419161676646,0.9679104477611941
0.745327,0.4855859228753276,0.9679104477611941
0.745487,0.48576779026217226,0.9679104477611941
0.746067,0.48594979393031096,0.9679104477611941
0.746496,0.4861319340329835,0.9679104477611941
0.746508,0.48631421072365955,0.9679104477611941
0.741484,0.48252788104089217,0.9686567164179104
0.741501,0.4827073261435478,0.9686567164179104
0.741742,0.48288690476190477,0.9686567164179104
0.741896,0.4830666170450316,0.9686567164179104
0.742023,0.4832464631422189,0.9686567164179104
0.742025,0.4834264432029795,0.9686567164179104
0.742508,0.48360655737704916,0.9686567164179104
0.742543,0.4837868058143869,0.9686567164179104
0.74267,0.48396718866517524,0.9686567164179104
0.742773,0.48414770607982094,0.9686567164179104
0.742922,0.4843283582089552,0.9686567164179104
0.743016,0.48450914520343413,0.9686567164179104
0.743554,0.48469006721433905,0.9686567164179104
0.74379,0.4848711243929772,0.9686567164179104
0.744099,0.4850523168908819,0.9686567164179104
0.744363,0.4852336448598131,0.9686567164179104
0.73449,0.47530186608122943,0.9694029850746269
0.734629,0.4754758418740849,0.9694029850746269
0.734666,0.4756499450750641,0.9694029850746269
0.734861,0.4758241758241758,0.9694029850746269
0.73495,0.4759985342616343,0.9694029850746269
0.735032,0.47617302052785926,0.9694029850746269
0.735346,0.47634763476347636,0.9694029850746269
0.735579,0.47652237710931766,0.9694029850746269
0.735867,0.476697247706422,0.9694029850746269
0.73622,0.47687224669603523,0.9694029850746269
0.736309,0.47704737421961074,0.9694029850746269
0.736628,0.4772226304188097,0.9694029850746269
0.736715,0.47739801543550164,0.9694029850746269
0.736756,0.47757352941176473,0.9694029850746269
0.736817,0.47774917248988596,0.9694029850746269
0.736878,0.47792494481236203,0.9694029850746269
0.736903,0.47810084652189916,0.9694029850746269
0.73694,0.47827687776141387,0.9694029850746269
0.73697,0.47845303867403316,0.9694029850746269
0.737109,0.47862932940309505,0.9694029850746269
0.737148,0.47880575009214893,0.9694029850746269
0.737382,0.47898230088495575,0.9694029850746269
0.737528,0.4791589819254887,0.9694029850746269
0.737535,0.4793357933579336,0.9694029850746269
0.737936,0.4795127353266888,0.9694029850746269
0.737968,0.47968980797636634,0.9694029850746269
0.738114,0.47986701145179167,0.9694029850746269
0.738669,0.48004434589800443,0.9694029850746269
0.738736,0.4802218114602588,0.9694029850746269
0.738853,0.48039940828402367,0.9694029850746269
0.738937,0.48057713651498335,0.9694029850746269
0.739058,0.48075499629903773,0.9694029850746269
0.739073,0.48093298778230287,0.9694029850746269
0.739207,0.4811111111111111,0.9694029850746269
0.739538,0.48128936643201187,0.9694029850746269
0.739845,0.4814677538917717,0.9694029850746269
0.740108,0.48164627363737483,0.9694029850746269
0.740251,0.48182492581602376,0.9694029850746269
0.740484,0.48200371057513913,0.9694029850746269
0.740636,0.4821826280623608,0.9694029850746269
0.740808,0.4823616784255477,0.9694029850746269
0.740867,0.4825408618127786,0.9694029850746269
0.741029,0.48272017837235226,0.9694029850746269
0.73275,0.4746257758305951,0.9701492537313433
0.733185,0.4747991234477721,0.9701492537313433
0.733211,0.4749725977347461,0.9701492537313433
0.733703,0.47514619883040937,0.9701492537313433
0.73391,0.4753199268738574,0.9701492537313433
0.734036,0.4754937820043892,0.9701492537313433
0.730785,0.4730909090909091,0.9708955223880597
0.730901,0.47326300472899235,0.9708955223880597
0.731089,0.4734352256186317,0.9708955223880597
0.731355,0.4736075718966145,0.9708955223880597
0.731734,0.47378004369992716,0.9708955223880597
0.731799,0.4739526411657559,0.9708955223880597
0.732023,0.4741253644314869,0.9708955223880597
0.732274,0.47429821363470653,0.9708955223880597
0.732502,0.47447118891320206,0.9708955223880597
0.732575,0.4746442904049617,0.9708955223880597
0.732664,0.4748175182481752,0.9708955223880597
0.72931,0.4722524483133841,0.9716417910447761
0.72942,0.47242380261248185,0.9716417910447761
0.729747,0.4725952813067151,0.9716417910447761
0.730034,0.47276688453159044,0.9716417910447761
0.730318,0.4729386124228115,0.9716417910447761
0.730341,0.4731104651162791,0.9716417910447761
0.730633,0.4732824427480916,0.9716417910447761
0.727862,0.47227256252265315,0.9723880597014926
0.727998,0.4724437998549674,0.9723880597014926
0.725042,0.4709281328999639,0.9731343283582089
0.72522,0.47109826589595377,0.9731343283582089
0.725783,0.4712685218648356,0.9731343283582089
0.726002,0.47143890093998553,0.9731343283582089
0.726121,0.47160940325497286,0.9731343283582089
0.726347,0.4717800289435601,0.9731343283582089
0.726773,0.4719507781397032,0.9731343283582089
0.727164,0.4721216509775525,0.9731343283582089
0.72734,0.4722926475914524,0.9731343283582089
0.727571,0.47246376811594204,0.9731343283582089
0.725014,0.4711191335740072,0.9738805970149254
0.724833,0.47113997113997114,0.9746268656716418
0.724927,0.47130999639119453,0.9746268656716418
0.724012,0.4704823614110871,0.9753731343283583
0.724337,0.4706517824990997,0.9753731343283583
0.724386,0.470821325648415,0.9753731343283583
0.724538,0.470990990990991,0.9753731343283583
0.724569,0.4711607786589762,0.9753731343283583
0.72459,0.4713306887847097,0.9753731343283583
0.711836,0.461212976022567,0.9761194029850746
0.71193,0.4613756613756614,0.9761194029850746
0.712201,0.46153846153846156,0.9761194029850746
0.712429,0.461701376632545,0.9761194029850746
0.712591,0.461864406779661,0.9761194029850746
0.712954,0.46202755210173085,0.9761194029850746
0.712955,0.46219081272084805,0.9761194029850746
0.713283,0.4623541887592789,0.9761194029850746
0.713327,0.4625176803394625,0.9761194029850746
0.713438,0.46268128758401134,0.9761194029850746
0.71355,0.46284501061571126,0.9761194029850746
0.713718,0.46300884955752214,0.9761194029850746
0.713792,0.4631728045325779,0.9761194029850746
0.713796,0.463336875664187,0.9761194029850746
0.714492,0.4635010630758327,0.9761194029850746
0.714501,0.4636653668911733,0.9761194029850746
0.714778,0.46382978723404256,0.9761194029850746
0.715156,0.46399432422844983,0.9761194029850746
0.715199,0.4641589779985806,0.9761194029850746
0.715384,0.4643237486687966,0.9761194029850746
0.715515,0.46448863636363635,0.9761194029850746
0.71571,0.46465364120781527,0.9761194029850746
0.715763,0.464818763326226,0.9761194029850746
0.716201,0.46498400284393887,0.9761194029850746
0.716331,0.465149359886202,0.9761194029850746
0.716545,0.46531483457844186,0.9761194029850746
0.717099,0.46548042704626336,0.9761194029850746
0.717336,0.46564613741545036,0.9761194029850746
0.717405,0.4658119658119658,0.9761194029850746
0.717462,0.46597791236195224,0.9761194029850746
0.717528,0.466143977191732,0.9761194029850746
0.717791,0.4663101604278075,0.9761194029850746
0.717803,0.4664764621968616,0.9761194029850746
0.717822,0.4666428826257581,0.9761194029850746
0.717847,0.4668094218415418,0.9761194029850746
0.718038,0.46697607997143875,0.9761194029850746
0.718095,0.46714285714285714,0.9761194029850746
0.718235,0.46730975348338694,0.9761194029850746
0.718276,0.46747676912080055,0.9761194029850746
0.718707,0.4676439041830533,0.9761194029850746
0.718713,0.4678111587982833,0.9761194029850746
0.718779,0.4679785330948122,0.9761194029850746
0.719128,0.4681460272011453,0.9761194029850746
0.71944,0.4683136412459721,0.9761194029850746
0.719785,0.4684813753581662,0.9761194029850746
0.7207,0.46864922966678607,0.9761194029850746
0.721204,0.46881720430107526,0.9761194029850746
0.721633,0.4689852993904625,0.9761194029850746
0.72193,0.46915351506456243,0.9761194029850746
0.721973,0.46932185145317545,0.9761194029850746
0.722114,0.4694903086862886,0.9761194029850746
0.72236,0.4696588868940754,0.9761194029850746
0.722713,0.4698275862068966,0.9761194029850746
0.722817,0.4699964067553,0.9761194029850746
0.722883,0.4701653486700216,0.9761194029850746
0.723142,0.4703344120819849,0.9761194029850746
0.723157,0.47050359712230216,0.9761194029850746
0.7234,0.4706729039222742,0.9761194029850746
0.705507,0.45657481688175794,0.9768656716417911
0.705647,0.4567341242149337,0.9768656716417911
0.705795,0.4568935427574171,0.9768656716417911
0.705945,0.45705307262569833,0.9768656716417911
0.705978,0.4572127139364303,0.9768656716417911
0.706264,0.45737246680642907,0.9768656716417911
0.706529,0.4575323313526739,0.9768656716417911
0.706764,0.4576923076923077,0.9768656716417911
0.706875,0.45785239594263727,0.9768656716417911
0.706936,0.45801259622113366,0.9768656716417911
0.70717,0.45817290864543225,0.9768656716417911
0.70732,0.4583333333333333,0.9768656716417911
0.707362,0.4584938704028021,0.9768656716417911
0.707365,0.45865451997196915,0.9768656716417911
0.707473,0.45881528215913076,0.9768656716417911
0.70768,0.45897615708274897,0.9768656716417911
0.70784,0.45913714486145213,0.9768656716417911
0.708021,0.4592982456140351,0.9768656716417911
0.708206,0.4594594594594595,0.9768656716417911
0.708473,0.45962078651685395,0.9768656716417911
0.708746,0.45978222690551457,0.9768656716417911
0.709373,0.4599437807449051,0.9768656716417911
0.709849,0.4601054481546573,0.9768656716417911
0.709932,0.46026722925457103,0.9768656716417911
0.710011,0.46042912416461484,0.9768656716417911
0.710377,0.4605911330049261,0.9768656716417911
0.710497,0.46075325589581134,0.9768656716417911
0.711047,0.4609154929577465,0.9768656716417911
0.711263,0.46107784431137727,0.9768656716417911
0.711287,0.461402890377159,0.9768656716417911
0.704556,0.45628700801114597,0.9776119402985075
0.704559,0.4564459930313589,0.9776119402985075
0.704896,0.45660508888114326,0.9776119402985075
0.705397,0.45676429567642957,0.9776119402985075
0.699226,0.45269337016574585,0.9783582089552239
0.699249,0.45284974093264246,0.9783582089552239
0.6996,0.4530062197650311,0.9783582089552239
0.699988,0.45316280677497406,0.9783582089552239
0.700003,0.4533195020746888,0.9783582089552239
0.700183,0.4534763057765479,0.9783582089552239
0.70028,0.4536332179930796,0.9783582089552239
0.700308,0.4537902388369678,0.9783582089552239
0.7004,0.45394736842105265,0.9783582089552239
0.700442,0.45410460685833043,0.9783582089552239
0.701113,0.45426195426195426,0.9783582089552239
0.701283,0.45441941074523395,0.9783582089552239
0.701426,0.45457697642163664,0.9783582089552239
0.701533,0.4547346514047867,0.9783582089552239
0.702583,0.45489243580846633,0.9783582089552239
0.703228,0.45505032974661574,0.9783582089552239
0.703308,0.4552083333333333,0.9783582089552239
0.703362,0.455366446682876,0.9783582089552239
0.703419,0.4555246699096595,0.9783582089552239
0.703752,0.4556830031282586,0.9783582089552239
0.703788,0.4558414464534075,0.9783582089552239
0.703795,0.456,0.9783582089552239
0.703892,0.4561586638830898,0.9783582089552239
0.704021,0.4563174382178907,0.9783582089552239
0.704341,0.45647632311977715,0.9783582089552239
0.697615,0.4522578421234057,0.9791044776119403
0.697649,0.45241379310344826,0.9791044776119403
0.697972,0.4525698516729907,0.9791044776119403
0.698181,0.4527260179434092,0.9791044776119403
0.699182,0.45288229202623403,0.9791044776119403
0.697129,0.4518238128011012,0.9798507462686568
0.697296,0.4519793459552496,0.9798507462686568
0.697336,0.4521349862258953,0.9798507462686568
0.697351,0.4522907337237341,0.9798507462686568
0.697505,0.45244658855961406,0.9798507462686568
0.695813,0.45139127447612504,0.9805970149253731
0.695844,0.4515463917525773,0.9805970149253731
0.696631,0.45170161567548983,0.9805970149253731
0.696726,0.4518569463548831,0.9805970149253731
0.696741,0.4520123839009288,0.9805970149253731
0.687829,0.4465195246179966,0.9813432835820896
0.687943,0.4466711956521739,0.9813432835820896
0.688016,0.4468229697587496,0.9813432835820896
0.68811,0.446974847042828,0.9813432835820896
0.688224,0.44712682760965655,0.9813432835820896
0.68841,0.44727891156462585,0.9813432835820896
0.688475,0.44743109901326983,0.9813432835820896
0.688502,0.4475833900612662,0.9813432835820896
0.688506,0.4477357848144365,0.9813432835820896
0.688711,0.4478882833787466,0.9813432835820896
0.68887,0.44804088586030666,0.9813432835820896
0.688937,0.4481935923653715,0.9813432835820896
0.689008,0.44834640300034095,0.9813432835820896
0.689345,0.4484993178717599,0.9813432835820896
0.689373,0.4486523370863187,0.9813432835820896
0.689751,0.44880546075085326,0.9813432835820896
0.689883,0.44895868897234553,0.9813432835820896
0.690006,0.4491120218579235,0.9813432835820896
0.690385,0.44926545951486163,0.9813432835820896
0.69042,0.449419002050581,0.9813432835820896
0.69061,0.4495726495726496,0.9813432835820896
0.690838,0.4497264021887825,0.9813432835820896
0.691838,0.4498802600068423,0.9813432835820896
0.69187,0.45003422313483915,0.9813432835820896
0.691881,0.45018829168093116,0.9813432835820896
0.692477,0.4503424657534247,0.9813432835820896
0.692694,0.45049674546077423,0.9813432835820896
0.692722,0.45065113091158326,0.9813432835820896
0.69289,0.450805622214604,0.9813432835820896
0.69361,0.450960219478738,0.9813432835820896
0.694568,0.451114922813036,0.9813432835820896
0.694748,0.4512697323266987,0.9813432835820896
0.695277,0.45142464812907657,0.9813432835820896
0.69551,0.45157967032967034,0.9813432835820896
0.686313,0.44579945799457993,0.982089552238806
0.686471,0.4459505252456794,0.982089552238806
0.687003,0.44610169491525425,0.982089552238806
0.687053,0.44625296710749407,0.982089552238806
0.687125,0.44640434192673,0.982089552238806
0.687241,0.44655581947743467,0.982089552238806
0.687435,0.4467073998642227,0.982089552238806
0.685067,0.44523326572008115,0.9828358208955223
0.68529,0.44538383496787287,0.9828358208955223
0.685508,0.4455345060893099,0.9828358208955223
0.685649,0.44568527918781725,0.9828358208955223
0.68568,0.44583615436696006,0.9828358208955223
0.686218,0.44598713173044363,0.9828358208955223
0.677196,0.4390406395736176,0.9835820895522388
0.677276,0.4391869376874375,0.9835820895522388
0.67749,0.43933333333333335,0.9835820895522388
0.677555,0.43947982660886964,0.9835820895522388
0.677704,0.43962641761174115,0.9835820895522388
0.678197,0.43977310643977313,0.9835820895522388
0.678295,0.43991989319092123,0.9835820895522388
0.678609,0.4400667779632721,0.9835820895522388
0.678719,0.44021376085504343,0.9835820895522388
0.678818,0.440360841964584,0.9835820895522388
0.678923,0.4405080213903743,0.9835820895522388
0.679136,0.4406552992310264,0.9835820895522388
0.679249,0.4408026755852843,0.9835820895522388
0.67966,0.4409501505520241,0.9835820895522388
0.67996,0.44109772423025434,0.9835820895522388
0.679981,0.44124539671911617,0.9835820895522388
0.680016,0.4413931681178835,0.9835820895522388
0.680054,0.44154103852596316,0.9835820895522388
0.680092,0.44168900804289546,0.9835820895522388
0.680423,0.441837076768354,0.9835820895522388
0.680828,0.44198524480214624,0.9835820895522388
0.680917,0.4421335122442134,0.9835820895522388
0.681529,0.44228187919463086,0.9835820895522388
0.682001,0.44243034575360857,0.9835820895522388
0.682173,0.4425789120214909,0.9835820895522388
0.682194,0.4427275780987571,0.9835820895522388
0.682276,0.4428763440860215,0.9835820895522388
0.682355,0.4430252100840336,0.9835820895522388
0.682363,0.44317417619367855,0.9835820895522388
0.682519,0.4433232425159771,0.9835820895522388
0.682632,0.44347240915208613,0.9835820895522388
0.682724,0.44362167620329856,0.9835820895522388
0.682859,0.44377104377104376,0.9835820895522388
0.683471,0.44392051195688786,0.9835820895522388
0.683634,0.4440700808625337,0.9835820895522388
0.683786,0.4442197505898214,0.9835820895522388
0.684044,0.44436952124072826,0.9835820895522388
0.684173,0.4445193929173693,0.9835820895522388
0.684187,0.4446693657219973,0.9835820895522388
0.684307,0.44481943975700305,0.9835820895522388
0.684324,0.4449696151249156,0.9835820895522388
0.684564,0.44511989192840257,0.9835820895522388
0.684664,0.4452702702702703,0.9835820895522388
0.684802,0.445420750253464,0.9835820895522388
0.672775,0.4373342175066313,0.9843283582089553
0.673165,0.4374792703150912,0.9843283582089553
0.673486,0.4376244193762442,0.9843283582089553
0.674046,0.43776966478592766,0.9843283582089553
0.674375,0.43791500664010624,0.9843283582089553
0.674427,0.4380604450348721,0.9843283582089553
0.674463,0.4382059800664452,0.9843283582089553
0.674697,0.43835161183117316,0.9843283582089553
0.675007,0.4384973404255319,0.9843283582089553
0.675729,0.4386431659461257,0.9843283582089553
0.676029,0.4387890884896873,0.9843283582089553
0.676414,0.4389351081530782,0.9843283582089553
0.676577,0.43908122503328895,0.9843283582089553
0.677188,0.43922743922743923,0.9843283582089553
0.669452,0.43593130779392336,0.9850746268656716
0.669678,0.4360753221010902,0.9850746268656716
0.669742,0.43621943159286186,0.9850746268656716
0.669951,0.43636363636363634,0.9850746268656716
0.670086,0.4365079365079365,0.9850746268656716
0.670521,0.4366523321204102,0.9850746268656716
0.670557,0.4367968232958306,0.9850746268656716
0.671246,0.4369414101290963,0.9850746268656716
0.671597,0.4370860927152318,0.9850746268656716
0.671834,0.4372308711493872,0.9850746268656716
0.671895,0.43737574552683894,0.9850746268656716
0.672549,0.43752071594298975,0.9850746268656716
0.668966,0.43582975915539424,0.985820895522388
0.669162,0.43597359735973595,0.985820895522388
0.669347,0.4361175305381314,0.985820895522388
0.668531,0.4357284113381674,0.9865671641791045
0.668565,0.4358720738542697,0.9865671641791045
0.668959,0.43601583113456466,0.9865671641791045
0.668196,0.4353405725567621,0.9873134328358208
0.668318,0.43548387096774194,0.9873134328358208
0.668337,0.43562726374711885,0.9873134328358208
0.668483,0.4357707509881423,0.9873134328358208
0.668496,0.4359143327841845,0.9873134328358208
0.667621,0.43509694380545516,0.9880597014925373
0.667886,0.4352399737015122,0.9880597014925373
0.66811,0.4353830976652417,0.9880597014925373
0.668159,0.4355263157894737,0.9880597014925373
0.66579,0.4344262295081967,0.9888059701492538
0.665833,0.4345687110528042,0.9888059701492538
0.665986,0.43471128608923887,0.9888059701492538
0.666648,0.43485395470955035,0.9888059701492538
0.666659,0.4349967170059094,0.9888059701492538
0.66681,0.4351395730706076,0.9888059701492538
0.667171,0.4352825229960578,0.9888059701492538
0.662825,0.43290891283055827,0.9895522388059701
0.66324,0.43305029392553884,0.9895522388059701
0.663418,0.43319176739627574,0.9895522388059701
0.663452,0.43333333333333335,0.9895522388059701
0.66365,0.4334749918273946,0.9895522388059701
0.663743,0.43361674296926095,0.9895522388059701
0.663753,0.4337585868498528,0.9895522388059701
0.663836,0.4339005235602094,0.9895522388059701
0.664143,0.4340425531914894,0.9895522388059701
0.664767,0.43418467583497056,0.9895522388059701
0.664868,0.43432689158205046,0.9895522388059701
0.664965,0.43446920052424637,0.9895522388059701
0.665459,0.43461160275319566,0.9895522388059701
0.649185,0.42423273657289,0.9902985074626866
0.649432,0.42436840422129835,0.9902985074626866
0.649456,0.42450415866922586,0.9902985074626866
0.649547,0.42464,0.9902985074626866
0.64966,0.42477592829705507,0.9902985074626866
0.649837,0.42491194364393214,0.9902985074626866
0.650538,0.4250480461242793,0.9902985074626866
0.650763,0.425184235821852,0.9902985074626866
0.650826,0.4253205128205128,0.9902985074626866
0.650886,0.42545687720423214,0.9902985074626866
0.650996,0.42559332905708785,0.9902985074626866
0.650998,0.42572986846326594,0.9902985074626866
0.651319,0.42586649550706035,0.9902985074626866
0.651502,0.4260032102728732,0.9902985074626866
0.651542,0.42614001284521513,0.9902985074626866
0.651816,0.42627690330870543,0.9902985074626866
0.651907,0.426413881748072,0.9902985074626866
0.651957,0.4265509482481517,0.9902985074626866
0.651993,0.4266881028938907,0.9902985074626866
0.652399,0.42682534577034414,0.9902985074626866
0.652503,0.426962676962677,0.9902985074626866
0.652855,0.4271000965561635,0.9902985074626866
0.653035,0.42723760463618804,0.9902985074626866
0.653129,0.42737520128824474,0.9902985074626866
0.653184,0.4275128865979381,0.9902985074626866
0.654085,0.4276506606509829,0.9902985074626866
0.654175,0.4277885235332044,0.9902985074626866
0.654222,0.4279264753305385,0.9902985074626866
0.65451,0.42806451612903224,0.9902985074626866
0.654803,0.4282026460148435,0.9902985074626866
0.6551,0.42834086507424146,0.9902985074626866
0.655663,0.4284791733936067,0.9902985074626866
0.655853,0.42861757105943155,0.9902985074626866
0.656144,0.42875605815831985,0.9902985074626866
0.656383,0.4288946347769877,0.9902985074626866
0.656601,0.42903330100226317,0.9902985074626866
0.656675,0.4291720569210867,0.9902985074626866
0.65703,0.42931090262051114,0.9902985074626866
0.65715,0.42944983818770227,0.9902985074626866
0.657198,0.4295888637099385,0.9902985074626866
0.658058,0.42972797927461137,0.9902985074626866
0.658271,0.42986718496922577,0.9902985074626866
0.658333,0.43000648088139987,0.9902985074626866
0.658654,0.4301458670988655,0.9902985074626866
0.658882,0.43028534370946825,0.9902985074626866
0.658997,0.4304249108011677,0.9902985074626866
0.659132,0.4305645684620376,0.9902985074626866
0.659305,0.43070431678026616,0.9902985074626866
0.659363,0.43084415584415586,0.9902985074626866
0.659448,0.43098408574212405,0.9902985074626866
0.65972,0.43112410656270306,0.9902985074626866
0.659787,0.43126421839454016,0.9902985074626866
0.66003,0.43140442132639795,0.9902985074626866
0.660033,0.43154471544715445,0.9902985074626866
0.660051,0.4316851008458035,0.9902985074626866
0.660093,0.4318255776114546,0.9902985074626866
0.660372,0.4319661458333333,0.9902985074626866
0.660563,0.4321068056007815,0.9902985074626866
0.660761,0.43224755700325734,0.9902985074626866
0.661066,0.43238840013033564,0.9902985074626866
0.661175,0.43252933507170793,0.9902985074626866
0.661229,0.4326703619171829,0.9902985074626866
0.661693,0.43281148075668624,0.9902985074626866
0.662402,0.432952691680261,0.9902985074626866
0.662764,0.43309399477806787,0.9902985074626866
0.642426,0.42025316455696204,0.991044776119403
0.64267,0.42038619816397593,0.991044776119403
0.642865,0.42051931602279924,0.991044776119403
0.642915,0.4206525182134938,0.991044776119403
0.643432,0.4207858048162231,0.991044776119403
0.643808,0.420919175911252,0.991044776119403
0.643874,0.42105263157894735,0.991044776119403
0.644097,0.421186171899778,0.991044776119403
0.644226,0.4213197969543147,0.991044776119403
0.644459,0.42145350682323074,0.991044776119403
0.644716,0.42158730158730157,0.991044776119403
0.644741,0.42172118132740555,0.991044776119403
0.644899,0.4218551461245235,0.991044776119403
0.645164,0.42198919605973945,0.991044776119403
0.645536,0.4221233312142403,0.991044776119403
0.645687,0.4222575516693164,0.991044776119403
0.645722,0.4223918575063613,0.991044776119403
0.646183,0.4225262488068724,0.991044776119403
0.646324,0.42266072565245066,0.991044776119403
0.646686,0.422795288124801,0.991044776119403
0.646963,0.4229299363057325,0.991044776119403
0.6472,0.42306467027715833,0.991044776119403
0.647702,0.42319949012109626,0.991044776119403
0.647872,0.4233343959196685,0.991044776119403
0.648704,0.42346938775510207,0.991044776119403
0.648724,0.4236044657097289,0.991044776119403
0.648816,0.42373962986598596,0.991044776119403
0.648822,0.42387488030641557,0.991044776119403
0.648905,0.4240102171136654,0.991044776119403
0.648928,0.4241456403704887,0.991044776119403
0.648954,0.42428115015974444,0.991044776119403
0.648978,0.4244167465643976,0.991044776119403
0.640908,0.41977258370183196,0.9917910447761195
0.64119,0.4199052132701422,0.9917910447761195
0.641238,0.4200379266750948,0.9917910447761195
0.64144,0.42017072399620614,0.9917910447761195
0.641527,0.42030360531309297,0.9917910447761195
0.642322,0.42043657070547297,0.9917910447761195
0.629,0.4144593331255843,0.9925373134328358
0.629026,0.41458852867830426,0.9925373134328358
0.629621,0.41471780480199566,0.9925373134328358
0.629776,0.4148471615720524,0.9925373134328358
0.6299,0.41497659906396256,0.9925373134328358
0.630265,0.4151061173533084,0.9925373134328358
0.630447,0.41523571651576646,0.9925373134328358
0.630724,0.41536539662710803,0.9925373134328358
0.630824,0.415495157763199,0.9925373134328358
0.631062,0.415625,0.9925373134328358
0.631474,0.41575492341356673,0.9925373134328358
0.631525,0.41588492808005,0.9925373134328358
0.631542,0.41601501407569597,0.9925373134328358
0.631545,0.41614518147684604,0.9925373134328358
0.631872,0.4162754303599374,0.9925373134328358
0.632246,0.4164057608015028,0.9925373134328358
0.63329,0.416536172878171,0.9925373134328358
0.633553,0.4166666666666667,0.9925373134328358
0.633645,0.4167972422438107,0.9925373134328358
0.633656,0.4169278996865204,0.9925373134328358
0.633898,0.41705863907180935,0.9925373134328358
0.634068,0.41718946047678795,0.9925373134328358
0.634255,0.41732036397866334,0.9925373134328358
0.634523,0.4174513496547395,0.9925373134328358
0.634895,0.4175824175824176,0.9925373134328358
0.635044,0.417713567839196,0.9925373134328358
0.635546,0.4178448005026704,0.9925373134328358
0.636413,0.4179761156505343,0.9925373134328358
0.636669,0.41810751336057844,0.9925373134328358
0.636715,0.41823899371069184,0.9925373134328358
0.63672,0.41837055677886126,0.9925373134328358
0.636799,0.4185022026431718,0.9925373134328358
0.637122,0.4186339313818067,0.9925373134328358
0.638368,0.41876574307304787,0.9925373134328358
0.638722,0.4188976377952756,0.9925373134328358
0.63891,0.4190296156269691,0.9925373134328358
0.638938,0.41916167664670656,0.9925373134328358
0.639053,0.4192938209331652,0.9925373134328358
0.639192,0.4194260485651214,0.9925373134328358
0.639631,0.4195583596214511,0.9925373134328358
0.639693,0.4196907541811297,0.9925373134328358
0.640116,0.4198232323232323,0.9925373134328358
0.640297,0.419955794126934,0.9925373134328358
0.596515,0.3964849568066726,0.9932835820895523
0.596709,0.3966030989272944,0.9932835820895523
0.596774,0.39672131147540984,0.9932835820895523
0.596918,0.3968395945140131,0.9932835820895523
0.596926,0.3969579481061736,0.9932835820895523
0.597503,0.3970763723150358,0.9932835820895523
0.598051,0.39719486720381975,0.9932835820895523
0.598182,0.3973134328358209,0.9932835820895523
0.599059,0.39743206927441027,0.9932835820895523
0.599231,0.39755077658303467,0.9932835820895523
0.599393,0.3976695548252166,0.9932835820895523
0.599863,0.3977884040645547,0.9932835820895523
0.600097,0.3979073243647235,0.9932835820895523
0.600473,0.3980263157894737,0.9932835820895523
0.600521,0.39814537840263237,0.9932835820895523
0.600604,0.39826451226810294,0.9932835820895523
0.600854,0.3983837174498653,0.9932835820895523
0.600998,0.39850299401197603,0.9932835820895523
0.601039,0.39862234201856844,0.9932835820895523
0.601097,0.3987417615338526,0.9932835820895523
0.601277,0.3988612526221157,0.9932835820895523
0.601387,0.39898081534772184,0.9932835820895523
0.601747,0.39910044977511244,0.9932835820895523
0.60276,0.3992201559688062,0.9932835820895523
0.603269,0.39933993399339934,0.9932835820895523
0.603315,0.3994597839135654,0.9932835820895523
0.603328,0.39957970579405583,0.9932835820895523
0.603447,0.3996996996996997,0.9932835820895523
0.603599,0.399819765695404,0.9932835820895523
0.60371,0.39993990384615385,0.9932835820895523
0.603731,0.4000601142170123,0.9932835820895523
0.603738,0.40018039687312085,0.9932835820895523
0.603772,0.40030075187969927,0.9932835820895523
0.603811,0.40042117930204574,0.9932835820895523
0.604513,0.4005416792055372,0.9932835820895523
0.605205,0.40066225165562913,0.9932835820895523
0.605257,0.40078289671785605,0.9932835820895523
0.605462,0.40090361445783135,0.9932835820895523
0.605671,0.40102440494124736,0.9932835820895523
0.605737,0.4011452682338758,0.9932835820895523
0.606253,0.4012662044015677,0.9932835820895523
0.606313,0.4013872135102533,0.9932835820895523
0.606402,0.4015082956259427,0.9932835820895523
0.606476,0.4016294508147254,0.9932835820895523
0.606518,0.4017506791427709,0.9932835820895523
0.606668,0.4018719806763285,0.9932835820895523
0.607448,0.4019933554817276,0.9932835820895523
0.607676,0.40211480362537766,0.9932835820895523
0.608654,0.4022363251737685,0.9932835820895523
0.609333,0.4023579201934704,0.9932835820895523
0.609451,0.40247958875113393,0.9932835820895523
0.609484,0.4026013309134906,0.9932835820895523
0.609957,0.4027231467473525,0.9932835820895523
0.609978,0.4028450363196126,0.9932835820895523
0.610057,0.4029669996972449,0.9932835820895523
0.61046,0.4030890369473047,0.9932835820895523
0.610645,0.4032111481369282,0.9932835820895523
0.610927,0.4033333333333333,0.9932835820895523
0.611113,0.40345559260381936,0.9932835820895523
0.611259,0.40357792601576714,0.9932835820895523
0.611359,0.4037003336366394,0.9932835820895523
0.611407,0.4038228155339806,0.9932835820895523
0.611717,0.4039453717754173,0.9932835820895523
0.611799,0.40406800242865815,0.9932835820895523
0.612177,0.40419070756149406,0.9932835820895523
0.612242,0.4043134872417983,0.9932835820895523
0.612404,0.4044363415375266,0.9932835820895523
0.612405,0.4045592705167173,0.9932835820895523
0.612554,0.40468227424749165,0.9932835820895523
0.612575,0.4048053527980535,0.9932835820895523
0.61291,0.40492850623668997,0.9932835820895523
0.613069,0.40505173463177113,0.9932835820895523
0.613206,0.40517503805175037,0.9932835820895523
0.61353,0.4052984165651644,0.9932835820895523
0.613561,0.4054218702406336,0.9932835820895523
0.613803,0.40554539914686166,0.9932835820895523
0.614024,0.4056690033526364,0.9932835820895523
0.614812,0.4057926829268293,0.9932835820895523
0.614958,0.4059164379383959,0.9932835820895523
0.615091,0.40604026845637586,0.9932835820895523
0.61525,0.4061641745498932,0.9932835820895523
0.615612,0.4062881562881563,0.9932835820895523
0.615654,0.406412213740458,0.9932835820895523
0.615901,0.4065363469761759,0.9932835820895523
0.61592,0.40666055606477236,0.9932835820895523
0.616097,0.4067848410757946,0.9932835820895523
0.616147,0.406909202078875,0.9932835820895523
0.616153,0.40703363914373086,0.9932835820895523
0.616206,0.40715815234016517,0.9932835820895523
0.616739,0.4072827417380661,0.9932835820895523
0.617263,0.4074074074074074,0.9932835820895523
0.617985,0.4075321494182486,0.9932835820895523
0.61841,0.4076569678407351,0.9932835820895523
0.619395,0.40778186274509803,0.9932835820895523
0.619503,0.4079068342016549,0.9932835820895523
0.619684,0.40803188228080933,0.9932835820895523
0.619875,0.4081570070530512,0.9932835820895523
0.619965,0.40828220858895703,0.9932835820895523
0.620014,0.40840748695918994,0.9932835820895523
0.620102,0.4085328422344997,0.9932835820895523
0.620232,0.40865827448572306,0.9932835820895523
0.620275,0.40878378378378377,0.9932835820895523
0.620941,0.40890937019969276,0.9932835820895523
0.621055,0.40903503380454825,0.9932835820895523
0.621071,0.4091607746695358,0.9932835820895523
0.621313,0.40928659286592867,0.9932835820895523
0.621346,0.40941248846508765,0.9932835820895523
0.621547,0.4095384615384615,0.9932835820895523
0.621718,0.4096645121575869,0.9932835820895523
0.621772,0.4097906403940887,0.9932835820895523
0.621886,0.40991684631967973,0.9932835820895523
0.621899,0.41004313000616144,0.9932835820895523
0.621966,0.4101694915254237,0.9932835820895523
0.622271,0.4102959309494451,0.9932835820895523
0.622295,0.41042244835029296,0.9932835820895523
0.62233,0.41054904380012336,0.9932835820895523
0.622517,0.41067571737118175,0.9932835820895523
0.622524,0.4108024691358025,0.9932835820895523
0.622543,0.4109292991664094,0.9932835820895523
0.622556,0.41105620753551575,0.9932835820895523
0.622867,0.4111831943157244,0.9932835820895523
0.622875,0.41131025957972805,0.9932835820895523
0.623289,0.4114374034003091,0.9932835820895523
0.623293,0.41156462585034015,0.9932835820895523
0.623722,0.4116919270027838,0.9932835820895523
0.623767,0.4118193069306931,0.9932835820895523
0.623785,0.4119467657072114,0.9932835820895523
0.624097,0.4120743034055728,0.9932835820895523
0.624173,0.4122019200991019,0.9932835820895523
0.624398,0.4124573907654168,0.9932835820895523
0.624523,0.4125852448853069,0.9932835820895523
0.624882,0.41271317829457366,0.9932835820895523
0.625079,0.4128411910669975,0.9932835820895523
0.625199,0.4129692832764505,0.9932835820895523
0.625409,0.4130974549968963,0.9932835820895523
0.625883,0.4132257063023906,0.9932835820895523
0.626216,0.41335403726708075,0.9932835820895523
0.626327,0.4134824479652066,0.9932835820895523
0.626524,0.4136109384711001,0.9932835820895523
0.626576,0.4137395088591856,0.9932835820895523
0.62708,0.4138681592039801,0.9932835820895523
0.627612,0.4139968895800933,0.9932835820895523
0.627659,0.41412570006222776,0.9932835820895523
0.628328,0.41425459072517895,0.9932835820895523
0.62866,0.4143835616438356,0.9932835820895523
0.628719,0.4145126128931797,0.9932835820895523
0.628762,0.4146417445482866,0.9932835820895523
0.591642,0.3941994672980172,0.9940298507462687
0.592011,0.39431616341030196,0.9940298507462687
0.592206,0.39443292863488305,0.9940298507462687
0.592282,0.39454976303317535,0.9940298507462687
0.592741,0.39466666666666667,0.9940298507462687
0.592757,0.3947836395969176,0.9940298507462687
0.593072,0.3949006818855618,0.9940298507462687
0.593297,0.39501779359430605,0.9940298507462687
0.593521,0.3951349747849303,0.9940298507462687
0.593836,0.39525222551928785,0.9940298507462687
0.594355,0.39536954585930545,0.9940298507462687
0.59456,0.39548693586698336,0.9940298507462687
0.594639,0.3956043956043956,0.9940298507462687
0.594865,0.39572192513368987,0.9940298507462687
0.594978,0.39583952451708765,0.9940298507462687
0.595221,0.39595719381688466,0.9940298507462687
0.595395,0.3960749330954505,0.9940298507462687
0.59564,0.396192742415229,0.9940298507462687
0.595674,0.3963106218387385,0.9940298507462687
0.595987,0.3964285714285714,0.9940298507462687
0.596355,0.39654659124739505,0.9940298507462687
0.596473,0.3966646813579512,0.9940298507462687
0.583568,0.3903367496339678,0.994776119402985
0.583576,0.39045108377270066,0.994776119402985
0.583887,0.3905654849106358,0.994776119402985
0.584094,0.3906799531066823,0.994776119402985
0.584419,0.39079448841981823,0.994776119402985
0.584944,0.39090909090909093,0.994776119402985
0.585203,0.3910237606336169,0.994776119402985
0.585279,0.3911384976525822,0.994776119402985
0.585718,0.39125330202524217,0.994776119402985
0.586021,0.3913681738109219,0.994776119402985
0.586732,0.3914831130690162,0.994776119402985
0.586994,0.3915981198589894,0.994776119402985
0.587211,0.39171319424037615,0.994776119402985
0.58728,0.39182833627278074,0.994776119402985
0.587346,0.39194354601587766,0.994776119402985
0.587526,0.39205882352941174,0.994776119402985
0.58767,0.392174168873198,0.994776119402985
0.587915,0.39228958210712184,0.994776119402985
0.588035,0.3924050632911392,0.994776119402985
0.58826,0.3925206124852768,0.994776119402985
0.588327,0.3926362297496318,0.994776119402985
0.588588,0.3927519151443724,0.994776119402985
0.58866,0.3928676687297377,0.994776119402985
0.588724,0.39298349056603776,0.994776119402985
0.588807,0.3930993807136538,0.994776119402985
0.589239,0.39321533923303836,0.994776119402985
0.589292,0.39333136618471526,0.994776119402985
0.589615,0.3934474616292798,0.994776119402985
0.589705,0.3935636256273989,0.994776119402985
0.589786,0.393679858239811,0.994776119402985
0.589933,0.39379615952732644,0.994776119402985
0.590026,0.39391252955082745,0.994776119402985
0.590172,0.3940289683712681,0.994776119402985
0.590401,0.39414547604967476,0.994776119402985
0.590885,0.3942620526471458,0.994776119402985
0.591266,0.39437869822485205,0.994776119402985
0.577493,0.3877906976744186,0.9955223880597015
0.578318,0.38790346030822914,0.9955223880597015
0.578628,0.38801628853984876,0.9955223880597015
0.578709,0.38812918242653477,0.9955223880597015
0.578714,0.3882421420256112,0.9955223880597015
0.578891,0.3883551673944687,0.9955223880597015
0.578981,0.38846825859056494,0.9955223880597015
0.579127,0.3885814156714244,0.9955223880597015
0.57925,0.3886946386946387,0.9955223880597015
0.579363,0.3888079277178665,0.9955223880597015
0.579864,0.3889212827988338,0.9955223880597015
0.580281,0.3890347039953339,0.9955223880597015
0.580431,0.38914819136522755,0.9955223880597015
0.580581,0.38926174496644295,0.9955223880597015
0.581186,0.38937536485697605,0.9955223880597015
0.581306,0.3894890510948905,0.9955223880597015
0.581595,0.38960280373831774,0.9955223880597015
0.582012,0.3897166228454572,0.9955223880597015
0.582333,0.3898305084745763,0.9955223880597015
0.582538,0.3899444606840105,0.9955223880597015
0.582553,0.3900584795321637,0.9955223880597015
0.58281,0.390172565077508,0.9955223880597015
0.58301,0.39028671737858395,0.9955223880597015
0.58312,0.3904009364940006,0.9955223880597015
0.583129,0.3905152224824356,0.9955223880597015
0.571465,0.3851702250432776,0.996268656716418
0.571521,0.3852813852813853,0.996268656716418
0.572015,0.3853926096997691,0.996268656716418
0.572024,0.3855038983540283,0.996268656716418
0.572077,0.3856152512998267,0.996268656716418
0.572221,0.38572666859289223,0.996268656716418
0.572246,0.38583815028901736,0.996268656716418
0.572333,0.38594969644405897,0.996268656716418
0.572506,0.3860613071139387,0.996268656716418
0.572679,0.38617298235464276,0.996268656716418
0.572844,0.3862847222222222,0.996268656716418
0.572972,0.38639652677279307,0.996268656716418
0.573266,0.3865083960625362,0.996268656716418
0.573301,0.38662033014769764,0.996268656716418
0.573343,0.38673232908458866,0.996268656716418
0.573468,0.3868443929295856,0.996268656716418
0.574901,0.3869565217391304,0.996268656716418
0.575164,0.3870687155697304,0.996268656716418
0.575185,0.38718097447795824,0.996268656716418
0.575594,0.3872932985204526,0.996268656716418
0.576038,0.3874056877539176,0.996268656716418
0.57606,0.3875181422351234,0.996268656716418
0.576434,0.3876306620209059,0.996268656716418
0.576716,0.38774324716816727,0.996268656716418
0.57679,0.38785589773387563,0.996268656716418
0.577054,0.38796861377506536,0.996268656716418
0.545746,0.37349734414313673,0.9970149253731343
0.545891,0.37360178970917224,0.9970149253731343
0.54608,0.3737062937062937,0.9970149253731343
0.546275,0.37381085618354787,0.9970149253731343
0.546688,0.37391547719003637,0.9970149253731343
0.547686,0.374020156774916,0.9970149253731343
0.547718,0.3741248949873985,0.9970149253731343
0.548018,0.3742296918767507,0.9970149253731343
0.548334,0.3743345474922948,0.9970149253731343
0.548411,0.3744394618834081,0.9970149253731343
0.548852,0.3745444350995234,0.9970149253731343
0.549044,0.374649467190129,0.9970149253731343
0.549216,0.3747545582047686,0.9970149253731343
0.549248,0.37485970819304154,0.9970149253731343
0.549787,0.37496491720460284,0.9970149253731343
0.549884,0.3750701852891634,0.9970149253731343
0.550527,0.3751755124964897,0.9970149253731343
0.550553,0.3752808988764045,0.9970149253731343
0.551448,0.37538634447878616,0.9970149253731343
0.551509,0.37549184935356944,0.9970149253731343
0.551523,0.375597413550745,0.9970149253731343
0.55185,0.37570303712035996,0.9970149253731343
0.551914,0.3758087201125176,0.9970149253731343
0.551992,0.3759144625773776,0.9970149253731343
0.552535,0.3760202645651562,0.9970149253731343
0.552592,0.3761261261261261,0.9970149253731343
0.552883,0.3762320473106167,0.9970149253731343
0.553403,0.37633802816901407,0.9970149253731343
0.553442,0.37644406875176106,0.9970149253731343
0.553488,0.3765501691093574,0.9970149253731343
0.553753,0.37665632929235976,0.9970149253731343
0.55405,0.3767625493513818,0.9970149253731343
0.55432,0.3768688293370945,0.9970149253731343
0.554383,0.37697516930022573,0.9970149253731343
0.554392,0.37708156929156084,0.9970149253731343
0.554743,0.3771880293619424,0.9970149253731343
0.554833,0.37729454956227054,0.9970149253731343
0.555011,0.37740112994350283,0.9970149253731343
0.555552,0.3775077705566544,0.9970149253731343
0.555794,0.3776144714527982,0.9970149253731343
0.555948,0.37772123268306473,0.9970149253731343
0.556061,0.3778280542986425,0.9970149253731343
0.55675,0.37793493635077796,0.9970149253731343
0.556857,0.37804187889077534,0.9970149253731343
0.556946,0.3781488819699972,0.9970149253731343
0.557162,0.3782559456398641,0.9970149253731343
0.557205,0.378363069951855,0.9970149253731343
0.557291,0.3784702549575071,0.9970149253731343
0.55791,0.378577500708416,0.9970149253731343
0.557933,0.3786848072562358,0.9970149253731343
0.558228,0.37879217465267934,0.9970149253731343
0.558428,0.37889960294951786,0.9970149253731343
0.558626,0.3790070921985816,0.9970149253731343
0.559302,0.37911464245175935,0.9970149253731343
0.559441,0.37922225376099916,0.9970149253731343
0.559505,0.3793299261783078,0.9970149253731343
0.559645,0.3794376597557512,0.9970149253731343
0.560173,0.3795454545454545,0.9970149253731343
0.560444,0.37965331059960217,0.9970149253731343
0.560749,0.37976122797043776,0.9970149253731343
0.56089,0.3798692067102644,0.9970149253731343
0.560961,0.3799772468714448,0.9970149253731343
0.561307,0.38008534850640113,0.9970149253731343
0.561357,0.3801935116676153,0.9970149253731343
0.561467,0.3803017364076288,0.9970149253731343
0.561732,0.3804100227790433,0.9970149253731343
0.561842,0.38051837083452006,0.9970149253731343
0.562037,0.3806267806267806,0.9970149253731343
0.56219,0.38073525220860643,0.9970149253731343
0.562262,0.3808437856328392,0.9970149253731343
0.562954,0.38095238095238093,0.9970149253731343
0.563128,0.38106103822019394,0.9970149253731343
0.563143,0.381169757489301,0.9970149253731343
0.563182,0.3812785388127854,0.9970149253731343
0.563209,0.38138738224379104,0.9970149253731343
0.563382,0.3814962878355226,0.9970149253731343
0.563436,0.38160525564124537,0.9970149253731343
0.563507,0.38171428571428573,0.9970149253731343
0.563524,0.38182337810803085,0.9970149253731343
0.564076,0.3819325328759291,0.9970149253731343
0.564238,0.3820417500714898,0.9970149253731343
0.564506,0.38215102974828374,0.9970149253731343
0.564638,0.3822603719599428,0.9970149253731343
0.564723,0.38236977676016026,0.9970149253731343
0.56502,0.3824792442026911,0.9970149253731343
0.565025,0.38258877434135163,0.9970149253731343
0.565178,0.38269836723002004,0.9970149253731343
0.565403,0.3828080229226361,0.9970149253731343
0.56565,0.3829177414732015,0.9970149253731343
0.565685,0.3830275229357798,0.9970149253731343
0.566073,0.3831373673644967,0.9970149253731343
0.566256,0.3832472748135399,0.9970149253731343
0.566336,0.38335724533715926,0.9970149253731343
0.566511,0.38346727898966704,0.9970149253731343
0.566872,0.3835773758254378,0.9970149253731343
0.567133,0.3836875358989087,0.9970149253731343
0.567625,0.38379775926457915,0.9970149253731343
0.567801,0.3839080459770115,0.9970149253731343
0.568657,0.3840183960908307,0.9970149253731343
0.568772,0.38412880966072455,0.9970149253731343
0.568924,0.38423928674144375,0.9970149253731343
0.568944,0.38434982738780205,0.9970149253731343
0.5696,0.38446043165467625,0.9970149253731343
0.569992,0.3845710995970063,0.9970149253731343
0.570462,0.38468183126979555,0.9970149253731343
0.57069,0.3847926267281106,0.9970149253731343
0.570857,0.3849034860270815,0.9970149253731343
0.571014,0.385014409221902,0.9970149253731343
0.571318,0.38512539636782933,0.9970149253731343
0.571433,0.38523644752018454,0.9970149253731343
0.57146,0.38534756273435244,0.9970149253731343
0.524782,0.3654003826182017,0.9977611940298508
0.524967,0.3655002733734281,0.9977611940298508
0.525097,0.36560021875854526,0.9977611940298508
0.526079,0.3657002188183807,0.9977611940298508
0.526217,0.3658002735978112,0.9977611940298508
0.526394,0.36590038314176243,0.9977611940298508
0.526431,0.36600054749520944,0.9977611940298508
0.526531,0.3661007667031763,0.9977611940298508
0.526844,0.3662010408107368,0.9977611940298508
0.527522,0.3663013698630137,0.9977611940298508
0.528228,0.3664017539051795,0.9977611940298508
0.528396,0.3665021929824561,0.9977611940298508
0.528566,0.3666026871401152,0.9977611940298508
0.528805,0.3667032364234778,0.9977611940298508
0.529031,0.36680384087791496,0.9977611940298508
0.529255,0.36690450054884743,0.9977611940298508
0.529332,0.3670052154817458,0.9977611940298508
0.529463,0.3671059857221307,0.9977611940298508
0.529482,0.36720681131557265,0.9977611940298508
0.529799,0.36730769230769234,0.9977611940298508
0.53011,0.36740862874416047,0.9977611940298508
0.530445,0.3675096206706982,0.9977611940298508
0.531231,0.3676106681330767,0.9977611940298508
0.531233,0.36771177117711773,0.9977611940298508
0.531282,0.36781292984869324,0.9977611940298508
0.531571,0.3679141441937259,0.9977611940298508
0.532425,0.36801541425818884,0.9977611940298508
0.532704,0.36811674008810574,0.9977611940298508
0.533437,0.3682181217295511,0.9977611940298508
0.533481,0.3683195592286501,0.9977611940298508
0.533686,0.3684210526315789,0.9977611940298508
0.533893,0.3685226019845645,0.9977611940298508
0.533999,0.36862420733388473,0.9977611940298508
0.534182,0.3687258687258687,0.9977611940298508
0.5345,0.36882758620689654,0.9977611940298508
0.535025,0.3689293598233996,0.9977611940298508
0.535242,0.3690311896218603,0.9977611940298508
0.535271,0.3691330756488128,0.9977611940298508
0.535403,0.3692350179508423,0.9977611940298508
0.535667,0.3693370165745856,0.9977611940298508
0.53567,0.3694390715667311,0.9977611940298508
0.535805,0.3695411829740188,0.9977611940298508
0.535961,0.36964335084324024,0.9977611940298508
0.536851,0.36974557522123896,0.9977611940298508
0.537116,0.3698478561549101,0.9977611940298508
0.537215,0.3699501936912009,0.9977611940298508
0.537299,0.37005258787711043,0.9977611940298508
0.537972,0.3701550387596899,0.9977611940298508
0.538117,0.37025754638604264,0.9977611940298508
0.538259,0.3703601108033241,0.9977611940298508
0.538299,0.37046273205874203,0.9977611940298508
0.538488,0.3705654101995565,0.9977611940298508
0.538674,0.3706681452730801,0.9977611940298508
0.539434,0.37077093732667776,0.9977611940298508
0.539471,0.37087378640776697,0.9977611940298508
0.53952,0.370976692563818,0.9977611940298508
0.539587,0.3710796558423536,0.9977611940298508
0.539848,0.3711826762909495,0.9977611940298508
0.540295,0.3712857539572341,0.9977611940298508
0.540558,0.3713888888888889,0.9977611940298508
0.540632,0.37149208113364823,0.9977611940298508
0.540859,0.3715953307392996,0.9977611940298508
0.5409,0.3716986377536836,0.9977611940298508
0.540973,0.3718020022246941,0.9977611940298508
0.541298,0.37190542420027817,0.9977611940298508
0.542087,0.37200890372843626,0.9977611940298508
0.542433,0.3721124408572224,0.9977611940298508
0.542726,0.37221603563474387,0.9977611940298508
0.542895,0.3723196881091618,0.9977611940298508
0.542974,0.3724233983286908,0.9977611940298508
0.543093,0.3725271663415993,0.9977611940298508
0.543272,0.3726309921962096,0.9977611940298508
0.543364,0.37273487594089766,0.9977611940298508
0.543541,0.3728388176240937,0.9977611940298508
0.543797,0.37294281729428175,0.9977611940298508
0.544501,0.373046875,0.9977611940298508
0.544621,0.37315099078984093,0.9977611940298508
0.544847,0.3732551647124511,0.9977611940298508
0.544966,0.3733593968165317,0.9977611940298508
0.545305,0.373463687150838,0.9977611940298508
0.545341,0.37356803576417996,0.9977611940298508
0.545714,0.37367244270542205,0.9977611940298508
0.462698,0.34395886889460153,0.9985074626865672
0.463178,0.34404731293391616,0.9985074626865672
0.463983,0.3441358024691358,0.9985074626865672
0.464118,0.34422433753537435,0.9985074626865672
0.464632,0.34431291816778176,0.9985074626865672
0.464689,0.3444015444015444,0.9985074626865672
0.46488,0.34449021627188464,0.9985074626865672
0.465062,0.3445789338140613,0.9985074626865672
0.465396,0.3446676970633694,0.9985074626865672
0.465481,0.3447565060551404,0.9985074626865672
0.465541,0.34484536082474226,0.9985074626865672
0.465848,0.34493426140757927,0.9985074626865672
0.466255,0.3450232078390923,0.9985074626865672
0.466307,0.34511220015475885,0.9985074626865672
0.466384,0.34520123839009287,0.9985074626865672
0.466486,0.3452903225806452,0.9985074626865672
0.467004,0.3453794527620031,0.9985074626865672
0.467417,0.34546862896979086,0.9985074626865672
0.46742,0.3455578512396694,0.9985074626865672
0.467436,0.34564711960733663,0.9985074626865672
0.467686,0.3457364341085271,0.9985074626865672
0.467863,0.34582579477901265,0.9985074626865672
0.468124,0.3459152016546019,0.9985074626865672
0.46815,0.3460046547711404,0.9985074626865672
0.46828,0.3460941541645111,0.9985074626865672
0.468303,0.3461836998706339,0.9985074626865672
0.468928,0.34627329192546585,0.9985074626865672
0.469172,0.3463629303650013,0.9985074626865672
0.469515,0.3464526152252719,0.9985074626865672
0.470086,0.34654234654234656,0.9985074626865672
0.470464,0.3466321243523316,0.9985074626865672
0.470844,0.3467219486913708,0.9985074626865672
0.471119,0.3468118195956454,0.9985074626865672
0.471179,0.3469017371013741,0.9985074626865672
0.471194,0.34699170124481327,0.9985074626865672
0.471737,0.3470817120622568,0.9985074626865672
0.471738,0.3471717695900363,0.9985074626865672
0.472281,0.3472618738645212,0.9985074626865672
0.473429,0.34735202492211836,0.9985074626865672
0.473667,0.3474422227992729,0.9985074626865672
0.474115,0.3475324675324675,0.9985074626865672
0.474883,0.34762275915822294,0.9985074626865672
0.475161,0.3477130977130977,0.9985074626865672
0.475774,0.3478034832336886,0.9985074626865672
0.476132,0.34789391575663026,0.9985074626865672
0.476133,0.3479843953185956,0.9985074626865672
0.476468,0.3480749219562955,0.9985074626865672
0.477019,0.3481654957064793,0.9985074626865672
0.477586,0.3482561166059344,0.9985074626865672
0.47769,0.3483467846914866,0.9985074626865672
0.47778,0.3484375,0.9985074626865672
0.477964,0.34852826256837716,0.9985074626865672
0.478143,0.34861907243355916,0.9985074626865672
0.478217,0.3487099296325254,0.9985074626865672
0.478268,0.3488008342022941,0.9985074626865672
0.47836,0.3488917861799218,0.9985074626865672
0.4785,0.3489827856025039,0.9985074626865672
0.478986,0.34907383250717455,0.9985074626865672
0.479053,0.34916492693110646,0.9985074626865672
0.479108,0.34925606891151134,0.9985074626865672
0.479626,0.3493472584856397,0.9985074626865672
0.479843,0.3494384956907809,0.9985074626865672
0.479883,0.3495297805642633,0.9985074626865672
0.480004,0.3496211131434544,0.9985074626865672
0.480323,0.3497124934657606,0.9985074626865672
0.480341,0.34980392156862744,0.9985074626865672
0.480753,0.34989539748953974,0.9985074626865672
0.480964,0.34998692126602143,0.9985074626865672
0.481671,0.3500784929356358,0.9985074626865672
0.481783,0.35017011253598535,0.9985074626865672
0.481802,0.35026178010471204,0.9985074626865672
0.481899,0.35035349567949725,0.9985074626865672
0.482088,0.3504452592980618,0.9985074626865672
0.48214,0.3505370709981661,0.9985074626865672
0.482246,0.35062893081761004,0.9985074626865672
0.482303,0.35072083879423327,0.9985074626865672
0.482618,0.35081279496591505,0.9985074626865672
0.482847,0.35090479937057434,0.9985074626865672
0.482887,0.35099685204617,0.9985074626865672
0.483166,0.3510889530307006,0.9985074626865672
0.483364,0.35118110236220473,0.9985074626865672
0.48338,0.35127330007876084,0.9985074626865672
0.483689,0.35136554621848737,0.9985074626865672
0.484158,0.35145784081954295,0.9985074626865672
0.484543,0.3515501839201261,0.9985074626865672
0.4846,0.35164257555847567,0.9985074626865672
0.484719,0.35173501577287064,0.9985074626865672
0.48483,0.3518275046016303,0.9985074626865672
0.485144,0.35192004208311417,0.9985074626865672
0.485544,0.35201262825572216,0.9985074626865672
0.485567,0.35210526315789475,0.9985074626865672
0.485955,0.3521979468281127,0.9985074626865672
0.486221,0.3522906793048973,0.9985074626865672
0.486247,0.35238346062681064,0.9985074626865672
0.486346,0.35247629083245524,0.9985074626865672
0.486734,0.3525691699604743,0.9985074626865672
0.486882,0.3526620980495519,0.9985074626865672
0.487319,0.35275507513841287,0.9985074626865672
0.487607,0.3528481012658228,0.9985074626865672
0.487662,0.35294117647058826,0.9985074626865672
0.487743,0.35303430079155673,0.9985074626865672
0.4881,0.35312747426761676,0.9985074626865672
0.488533,0.353220696937698,0.9985074626865672
0.488798,0.35331396884077104,0.9985074626865672
0.488845,0.35340729001584786,0.9985074626865672
0.490527,0.3535006605019815,0.9985074626865672
0.491002,0.3535940803382664,0.9985074626865672
0.49118,0.35368754956383824,0.9985074626865672
0.491614,0.3538746363395927,0.9985074626865672
0.492184,0.353968253968254,0.9985074626865672
0.492219,0.35406192114315954,0.9985074626865672
0.492269,0.35415563790365273,0.9985074626865672
0.492299,0.35424940428911833,0.9985074626865672
0.492471,0.3543432203389831,0.9985074626865672
0.493308,0.35443708609271524,0.9985074626865672
0.493327,0.35453100158982515,0.9985074626865672
0.493338,0.35462496686986483,0.9985074626865672
0.493577,0.3547189819724284,0.9985074626865672
0.493935,0.35481304693715193,0.9985074626865672
0.494245,0.3549071618037135,0.9985074626865672
0.495168,0.35500132661183337,0.9985074626865672
0.495268,0.35509554140127386,0.9985074626865672
0.495693,0.35518980621183965,0.9985074626865672
0.495931,0.3552841210833776,0.9985074626865672
0.496661,0.3553784860557769,0.9985074626865672
0.496803,0.3554729011689692,0.9985074626865672
0.496885,0.3555673664629285,0.9985074626865672
0.497006,0.35566188197767146,0.9985074626865672
0.497027,0.3557564477532571,0.9985074626865672
0.497145,0.3558510638297872,0.9985074626865672
0.497221,0.3559457302474062,0.9985074626865672
0.497427,0.3560404470463012,0.9985074626865672
0.497847,0.35613521426670214,0.9985074626865672
0.497936,0.3562300319488818,0.9985074626865672
0.497979,0.3563249001331558,0.9985074626865672
0.498012,0.3564198188598828,0.9985074626865672
0.498048,0.3565147881694644,0.9985074626865672
0.498455,0.35660980810234544,0.9985074626865672
0.498563,0.3567048786990136,0.9985074626865672
0.498626,0.3568,0.9985074626865672
0.498838,0.3568951720458789,0.9985074626865672
0.49918,0.35699039487726786,0.9985074626865672
0.499341,0.35708566853482787,0.9985074626865672
0.499393,0.3571809930592632,0.9985074626865672
0.499407,0.35727636849132177,0.9985074626865672
0.499562,0.3573717948717949,0.9985074626865672
0.500044,0.3574672722415175,0.9985074626865672
0.500181,0.35756280064136825,0.9985074626865672
0.500362,0.35765838011226947,0.9985074626865672
0.500382,0.35775401069518714,0.9985074626865672
0.50041,0.3578496924311313,0.9985074626865672
0.500443,0.3579454253611557,0.9985074626865672
0.500502,0.35804120952635804,0.9985074626865672
0.500757,0.35813704496788007,0.9985074626865672
0.500772,0.3582329317269076,0.9985074626865672
0.502045,0.3583288698446706,0.9985074626865672
0.502164,0.35842485936244306,0.9985074626865672
0.502931,0.35852090032154343,0.9985074626865672
0.502976,0.35861699276333425,0.9985074626865672
0.503159,0.3587131367292225,0.9985074626865672
0.503375,0.3588093322606597,0.9985074626865672
0.503385,0.35890557939914164,0.9985074626865672
0.503465,0.35900187818620877,0.9985074626865672
0.503622,0.35909822866344604,0.9985074626865672
0.504129,0.3591946308724832,0.9985074626865672
0.504189,0.3592910848549946,0.9985074626865672
0.504343,0.35938759065269943,0.9985074626865672
0.504571,0.35948414830736164,0.9985074626865672
0.504874,0.35958075786079013,0.9985074626865672
0.505549,0.3596774193548387,0.9985074626865672
0.506456,0.3597741328314063,0.9985074626865672
0.5068,0.3598708983324368,0.9985074626865672
0.506817,0.35996771589991927,0.9985074626865672
0.506907,0.36006458557588805,0.9985074626865672
0.507345,0.3601615074024226,0.9985074626865672
0.50859,0.3602584814216478,0.9985074626865672
0.509219,0.36035550767573393,0.9985074626865672
0.509249,0.3604525862068966,0.9985074626865672
0.509535,0.3605497170573969,0.9985074626865672
0.510245,0.36064690026954177,0.9985074626865672
0.510391,0.3607441358856835,0.9985074626865672
0.510583,0.36084142394822005,0.9985074626865672
0.510644,0.36093876449959533,0.9985074626865672
0.511007,0.36103615758229896,0.9985074626865672
0.511201,0.3611336032388664,0.9985074626865672
0.511236,0.36123110151187904,0.9985074626865672
0.511342,0.36132865244396434,0.9985074626865672
0.511909,0.36142625607779577,0.9985074626865672
0.512523,0.36152391245609294,0.9985074626865672
0.512607,0.36162162162162165,0.9985074626865672
0.513027,0.36171938361719386,0.9985074626865672
0.513074,0.3618171984856679,0.9985074626865672
0.513339,0.3619150662699486,0.9985074626865672
0.513379,0.362012987012987,0.9985074626865672
0.513677,0.36211096075778076,0.9985074626865672
0.513904,0.36220898754737413,0.9985074626865672
0.513958,0.36230706742485785,0.9985074626865672
0.514035,0.36240520043336943,0.9985074626865672
0.514187,0.3625033866160932,0.9985074626865672
0.514243,0.36260162601626017,0.9985074626865672
0.514284,0.3626999186771483,0.9985074626865672
0.515486,0.3627982646420824,0.9985074626865672
0.516097,0.3628966639544345,0.9985074626865672
0.51621,0.36299511665762346,0.9985074626865672
0.516308,0.3630936227951153,0.9985074626865672
0.516619,0.36319218241042345,0.9985074626865672
0.517551,0.36329079554710836,0.9985074626865672
0.517694,0.36338946224877783,0.9985074626865672
0.517775,0.3634881825590872,0.9985074626865672
0.518736,0.3635869565217391,0.9985074626865672
0.519189,0.3636857841804838,0.9985074626865672
0.519504,0.3637846655791191,0.9985074626865672
0.519826,0.36388360076149034,0.9985074626865672
0.520015,0.3639825897714907,0.9985074626865672
0.520248,0.3640816326530612,0.9985074626865672
0.520501,0.36418072945019053,0.9985074626865672
0.520674,0.3642798802069153,0.9985074626865672
0.520693,0.36437908496732024,0.9985074626865672
0.521695,0.364478343775538,0.9985074626865672
0.521698,0.3645776566757493,0.9985074626865672
0.522391,0.36467702371218313,0.9985074626865672
0.522838,0.3647764449291167,0.9985074626865672
0.522853,0.36487592037087535,0.9985074626865672
0.523164,0.3649754500818331,0.9985074626865672
0.523178,0.365075034106412,0.9985074626865672
0.523898,0.365174672489083,0.9985074626865672
0.524009,0.3652743652743653,0.9985074626865672
0.524071,0.3653741125068269,0.9985074626865672
0.524186,0.3654739142310844,0.9985074626865672
0.524341,0.3655737704918033,0.9985074626865672
0.357755,0.3169981060606061,0.9992537313432835
0.358046,0.3170731707317073,0.9992537313432835
0.358082,0.31714827096162956,0.9992537313432835
0.35857,0.3172234067756456,0.9992537313432835
0.359399,0.3172985781990521,0.9992537313432835
0.359669,0.31737378525716997,0.9992537313432835
0.359929,0.31744902797534374,0.9992537313432835
0.360451,0.31752430637894236,0.9992537313432835
0.360875,0.31759962049335866,0.9992537313432835
0.360906,0.3176749703440095,0.9992537313432835
0.361045,0.31775035595633605,0.9992537313432835
0.36105,0.3178257773558035,0.9992537313432835
0.361478,0.31790123456790126,0.9992537313432835
0.361487,0.31797672761814294,0.9992537313432835
0.362466,0.31805225653206654,0.9992537313432835
0.362721,0.31812782133523404,0.9992537313432835
0.362816,0.31820342205323193,0.9992537313432835
0.364031,0.318279058711671,0.9992537313432835
0.364302,0.3183547313361864,0.9992537313432835
0.364835,0.3184304399524376,0.9992537313432835
0.366217,0.31850618458610847,0.9992537313432835
0.366401,0.31858196526290744,0.9992537313432835
0.366656,0.31865778200856737,0.9992537313432835
0.366681,0.31873363484884554,0.9992537313432835
0.367155,0.3188095238095238,0.9992537313432835
0.367336,0.3188854489164087,0.9992537313432835
0.367741,0.3189614101953311,0.9992537313432835
0.36815,0.3190374076721468,0.9992537313432835
0.368938,0.31911344137273595,0.9992537313432835
0.369296,0.31918951132300355,0.9992537313432835
0.369404,0.31926561754887933,0.9992537313432835
0.369442,0.31934176007631765,0.9992537313432835
0.369453,0.3194179389312977,0.9992537313432835
0.369554,0.3194941541398234,0.9992537313432835
0.369868,0.3195704057279236,0.9992537313432835
0.36991,0.31964669372165194,0.9992537313432835
0.370856,0.3197230181470869,0.9992537313432835
0.37115,0.31979937903033195,0.9992537313432835
0.371394,0.3198757763975155,0.9992537313432835
0.372812,0.3199522102747909,0.9992537313432835
0.372819,0.3200286806883365,0.9992537313432835
0.372845,0.32010518766435575,0.9992537313432835
0.37296,0.320181731229077,0.9992537313432835
0.372965,0.3202583114087539,0.9992537313432835
0.373535,0.3203349282296651,0.9992537313432835
0.373689,0.3204115817181144,0.9992537313432835
0.373839,0.32048827190043083,0.9992537313432835
0.37432,0.3205649988029686,0.9992537313432835
0.374426,0.3206417624521073,0.9992537313432835
0.375218,0.3207185628742515,0.9992537313432835
0.375551,0.32079540009583135,0.9992537313432835
0.375562,0.32087227414330216,0.9992537313432835
0.375824,0.3209491850431448,0.9992537313432835
0.376435,0.32102613282186526,0.9992537313432835
0.376471,0.3211031175059952,0.9992537313432835
0.37669,0.32118013912209165,0.9992537313432835
0.376867,0.32125719769673705,0.9992537313432835
0.377376,0.32133429325653945,0.9992537313432835
0.37742,0.3214114258281325,0.9992537313432835
0.377718,0.32148859543817526,0.9992537313432835
0.377769,0.32156580211335256,0.9992537313432835
0.37778,0.32164304588037473,0.9992537313432835
0.377826,0.3217203267659779,0.9992537313432835
0.378135,0.3217976447969238,0.9992537313432835
0.378681,0.321875,0.9992537313432835
0.379287,0.3219523924020197,0.9992537313432835
0.379289,0.32202982202982205,0.9992537313432835
0.379355,0.32210728891027185,0.9992537313432835
0.38032,0.3221847930702599,0.9992537313432835
0.380361,0.3222623345367028,0.9992537313432835
0.380365,0.3223399133365431,0.9992537313432835
0.380537,0.32241752949674934,0.9992537313432835
0.3813,0.322495183044316,0.9992537313432835
0.381465,0.32257287400626355,0.9992537313432835
0.381705,0.32265060240963855,0.9992537313432835
0.381772,0.32272836828151363,0.9992537313432835
0.381846,0.32280617164898745,0.9992537313432835
0.382375,0.322884012539185,0.9992537313432835
0.382928,0.3229618909792571,0.9992537313432835
0.383004,0.3230398069963812,0.9992537313432835
0.383095,0.3231177606177606,0.9992537313432835
0.383158,0.32319575187062516,0.9992537313432835
0.383478,0.3232737807822308,0.9992537313432835
0.383593,0.32335184737985995,0.9992537313432835
0.383621,0.3234299516908213,0.9992537313432835
0.38455,0.3235080937424499,0.9992537313432835
0.384752,0.3235862735621073,0.9992537313432835
0.38534,0.32366449117718155,0.9992537313432835
0.38594,0.32374274661508706,0.9992537313432835
0.386276,0.32382103990326483,0.9992537313432835
0.386366,0.3238993710691824,0.9992537313432835
0.387092,0.3239777401403339,0.9992537313432835
0.387258,0.3240561471442401,0.9992537313432835
0.38732,0.3241345921084483,0.9992537313432835
0.388663,0.3242130750605327,0.9992537313432835
0.389244,0.324291596028094,0.9992537313432835
0.389543,0.3243701550387597,0.9992537313432835
0.389694,0.32444875212018415,0.9992537313432835
0.389933,0.3245273873000485,0.9992537313432835
0.390133,0.3246060606060606,0.9992537313432835
0.390193,0.32468477206595536,0.9992537313432835
0.3902,0.32476352170749456,0.9992537313432835
0.390662,0.32484230955846677,0.9992537313432835
0.391041,0.3249211356466877,0.9992537313432835
0.391109,0.325,0.9992537313432835
0.391149,0.32507890264627337,0.9992537313432835
0.391224,0.32515784361340455,0.9992537313432835
0.391251,0.32523682292931744,0.9992537313432835
0.391385,0.32531584062196306,0.9992537313432835
0.391505,0.32539489671931954,0.9992537313432835
0.391674,0.3254739912493923,0.9992537313432835
0.391904,0.32555312424021393,0.9992537313432835
0.392043,0.32563229571984437,0.9992537313432835
0.392524,0.3257115057163707,0.9992537313432835
0.392902,0.32579075425790754,0.9992537313432835
0.39304,0.32587004137259673,0.9992537313432835
0.393204,0.3259493670886076,0.9992537313432835
0.395886,0.32602873143413685,0.9992537313432835
0.396259,0.32610813443740866,0.9992537313432835
0.397073,0.32618757612667476,0.9992537313432835
0.397104,0.3262670565302144,0.9992537313432835
0.398196,0.3263465756763344,0.9992537313432835
0.398439,0.3264261335933691,0.9992537313432835
0.398935,0.32650573030968055,0.9992537313432835
0.399099,0.32658536585365855,0.9992537313432835
0.399147,0.3266650402537204,0.9992537313432835
0.399239,0.3267447535383114,0.9992537313432835
0.399294,0.3268245057359043,0.9992537313432835
0.399427,0.326904296875,0.9992537313432835
0.400348,0.326984126984127,0.9992537313432835
0.400587,0.3270639960918417,0.9992537313432835
0.400836,0.32714390422672857,0.9992537313432835
0.401269,0.3272238514173998,0.9992537313432835
0.401832,0.3273038376924957,0.9992537313432835
0.403532,0.3273838630806846,0.9992537313432835
0.403869,0.32746392761066273,0.9992537313432835
0.403909,0.3275440313111546,0.9992537313432835
0.404211,0.32762417421091267,0.9992537313432835
0.40441,0.3277043563387176,0.9992537313432835
0.405012,0.3277845777233782,0.9992537313432835
0.406694,0.32786483839373165,0.9992537313432835
0.407072,0.32794513837864314,0.9992537313432835
0.407136,0.32802547770700635,0.9992537313432835
0.407376,0.3281058564077432,0.9992537313432835
0.407436,0.3281862745098039,0.9992537313432835
0.408126,0.3282667320421672,0.9992537313432835
0.408235,0.3283472290338401,0.9992537313432835
0.408581,0.3284277655138582,0.9992537313432835
0.409016,0.32850834151128555,0.9992537313432835
0.409046,0.32858895705521474,0.9992537313432835
0.409063,0.3286696121747668,0.9992537313432835
0.409186,0.32875030689909157,0.9992537313432835
0.409369,0.3288310412573674,0.9992537313432835
0.409447,0.32891181527880126,0.9992537313432835
0.409684,0.328992628992629,0.9992537313432835
0.411048,0.329073482428115,0.9992537313432835
0.411096,0.32915437561455263,0.9992537313432835
0.411774,0.3292353085812638,0.9992537313432835
0.411947,0.3293162813575996,0.9992537313432835
0.412165,0.3293972939729397,0.9992537313432835
0.412324,0.32947834645669294,0.9992537313432835
0.412645,0.3295594388382968,0.9992537313432835
0.412849,0.3296405711472181,0.9992537313432835
0.412863,0.32972174341295246,0.9992537313432835
0.41317,0.32980295566502466,0.9992537313432835
0.413542,0.3298842079329884,0.9992537313432835
0.413785,0.3299655002464268,0.9992537313432835
0.413948,0.33004683263495194,0.9992537313432835
0.414023,0.3301282051282051,0.9992537313432835
0.41439,0.33020961775585694,0.9992537313432835
0.414715,0.3302910705476073,0.9992537313432835
0.414901,0.3303725635331853,0.9992537313432835
0.415013,0.33045409674234943,0.9992537313432835
0.415284,0.33053567020488767,0.9992537313432835
0.415784,0.3306172839506173,0.9992537313432835
0.415842,0.33069893800938505,0.9992537313432835
0.416372,0.3307806324110672,0.9992537313432835
0.416409,0.33086236718556955,0.9992537313432835
0.416484,0.3309441423628275,0.9992537313432835
0.417249,0.33102595797280593,0.9992537313432835
0.417437,0.3311078140454995,0.9992537313432835
0.41781,0.3311897106109325,0.9992537313432835
0.418369,0.33127164769915884,0.9992537313432835
0.418996,0.3313536253402623,0.9992537313432835
0.419062,0.33143564356435645,0.9992537313432835
0.419555,0.33151770240158457,0.9992537313432835
0.4196,0.33159980188211985,0.9992537313432835
0.419666,0.33168194203616547,0.9992537313432835
0.419817,0.3317641228939544,0.9992537313432835
0.419972,0.3318463444857497,0.9992537313432835
0.420423,0.33192860684184433,0.9992537313432835
0.420596,0.3320109099925614,0.9992537313432835
0.421098,0.33209325396825395,0.9992537313432835
0.421656,0.3321756387993054,0.9992537313432835
0.421816,0.33225806451612905,0.9992537313432835
0.421826,0.3323405311491685,0.9992537313432835
0.421864,0.3324230387288977,0.9992537313432835
0.422054,0.3325055872858207,0.9992537313432835
0.422897,0.33258817685047193,0.9992537313432835
0.423132,0.33267080745341615,0.9992537313432835
0.423374,0.3327534791252485,0.9992537313432835
0.423694,0.3328361918965946,0.9992537313432835
0.423924,0.3329189457981104,0.9992537313432835
0.424669,0.33300174086048245,0.9992537313432835
0.42469,0.33308457711442785,0.9992537313432835
0.425202,0.3331674545906942,0.9992537313432835
0.425656,0.33325037332005975,0.9992537313432835
0.425756,0.3333333333333333,0.9992537313432835
0.425847,0.33341633466135456,0.9992537313432835
0.425999,0.3334993773349938,0.9992537313432835
0.427203,0.33358246138515196,0.9992537313432835
0.427225,0.33366558684276104,0.9992537313432835
0.427273,0.33374875373878365,0.9992537313432835
0.427896,0.3338319621042134,0.9992537313432835
0.428074,0.3339152119700748,0.9992537313432835
0.42812,0.3339985033674233,0.9992537313432835
0.429703,0.3340818363273453,0.9992537313432835
0.42998,0.3341652108809583,0.9992537313432835
0.430012,0.3342486270594109,0.9992537313432835
0.430109,0.33433208489388266,0.9992537313432835
0.430607,0.3344155844155844,0.9992537313432835
0.430921,0.3344991256557582,0.9992537313432835
0.431437,0.3345827086456772,0.9992537313432835
0.431588,0.3346663334166458,0.9992537313432835
0.43174,0.33475,0.9992537313432835
0.432006,0.3348337084271068,0.9992537313432835
0.432016,0.3349174587293647,0.9992537313432835
0.432163,0.33500125093820365,0.9992537313432835
0.43221,0.3350850850850851,0.9992537313432835
0.432264,0.33516896120150186,0.9992537313432835
0.432574,0.33525287931897846,0.9992537313432835
0.432741,0.3353368394690709,0.9992537313432835
0.432795,0.3354208416833667,0.9992537313432835
0.432805,0.3355048859934853,0.9992537313432835
0.433513,0.3355889724310777,0.9992537313432835
0.434218,0.33567310102782655,0.9992537313432835
0.434844,0.33575727181544635,0.9992537313432835
0.434897,0.3358414848256835,0.9992537313432835
0.434971,0.3359257400903161,0.9992537313432835
0.435613,0.33601003764115434,0.9992537313432835
0.435742,0.3360943775100402,0.9992537313432835
0.436064,0.3361787597288476,0.9992537313432835
0.436181,0.33626318432948266,0.9992537313432835
0.436374,0.33634765134388345,0.9992537313432835
0.437497,0.3364321608040201,0.9992537313432835
0.437555,0.33651671274189493,0.9992537313432835
0.437637,0.3366013071895425,0.9992537313432835
0.438164,0.3366859441790294,0.9992537313432835
0.438698,0.33677062374245476,0.9992537313432835
0.439403,0.3368553459119497,0.9992537313432835
0.439653,0.3369401107196779,0.9992537313432835
0.439807,0.33702491819783537,0.9992537313432835
0.440183,0.33710976837865053,0.9992537313432835
0.440599,0.3371946612943843,0.9992537313432835
0.441001,0.33727959697732995,0.9992537313432835
0.441234,0.3373645754598136,0.9992537313432835
0.442236,0.33744959677419356,0.9992537313432835
0.442329,0.3375346609528611,0.9992537313432835
0.443028,0.33761976802824006,0.9992537313432835
0.443152,0.3377049180327869,0.9992537313432835
0.443251,0.3377901109989909,0.9992537313432835
0.443323,0.3378753469593742,0.9992537313432835
0.443532,0.3379606259464917,0.9992537313432835
0.44365,0.3380459479929311,0.9992537313432835
0.444082,0.3381313131313131,0.9992537313432835
0.444981,0.3382167213942915,0.9992537313432835
0.445394,0.3383021728145528,0.9992537313432835
0.445467,0.3383876674248168,0.9992537313432835
0.445685,0.3384732052578362,0.9992537313432835
0.445694,0.33855878634639697,0.9992537313432835
0.44734,0.33864441072331813,0.9992537313432835
0.447507,0.3387300784214521,0.9992537313432835
0.447608,0.33881578947368424,0.9992537313432835
0.44785,0.3389015439129334,0.9992537313432835
0.447933,0.3389873417721519,0.9992537313432835
0.448358,0.33907318308432516,0.9992537313432835
0.448446,0.33915906788247213,0.9992537313432835
0.448647,0.3392449961996453,0.9992537313432835
0.448701,0.33933096806893054,0.9992537313432835
0.449853,0.3394169835234474,0.9992537313432835
0.44989,0.3395030425963489,0.9992537313432835
0.450364,0.3395891453208217,0.9992537313432835
0.450436,0.33967529173008626,0.9992537313432835
0.45055,0.3397614818573966,0.9992537313432835
0.450874,0.3398477157360406,0.9992537313432835
0.451328,0.33993399339933994,0.9992537313432835
0.451351,0.3400203148806501,0.9992537313432835
0.451576,0.34010668021336043,0.9992537313432835
0.451631,0.3401930894308943,0.9992537313432835
0.451774,0.340279542566709,0.9992537313432835
0.451919,0.3403660396542959,0.9992537313432835
0.45221,0.34045258072718027,0.9992537313432835
0.45247,0.3405391658189217,0.9992537313432835
0.452869,0.34062579496311374,0.9992537313432835
0.452881,0.34071246819338424,0.9992537313432835
0.453101,0.3407991855433953,0.9992537313432835
0.453708,0.34088594704684316,0.9992537313432835
0.45397,0.34097275273745864,0.9992537313432835
0.454099,0.34105960264900664,0.9992537313432835
0.454116,0.34114649681528664,0.9992537313432835
0.454134,0.3412334352701325,0.9992537313432835
0.454164,0.3413204180474127,0.9992537313432835
0.454279,0.3414074451810301,0.9992537313432835
0.454714,0.3414945167049222,0.9992537313432835
0.455008,0.34158163265306124,0.9992537313432835
0.455048,0.34166879305945397,0.9992537313432835
0.455478,0.34175599795814193,0.9992537313432835
0.456101,0.34184324738320143,0.9992537313432835
0.456753,0.3419305413687436,0.9992537313432835
0.457543,0.3420178799489144,0.9992537313432835
0.457803,0.34210526315789475,0.9992537313432835
0.457859,0.34219269102990035,0.9992537313432835
0.458245,0.342280163599182,0.9992537313432835
0.458647,0.34236768090002556,0.9992537313432835
0.458725,0.3424552429667519,0.9992537313432835
0.459353,0.3425428498337171,0.9992537313432835
0.459383,0.34263050153531216,0.9992537313432835
0.459512,0.34271819810596366,0.9992537313432835
0.459699,0.3428059395801331,0.9992537313432835
0.459812,0.34289372599231754,0.9992537313432835
0.459854,0.34298155737704916,0.9992537313432835
0.45995,0.3430694337688957,0.9992537313432835
0.459986,0.34315735520246027,0.9992537313432835
0.460029,0.3432453217123814,0.9992537313432835
0.460192,0.3433333333333333,0.9992537313432835
0.460435,0.34342139010002565,0.9992537313432835
0.460846,0.3435094920472037,0.9992537313432835
0.461041,0.3435976392096484,0.9992537313432835
0.461584,0.3436858316221766,0.9992537313432835
0.461598,0.34377406931964055,0.9992537313432835
0.461762,0.34386235233692863,0.9992537313432835
0.461779,0.3439506807089648,0.9992537313432835
0.462644,0.34403905447070915,0.9992537313432835
0.462693,0.34412747365715757,0.9992537313432835
-0.306967,0.28258118937157317,1.0
-0.277068,0.28264079308162837,1.0
-0.243808,0.28270042194092826,1.0
-0.241156,0.28276007596539354,1.0
-0.22574,0.2828197551709582,1.0
-0.218349,0.28287945957356975,1.0
-0.215273,0.2829391891891892,1.0
-0.209005,0.28299894403379094,1.0
-0.163541,0.2830587241233629,1.0
-0.160508,0.2831185294739066,1.0
-0.159962,0.28317836010143704,1.0
-0.157763,0.2832382160219827,1.0
-0.149256,0.2832980972515856,1.0
-0.145998,0.28335800380630155,1.0
-0.141114,0.28341793570219964,1.0
-0.129048,0.2834778929553628,1.0
-0.117939,0.2835378755818874,1.0
-0.10613,0.28359788359788357,1.0
-0.103173,0.283657917019475,1.0
-0.100516,0.28371797586279907,1.0
-0.099619,0.28377806014400675,1.0
-0.098067,0.28383816987926286,1.0
-0.091694,0.2838983050847458,1.0
-0.091616,0.2839584657766476,1.0
-0.086642,0.2840186519711742,1.0
-0.075862,0.28407886368454527,1.0
-0.058994,0.28413910093299405,1.0
-0.058611,0.2841993637327678,1.0
-0.050141,0.28425965210012727,1.0
-0.04937,0.28431996605134735,1.0
-0.047275,0.2843803056027165,1.0
-0.041242,0.28444067077053703,1.0
-0.039692,0.28450106157112526,1.0
-0.039235,0.2845614780208112,1.0
-0.033382,0.28462192013593884,1.0
-0.030616,0.28468238793286593,1.0
-0.027812,0.2847428814279643,1.0
-0.027074,0.28480340063761955,1.0
-0.018419,0.2848639455782313,1.0
-0.015713,0.28492451626621307,1.0
-0.012842,0.2849851127179923,1.0
-0.011326,0.2850457349500106,1.0
-0.005562,0.2851063829787234,1.0
-0.004281,0.2851670568206001,1.0
0.007682,0.2852277564921243,1.0
0.010335,0.2852884820097935,1.0
0.014865,0.28534923339011925,1.0
0.015377,0.2854100106496273,1.0
0.015708,0.2854708138048573,1.0
0.015715,0.2855316428723631,1.0
0.016959,0.2855924978687127,1.0
0.017798,0.2856533788104882,1.0
0.019724,0.2857142857142857,1.0
0.022231,0.28577521859671573,1.0
0.023321,0.2858361774744027,1.0
0.025046,0.2858971623639855,1.0
0.030077,0.2859581732821169,1.0
0.030083,0.28601921024546423,1.0
0.031087,0.2860802732707088,1.0
0.031202,0.28614136237454624,1.0
0.031891,0.28620247757368644,1.0
0.034334,0.2862636188848537,1.0
0.040258,0.2863247863247863,1.0
0.041723,0.28638597991023723,1.0
0.043268,0.2864471996579735,1.0
0.043429,0.28650844558477656,1.0
0.048506,0.2865697177074423,1.0
0.053801,0.28663101604278074,1.0
0.063867,0.2866923406076166,1.0
0.064705,0.2867536914187888,1.0
0.067558,0.2868150684931507,1.0
0.070109,0.2868764718475701,1.0
0.070781,0.28693790149892934,1.0
0.071404,0.2869993574641251,1.0
0.072669,0.2870608397600686,1.0
0.072787,0.28712234840368545,1.0
0.073119,0.287183883411916,1.0
0.073341,0.2872454448017149,1.0
0.074159,0.28730703259005147,1.0
0.074458,0.2873686467939095,1.0
0.074541,0.2874302874302874,1.0
0.075811,0.28749195451619824,1.0
0.076053,0.2875536480686695,1.0
0.076635,0.28761536810474353,1.0
0.077452,0.28767711464147705,1.0
0.080862,0.2877388876959416,1.0
0.084358,0.28780068728522334,1.0
0.08612,0.2878625134264232,1.0
0.088087,0.2879243661366566,1.0
0.088924,0.28798624543305396,1.0
0.090388,0.2880481513327601,1.0
0.090418,0.28811008385293485,1.0
0.091497,0.28817204301075267,1.0
0.093462,0.2882340288234029,1.0
0.093491,0.2882960413080895,1.0
0.095193,0.28835808048203143,1.0
0.095503,0.2884201463624623,1.0
0.096097,0.2884822389666308,1.0
0.096396,0.2885443583118002,1.0
0.09712,0.28860650441524877,1.0
0.097764,0.2886686772942697,1.0
0.098921,0.28873087696617106,1.0
0.100246,0.28879310344827586,1.0
0.100304,0.28885535675792195,1.0
0.102181,0.28891763691246225,1.0
0.102478,0.2889799439292646,1.0
0.103334,0.28904227782571185,1.0
0.104195,0.2891046386192017,1.0
0.105359,0.2891670263271472,1.0
0.107855,0.28922944096697606,1.0
0.108795,0.28929188255613125,1.0
0.109438,0.2893543511120708,1.0
0.109591,0.2894168466522678,1.0
0.10977,0.2894793691942104,1.0
0.109971,0.2895419187554019,1.0
0.110783,0.2896044953533607,1.0
0.113085,0.28966709900562043,1.0
0.114026,0.2897297297297297,1.0
0.116866,0.2897923875432526,1.0
0.118075,0.2898550724637681,1.0
0.118311,0.2899177845088706,1.0
0.120055,0.28998052369616967,1.0
0.12165,0.29004329004329005,1.0
0.124172,0.2901060835678718,1.0
0.124257,0.29016890428757036,1.0
0.12494,0.2902317522200563,1.0
0.125221,0.2902946273830156,1.0
0.125463,0.2903575297941495,1.0
0.125862,0.2904204594711747,1.0
0.127642,0.2904834164318231,1.0
0.128191,0.29054640069384213,1.0
0.129597,0.2906094122749946,1.0
0.129615,0.29067245119305857,1.0
0.130007,0.2907355174658277,1.0
0.131171,0.2907986111111111,1.0
0.131276,0.2908617321467332,1.0
0.131488,0.29092488059053406,1.0
0.133091,0.2909880564603692,1.0
0.136795,0.29105125977410945,1.0
0.138635,0.29111449054964156,1.0
0.138984,0.29117774880486746,1.0
0.139618,0.29124103455770484,1.0
0.140741,0.29130434782608694,1.0
0.142813,0.2913676886279626,1.0
0.143715,0.29143105698129623,1.0
0.14605,0.2914944529040679,1.0
0.146073,0.2915578764142733,1.0
0.146157,0.2916213275299238,1.0
0.146679,0.2916848062690466,1.0
0.1471,0.2917483126496843,1.0
0.147131,0.29181184668989546,1.0
0.14817,0.2918754084077543,1.0
0.152879,0.29193899782135074,1.0
0.154304,0.2920026149487906,1.0
0.156111,0.2920662598081953,1.0
0.156245,0.2921299324177022,1.0
0.156496,0.29219363279546445,1.0
0.156594,0.29225736095965105,1.0
0.157818,0.29232111692844676,1.0
0.15814,0.29238490072005235,1.0
0.158812,0.29244871235268444,1.0
0.158908,0.2925125518445754,1.0
0.159266,0.2925764192139738,1.0
0.159665,0.2926403144791439,1.0
0.16081,0.2927042376583661,1.0
0.161727,0.29276818876993665,1.0
0.163047,0.2928321678321678,1.0
0.16477,0.292896174863388,1.0
0.16566,0.2929602098819414,1.0
0.166036,0.29308836395450566,1.0
0.166997,0.2931524830452855,1.0
0.167575,0.29321663019693656,1.0
0.167647,0.29328080542788354,1.0
0.1689,0.29334500875656744,1.0
0.170436,0.29340924020144515,1.0
0.172566,0.2934734997809899,1.0
0.173429,0.29353778751369114,1.0
0.173852,0.2936021034180543,1.0
0.174377,0.29366644751260135,1.0
0.176181,0.29373081981587024,1.0
0.177913,0.29379522034641525,1.0
0.178977,0.29385964912280704,1.0
0.179752,0.29392410616363235,1.0
0.180442,0.2939885914874945,1.0
0.181598,0.29405310511301297,1.0
0.182047,0.29411764705882354,1.0
0.182241,0.29418221734357847,1.0
0.183599,0.29424681598594643,1.0
0.184959,0.2943114430046123,1.0
0.186871,0.29437609841827767,1.0
0.188874,0.2944407822456603,1.0
0.189577,0.2945054945054945,1.0
0.190736,0.2945702352165311,1.0
0.190795,0.29463500439753737,1.0
0.191756,0.2946998020672971,1.0
0.192374,0.29476462824461064,1.0
0.192706,0.2948294829482948,1.0
0.193122,0.2948943661971831,1.0
0.194182,0.29495927801012545,1.0
0.194338,0.2950242184059885,1.0
0.194549,0.2950891874036556,1.0
0.194994,0.29515418502202645,1.0
0.195552,0.2952192112800176,1.0
0.19586,0.29528426619656234,1.0
0.197942,0.29534934979061056,1.0
0.199786,0.29541446208112876,1.0
0.199918,0.2954796030871003,1.0
0.200009,0.29554477282752534,1.0
0.200316,0.2956099713214207,1.0
0.20044,0.29567519858781993,1.0
0.201488,0.2957404546457736,1.0
0.201567,0.2958057395143488,1.0
0.202763,0.29587105321262974,1.0
0.204205,0.2959363957597173,1.0
0.204223,0.2960017671747294,1.0
0.204784,0.29606716747680073,1.0
0.205133,0.29613259668508285,1.0
0.208187,0.29619805481874445,1.0
0.20901,0.296263541896971,1.0
0.209119,0.2963290579389651,1.0
0.210876,0.29639460296394604,1.0
0.212408,0.29646017699115046,1.0
0.214669,0.2965257800398318,1.0
0.216085,0.2965914121292607,1.0
0.217083,0.2966570732787248,1.0
0.217324,0.2967227635075288,1.0
0.217446,0.2967884828349945,1.0
0.217655,0.2968542312804608,1.0
0.217785,0.29692000886328385,1.0
0.218002,0.2969858156028369,1.0
0.21802,0.2970516515185103,1.0
0.218651,0.29711751662971175,1.0
0.218868,0.29718341095586603,1.0
0.219477,0.2972493345164153,1.0
0.21972,0.29731528733081874,1.0
0.221203,0.29738126941855303,1.0
0.221221,0.2974472807991121,1.0
0.221488,0.2975133214920071,1.0
0.2218,0.2975793915167666,1.0
0.221975,0.29764549089293646,1.0
0.222282,0.29771161964007997,1.0
0.223197,0.29777777777777775,1.0
0.223633,0.2978439653256279,1.0
0.223757,0.2979101823032459,1.0
0.223894,0.29797642873026464,1.0
0.22407,0.29804270462633453,1.0
0.224315,0.29810901001112344,1.0
0.224669,0.29817534490431685,1.0
0.225791,0.2982417093256176,1.0
0.227412,0.2983081032947462,1.0
0.2282,0.29837452683144067,1.0
0.228576,0.2984409799554566,1.0
0.228933,0.29850746268656714,1.0
0.229784,0.2985739750445633,1.0
0.230092,0.2986405170492534,1.0
0.230349,0.29870708872046364,1.0
0.230711,0.2987736900780379,1.0
0.231289,0.2988403211418377,1.0
0.231795,0.29890698193174214,1.0
0.231959,0.2989736724676484,1.0
0.232428,0.2990403927694711,1.0
0.234047,0.29910714285714285,1.0
0.234381,0.299173922750614,1.0
0.234772,0.2992407324698526,1.0
0.236219,0.29930757203484476,1.0
0.23631,0.2993744414655943,1.0
0.237395,0.2994413407821229,1.0
0.237653,0.2995082700044703,1.0
0.237937,0.29957522915269397,1.0
0.238363,0.29964221824686943,1.0
0.238761,0.29970923730709015,1.0
0.239162,0.29977628635346754,1.0
0.239639,0.2998433654061311,1.0
0.240075,0.2999104744852283,1.0
0.240591,0.29997761361092457,1.0
0.242464,0.3000447828034035,1.0
0.242785,0.30011198208286677,1.0
0.245753,0.300179211469534,1.0
0.246329,0.30024647098364327,1.0
0.247087,0.30031376064545046,1.0
0.247313,0.30038108047522977,1.0
0.247577,0.3004484304932735,1.0
0.247976,0.30051581071989236,1.0
0.248455,0.30058322117541497,1.0
0.24894,0.30065066188018846,1.0
0.250624,0.3007181328545781,1.0
0.2517,0.30078563411896747,1.0
0.25196,0.3008531656937584,1.0
0.25358,0.3009207275993712,1.0
0.253674,0.30098831985624436,1.0
0.254697,0.30105594248483486,1.0
0.255234,0.30112359550561796,1.0
0.25548,0.3011912789390874,1.0
0.255925,0.3012589928057554,1.0
0.256364,0.3013267371261525,1.0
0.257884,0.3013945119208277,1.0
0.258118,0.3014623172103487,1.0
0.258184,0.3015301530153015,1.0
0.259873,0.30159801935629077,1.0
0.260652,0.3016659162539397,1.0
0.261239,0.3017338437288899,1.0
0.261455,0.30180180180180183,1.0
0.26209,0.3018697904933544,1.0
0.26214,0.3019378098242452,1.0
0.262204,0.30200585981519046,1.0
0.262343,0.30207394048692515,1.0
0.262688,0.30214205186020293,1.0
0.26303,0.3022101939557961,1.0
0.263593,0.3022783667944958,1.0
0.264421,0.30234657039711194,1.0
0.264529,0.302414804784473,1.0
0.264532,0.30248306997742663,1.0
0.264614,0.302551365996839,1.0
0.26625,0.3026196928635953,1.0
0.266253,0.3026880505985995,1.0
0.266914,0.3027564392227745,1.0
0.267205,0.30282485875706217,1.0
0.267762,0.30289330922242313,1.0
0.268617,0.3029617906398372,1.0
0.268638,0.30303030303030304,1.0
0.269707,0.30309884641483825,1.0
0.269874,0.3031674208144796,1.0
0.270195,0.30323602625028284,1.0
0.2702,0.3033046627433228,1.0
0.270306,0.3033733303146932,1.0
0.27066,0.30344202898550726,1.0
0.271114,0.3035107587768969,1.0
0.271587,0.30357951971001357,1.0
0.27231,0.30364831180602764,1.0
0.273259,0.30371713508612874,1.0
0.273819,0.30378598957152575,1.0
0.274602,0.30385487528344673,1.0
0.274898,0.30392379224313903,1.0
0.274942,0.3039927404718693,1.0
0.275035,0.3040617199909235,1.0
0.275201,0.3041307308216069,1.0
0.275493,0.30419977298524403,1.0
0.27567,0.3042688465031789,1.0
0.276946,0.30433795139677494,1.0
0.277306,0.3044070876874148,1.0
0.279079,0.3044762553965008,1.0
0.279761,0.30454545454545456,1.0
0.280029,0.3046146851557172,1.0
0.280125,0.3046839472487494,1.0
0.281465,0.3047532408460314,1.0
0.281709,0.30482256596906276,1.0
0.281778,0.30489192263936293,1.0
0.283513,0.3049613108784706,1.0
0.283951,0.30503073070794445,1.0
0.284118,0.30510018214936246,1.0
0.284511,0.3051696652243225,1.0
0.285072,0.3052391799544419,1.0
0.285323,0.3053087263613579,1.0
0.28613,0.3053783044667274,1.0
0.28628,0.305447914292227,1.0
0.286284,0.30551755585955315,1.0
0.286506,0.3055872291904219,1.0
0.286609,0.3056569343065693,1.0
0.286659,0.30572667122975133,1.0
0.28769,0.3057964399817435,1.0
0.288036,0.3058662405843415,1.0
0.288703,0.3059360730593607,1.0
0.289735,0.3060059374286367,1.0
0.291715,0.3060758337140247,1.0
0.291921,0.30614576193740006,1.0
0.292548,0.3062157221206581,1.0
0.292686,0.3062857142857143,1.0
0.292936,0.30635573845450387,1.0
0.293751,0.3064257946489824,1.0
0.294023,0.30649588289112534,1.0
0.294107,0.30656600320292837,1.0
0.295211,0.30663615560640733,1.0
0.295295,0.3067063401235981,1.0
0.296017,0.3067765567765568,1.0
0.296025,0.3068468055873597,1.0
0.296213,0.3069170865781035,1.0
0.296514,0.30698739977090495,1.0
0.2966,0.307057745187901,1.0
0.296955,0.30712812285124913,1.0
0.298349,0.30719853278312703,1.0
0.29841,0.30726897500573264,1.0
0.299204,0.3073394495412844,1.0
0.300444,0.3074099564120211,1.0
0.300568,0.3074804956402019,1.0
0.300752,0.3075510672481065,1.0
0.300851,0.3076216712580349,1.0
0.300893,0.3076923076923077,1.0
0.301484,0.30776297657326596,1.0
0.302324,0.3078336779232713,1.0
0.303505,0.3079044117647059,1.0
0.30378,0.30797517811997244,1.0
0.306476,0.3080459770114943,1.0
0.306567,0.30811680846171535,1.0
0.306715,0.30818767249310025,1.0
0.306878,0.3082585691281343,1.0
0.307272,0.3083294983893235,1.0
0.308208,0.3084004602991945,1.0
0.308474,0.30847145488029465,1.0
0.308753,0.30854248215519225,1.0
0.309064,0.3086135421464763,1.0
0.309237,0.3086846348767565,1.0
0.309971,0.3087557603686636,1.0
0.310086,0.30882691864484907,1.0
0.310817,0.30889810972798526,1.0
0.311048,0.3089693336407655,1.0
0.311216,0.30904059040590404,1.0
0.312047,0.3091118800461361,1.0
0.312536,0.30918320258421783,1.0
0.312579,0.3092545580429264,1.0
0.312998,0.30932594644506,1.0
0.313252,0.309397367813438,1.0
0.313372,0.3094688221709007,1.0
0.313484,0.30954030954030953,1.0
0.313899,0.3096118299445471,1.0
0.314076,0.30968338340651724,1.0
0.314114,0.3097549699491447,1.0
0.314958,0.30982658959537573,1.0
0.31514,0.3098982423681776,1.0
0.315457,0.309969928290539,1.0
0.315747,0.3100416473854697,1.0
0.315788,0.31011339967600093,1.0
0.316209,0.3101851851851852,1.0
0.316216,0.31025700393609634,1.0
0.31679,0.3103288559518296,1.0
0.317732,0.3104007412555015,1.0
0.31795,0.31047265987025024,1.0
0.318318,0.3105446118192352,1.0
0.318718,0.31061659712563744,1.0
0.319034,0.3106886158126594,1.0
0.319999,0.310760667903525,1.0
0.320294,0.3108327534214799,1.0
0.320724,0.3109048723897912,1.0
0.321934,0.3109770248317475,1.0
0.32198,0.3110492107706592,1.0
0.322356,0.3111214302298584,1.0
0.32248,0.3111936832326986,1.0
0.323228,0.31126596980255516,1.0
0.324538,0.31133828996282525,1.0
0.324771,0.31141064373692773,1.0
0.32478,0.3114830311483031,1.0
0.325872,0.31155545222041386,1.0
0.326257,0.3116279069767442,1.0
0.326446,0.3117003954408002,1.0
0.327332,0.3117729176361098,1.0
0.327592,0.31184547358622294,1.0
0.328827,0.31191806331471134,1.0
0.329126,0.3119906868451688,1.0
0.329606,0.312063344201211,1.0
0.329749,0.31213603540647566,1.0
0.329812,0.31220876048462254,1.0
0.330024,0.31228151945933347,1.0
0.331116,0.3123543123543124,1.0
0.331335,0.31242713919328513,1.0
0.331411,0.3125,1.0
0.331451,0.3125728947982272,1.0
0.331561,0.31264582361175924,1.0
0.331776,0.31271878646441076,1.0
0.332913,0.3127917833800187,1.0
0.333153,0.31286481438244224,1.0
0.333444,0.31293787949556284,1.0
0.334118,0.31301097874328426,1.0
0.334137,0.3130841121495327,1.0
0.33432,0.3131572797382566,1.0
0.334532,0.3132304815334268,1.0
0.334663,0.3133037175590367,1.0
0.33508,0.31337698783910195,1.0
0.33524,0.3134502923976608,1.0
0.335719,0.31352363125877397,1.0
0.33643,0.31359700444652466,1.0
0.337159,0.3136704119850187,1.0
0.338749,0.31374385389838444,1.0
0.338785,0.31381733021077285,1.0
0.339786,0.31389084094635744,1.0
0.340225,0.3139643861293346,1.0
0.341084,0.3140379657839231,1.0
0.34112,0.3141115799343647,1.0
0.342909,0.3141852286049238,1.0
0.343066,0.3142589118198874,1.0
0.34345,0.31433262960356556,1.0
0.343474,0.3144063819802909,1.0
0.343819,0.31448016897441916,1.0
0.344191,0.3145539906103286,1.0
0.344209,0.31462784691242074,1.0
0.345709,0.3147017379051198,1.0
0.346358,0.3147756636128729,1.0
0.346464,0.3148496240601504,1.0
0.347486,0.31492361927144535,1.0
0.347763,0.3149976492712741,1.0
0.348246,0.3150717140841759,1.0
0.348985,0.31514581373471307,1.0
0.349319,0.3152199482474712,1.0
0.349427,0.31529411764705884,1.0
0.349688,0.31536832195810777,1.0
0.350367,0.3154425612052731,1.0
0.351034,0.3155168354132329,1.0
0.351394,0.31559114460668863,1.0
0.351937,0.31566548881036516,1.0
0.352074,0.3157398680490104,1.0
0.3521,0.3158142823473957,1.0
0.352336,0.3158887317303159,1.0
0.353172,0.315963216222589,1.0
0.353228,0.3160377358490566,1.0
0.353302,0.3161122906345836,1.0
0.353416,0.31618688060405853,1.0
0.353542,0.3162615057823932,1.0
0.354014,0.31633616619452315,1.0
0.354168,0.31641086186540734,1.0
0.354685,0.31648559282002836,1.0
0.354847,0.3165603590833924,1.0
0.355118,0.3166351606805293,1.0
0.35538,0.31670999763649255,1.0
0.356092,0.31678486997635935,1.0
0.356303,0.31685977772523055,1.0
0.356481,0.3169347209082308,1.0
0.356815,0.3170096995505086,1.0
0.357049,0.3170847136772362,1.0
0.357685,0.31715976331360946,1.0
