threshold,tpr,fpr
inf,0.0,0.0
2.009077,0.0007462686567164179,0.0
1.978348,0.0014925373134328358,0.0
1.940624,0.002238805970149254,0.0
1.915351,0.0029850746268656717,0.0
1.905506,0.0037313432835820895,0.0
1.882428,0.004477611940298508,0.0
1.864298,0.0052238805970149255,0.0
1.841303,0.005970149253731343,0.0
1.833441,0.006716417910447761,0.0
1.8171,0.007462686567164179,0.0
1.816674,0.008208955223880597,0.0
1.815625,0.008955223880597015,0.0
1.812773,0.009701492537313432,0.0
1.806228,0.010447761194029851,0.0
1.801771,0.011194029850746268,0.0
1.799968,0.011940298507462687,0.0
1.796334,0.012686567164179104,0.0
1.789431,0.013432835820895522,0.0
1.785265,0.014179104477611941,0.0
1.779834,0.014925373134328358,0.0
1.774002,0.015671641791044775,0.0
1.773866,0.016417910447761194,0.0
1.763484,0.017164179104477612,0.0
1.7479,0.01791044776119403,0.0
1.746255,0.018656716417910446,0.0
1.745635,0.019402985074626865,0.0
1.741785,0.020149253731343283,0.0
1.740653,0.020895522388059702,0.0
1.733184,0.02164179104477612,0.0
1.729555,0.022388059701492536,0.0
1.723591,0.023134328358208955,0.0
1.721781,0.023880597014925373,0.0
1.713381,0.024626865671641792,0.0
1.712467,0.025373134328358207,0.0
1.711356,0.026119402985074626,0.0
1.709466,0.026865671641791045,0.0
1.700791,0.027611940298507463,0.0
1.685357,0.028358208955223882,0.0
1.684298,0.029104477611940297,0.0
1.682626,0.029850746268656716,0.0
1.676912,0.030597014925373135,0.0
1.674059,0.03134328358208955,0.0
1.674041,0.03208955223880597,0.0
1.666897,0.03283582089552239,0.0
1.664406,0.033582089552238806,0.0
1.661348,0.034328358208955224,0.0
1.661085,0.03507462686567164,0.0
1.659773,0.03582089552238806,0.0
1.65662,0.03656716417910448,0.0
1.651009,0.03731343283582089,0.0
1.650963,0.03805970149253731,0.0
1.648997,0.03880597014925373,0.0
1.64829,0.03955223880597015,0.0
1.645775,0.04029850746268657,0.0
1.645636,0.041044776119402986,0.0
1.645466,0.041791044776119404,0.0
1.641113,0.04253731343283582,0.0
1.640582,0.04328358208955224,0.0
1.632984,0.04402985074626865,0.0
1.632357,0.04477611940298507,0.0
1.631249,0.04552238805970149,0.0
1.630137,0.04626865671641791,0.0
1.629287,0.04701492537313433,0.0
1.624332,0.04776119402985075,0.0
1.622422,0.048507462686567165,0.0
1.620655,0.049253731343283584,0.0
1.620399,0.05,0.0
1.619606,0.050746268656716415,0.0
1.618693,0.05149253731343283,0.0
1.618558,0.05223880597014925,0.0
1.615427,0.05298507462686567,0.0
1.614042,0.05373134328358209,0.0
1.612866,0.05447761194029851,0.0
1.611706,0.05522388059701493,0.0
1.606647,0.055970149253731345,0.0
1.604995,0.056716417910447764,0.0
1.604224,0.057462686567164176,0.0
1.604154,0.058208955223880594,0.0
1.601701,0.05895522388059701,0.0
1.601419,0.05970149253731343,0.0
1.600675,0.06044776119402985,0.0
1.600221,0.06119402985074627,0.0
1.599849,0.06194029850746269,0.0
1.593786,0.0626865671641791,0.0
1.593677,0.06343283582089553,0.0
1.592103,0.06417910447761194,0.0
1.591841,0.06492537313432836,0.0
1.587664,0.06567164179104477,0.0
1.586063,0.0664179104477612,0.0
1.581234,0.06716417910447761,0.0
1.581031,0.06791044776119402,0.0
1.580404,0.06865671641791045,0.0
1.578209,0.06940298507462686,0.0
1.57701,0.07014925373134329,0.0
1.575873,0.0708955223880597,0.0
1.575741,0.07164179104477612,0.0
1.573931,0.07238805970149254,0.0
1.570419,0.07313432835820896,0.0
1.570124,0.07388059701492537,0.0
1.569812,0.07462686567164178,0.0
1.567405,0.07537313432835821,0.0
1.566436,0.07611940298507462,0.0
1.565323,0.07686567164179105,0.0
1.564647,0.07761194029850746,0.0
1.564254,0.07835820895522388,0.0
1.563859,0.07835820895522388,0.00029394473838918284
1.563024,0.0791044776119403,0.00029394473838918284
1.561154,0.07985074626865672,0.00029394473838918284
1.559675,0.08059701492537313,0.00029394473838918284
1.558294,0.08134328358208955,0.00029394473838918284
1.555605,0.08208955223880597,0.00029394473838918284
1.554365,0.08283582089552238,0.00029394473838918284
1.554121,0.08358208955223881,0.00029394473838918284
1.553418,0.08432835820895522,0.00029394473838918284
1.553279,0.08507462686567165,0.00029394473838918284
1.551334,0.08582089552238806,0.00029394473838918284
1.5481,0.08656716417910448,0.00029394473838918284
1.547772,0.0873134328358209,0.00029394473838918284
1.546442,0.0880597014925373,0.00029394473838918284
1.546215,0.08880597014925373,0.00029394473838918284
1.546194,0.08955223880597014,0.00029394473838918284
1.544975,0.09029850746268657,0.00029394473838918284
1.544799,0.09104477611940298,0.00029394473838918284
1.544054,0.09179104477611941,0.00029394473838918284
1.543506,0.09253731343283582,0.00029394473838918284
1.543372,0.09328358208955224,0.00029394473838918284
1.543169,0.09402985074626866,0.00029394473838918284
1.54299,0.09477611940298507,0.00029394473838918284
1.541581,0.0955223880597015,0.00029394473838918284
1.539705,0.0962686567164179,0.00029394473838918284
1.538834,0.09701492537313433,0.00029394473838918284
1.537106,0.09776119402985074,0.00029394473838918284
1.535222,0.09850746268656717,0.00029394473838918284
1.534172,0.09925373134328358,0.00029394473838918284
1.534102,0.1,0.00029394473838918284
1.530151,0.10074626865671642,0.00029394473838918284
1.528759,0.10149253731343283,0.00029394473838918284
1.523845,0.10223880597014925,0.00029394473838918284
1.522666,0.10298507462686567,0.00029394473838918284
1.522164,0.10373134328358209,0.00029394473838918284
1.521731,0.1044776119402985,0.00029394473838918284
1.521306,0.10522388059701493,0.00029394473838918284
1.519522,0.10597014925373134,0.00029394473838918284
1.518895,0.10597014925373134,0.0005878894767783657
1.518531,0.10671641791044777,0.0005878894767783657
1.515828,0.10746268656716418,0.0005878894767783657
1.515043,0.10820895522388059,0.0005878894767783657
1.514067,0.10895522388059702,0.0005878894767783657
1.51392,0.10970149253731343,0.0005878894767783657
1.513785,0.11044776119402985,0.0005878894767783657
1.513782,0.11119402985074626,0.0005878894767783657
1.512045,0.11194029850746269,0.0005878894767783657
1.509653,0.1126865671641791,0.0005878894767783657
1.509636,0.11343283582089553,0.0005878894767783657
1.509547,0.11417910447761194,0.0005878894767783657
1.509025,0.11492537313432835,0.0005878894767783657
1.508227,0.11567164179104478,0.0005878894767783657
1.506047,0.11641791044776119,0.0005878894767783657
1.505373,0.11716417910447761,0.0005878894767783657
1.504729,0.11791044776119403,0.0005878894767783657
1.504261,0.11865671641791045,0.0005878894767783657
1.503927,0.11940298507462686,0.0005878894767783657
1.501604,0.12014925373134329,0.0005878894767783657
1.497456,0.1208955223880597,0.0005878894767783657
1.495348,0.12164179104477611,0.0005878894767783657
1.493072,0.12238805970149254,0.0005878894767783657
1.487837,0.12313432835820895,0.0005878894767783657
1.485366,0.12388059701492538,0.0005878894767783657
1.480618,0.12462686567164179,0.0005878894767783657
1.480604,0.1253731343283582,0.0005878894767783657
1.479531,0.12611940298507462,0.0005878894767783657
1.47878,0.12686567164179105,0.0005878894767783657
1.478639,0.12761194029850748,0.0005878894767783657
1.476631,0.12835820895522387,0.0005878894767783657
1.476406,0.1291044776119403,0.0005878894767783657
1.475056,0.12985074626865672,0.0005878894767783657
1.474755,0.13059701492537312,0.0005878894767783657
1.474648,0.13134328358208955,0.0005878894767783657
1.473709,0.13208955223880597,0.0005878894767783657
1.473497,0.1328358208955224,0.0005878894767783657
1.473143,0.1335820895522388,0.0005878894767783657
1.471182,0.13432835820895522,0.0005878894767783657
1.470604,0.13507462686567165,0.0005878894767783657
1.470122,0.13582089552238805,0.0005878894767783657
1.46944,0.13656716417910447,0.0005878894767783657
1.468378,0.1373134328358209,0.0005878894767783657
1.468041,0.13805970149253732,0.0005878894767783657
1.467505,0.13880597014925372,0.0005878894767783657
1.46747,0.13955223880597015,0.0005878894767783657
1.463102,0.14029850746268657,0.0005878894767783657
1.462735,0.141044776119403,0.0005878894767783657
1.462438,0.1417910447761194,0.0005878894767783657
1.461773,0.14253731343283582,0.0005878894767783657
1.460958,0.14328358208955225,0.0005878894767783657
1.458262,0.14402985074626865,0.0005878894767783657
1.458131,0.14477611940298507,0.0005878894767783657
1.458094,0.1455223880597015,0.0005878894767783657
1.45805,0.14626865671641792,0.0005878894767783657
1.457708,0.14701492537313432,0.0005878894767783657
1.457309,0.14776119402985075,0.0005878894767783657
1.455713,0.14850746268656717,0.0005878894767783657
1.45456,0.14925373134328357,0.0005878894767783657
1.45304,0.15,0.0005878894767783657
1.452166,0.15074626865671642,0.0005878894767783657
1.451235,0.15149253731343285,0.0005878894767783657
1.449008,0.15223880597014924,0.0005878894767783657
1.448986,0.15298507462686567,0.0005878894767783657
1.448097,0.1537313432835821,0.0005878894767783657
1.446969,0.15447761194029852,0.0005878894767783657
1.445918,0.15522388059701492,0.0005878894767783657
1.445054,0.15597014925373134,0.0005878894767783657
1.444997,0.15671641791044777,0.0005878894767783657
1.443383,0.15746268656716417,0.0005878894767783657
1.443182,0.1582089552238806,0.0005878894767783657
1.442505,0.15895522388059702,0.0005878894767783657
1.441947,0.15970149253731344,0.0005878894767783657
1.441319,0.16044776119402984,0.0005878894767783657
1.441207,0.16119402985074627,0.0005878894767783657
1.44119,0.1619402985074627,0.0005878894767783657
1.440287,0.1626865671641791,0.0005878894767783657
1.440243,0.16343283582089552,0.0005878894767783657
1.439594,0.16417910447761194,0.0005878894767783657
1.438552,0.16492537313432837,0.0005878894767783657
1.437762,0.16567164179104477,0.0005878894767783657
1.436577,0.1664179104477612,0.0005878894767783657
1.435786,0.16716417910447762,0.0005878894767783657
1.434929,0.16791044776119404,0.0005878894767783657
1.434113,0.16865671641791044,0.0005878894767783657
1.430741,0.16940298507462687,0.0005878894767783657
1.43027,0.1701492537313433,0.0005878894767783657
1.430113,0.1708955223880597,0.0005878894767783657
1.428694,0.17164179104477612,0.0005878894767783657
1.427574,0.17164179104477612,0.0008818342151675485
1.426959,0.17238805970149254,0.0008818342151675485
1.426159,0.17313432835820897,0.0008818342151675485
1.42555,0.17388059701492536,0.0008818342151675485
1.424823,0.1746268656716418,0.0008818342151675485
1.42212,0.17537313432835822,0.0008818342151675485
1.421294,0.1761194029850746,0.0008818342151675485
1.420519,0.17686567164179104,0.0008818342151675485
1.419206,0.17761194029850746,0.0008818342151675485
1.418454,0.1783582089552239,0.0008818342151675485
1.417986,0.1791044776119403,0.0008818342151675485
1.416342,0.1798507462686567,0.0008818342151675485
1.416134,0.18059701492537314,0.0008818342151675485
1.414581,0.18134328358208956,0.0008818342151675485
1.413562,0.18208955223880596,0.0008818342151675485
1.412991,0.18208955223880596,0.0011757789535567313
1.411796,0.18208955223880596,0.0014697236919459142
1.411793,0.1828358208955224,0.0014697236919459142
1.411037,0.18358208955223881,0.0014697236919459142
1.41057,0.1843283582089552,0.0014697236919459142
1.410464,0.18507462686567164,0.0014697236919459142
1.409752,0.18582089552238806,0.0014697236919459142
1.409464,0.1865671641791045,0.0014697236919459142
1.409347,0.1865671641791045,0.001763668430335097
1.408839,0.1873134328358209,0.001763668430335097
1.40591,0.1880597014925373,0.001763668430335097
1.404709,0.18880597014925374,0.001763668430335097
1.404378,0.18955223880597014,0.001763668430335097
1.403855,0.19029850746268656,0.001763668430335097
1.40367,0.191044776119403,0.001763668430335097
1.403636,0.1917910447761194,0.001763668430335097
1.403209,0.1925373134328358,0.001763668430335097
1.403014,0.19328358208955224,0.001763668430335097
1.402581,0.19402985074626866,0.001763668430335097
1.402432,0.1947761194029851,0.001763668430335097
1.401536,0.1947761194029851,0.00205761316872428
1.401057,0.19552238805970149,0.00205761316872428
1.4008,0.1962686567164179,0.00205761316872428
1.399988,0.19701492537313434,0.00205761316872428
1.398397,0.19776119402985073,0.00205761316872428
1.398005,0.19850746268656716,0.00205761316872428
1.397749,0.19925373134328359,0.00205761316872428
1.397552,0.2,0.00205761316872428
1.397388,0.2,0.0023515579071134627
1.39737,0.2007462686567164,0.0023515579071134627
1.396463,0.20149253731343283,0.0023515579071134627
1.396282,0.20149253731343283,0.0026455026455026454
1.392694,0.20223880597014926,0.0026455026455026454
1.392038,0.20298507462686566,0.0026455026455026454
1.391939,0.20373134328358208,0.0026455026455026454
1.391034,0.2044776119402985,0.0026455026455026454
1.390904,0.20522388059701493,0.0026455026455026454
1.390412,0.20597014925373133,0.0026455026455026454
1.388685,0.20597014925373133,0.0029394473838918285
1.387917,0.20671641791044776,0.0029394473838918285
1.387494,0.20746268656716418,0.0029394473838918285
1.387404,0.2082089552238806,0.0029394473838918285
1.384676,0.208955223880597,0.0029394473838918285
1.384062,0.20970149253731343,0.0029394473838918285
1.382343,0.21044776119402986,0.0029394473838918285
1.382019,0.21119402985074626,0.0029394473838918285
1.381624,0.21194029850746268,0.0029394473838918285
1.379111,0.2126865671641791,0.0029394473838918285
1.378769,0.21343283582089553,0.0029394473838918285
1.37785,0.21417910447761193,0.0029394473838918285
1.377564,0.21492537313432836,0.0029394473838918285
1.3773,0.21492537313432836,0.003233392122281011
1.376774,0.21567164179104478,0.003233392122281011
1.375324,0.21641791044776118,0.003233392122281011
1.375283,0.2171641791044776,0.003233392122281011
1.37483,0.21791044776119403,0.003233392122281011
1.374595,0.21865671641791046,0.003233392122281011
1.37448,0.21940298507462686,0.003233392122281011
1.373872,0.22014925373134328,0.003233392122281011
1.3725,0.2208955223880597,0.003233392122281011
1.37224,0.22164179104477613,0.003233392122281011
1.37223,0.22238805970149253,0.003233392122281011
1.371906,0.22313432835820896,0.003233392122281011
1.371617,0.22388059701492538,0.003233392122281011
1.371399,0.22462686567164178,0.003233392122281011
1.371018,0.2253731343283582,0.003233392122281011
1.370356,0.22611940298507463,0.003233392122281011
1.367969,0.22686567164179106,0.003233392122281011
1.367646,0.22761194029850745,0.003233392122281011
1.36763,0.22835820895522388,0.003233392122281011
1.367341,0.2291044776119403,0.003233392122281011
1.366474,0.2298507462686567,0.003233392122281011
1.365262,0.23059701492537313,0.003233392122281011
1.364818,0.23134328358208955,0.003233392122281011
1.363935,0.23208955223880598,0.003233392122281011
1.363868,0.23283582089552238,0.003233392122281011
1.363128,0.2335820895522388,0.003233392122281011
1.362842,0.23432835820895523,0.003233392122281011
1.361636,0.23507462686567165,0.003233392122281011
1.361456,0.23582089552238805,0.003233392122281011
1.361058,0.23656716417910448,0.003233392122281011
1.360076,0.2373134328358209,0.003233392122281011
1.359787,0.2380597014925373,0.003233392122281011
1.358673,0.23880597014925373,0.003233392122281011
1.358506,0.23955223880597015,0.003233392122281011
1.358364,0.24029850746268658,0.003233392122281011
1.357221,0.24104477611940298,0.003233392122281011
1.357119,0.24104477611940298,0.003527336860670194
1.356703,0.2417910447761194,0.003527336860670194
1.350922,0.2417910447761194,0.003821281599059377
1.35073,0.24253731343283583,0.003821281599059377
1.350561,0.24253731343283583,0.00411522633744856
1.350485,0.24328358208955222,0.00411522633744856
1.349106,0.24402985074626865,0.00411522633744856
1.34869,0.24477611940298508,0.00411522633744856
1.348686,0.2455223880597015,0.00411522633744856
1.348629,0.2462686567164179,0.00411522633744856
1.348239,0.24701492537313433,0.00411522633744856
1.347106,0.24776119402985075,0.00411522633744856
1.346982,0.24850746268656718,0.00411522633744856
1.34627,0.24925373134328357,0.00411522633744856
1.346242,0.25,0.00411522633744856
1.346013,0.2507462686567164,0.00411522633744856
1.345489,0.2507462686567164,0.004409171075837742
1.34533,0.2507462686567164,0.004703115814226925
1.345231,0.25149253731343285,0.004703115814226925
1.345109,0.25223880597014925,0.004703115814226925
1.343684,0.25298507462686565,0.004703115814226925
1.34339,0.2537313432835821,0.004703115814226925
1.343019,0.2544776119402985,0.004703115814226925
1.34248,0.25522388059701495,0.004703115814226925
1.342382,0.25597014925373135,0.004703115814226925
1.342273,0.25671641791044775,0.004703115814226925
1.342084,0.2574626865671642,0.004703115814226925
1.341774,0.2582089552238806,0.004703115814226925
1.34155,0.258955223880597,0.004703115814226925
1.340404,0.25970149253731345,0.004703115814226925
1.340018,0.26044776119402985,0.004703115814226925
1.339912,0.26044776119402985,0.0049970605526161085
1.338977,0.26119402985074625,0.0049970605526161085
1.338812,0.2619402985074627,0.0049970605526161085
1.338534,0.2619402985074627,0.005291005291005291
1.33811,0.2626865671641791,0.005291005291005291
1.337874,0.26343283582089555,0.005291005291005291
1.3374,0.26417910447761195,0.005291005291005291
1.337127,0.26492537313432835,0.005291005291005291
1.336566,0.2656716417910448,0.005291005291005291
1.336052,0.2664179104477612,0.005291005291005291
1.335178,0.2671641791044776,0.005291005291005291
1.334561,0.26791044776119405,0.005291005291005291
1.333999,0.26865671641791045,0.005291005291005291
1.333746,0.26940298507462684,0.005291005291005291
1.333711,0.2701492537313433,0.005291005291005291
1.333363,0.2708955223880597,0.005291005291005291
1.332742,0.2716417910447761,0.005291005291005291
1.332485,0.27238805970149255,0.005291005291005291
1.33219,0.27313432835820894,0.005291005291005291
1.331893,0.2738805970149254,0.005291005291005291
1.331587,0.2746268656716418,0.005291005291005291
1.330457,0.2753731343283582,0.005291005291005291
1.330399,0.27611940298507465,0.005291005291005291
1.330318,0.27686567164179104,0.005291005291005291
1.328771,0.27761194029850744,0.005291005291005291
1.327936,0.2783582089552239,0.005291005291005291
1.327768,0.2791044776119403,0.005291005291005291
1.327537,0.2798507462686567,0.005291005291005291
1.327304,0.28059701492537314,0.005291005291005291
1.327204,0.28059701492537314,0.005584950029394474
1.325567,0.28134328358208954,0.005584950029394474
1.324747,0.282089552238806,0.005584950029394474
1.324168,0.2828358208955224,0.005584950029394474
1.324104,0.2835820895522388,0.005584950029394474
1.323006,0.28432835820895525,0.005584950029394474
1.322507,0.28507462686567164,0.005584950029394474
1.322451,0.28582089552238804,0.005584950029394474
1.322154,0.2865671641791045,0.005584950029394474
1.322011,0.2873134328358209,0.005584950029394474
1.321753,0.2880597014925373,0.005584950029394474
1.321246,0.28880597014925374,0.005584950029394474
1.320962,0.28955223880597014,0.005584950029394474
1.320424,0.2902985074626866,0.005584950029394474
1.320134,0.291044776119403,0.005584950029394474
1.319239,0.2917910447761194,0.005584950029394474
1.31895,0.29253731343283584,0.005584950029394474
1.318912,0.29328358208955224,0.005584950029394474
1.318633,0.29402985074626864,0.005584950029394474
1.317461,0.2947761194029851,0.005584950029394474
1.31728,0.2955223880597015,0.005584950029394474
1.316875,0.2962686567164179,0.005584950029394474
1.316069,0.29701492537313434,0.005584950029394474
1.315838,0.29701492537313434,0.005878894767783657
1.314444,0.29776119402985074,0.005878894767783657
1.313907,0.29850746268656714,0.005878894767783657
1.313715,0.2992537313432836,0.005878894767783657
1.313631,0.2992537313432836,0.006172839506172839
1.313457,0.3,0.006172839506172839
1.313089,0.30074626865671644,0.006172839506172839
1.313078,0.30149253731343284,0.006172839506172839
1.312227,0.30223880597014924,0.006172839506172839
1.312192,0.3029850746268657,0.006172839506172839
1.312057,0.3037313432835821,0.006172839506172839
1.311767,0.3044776119402985,0.006172839506172839
1.309807,0.30522388059701494,0.006172839506172839
1.309294,0.30522388059701494,0.006466784244562022
1.308767,0.30522388059701494,0.006760728982951205
1.307565,0.30597014925373134,0.006760728982951205
1.306328,0.30671641791044774,0.006760728982951205
1.30622,0.3074626865671642,0.006760728982951205
1.306069,0.3082089552238806,0.006760728982951205
1.305894,0.30895522388059704,0.006760728982951205
1.305828,0.30970149253731344,0.006760728982951205
1.305813,0.31044776119402984,0.006760728982951205
1.304709,0.3111940298507463,0.006760728982951205
1.304628,0.3119402985074627,0.006760728982951205
1.303316,0.3126865671641791,0.006760728982951205
1.303075,0.31343283582089554,0.006760728982951205
1.302651,0.31417910447761194,0.006760728982951205
1.302518,0.31417910447761194,0.007054673721340388
1.302236,0.31492537313432833,0.007054673721340388
1.302102,0.3156716417910448,0.007054673721340388
1.301673,0.3164179104477612,0.007054673721340388
1.300992,0.31716417910447764,0.007054673721340388
1.300051,0.31791044776119404,0.007054673721340388
1.299548,0.31865671641791044,0.007054673721340388
1.299022,0.3194029850746269,0.007054673721340388
1.298664,0.3201492537313433,0.007054673721340388
1.297631,0.3208955223880597,0.007054673721340388
1.297377,0.32164179104477614,0.007054673721340388
1.29711,0.32164179104477614,0.007348618459729571
1.296079,0.32238805970149254,0.007348618459729571
1.296013,0.32238805970149254,0.007642563198118754
1.295922,0.32238805970149254,0.007936507936507936
1.295775,0.32313432835820893,0.007936507936507936
1.295058,0.3238805970149254,0.007936507936507936
1.294769,0.3246268656716418,0.007936507936507936
1.294442,0.3253731343283582,0.007936507936507936
1.294004,0.3253731343283582,0.00823045267489712
1.29388,0.32611940298507464,0.00823045267489712
1.292738,0.32686567164179103,0.00823045267489712
1.292683,0.3276119402985075,0.00823045267489712
1.29234,0.3283582089552239,0.00823045267489712
1.291963,0.3283582089552239,0.008524397413286302
1.291514,0.3291044776119403,0.008524397413286302
1.291181,0.32985074626865674,0.008524397413286302
1.29087,0.33059701492537313,0.008524397413286302
1.290377,0.33134328358208953,0.008524397413286302
1.289655,0.332089552238806,0.008524397413286302
1.289233,0.3328358208955224,0.008524397413286302
1.28868,0.3328358208955224,0.008818342151675485
1.288035,0.3335820895522388,0.008818342151675485
1.287811,0.33432835820895523,0.008818342151675485
1.287699,0.33507462686567163,0.008818342151675485
1.287607,0.3358208955223881,0.008818342151675485
1.28735,0.3365671641791045,0.008818342151675485
1.287153,0.3373134328358209,0.008818342151675485
1.28678,0.33805970149253733,0.008818342151675485
1.286384,0.33880597014925373,0.008818342151675485
1.28564,0.33955223880597013,0.008818342151675485
1.285532,0.3402985074626866,0.008818342151675485
1.284305,0.341044776119403,0.008818342151675485
1.283799,0.341044776119403,0.009112286890064668
1.283523,0.3417910447761194,0.009112286890064668
1.282917,0.3417910447761194,0.00940623162845385
1.281631,0.34253731343283583,0.00940623162845385
1.281344,0.34253731343283583,0.009700176366843033
1.281317,0.34328358208955223,0.009700176366843033
1.28042,0.3440298507462687,0.009700176366843033
1.280071,0.3447761194029851,0.009700176366843033
1.279592,0.3447761194029851,0.009994121105232217
1.278984,0.3455223880597015,0.009994121105232217
1.278851,0.3455223880597015,0.0102880658436214
1.277961,0.34626865671641793,0.0102880658436214
1.277906,0.34701492537313433,0.0102880658436214
1.277438,0.34776119402985073,0.0102880658436214
1.277191,0.3485074626865672,0.0102880658436214
1.277002,0.3492537313432836,0.0102880658436214
1.276802,0.35,0.0102880658436214
1.276414,0.35074626865671643,0.0102880658436214
1.275782,0.35149253731343283,0.0102880658436214
1.275683,0.3522388059701492,0.0102880658436214
1.275164,0.3529850746268657,0.0102880658436214
1.274939,0.3537313432835821,0.0102880658436214
1.274106,0.3537313432835821,0.010582010582010581
1.272756,0.3537313432835821,0.010875955320399765
1.272392,0.35447761194029853,0.010875955320399765
1.272306,0.35522388059701493,0.010875955320399765
1.272229,0.3559701492537313,0.010875955320399765
1.272022,0.3567164179104478,0.010875955320399765
1.27198,0.3574626865671642,0.010875955320399765
1.271598,0.3582089552238806,0.010875955320399765
1.271184,0.35895522388059703,0.010875955320399765
1.270369,0.3597014925373134,0.010875955320399765
1.270339,0.3604477611940298,0.010875955320399765
1.270291,0.3611940298507463,0.010875955320399765
1.270215,0.3619402985074627,0.010875955320399765
1.270067,0.36268656716417913,0.010875955320399765
1.269171,0.36343283582089553,0.010875955320399765
1.269089,0.3641791044776119,0.010875955320399765
1.268552,0.3649253731343284,0.010875955320399765
1.268032,0.3656716417910448,0.010875955320399765
1.267863,0.3664179104477612,0.010875955320399765
1.266386,0.3664179104477612,0.011169900058788948
1.266303,0.36716417910447763,0.011169900058788948
1.266232,0.367910447761194,0.011169900058788948
1.266106,0.3686567164179104,0.011169900058788948
1.266022,0.3694029850746269,0.011169900058788948
1.265608,0.3701492537313433,0.011169900058788948
1.264155,0.37089552238805973,0.011169900058788948
1.262721,0.3716417910447761,0.011169900058788948
1.262337,0.3723880597014925,0.011169900058788948
1.262032,0.373134328358209,0.011169900058788948
1.261689,0.3738805970149254,0.011169900058788948
1.261281,0.3746268656716418,0.011169900058788948
1.261122,0.3746268656716418,0.01146384479717813
1.26025,0.3746268656716418,0.011757789535567314
1.26008,0.3753731343283582,0.011757789535567314
1.258977,0.3761194029850746,0.011757789535567314
1.25804,0.3761194029850746,0.012051734273956496
1.257221,0.376865671641791,0.012051734273956496
1.256515,0.376865671641791,0.012345679012345678
1.25648,0.3776119402985075,0.012345679012345678
1.255872,0.3783582089552239,0.012345679012345678
1.255154,0.37910447761194027,0.012345679012345678
1.255014,0.37910447761194027,0.012639623750734862
1.254474,0.3798507462686567,0.012639623750734862
1.254291,0.3805970149253731,0.012639623750734862
1.254239,0.3805970149253731,0.012933568489124045
1.253261,0.3813432835820896,0.012933568489124045
1.252935,0.382089552238806,0.012933568489124045
1.252772,0.38283582089552237,0.012933568489124045
1.252099,0.38283582089552237,0.013227513227513227
1.251987,0.3835820895522388,0.013227513227513227
1.251799,0.3835820895522388,0.01352145796590241
1.251728,0.3843283582089552,0.01352145796590241
1.251615,0.3843283582089552,0.013815402704291593
1.25095,0.3850746268656716,0.013815402704291593
1.250472,0.3858208955223881,0.013815402704291593
1.249275,0.38656716417910447,0.013815402704291593
1.248725,0.38731343283582087,0.013815402704291593
1.248691,0.3880597014925373,0.013815402704291593
1.248653,0.3888059701492537,0.013815402704291593
1.248017,0.3888059701492537,0.014109347442680775
1.247693,0.3888059701492537,0.01440329218106996
1.247491,0.3895522388059702,0.01440329218106996
1.247475,0.3902985074626866,0.01440329218106996
1.247031,0.3902985074626866,0.014697236919459141
1.246893,0.39104477611940297,0.014697236919459141
1.246179,0.3917910447761194,0.014697236919459141
1.245741,0.3917910447761194,0.014991181657848324
1.245548,0.3925373134328358,0.014991181657848324
1.245199,0.3932835820895522,0.014991181657848324
1.244956,0.3940298507462687,0.014991181657848324
1.243806,0.39477611940298507,0.014991181657848324
1.243613,0.39477611940298507,0.015285126396237508
1.243361,0.39477611940298507,0.01557907113462669
1.243125,0.39552238805970147,0.01557907113462669
1.243028,0.39552238805970147,0.015873015873015872
1.242576,0.3962686567164179,0.015873015873015872
1.242489,0.3962686567164179,0.016166960611405056
1.241947,0.3970149253731343,0.016166960611405056
1.241789,0.3977611940298508,0.016166960611405056
1.241321,0.39850746268656717,0.016166960611405056
1.240735,0.39925373134328357,0.016166960611405056
1.24044,0.4,0.016166960611405056
1.23909,0.4,0.01646090534979424
1.238999,0.4,0.01675485008818342
1.238774,0.4007462686567164,0.01675485008818342
1.238011,0.4014925373134328,0.01675485008818342
1.237858,0.40223880597014927,0.01675485008818342
1.237757,0.40298507462686567,0.01675485008818342
1.236699,0.40373134328358207,0.01675485008818342
1.236516,0.40373134328358207,0.017048794826572605
1.236502,0.40373134328358207,0.01734273956496179
1.235591,0.4044776119402985,0.01734273956496179
1.235508,0.4052238805970149,0.01734273956496179
1.235109,0.4059701492537313,0.01734273956496179
1.234535,0.40671641791044777,0.01734273956496179
1.233544,0.40746268656716417,0.01734273956496179
1.233411,0.4082089552238806,0.01734273956496179
1.233277,0.4082089552238806,0.01763668430335097
1.233222,0.408955223880597,0.01763668430335097
1.232871,0.4097014925373134,0.01763668430335097
1.23253,0.41044776119402987,0.01763668430335097
1.232256,0.41119402985074627,0.01763668430335097
1.231318,0.41194029850746267,0.01763668430335097
1.231028,0.41194029850746267,0.017930629041740153
1.230869,0.41194029850746267,0.018224573780129337
1.230457,0.4126865671641791,0.018224573780129337
1.230245,0.4134328358208955,0.018224573780129337
1.230186,0.4141791044776119,0.018224573780129337
1.230011,0.41492537313432837,0.018224573780129337
1.229238,0.41492537313432837,0.018518518518518517
1.228476,0.41567164179104477,0.018518518518518517
1.228204,0.41567164179104477,0.0188124632569077
1.227325,0.4164179104477612,0.0188124632569077
1.227078,0.4171641791044776,0.0188124632569077
1.226212,0.4171641791044776,0.019106407995296885
1.226049,0.417910447761194,0.019106407995296885
1.225988,0.41865671641791047,0.019106407995296885
1.225731,0.41940298507462687,0.019106407995296885
1.225547,0.41940298507462687,0.019400352733686066
1.225396,0.42014925373134326,0.019400352733686066
1.225162,0.4208955223880597,0.01969429747207525
1.224043,0.4208955223880597,0.019988242210464434
1.223858,0.4216417910447761,0.019988242210464434
1.223595,0.4216417910447761,0.020282186948853614
1.223366,0.4216417910447761,0.0205761316872428
1.223144,0.4223880597014925,0.0205761316872428
1.222965,0.42313432835820897,0.0205761316872428
1.222928,0.42388059701492536,0.0205761316872428
1.222597,0.4246268656716418,0.0205761316872428
1.222522,0.4253731343283582,0.0205761316872428
1.222501,0.4261194029850746,0.0205761316872428
1.222438,0.42686567164179107,0.0205761316872428
1.221787,0.42686567164179107,0.020870076425631982
1.22174,0.42686567164179107,0.021164021164021163
1.221722,0.42761194029850746,0.021164021164021163
1.221695,0.42761194029850746,0.021457965902410347
1.221694,0.42835820895522386,0.021457965902410347
1.220768,0.4291044776119403,0.021457965902410347
1.220692,0.4298507462686567,0.021457965902410347
1.220558,0.4305970149253731,0.021457965902410347
1.22039,0.4305970149253731,0.02175191064079953
1.220369,0.43134328358208956,0.02175191064079953
1.220336,0.43208955223880596,0.02175191064079953
1.220276,0.43283582089552236,0.02175191064079953
1.220035,0.4335820895522388,0.02175191064079953
1.219619,0.4335820895522388,0.02204585537918871
1.219358,0.4335820895522388,0.022339800117577895
1.219087,0.4335820895522388,0.02263374485596708
1.219041,0.4343283582089552,0.02263374485596708
1.218944,0.4343283582089552,0.02292768959435626
1.217911,0.43507462686567167,0.02292768959435626
1.217839,0.43582089552238806,0.02292768959435626
1.217135,0.43656716417910446,0.02292768959435626
1.217123,0.4373134328358209,0.02292768959435626
1.217043,0.4380597014925373,0.02292768959435626
1.216894,0.4388059701492537,0.02292768959435626
1.216767,0.43955223880597016,0.02292768959435626
1.216631,0.44029850746268656,0.02292768959435626
1.215746,0.44104477611940296,0.02292768959435626
1.215345,0.44104477611940296,0.023221634332745444
1.214426,0.4417910447761194,0.023221634332745444
1.213822,0.4417910447761194,0.023515579071134628
1.213386,0.4425373134328358,0.023515579071134628
1.213342,0.4425373134328358,0.023809523809523808
1.213211,0.44328358208955226,0.023809523809523808
1.21279,0.44402985074626866,0.023809523809523808
1.212771,0.44402985074626866,0.024103468547912992
1.212183,0.44477611940298506,0.024103468547912992
1.211661,0.44477611940298506,0.024397413286302176
1.211615,0.4455223880597015,0.024397413286302176
1.210612,0.4462686567164179,0.024397413286302176
1.210027,0.4470149253731343,0.024397413286302176
1.209981,0.44776119402985076,0.024397413286302176
1.209392,0.44850746268656716,0.024397413286302176
1.20887,0.44925373134328356,0.024397413286302176
1.208446,0.45,0.024397413286302176
1.207924,0.45,0.024691358024691357
1.207858,0.4507462686567164,0.024691358024691357
1.207227,0.45149253731343286,0.024691358024691357
1.206921,0.45223880597014926,0.024691358024691357
1.206733,0.45298507462686566,0.024691358024691357
1.206607,0.4537313432835821,0.024691358024691357
1.205448,0.4544776119402985,0.024691358024691357
1.205309,0.4552238805970149,0.024691358024691357
1.205023,0.45597014925373136,0.024691358024691357
1.203943,0.45671641791044776,0.024691358024691357
1.203847,0.45746268656716416,0.024691358024691357
1.203632,0.4582089552238806,0.024691358024691357
1.203107,0.4582089552238806,0.02498530276308054
1.202945,0.458955223880597,0.02498530276308054
1.202314,0.458955223880597,0.025279247501469725
1.201716,0.4597014925373134,0.025279247501469725
1.201087,0.46044776119402986,0.025279247501469725
1.201056,0.46119402985074626,0.025279247501469725
1.20068,0.4619402985074627,0.025279247501469725
1.200571,0.4619402985074627,0.025573192239858905
1.200341,0.4626865671641791,0.025573192239858905
1.199878,0.4626865671641791,0.02586713697824809
1.199624,0.4634328358208955,0.02586713697824809
1.199352,0.46417910447761196,0.02586713697824809
1.19925,0.46417910447761196,0.026161081716637273
1.198937,0.46417910447761196,0.026455026455026454
1.198297,0.46492537313432836,0.026455026455026454
1.19685,0.46567164179104475,0.026455026455026454
1.196566,0.46567164179104475,0.026748971193415638
1.196165,0.4664179104477612,0.026748971193415638
1.19583,0.4671641791044776,0.026748971193415638
1.195797,0.4671641791044776,0.02704291593180482
1.195592,0.467910447761194,0.02704291593180482
1.195363,0.46865671641791046,0.02704291593180482
1.195244,0.46940298507462686,0.02704291593180482
1.195171,0.4701492537313433,0.02704291593180482
1.194658,0.4701492537313433,0.027336860670194002
1.194567,0.4708955223880597,0.027336860670194002
1.194096,0.4708955223880597,0.027630805408583186
1.194071,0.4716417910447761,0.027630805408583186
1.193924,0.4716417910447761,0.02792475014697237
1.193875,0.4716417910447761,0.02821869488536155
1.193805,0.47238805970149256,0.02821869488536155
1.193797,0.47313432835820896,0.02821869488536155
1.193704,0.47388059701492535,0.02821869488536155
1.193629,0.4746268656716418,0.02821869488536155
1.193453,0.4753731343283582,0.02821869488536155
1.193307,0.4753731343283582,0.028512639623750734
1.193192,0.4753731343283582,0.02880658436213992
1.192843,0.4761194029850746,0.02880658436213992
1.192607,0.47686567164179106,0.02880658436213992
1.192288,0.47761194029850745,0.02880658436213992
1.19188,0.4783582089552239,0.02880658436213992
1.191285,0.4791044776119403,0.02880658436213992
1.190879,0.4798507462686567,0.02880658436213992
1.190756,0.48059701492537316,0.02880658436213992
1.190383,0.48134328358208955,0.02880658436213992
1.189657,0.48208955223880595,0.02880658436213992
1.189575,0.48208955223880595,0.0291005291005291
1.188959,0.4828358208955224,0.0291005291005291
1.188597,0.4828358208955224,0.029394473838918283
1.188443,0.4828358208955224,0.029688418577307467
1.188416,0.4835820895522388,0.029688418577307467
1.188095,0.4843283582089552,0.029688418577307467
1.188055,0.4843283582089552,0.029982363315696647
1.187573,0.48507462686567165,0.029982363315696647
1.187303,0.48582089552238805,0.029982363315696647
1.186858,0.48656716417910445,0.029982363315696647
1.186559,0.48656716417910445,0.03027630805408583
1.186536,0.4873134328358209,0.03027630805408583
1.186284,0.4880597014925373,0.03027630805408583
1.185906,0.48880597014925375,0.03027630805408583
1.185569,0.48955223880597015,0.03027630805408583
1.185393,0.48955223880597015,0.030570252792475015
1.184652,0.49029850746268655,0.030570252792475015
1.184573,0.491044776119403,0.030570252792475015
1.184564,0.4917910447761194,0.030570252792475015
1.184199,0.4925373134328358,0.030570252792475015
1.184061,0.4925373134328358,0.030864197530864196
1.183835,0.49328358208955225,0.030864197530864196
1.182739,0.49402985074626865,0.030864197530864196
1.182556,0.49477611940298505,0.030864197530864196
1.182447,0.49477611940298505,0.03115814226925338
1.182387,0.4955223880597015,0.03115814226925338
1.182339,0.4962686567164179,0.03115814226925338
1.182328,0.49701492537313435,0.03115814226925338
1.182177,0.49776119402985075,0.03115814226925338
1.181686,0.49850746268656715,0.03115814226925338
1.180703,0.4992537313432836,0.03115814226925338
1.180524,0.4992537313432836,0.031452087007642564
1.180409,0.4992537313432836,0.031746031746031744
1.180285,0.5,0.031746031746031744
1.180271,0.5,0.03203997648442093
1.180115,0.5007462686567165,0.03203997648442093
1.179819,0.5014925373134328,0.03203997648442093
1.179708,0.5022388059701492,0.03203997648442093
1.179248,0.5022388059701492,0.03233392122281011
1.178531,0.5029850746268657,0.03233392122281011
1.178215,0.503731343283582,0.03233392122281011
1.177589,0.503731343283582,0.03262786596119929
1.17747,0.5044776119402985,0.03262786596119929
1.177298,0.505223880597015,0.03262786596119929
1.177223,0.5059701492537313,0.03262786596119929
1.177096,0.5067164179104477,0.03262786596119929
1.177053,0.5074626865671642,0.03262786596119929
1.17667,0.5074626865671642,0.03292181069958848
1.176056,0.5082089552238805,0.03292181069958848
1.175867,0.5082089552238805,0.03321575543797766
1.175607,0.508955223880597,0.03321575543797766
1.175589,0.5097014925373134,0.03321575543797766
1.175433,0.5104477611940299,0.03321575543797766
1.174871,0.5104477611940299,0.03350970017636684
1.174572,0.5111940298507462,0.03350970017636684
1.174571,0.5119402985074627,0.03350970017636684
1.174493,0.5126865671641792,0.03350970017636684
1.173669,0.5126865671641792,0.03380364491475603
1.173462,0.5134328358208955,0.03380364491475603
1.173407,0.514179104477612,0.03380364491475603
1.173352,0.514179104477612,0.03409758965314521
1.173219,0.514179104477612,0.03439153439153439
1.173097,0.5149253731343284,0.03439153439153439
1.172396,0.5156716417910447,0.03439153439153439
1.172335,0.5156716417910447,0.03468547912992358
1.171922,0.5164179104477612,0.03468547912992358
1.171785,0.5164179104477612,0.03497942386831276
1.171771,0.5164179104477612,0.03527336860670194
1.170961,0.5171641791044777,0.03527336860670194
1.170216,0.517910447761194,0.03527336860670194
1.169645,0.517910447761194,0.035567313345091126
1.169336,0.5186567164179104,0.035567313345091126
1.169334,0.5194029850746269,0.035567313345091126
1.16892,0.5201492537313432,0.035567313345091126
1.168843,0.5201492537313432,0.035861258083480306
1.16852,0.5208955223880597,0.035861258083480306
1.168487,0.5216417910447761,0.035861258083480306
1.168393,0.5216417910447761,0.036155202821869487
1.16771,0.5223880597014925,0.036155202821869487
1.167581,0.5223880597014925,0.036449147560258674
1.166854,0.5231343283582089,0.036449147560258674
1.166683,0.5231343283582089,0.036743092298647854
1.165844,0.5238805970149254,0.036743092298647854
1.165812,0.5246268656716417,0.036743092298647854
1.165554,0.5253731343283582,0.036743092298647854
1.165369,0.5253731343283582,0.037037037037037035
1.165325,0.5253731343283582,0.03733098177542622
1.165249,0.5261194029850746,0.03733098177542622
1.165023,0.5261194029850746,0.0376249265138154
1.164463,0.5268656716417911,0.0376249265138154
1.163692,0.5276119402985074,0.0376249265138154
1.163631,0.5283582089552239,0.0376249265138154
1.163413,0.5291044776119403,0.0376249265138154
1.162905,0.5298507462686567,0.0376249265138154
1.162769,0.5305970149253731,0.0376249265138154
1.162724,0.5313432835820896,0.0376249265138154
1.162701,0.5320895522388059,0.0376249265138154
1.161763,0.5328358208955224,0.0376249265138154
1.160874,0.5335820895522388,0.0376249265138154
1.160867,0.5343283582089552,0.0376249265138154
1.160273,0.5350746268656716,0.0376249265138154
1.159541,0.5358208955223881,0.0376249265138154
1.159179,0.5358208955223881,0.03791887125220458
1.159168,0.5365671641791044,0.03791887125220458
1.158676,0.5373134328358209,0.03791887125220458
1.158644,0.5380597014925373,0.03791887125220458
1.158502,0.5380597014925373,0.03821281599059377
1.158227,0.5388059701492537,0.03821281599059377
1.158215,0.5395522388059701,0.03821281599059377
1.158064,0.5395522388059701,0.03850676072898295
1.157942,0.5395522388059701,0.03880070546737213
1.157009,0.5395522388059701,0.03909465020576132
1.156789,0.5395522388059701,0.0393885949441505
1.156401,0.5402985074626866,0.0393885949441505
1.15588,0.5402985074626866,0.03968253968253968
1.155661,0.5410447761194029,0.03968253968253968
1.155558,0.5417910447761194,0.03968253968253968
1.155515,0.5425373134328358,0.03968253968253968
1.155331,0.5425373134328358,0.03997648442092887
1.15531,0.5432835820895522,0.03997648442092887
1.155268,0.5432835820895522,0.04027042915931805
1.155236,0.5432835820895522,0.04056437389770723
1.155,0.5440298507462686,0.04056437389770723
1.154533,0.5447761194029851,0.04056437389770723
1.154314,0.5455223880597015,0.04056437389770723
1.15342,0.5455223880597015,0.040858318636096416
1.153403,0.5455223880597015,0.0411522633744856
1.152838,0.5462686567164179,0.0411522633744856
1.152401,0.5470149253731343,0.0411522633744856
1.152174,0.5477611940298508,0.0411522633744856
1.152117,0.5485074626865671,0.0411522633744856
1.15187,0.5492537313432836,0.0411522633744856
1.151718,0.55,0.0411522633744856
1.151465,0.5507462686567164,0.0411522633744856
1.15141,0.5514925373134328,0.0411522633744856
1.151402,0.5514925373134328,0.04144620811287478
1.150471,0.5522388059701493,0.04144620811287478
1.150363,0.5529850746268656,0.04144620811287478
1.15025,0.5529850746268656,0.041740152851263965
1.150055,0.5537313432835821,0.041740152851263965
1.149967,0.5544776119402985,0.041740152851263965
1.149191,0.5544776119402985,0.042034097589653145
1.147069,0.5544776119402985,0.042328042328042326
1.146798,0.5544776119402985,0.04262198706643151
1.146452,0.5544776119402985,0.042915931804820694
1.146033,0.5544776119402985,0.043209876543209874
1.145514,0.5544776119402985,0.04350382128159906
1.145355,0.5552238805970149,0.04350382128159906
1.145236,0.5559701492537313,0.04350382128159906
1.14516,0.5559701492537313,0.04379776601998824
1.145115,0.5567164179104478,0.04379776601998824
1.14499,0.5574626865671641,0.04379776601998824
1.144704,0.5582089552238806,0.04379776601998824
1.144473,0.558955223880597,0.04379776601998824
1.143511,0.5597014925373134,0.04379776601998824
1.142686,0.5604477611940298,0.04379776601998824
1.142648,0.5604477611940298,0.04409171075837742
1.142394,0.5611940298507463,0.04409171075837742
1.142025,0.5619402985074626,0.04409171075837742
1.142021,0.5626865671641791,0.04409171075837742
1.141943,0.5634328358208955,0.04409171075837742
1.141607,0.564179104477612,0.04409171075837742
1.141484,0.564179104477612,0.04438565549676661
1.141183,0.5649253731343283,0.04438565549676661
1.140891,0.5649253731343283,0.04467960023515579
1.140324,0.5656716417910448,0.04467960023515579
1.140089,0.5664179104477612,0.04467960023515579
1.140028,0.5671641791044776,0.04467960023515579
1.139018,0.567910447761194,0.04467960023515579
1.138874,0.5686567164179105,0.04467960023515579
1.138865,0.5694029850746268,0.04467960023515579
1.13844,0.5701492537313433,0.04467960023515579
1.138241,0.5701492537313433,0.04497354497354497
1.138106,0.5701492537313433,0.04526748971193416
1.13793,0.5701492537313433,0.04556143445032334
1.137689,0.5701492537313433,0.04585537918871252
1.137106,0.5708955223880597,0.04585537918871252
1.13706,0.5716417910447761,0.04585537918871252
1.136772,0.5716417910447761,0.04614932392710171
1.136428,0.5716417910447761,0.04644326866549089
1.136235,0.5723880597014925,0.04644326866549089
1.136054,0.5723880597014925,0.04673721340388007
1.135981,0.573134328358209,0.04673721340388007
1.135783,0.5738805970149253,0.04673721340388007
1.135402,0.5746268656716418,0.04673721340388007
1.135033,0.5746268656716418,0.047031158142269255
1.13468,0.5746268656716418,0.047325102880658436
1.134675,0.5746268656716418,0.047619047619047616
1.133666,0.5746268656716418,0.047912992357436804
1.133391,0.5746268656716418,0.048206937095825984
1.13247,0.5753731343283582,0.048206937095825984
1.132316,0.5753731343283582,0.048500881834215165
1.132091,0.5753731343283582,0.04879482657260435
1.132029,0.5761194029850746,0.04879482657260435
1.131771,0.5761194029850746,0.04908877131099353
1.131241,0.5761194029850746,0.04938271604938271
1.131135,0.576865671641791,0.04938271604938271
1.131133,0.5776119402985075,0.04938271604938271
1.131126,0.5783582089552238,0.04938271604938271
1.130713,0.5783582089552238,0.0496766607877719
1.130367,0.5791044776119403,0.0496766607877719
1.130364,0.5791044776119403,0.04997060552616108
1.130004,0.5791044776119403,0.05026455026455026
1.129925,0.5798507462686567,0.05026455026455026
1.129843,0.5798507462686567,0.05055849500293945
1.129836,0.5805970149253732,0.05055849500293945
1.129508,0.5813432835820895,0.05055849500293945
1.129065,0.5813432835820895,0.05085243974132863
1.128413,0.5813432835820895,0.05114638447971781
1.128038,0.582089552238806,0.05114638447971781
1.127963,0.5828358208955224,0.05114638447971781
1.127898,0.5835820895522388,0.05114638447971781
1.127498,0.5835820895522388,0.051440329218107
1.12713,0.5835820895522388,0.05173427395649618
1.126942,0.5843283582089552,0.05173427395649618
1.126442,0.5843283582089552,0.05202821869488536
1.124731,0.5843283582089552,0.052322163433274546
1.12459,0.5850746268656717,0.052322163433274546
1.1241,0.585820895522388,0.052322163433274546
1.123687,0.585820895522388,0.05261610817166373
1.123679,0.585820895522388,0.05291005291005291
1.123392,0.585820895522388,0.053203997648442095
1.123316,0.5865671641791045,0.053203997648442095
1.122318,0.5873134328358209,0.053203997648442095
1.12203,0.5873134328358209,0.053497942386831275
1.121541,0.5873134328358209,0.053791887125220456
1.121241,0.5873134328358209,0.05408583186360964
1.121095,0.5880597014925373,0.05408583186360964
1.120913,0.5888059701492537,0.05408583186360964
1.120685,0.5895522388059702,0.05408583186360964
1.120435,0.5902985074626865,0.05408583186360964
1.120247,0.591044776119403,0.05408583186360964
1.12011,0.591044776119403,0.054379776601998824
1.119769,0.5917910447761194,0.054379776601998824
1.119275,0.5917910447761194,0.054673721340388004
1.119149,0.5925373134328358,0.054673721340388004
1.118418,0.5925373134328358,0.05496766607877719
1.118286,0.5932835820895522,0.05496766607877719
1.118116,0.5932835820895522,0.05526161081716637
1.117693,0.5940298507462687,0.05526161081716637
1.117637,0.594776119402985,0.05526161081716637
1.117073,0.594776119402985,0.05555555555555555
1.117011,0.594776119402985,0.05584950029394474
1.116383,0.594776119402985,0.05614344503233392
1.115788,0.5955223880597015,0.05614344503233392
1.115493,0.5962686567164179,0.05614344503233392
1.115314,0.5962686567164179,0.0564373897707231
1.114991,0.5970149253731343,0.0564373897707231
1.114978,0.5977611940298507,0.0564373897707231
1.114348,0.5985074626865672,0.0564373897707231
1.114186,0.5985074626865672,0.05673133450911229
1.114063,0.5992537313432836,0.05673133450911229
1.11386,0.6,0.05673133450911229
1.113841,0.6007462686567164,0.05673133450911229
1.113634,0.6007462686567164,0.05702527924750147
1.113544,0.6014925373134329,0.05702527924750147
1.113536,0.6014925373134329,0.05731922398589065
1.113506,0.6014925373134329,0.05761316872427984
1.113494,0.6014925373134329,0.05790711346266902
1.113465,0.6014925373134329,0.0582010582010582
1.113399,0.6022388059701492,0.0582010582010582
1.113252,0.6029850746268657,0.0582010582010582
1.112738,0.6029850746268657,0.058495002939447385
1.112441,0.6029850746268657,0.058788947677836566
1.112101,0.6029850746268657,0.059082892416225746
1.111668,0.6037313432835821,0.059082892416225746
1.111353,0.6037313432835821,0.059376837154614934
1.110536,0.6037313432835821,0.059670781893004114
1.109991,0.6044776119402985,0.059670781893004114
1.109917,0.6052238805970149,0.059670781893004114
1.10988,0.6059701492537314,0.059670781893004114
1.109704,0.6059701492537314,0.059964726631393295
1.109679,0.6067164179104477,0.059964726631393295
1.109113,0.6074626865671642,0.059964726631393295
1.108966,0.6074626865671642,0.06025867136978248
1.108551,0.6082089552238806,0.06025867136978248
1.108518,0.608955223880597,0.06025867136978248
1.10826,0.608955223880597,0.06055261610817166
1.108187,0.6097014925373134,0.06055261610817166
1.108183,0.6097014925373134,0.06084656084656084
1.108142,0.6104477611940299,0.06084656084656084
1.107785,0.6111940298507462,0.06084656084656084
1.107377,0.6111940298507462,0.06114050558495003
1.107208,0.6111940298507462,0.06143445032333921
1.106831,0.6119402985074627,0.06143445032333921
1.106783,0.6126865671641791,0.06143445032333921
1.106657,0.6134328358208955,0.06143445032333921
1.106656,0.6141791044776119,0.06143445032333921
1.106532,0.6141791044776119,0.06172839506172839
1.106412,0.6149253731343284,0.06172839506172839
1.10638,0.6156716417910447,0.06172839506172839
1.106308,0.6156716417910447,0.06202233980011758
1.106024,0.6156716417910447,0.06231628453850676
1.105978,0.6164179104477612,0.06231628453850676
1.105586,0.6171641791044776,0.06231628453850676
1.105342,0.6179104477611941,0.06231628453850676
1.105014,0.6186567164179104,0.06231628453850676
1.104878,0.6186567164179104,0.06261022927689594
1.104704,0.6194029850746269,0.06261022927689594
1.104327,0.6201492537313433,0.06261022927689594
1.104003,0.6201492537313433,0.06290417401528513
1.103875,0.6201492537313433,0.06319811875367431
1.103872,0.6208955223880597,0.06319811875367431
1.103782,0.6216417910447761,0.06319811875367431
1.103698,0.6223880597014926,0.06319811875367431
1.103349,0.6231343283582089,0.06319811875367431
1.102854,0.6238805970149254,0.06319811875367431
1.102663,0.6238805970149254,0.06349206349206349
1.102421,0.6246268656716418,0.06349206349206349
1.102381,0.6253731343283582,0.06349206349206349
1.102165,0.6253731343283582,0.06378600823045268
1.101752,0.6253731343283582,0.06407995296884186
1.100446,0.6261194029850746,0.06407995296884186
1.100369,0.6268656716417911,0.06407995296884186
1.100152,0.6268656716417911,0.06437389770723104
1.100056,0.6268656716417911,0.06466784244562022
1.100029,0.6268656716417911,0.06496178718400941
1.099371,0.6268656716417911,0.06525573192239859
1.099166,0.6268656716417911,0.06554967666078777
1.099046,0.6276119402985074,0.06554967666078777
1.098924,0.6276119402985074,0.06584362139917696
1.098882,0.6276119402985074,0.06613756613756613
1.098403,0.6283582089552239,0.06613756613756613
1.098303,0.6291044776119403,0.06613756613756613
1.098255,0.6298507462686567,0.06613756613756613
1.097939,0.6305970149253731,0.06613756613756613
1.097566,0.6313432835820896,0.06613756613756613
1.097547,0.6313432835820896,0.06643151087595532
1.097392,0.6320895522388059,0.06643151087595532
1.097383,0.6328358208955224,0.06643151087595532
1.096957,0.6328358208955224,0.06672545561434451
1.096739,0.6335820895522388,0.06672545561434451
1.096503,0.6335820895522388,0.06701940035273368
1.096395,0.6343283582089553,0.06701940035273368
1.096269,0.6350746268656716,0.06701940035273368
1.096076,0.6358208955223881,0.06701940035273368
1.096056,0.6358208955223881,0.06731334509112287
1.095829,0.6358208955223881,0.06760728982951206
1.095241,0.6358208955223881,0.06790123456790123
1.094758,0.6365671641791045,0.06790123456790123
1.094712,0.6373134328358209,0.06790123456790123
1.094039,0.6380597014925373,0.06790123456790123
1.093723,0.6388059701492538,0.06790123456790123
1.093469,0.6388059701492538,0.06819517930629042
1.093027,0.6395522388059701,0.06819517930629042
1.093002,0.6395522388059701,0.0684891240446796
1.092943,0.6402985074626866,0.0684891240446796
1.092536,0.641044776119403,0.0684891240446796
1.092475,0.6417910447761194,0.0684891240446796
1.092225,0.6425373134328358,0.0684891240446796
1.091077,0.6425373134328358,0.06878306878306878
1.091008,0.6425373134328358,0.06907701352145797
1.090424,0.6432835820895523,0.06907701352145797
1.09038,0.6432835820895523,0.06937095825984715
1.090085,0.6440298507462686,0.06937095825984715
1.090045,0.6447761194029851,0.06937095825984715
1.089359,0.6447761194029851,0.06966490299823633
1.088705,0.6447761194029851,0.06995884773662552
1.08765,0.6447761194029851,0.0702527924750147
1.087366,0.6455223880597015,0.0702527924750147
1.087239,0.6462686567164179,0.0702527924750147
1.087027,0.6462686567164179,0.07054673721340388
1.08553,0.6462686567164179,0.07084068195179306
1.085277,0.6470149253731343,0.07084068195179306
1.085267,0.6477611940298508,0.07084068195179306
1.085183,0.6477611940298508,0.07113462669018225
1.0851,0.6485074626865671,0.07113462669018225
1.084385,0.6485074626865671,0.07142857142857142
1.084212,0.6492537313432836,0.07142857142857142
1.084138,0.6492537313432836,0.07172251616696061
1.083918,0.65,0.07172251616696061
1.082985,0.6507462686567164,0.07172251616696061
1.082864,0.6507462686567164,0.0720164609053498
1.082757,0.6507462686567164,0.07231040564373897
1.082581,0.6507462686567164,0.07260435038212816
1.082281,0.6514925373134328,0.07260435038212816
1.082036,0.6522388059701493,0.07260435038212816
1.081803,0.6529850746268657,0.07260435038212816
1.081527,0.6537313432835821,0.07260435038212816
1.081366,0.6537313432835821,0.07289829512051735
1.081325,0.6537313432835821,0.07319223985890652
1.080969,0.6544776119402985,0.07319223985890652
1.080841,0.655223880597015,0.07319223985890652
1.080762,0.655223880597015,0.07348618459729571
1.080706,0.655223880597015,0.0737801293356849
1.08036,0.6559701492537313,0.0737801293356849
1.079571,0.6567164179104478,0.0737801293356849
1.079565,0.6567164179104478,0.07407407407407407
1.079324,0.6574626865671642,0.07407407407407407
1.078148,0.6574626865671642,0.07436801881246326
1.077415,0.6574626865671642,0.07466196355085244
1.07741,0.6582089552238806,0.07466196355085244
1.07715,0.658955223880597,0.07466196355085244
1.076772,0.658955223880597,0.07495590828924162
1.076668,0.6597014925373135,0.07495590828924162
1.076557,0.6604477611940298,0.07495590828924162
1.076356,0.6604477611940298,0.0752498530276308
1.076317,0.6604477611940298,0.07554379776602
1.076295,0.6611940298507463,0.07554379776602
1.076085,0.6619402985074627,0.07554379776602
1.075982,0.6626865671641791,0.07554379776602
1.075759,0.6634328358208955,0.07554379776602
1.075549,0.664179104477612,0.07554379776602
1.075503,0.6649253731343283,0.07554379776602
1.075245,0.6656716417910448,0.07554379776602
1.075166,0.6656716417910448,0.07583774250440917
1.074849,0.6656716417910448,0.07613168724279835
1.074766,0.6664179104477612,0.07613168724279835
1.074715,0.6664179104477612,0.07642563198118754
1.074509,0.6664179104477612,0.07671957671957672
1.074232,0.6671641791044776,0.07671957671957672
1.073676,0.6671641791044776,0.0770135214579659
1.073518,0.6671641791044776,0.07730746619635509
1.073486,0.6671641791044776,0.07760141093474426
1.073457,0.6671641791044776,0.07789535567313345
1.073138,0.667910447761194,0.07789535567313345
1.073137,0.6686567164179105,0.07789535567313345
1.073012,0.6694029850746268,0.07789535567313345
1.07222,0.6694029850746268,0.07818930041152264
1.072182,0.6694029850746268,0.07848324514991181
1.07186,0.6694029850746268,0.078777189888301
1.071768,0.6694029850746268,0.07907113462669019
1.071649,0.6694029850746268,0.07936507936507936
1.07125,0.6701492537313433,0.07936507936507936
1.071098,0.6708955223880597,0.07936507936507936
1.070999,0.6716417910447762,0.07936507936507936
1.070934,0.6716417910447762,0.07965902410346855
1.070903,0.6716417910447762,0.07995296884185774
1.070854,0.6723880597014925,0.07995296884185774
1.070751,0.6723880597014925,0.08024691358024691
1.070694,0.673134328358209,0.08024691358024691
1.070566,0.6738805970149254,0.08024691358024691
1.070303,0.6738805970149254,0.0805408583186361
1.06993,0.6746268656716418,0.0805408583186361
1.069725,0.6753731343283582,0.0805408583186361
1.06921,0.6761194029850747,0.0805408583186361
1.068956,0.6761194029850747,0.08083480305702528
1.068664,0.676865671641791,0.08083480305702528
1.06845,0.6776119402985075,0.08083480305702528
1.06756,0.6776119402985075,0.08112874779541446
1.067354,0.6783582089552239,0.08112874779541446
1.066968,0.6791044776119403,0.08112874779541446
1.066014,0.6798507462686567,0.08112874779541446
1.065904,0.6798507462686567,0.08142269253380365
1.065822,0.6805970149253732,0.08142269253380365
1.065736,0.6813432835820895,0.08142269253380365
1.065521,0.682089552238806,0.08142269253380365
1.065165,0.682089552238806,0.08171663727219283
1.064951,0.6828358208955224,0.08171663727219283
1.064947,0.6835820895522388,0.08171663727219283
1.064881,0.6843283582089552,0.08171663727219283
1.064464,0.6850746268656717,0.08171663727219283
1.064389,0.6850746268656717,0.082010582010582
1.064341,0.685820895522388,0.082010582010582
1.064182,0.685820895522388,0.0823045267489712
1.063912,0.6865671641791045,0.0823045267489712
1.063896,0.6865671641791045,0.08259847148736038
1.062944,0.6873134328358209,0.08259847148736038
1.062669,0.6873134328358209,0.08289241622574955
1.062561,0.6880597014925374,0.08289241622574955
1.062472,0.6888059701492537,0.08289241622574955
1.062216,0.6895522388059702,0.08289241622574955
1.061633,0.6902985074626866,0.08289241622574955
1.061559,0.6902985074626866,0.08318636096413874
1.061208,0.6902985074626866,0.08348030570252793
1.061182,0.6902985074626866,0.0837742504409171
1.06105,0.6902985074626866,0.08406819517930629
1.060698,0.691044776119403,0.08406819517930629
1.060515,0.6917910447761194,0.08406819517930629
1.060443,0.6925373134328359,0.08406819517930629
1.060169,0.6925373134328359,0.08436213991769548
1.059562,0.6925373134328359,0.08465608465608465
1.058851,0.6932835820895522,0.08465608465608465
1.058809,0.6940298507462687,0.08465608465608465
1.058765,0.6940298507462687,0.08495002939447384
1.058608,0.6940298507462687,0.08524397413286303
1.058456,0.6940298507462687,0.0855379188712522
1.058214,0.6947761194029851,0.0855379188712522
1.058188,0.6955223880597015,0.0855379188712522
1.057909,0.6955223880597015,0.08583186360964139
1.057743,0.6962686567164179,0.08583186360964139
1.057527,0.6962686567164179,0.08612580834803057
1.057345,0.6970149253731344,0.08612580834803057
1.057046,0.6970149253731344,0.08641975308641975
1.056912,0.6977611940298507,0.08641975308641975
1.055836,0.6977611940298507,0.08671369782480894
1.055231,0.6985074626865672,0.08671369782480894
1.054616,0.6985074626865672,0.08700764256319812
1.054397,0.6985074626865672,0.0873015873015873
1.054196,0.6992537313432836,0.0873015873015873
1.054173,0.7,0.0873015873015873
1.053917,0.7,0.08759553203997648
1.05362,0.7,0.08788947677836567
1.053371,0.7007462686567164,0.08788947677836567
1.053238,0.7007462686567164,0.08818342151675485
1.052891,0.7007462686567164,0.08847736625514403
1.052538,0.7014925373134329,0.08847736625514403
1.051621,0.7014925373134329,0.08877131099353322
1.051392,0.7022388059701492,0.08877131099353322
1.050766,0.7022388059701492,0.0890652557319224
1.050538,0.7022388059701492,0.08935920047031158
1.050305,0.7029850746268657,0.08935920047031158
1.049897,0.7037313432835821,0.08935920047031158
1.049892,0.7037313432835821,0.08965314520870077
1.049281,0.7044776119402985,0.08965314520870077
1.049225,0.7052238805970149,0.08965314520870077
1.048896,0.7052238805970149,0.08994708994708994
1.0487,0.7052238805970149,0.09024103468547913
1.048406,0.7052238805970149,0.09053497942386832
1.048249,0.7052238805970149,0.09082892416225749
1.047155,0.7059701492537314,0.09082892416225749
1.046334,0.7067164179104478,0.09082892416225749
1.046304,0.7067164179104478,0.09112286890064668
1.045994,0.7074626865671642,0.09112286890064668
1.045598,0.7074626865671642,0.09141681363903587
1.044532,0.7074626865671642,0.09171075837742504
1.044291,0.7082089552238806,0.09171075837742504
1.044172,0.7082089552238806,0.09200470311581423
1.044171,0.7082089552238806,0.09229864785420341
1.044123,0.7082089552238806,0.09259259259259259
1.043998,0.7089552238805971,0.09259259259259259
1.043725,0.7097014925373134,0.09259259259259259
1.043274,0.7097014925373134,0.09288653733098177
1.04304,0.7104477611940299,0.09288653733098177
1.042602,0.7104477611940299,0.09318048206937096
1.042307,0.7111940298507463,0.09318048206937096
1.041846,0.7119402985074627,0.09318048206937096
1.041709,0.7126865671641791,0.09318048206937096
1.041627,0.7126865671641791,0.09347442680776014
1.040857,0.7134328358208956,0.09347442680776014
1.040793,0.7134328358208956,0.09376837154614932
1.040694,0.7134328358208956,0.09406231628453851
1.040579,0.7134328358208956,0.09435626102292768
1.040431,0.7141791044776119,0.09435626102292768
1.040364,0.7141791044776119,0.09465020576131687
1.040234,0.7149253731343284,0.09465020576131687
1.039948,0.7156716417910448,0.09465020576131687
1.03988,0.7164179104477612,0.09465020576131687
1.039822,0.7164179104477612,0.09494415049970606
1.039747,0.7164179104477612,0.09523809523809523
1.039292,0.7164179104477612,0.09553203997648442
1.039213,0.7171641791044776,0.09553203997648442
1.038503,0.7171641791044776,0.09582598471487361
1.038242,0.7179104477611941,0.09582598471487361
1.037995,0.7179104477611941,0.09611992945326278
1.037634,0.7179104477611941,0.09641387419165197
1.037543,0.7186567164179104,0.09641387419165197
1.037463,0.7186567164179104,0.09670781893004116
1.037273,0.7186567164179104,0.09700176366843033
1.036943,0.7194029850746269,0.09700176366843033
1.03672,0.7201492537313433,0.09700176366843033
1.035665,0.7201492537313433,0.09729570840681952
1.035555,0.7208955223880597,0.09729570840681952
1.035417,0.7208955223880597,0.0975896531452087
1.035243,0.7216417910447761,0.0975896531452087
1.034704,0.7216417910447761,0.09788359788359788
1.034502,0.7216417910447761,0.09817754262198707
1.034427,0.7216417910447761,0.09847148736037625
1.034281,0.7216417910447761,0.09876543209876543
1.034183,0.7216417910447761,0.09905937683715461
1.034054,0.7216417910447761,0.0993533215755438
1.033927,0.7223880597014926,0.0993533215755438
1.033891,0.7231343283582089,0.0993533215755438
1.033746,0.7231343283582089,0.09964726631393298
1.033718,0.7238805970149254,0.09964726631393298
1.033705,0.7246268656716418,0.09964726631393298
1.033369,0.7246268656716418,0.09994121105232216
1.033091,0.7253731343283583,0.09994121105232216
1.032899,0.7253731343283583,0.10023515579071135
1.03287,0.7261194029850746,0.10023515579071135
1.032695,0.7268656716417911,0.10023515579071135
1.032298,0.7268656716417911,0.10052910052910052
1.032229,0.7268656716417911,0.10082304526748971
1.032068,0.7276119402985075,0.10082304526748971
1.03186,0.7276119402985075,0.1011169900058789
1.031819,0.7283582089552239,0.1011169900058789
1.031627,0.7291044776119403,0.1011169900058789
1.031385,0.7298507462686568,0.1011169900058789
1.03092,0.7298507462686568,0.10141093474426807
1.030491,0.7298507462686568,0.10170487948265726
1.030169,0.7305970149253731,0.10170487948265726
1.029777,0.7305970149253731,0.10199882422104645
1.029722,0.7305970149253731,0.10229276895943562
1.029717,0.7305970149253731,0.10258671369782481
1.028744,0.7305970149253731,0.102880658436214
1.028686,0.7313432835820896,0.102880658436214
1.028391,0.732089552238806,0.102880658436214
1.02828,0.7328358208955223,0.102880658436214
1.028197,0.7335820895522388,0.102880658436214
1.027778,0.7343283582089553,0.102880658436214
1.027507,0.7343283582089553,0.10317460317460317
1.027489,0.7343283582089553,0.10346854791299236
1.027464,0.7350746268656716,0.10346854791299236
1.027463,0.7350746268656716,0.10376249265138154
1.027298,0.7350746268656716,0.10405643738977072
1.027242,0.7350746268656716,0.1043503821281599
1.027094,0.7350746268656716,0.10464432686654909
1.026827,0.7350746268656716,0.10493827160493827
1.026774,0.7350746268656716,0.10523221634332745
1.026744,0.7350746268656716,0.10552616108171664
1.026638,0.735820895522388,0.10552616108171664
1.026404,0.735820895522388,0.10582010582010581
1.026362,0.735820895522388,0.106114050558495
1.026302,0.7365671641791045,0.106114050558495
1.026282,0.7373134328358208,0.106114050558495
1.026216,0.7380597014925373,0.106114050558495
1.026033,0.7388059701492538,0.106114050558495
1.025915,0.7395522388059701,0.106114050558495
1.025705,0.7402985074626866,0.106114050558495
1.024978,0.7402985074626866,0.10640799529688419
1.024776,0.741044776119403,0.10640799529688419
1.024519,0.7417910447761195,0.10640799529688419
1.024505,0.7417910447761195,0.10670194003527336
1.024465,0.7417910447761195,0.10699588477366255
1.023698,0.7417910447761195,0.10728982951205174
1.023635,0.7417910447761195,0.10758377425044091
1.023405,0.7425373134328358,0.10758377425044091
1.023181,0.7425373134328358,0.1078777189888301
1.022806,0.7425373134328358,0.10817166372721929
1.022693,0.7425373134328358,0.10846560846560846
1.022051,0.7425373134328358,0.10875955320399765
1.021931,0.7425373134328358,0.10905349794238683
1.021867,0.7425373134328358,0.10934744268077601
1.021738,0.7432835820895523,0.10934744268077601
1.021386,0.7432835820895523,0.1096413874191652
1.021315,0.7432835820895523,0.10993533215755438
1.021175,0.7440298507462687,0.10993533215755438
1.021091,0.7440298507462687,0.11022927689594356
1.020914,0.7440298507462687,0.11052322163433274
1.020596,0.744776119402985,0.11052322163433274
1.019961,0.7455223880597015,0.11052322163433274
1.019633,0.746268656716418,0.11052322163433274
1.019614,0.7470149253731343,0.11052322163433274
1.01958,0.7477611940298508,0.11052322163433274
1.019436,0.7477611940298508,0.11081716637272193
1.019041,0.7477611940298508,0.1111111111111111
1.01862,0.7477611940298508,0.11140505584950029
1.018619,0.7477611940298508,0.11169900058788948
1.018555,0.7485074626865672,0.11169900058788948
1.018366,0.7492537313432835,0.11169900058788948
1.017972,0.75,0.11169900058788948
1.017872,0.75,0.11199294532627865
1.017678,0.7507462686567165,0.11199294532627865
1.017228,0.7514925373134328,0.11199294532627865
1.017069,0.7514925373134328,0.11228689006466784
1.017051,0.7514925373134328,0.11258083480305703
1.016506,0.7514925373134328,0.1128747795414462
1.01611,0.7522388059701492,0.1128747795414462
1.01591,0.7529850746268657,0.1128747795414462
1.015782,0.753731343283582,0.1128747795414462
1.015725,0.753731343283582,0.11316872427983539
1.015519,0.753731343283582,0.11346266901822458
1.015495,0.7544776119402985,0.11346266901822458
1.015218,0.7544776119402985,0.11375661375661375
1.014721,0.755223880597015,0.11375661375661375
1.014718,0.755223880597015,0.11405055849500294
1.014595,0.7559701492537313,0.11405055849500294
1.01424,0.7567164179104477,0.11405055849500294
1.014122,0.7574626865671642,0.11405055849500294
1.014025,0.7574626865671642,0.11434450323339213
1.013969,0.7582089552238805,0.11434450323339213
1.013802,0.7597014925373134,0.11434450323339213
1.013685,0.7604477611940299,0.11434450323339213
1.013563,0.7611940298507462,0.11434450323339213
1.013306,0.7611940298507462,0.1146384479717813
1.013293,0.7611940298507462,0.11493239271017049
1.013244,0.7619402985074627,0.11493239271017049
1.013079,0.7626865671641792,0.11493239271017049
1.013053,0.7634328358208955,0.11493239271017049
1.012945,0.7634328358208955,0.11522633744855967
1.012834,0.7634328358208955,0.11552028218694885
1.012548,0.7634328358208955,0.11581422692533803
1.012457,0.7634328358208955,0.11610817166372722
1.012304,0.7634328358208955,0.1164021164021164
1.012255,0.764179104477612,0.1164021164021164
1.011951,0.764179104477612,0.11669606114050558
1.011385,0.764179104477612,0.11699000587889477
1.011319,0.7649253731343284,0.11699000587889477
1.011102,0.7656716417910447,0.11699000587889477
1.010717,0.7656716417910447,0.11728395061728394
1.01052,0.7664179104477612,0.11728395061728394
1.01039,0.7664179104477612,0.11757789535567313
1.010288,0.7671641791044777,0.11757789535567313
1.009973,0.7671641791044777,0.11787184009406232
1.009487,0.7671641791044777,0.11816578483245149
1.009447,0.7671641791044777,0.11845972957084068
1.009434,0.7671641791044777,0.11875367430922987
1.009331,0.767910447761194,0.11875367430922987
1.009252,0.767910447761194,0.11904761904761904
1.009045,0.7686567164179104,0.11904761904761904
1.00904,0.7686567164179104,0.11934156378600823
1.008885,0.7694029850746269,0.11934156378600823
1.008136,0.7694029850746269,0.11963550852439742
1.008115,0.7694029850746269,0.11992945326278659
1.008032,0.7701492537313432,0.11992945326278659
1.007839,0.7701492537313432,0.12022339800117578
1.007793,0.7701492537313432,0.12051734273956496
1.007306,0.7701492537313432,0.12081128747795414
1.007226,0.7708955223880597,0.12081128747795414
1.006536,0.7716417910447761,0.12081128747795414
1.005853,0.7716417910447761,0.12110523221634333
1.005605,0.7723880597014925,0.12110523221634333
1.005042,0.7723880597014925,0.12139917695473251
1.00499,0.7731343283582089,0.12139917695473251
1.004559,0.7738805970149254,0.12139917695473251
1.004387,0.7738805970149254,0.12169312169312169
1.003764,0.7738805970149254,0.12198706643151087
1.003428,0.7738805970149254,0.12228101116990006
1.003347,0.7738805970149254,0.12257495590828923
1.003192,0.7738805970149254,0.12286890064667842
1.002103,0.7738805970149254,0.12316284538506761
1.002041,0.7738805970149254,0.12345679012345678
1.001609,0.7738805970149254,0.12375073486184597
1.001461,0.7738805970149254,0.12404467960023516
1.001034,0.7738805970149254,0.12433862433862433
1.000903,0.7746268656716417,0.12433862433862433
1.000327,0.7746268656716417,0.12463256907701352
1.000078,0.7753731343283582,0.12463256907701352
1.000053,0.7761194029850746,0.12463256907701352
1.00004,0.7768656716417911,0.12463256907701352
0.99958,0.7768656716417911,0.1249265138154027
0.99941,0.7768656716417911,0.12522045855379188
0.999036,0.7768656716417911,0.12551440329218108
0.998958,0.7768656716417911,0.12580834803057026
0.998789,0.7776119402985074,0.12580834803057026
0.998778,0.7776119402985074,0.12610229276895943
0.998448,0.7783582089552239,0.12610229276895943
0.99813,0.7791044776119403,0.12610229276895943
0.997511,0.7791044776119403,0.12639623750734863
0.996174,0.7798507462686567,0.12639623750734863
0.996048,0.7805970149253731,0.12639623750734863
0.995995,0.7805970149253731,0.1266901822457378
0.995957,0.7805970149253731,0.12698412698412698
0.995721,0.7805970149253731,0.12727807172251618
0.995557,0.7813432835820896,0.12727807172251618
0.995301,0.7813432835820896,0.12757201646090535
0.995087,0.7820895522388059,0.12757201646090535
0.995025,0.7828358208955224,0.12757201646090535
0.994871,0.7828358208955224,0.12786596119929453
0.994022,0.7835820895522388,0.12786596119929453
0.993806,0.7843283582089552,0.12786596119929453
0.993742,0.7850746268656716,0.12786596119929453
0.993369,0.7850746268656716,0.12815990593768373
0.993069,0.7858208955223881,0.12815990593768373
0.993058,0.7858208955223881,0.1284538506760729
0.992967,0.7858208955223881,0.12874779541446207
0.992793,0.7858208955223881,0.12904174015285128
0.992504,0.7858208955223881,0.12933568489124045
0.992195,0.7858208955223881,0.12962962962962962
0.992192,0.7865671641791044,0.12962962962962962
0.992112,0.7865671641791044,0.12992357436801882
0.992072,0.7873134328358209,0.12992357436801882
0.991815,0.7880597014925373,0.12992357436801882
0.991765,0.7880597014925373,0.130217519106408
0.991756,0.7888059701492537,0.130217519106408
0.991486,0.7888059701492537,0.13051146384479717
0.990883,0.7895522388059701,0.13051146384479717
0.99069,0.7895522388059701,0.13080540858318637
0.99068,0.7895522388059701,0.13109935332157555
0.99062,0.7895522388059701,0.13139329805996472
0.990367,0.7895522388059701,0.13168724279835392
0.989835,0.7902985074626866,0.13168724279835392
0.989448,0.7910447761194029,0.13168724279835392
0.989114,0.7910447761194029,0.1319811875367431
0.988914,0.7910447761194029,0.13227513227513227
0.988698,0.7917910447761194,0.13227513227513227
0.988685,0.7917910447761194,0.13256907701352147
0.988632,0.7917910447761194,0.13286302175191064
0.988358,0.7925373134328358,0.13286302175191064
0.988202,0.7932835820895522,0.13286302175191064
0.987876,0.7940298507462686,0.13286302175191064
0.987452,0.7947761194029851,0.13286302175191064
0.98732,0.7955223880597015,0.13286302175191064
0.987203,0.7955223880597015,0.13315696649029982
0.986307,0.7955223880597015,0.13345091122868902
0.986284,0.7955223880597015,0.1337448559670782
0.986029,0.7955223880597015,0.13403880070546736
0.985951,0.7955223880597015,0.13433274544385657
0.985809,0.7955223880597015,0.13462669018224574
0.985728,0.7955223880597015,0.1349206349206349
0.985687,0.7962686567164179,0.1349206349206349
0.98531,0.7970149253731343,0.1349206349206349
0.985205,0.7977611940298508,0.1349206349206349
0.985146,0.7985074626865671,0.1349206349206349
0.985118,0.7992537313432836,0.1349206349206349
0.984917,0.8,0.1349206349206349
0.984714,0.8007462686567164,0.1349206349206349
0.984609,0.8014925373134328,0.1349206349206349
0.98459,0.8022388059701493,0.1349206349206349
0.984455,0.8022388059701493,0.13521457965902411
0.984358,0.8022388059701493,0.1355085243974133
0.983941,0.8022388059701493,0.13580246913580246
0.983913,0.8022388059701493,0.13609641387419166
0.983521,0.8022388059701493,0.13639035861258084
0.983469,0.8022388059701493,0.13668430335097
0.983068,0.8022388059701493,0.1369782480893592
0.982674,0.8022388059701493,0.13727219282774838
0.982583,0.8029850746268656,0.13727219282774838
0.982544,0.8029850746268656,0.13756613756613756
0.982048,0.8029850746268656,0.13786008230452676
0.981432,0.8029850746268656,0.13815402704291593
0.981014,0.8029850746268656,0.1384479717813051
0.98095,0.8029850746268656,0.1387419165196943
0.980788,0.8037313432835821,0.1387419165196943
0.980652,0.8037313432835821,0.13903586125808348
0.980603,0.8044776119402985,0.13903586125808348
0.980588,0.8044776119402985,0.13932980599647266
0.980553,0.8052238805970149,0.13932980599647266
0.980527,0.8059701492537313,0.13932980599647266
0.980497,0.8059701492537313,0.13962375073486186
0.979657,0.8067164179104478,0.13962375073486186
0.979234,0.8067164179104478,0.13991769547325103
0.979155,0.8074626865671641,0.13991769547325103
0.979104,0.8082089552238806,0.13991769547325103
0.979093,0.8082089552238806,0.1402116402116402
0.979032,0.808955223880597,0.1402116402116402
0.978989,0.8097014925373134,0.1402116402116402
0.978579,0.8097014925373134,0.1405055849500294
0.978529,0.8104477611940298,0.1405055849500294
0.97838,0.8104477611940298,0.14079952968841858
0.978316,0.8104477611940298,0.14109347442680775
0.977973,0.8104477611940298,0.14138741916519695
0.977963,0.8111940298507463,0.14138741916519695
0.977587,0.8111940298507463,0.14168136390358613
0.977562,0.8111940298507463,0.1419753086419753
0.977373,0.8111940298507463,0.1422692533803645
0.977225,0.8119402985074626,0.1422692533803645
0.977222,0.8119402985074626,0.14256319811875368
0.977151,0.8119402985074626,0.14285714285714285
0.977112,0.8119402985074626,0.14315108759553205
0.976926,0.8119402985074626,0.14344503233392122
0.976607,0.8119402985074626,0.1437389770723104
0.976514,0.8119402985074626,0.1440329218106996
0.976359,0.8126865671641791,0.1440329218106996
0.976223,0.8134328358208955,0.1440329218106996
0.976213,0.8134328358208955,0.14432686654908877
0.975864,0.814179104477612,0.14432686654908877
0.975784,0.814179104477612,0.14462081128747795
0.975617,0.814179104477612,0.14491475602586715
0.975442,0.8149253731343283,0.14491475602586715
0.975115,0.8149253731343283,0.14520870076425632
0.974985,0.8149253731343283,0.1455026455026455
0.97498,0.8149253731343283,0.1457965902410347
0.974766,0.8156716417910448,0.1457965902410347
0.974752,0.8156716417910448,0.14609053497942387
0.974553,0.8156716417910448,0.14638447971781304
0.974336,0.8156716417910448,0.14667842445620224
0.974233,0.8156716417910448,0.14697236919459142
0.974191,0.8156716417910448,0.1472663139329806
0.974066,0.8164179104477612,0.1472663139329806
0.974004,0.8164179104477612,0.1475602586713698
0.973219,0.8171641791044776,0.1475602586713698
0.973025,0.817910447761194,0.1475602586713698
0.972835,0.817910447761194,0.14785420340975897
0.97266,0.8186567164179105,0.14785420340975897
0.972549,0.8186567164179105,0.14814814814814814
0.972365,0.8186567164179105,0.14844209288653734
0.972281,0.8186567164179105,0.14873603762492651
0.972187,0.8186567164179105,0.1490299823633157
0.972175,0.8186567164179105,0.1493239271017049
0.971693,0.8186567164179105,0.14961787184009406
0.971345,0.8186567164179105,0.14991181657848324
0.971221,0.8194029850746268,0.14991181657848324
0.97111,0.8201492537313433,0.14991181657848324
0.970995,0.8201492537313433,0.15020576131687244
0.970859,0.8208955223880597,0.15020576131687244
0.97064,0.8216417910447761,0.15020576131687244
0.970418,0.8216417910447761,0.1504997060552616
0.970385,0.8216417910447761,0.15079365079365079
0.970315,0.8223880597014925,0.15079365079365079
0.970263,0.823134328358209,0.15079365079365079
0.970215,0.823134328358209,0.15108759553204
0.969918,0.8238805970149253,0.15108759553204
0.969886,0.8238805970149253,0.15138154027042916
0.969782,0.8246268656716418,0.15138154027042916
0.969545,0.8253731343283582,0.15138154027042916
0.968762,0.8253731343283582,0.15167548500881833
0.968656,0.8261194029850746,0.15167548500881833
0.968651,0.8261194029850746,0.15196942974720754
0.968307,0.8261194029850746,0.1522633744855967
0.968047,0.8261194029850746,0.15255731922398588
0.967907,0.8261194029850746,0.15285126396237508
0.967451,0.8261194029850746,0.15314520870076426
0.967243,0.826865671641791,0.15314520870076426
0.965966,0.826865671641791,0.15343915343915343
0.965733,0.826865671641791,0.15373309817754263
0.965565,0.826865671641791,0.1540270429159318
0.965428,0.8276119402985075,0.1540270429159318
0.965412,0.8276119402985075,0.15432098765432098
0.964943,0.8283582089552238,0.15432098765432098
0.964925,0.8283582089552238,0.15461493239271018
0.964796,0.8283582089552238,0.15490887713109935
0.964609,0.8283582089552238,0.15520282186948853
0.964397,0.8283582089552238,0.15549676660787773
0.964294,0.8283582089552238,0.1557907113462669
0.964284,0.8283582089552238,0.15608465608465608
0.964102,0.8283582089552238,0.15637860082304528
0.963817,0.8291044776119403,0.15637860082304528
0.963815,0.8298507462686567,0.15637860082304528
0.963708,0.8298507462686567,0.15667254556143445
0.963612,0.8298507462686567,0.15696649029982362
0.962962,0.8305970149253732,0.15696649029982362
0.962805,0.8305970149253732,0.15726043503821283
0.962351,0.8305970149253732,0.157554379776602
0.962314,0.8313432835820895,0.157554379776602
0.96192,0.8313432835820895,0.15784832451499117
0.961851,0.832089552238806,0.15784832451499117
0.961764,0.832089552238806,0.15814226925338037
0.961716,0.8328358208955224,0.15814226925338037
0.960664,0.8328358208955224,0.15843621399176955
0.960372,0.8328358208955224,0.15873015873015872
0.95998,0.8335820895522388,0.15873015873015872
0.959677,0.8343283582089552,0.15873015873015872
0.959473,0.8343283582089552,0.15902410346854792
0.95946,0.8343283582089552,0.1593180482069371
0.959297,0.8350746268656717,0.1593180482069371
0.959098,0.835820895522388,0.1593180482069371
0.958749,0.8365671641791045,0.1593180482069371
0.958655,0.8365671641791045,0.15961199294532627
0.958566,0.8365671641791045,0.15990593768371547
0.958426,0.8373134328358209,0.15990593768371547
0.958223,0.8373134328358209,0.16019988242210464
0.958057,0.8373134328358209,0.16049382716049382
0.958003,0.8373134328358209,0.16078777189888302
0.957838,0.8373134328358209,0.1610817166372722
0.957659,0.8373134328358209,0.16137566137566137
0.957065,0.8373134328358209,0.16166960611405057
0.956913,0.8380597014925373,0.16166960611405057
0.956818,0.8388059701492537,0.16166960611405057
0.956741,0.8388059701492537,0.16196355085243974
0.95617,0.8395522388059702,0.16196355085243974
0.955645,0.8395522388059702,0.16225749559082892
0.95557,0.8395522388059702,0.16255144032921812
0.955237,0.8395522388059702,0.1628453850676073
0.954589,0.8402985074626865,0.1628453850676073
0.954559,0.841044776119403,0.1628453850676073
0.954175,0.841044776119403,0.16313932980599646
0.954148,0.841044776119403,0.16343327454438566
0.953874,0.8417910447761194,0.16343327454438566
0.953859,0.8417910447761194,0.16372721928277484
0.952786,0.8425373134328358,0.16372721928277484
0.952618,0.8425373134328358,0.164021164021164
0.952481,0.8432835820895522,0.164021164021164
0.952454,0.8440298507462687,0.164021164021164
0.95238,0.8440298507462687,0.1643151087595532
0.951904,0.8440298507462687,0.1646090534979424
0.951801,0.8440298507462687,0.16490299823633156
0.951603,0.844776119402985,0.16490299823633156
0.951305,0.844776119402985,0.16519694297472076
0.951118,0.8455223880597015,0.16519694297472076
0.950891,0.8455223880597015,0.16549088771310994
0.950812,0.8455223880597015,0.1657848324514991
0.950476,0.8455223880597015,0.1660787771898883
0.950449,0.8455223880597015,0.16637272192827748
0.950022,0.8455223880597015,0.16666666666666666
0.949985,0.8455223880597015,0.16696061140505586
0.949567,0.8455223880597015,0.16725455614344503
0.949305,0.8462686567164179,0.16725455614344503
0.948992,0.8462686567164179,0.1675485008818342
0.948905,0.8462686567164179,0.1678424456202234
0.948707,0.8462686567164179,0.16813639035861258
0.948122,0.8462686567164179,0.16843033509700175
0.947558,0.8462686567164179,0.16872427983539096
0.947551,0.8470149253731343,0.16872427983539096
0.94717,0.8470149253731343,0.16901822457378013
0.946964,0.8470149253731343,0.1693121693121693
0.946727,0.8470149253731343,0.1696061140505585
0.946725,0.8477611940298507,0.1696061140505585
0.946408,0.8477611940298507,0.16990005878894768
0.946238,0.8485074626865672,0.16990005878894768
0.946229,0.8485074626865672,0.17019400352733685
0.946129,0.8485074626865672,0.17048794826572605
0.946099,0.8492537313432836,0.17048794826572605
0.946068,0.8492537313432836,0.17078189300411523
0.946026,0.8492537313432836,0.1710758377425044
0.945976,0.8492537313432836,0.1713697824808936
0.94584,0.8492537313432836,0.17166372721928277
0.945724,0.8492537313432836,0.17195767195767195
0.945474,0.85,0.17195767195767195
0.945428,0.85,0.17225161669606115
0.945334,0.85,0.17254556143445032
0.944294,0.85,0.1728395061728395
0.944198,0.85,0.1731334509112287
0.944114,0.85,0.17342739564961787
0.944007,0.8507462686567164,0.17342739564961787
0.943727,0.8507462686567164,0.17372134038800705
0.943723,0.8507462686567164,0.17401528512639625
0.943719,0.8514925373134329,0.17401528512639625
0.943648,0.8514925373134329,0.17430922986478542
0.943357,0.8522388059701492,0.17430922986478542
0.943323,0.8522388059701492,0.1746031746031746
0.943205,0.8529850746268657,0.1746031746031746
0.943019,0.8529850746268657,0.1748971193415638
0.942372,0.8529850746268657,0.17519106407995297
0.942281,0.8537313432835821,0.17519106407995297
0.941972,0.8537313432835821,0.17548500881834214
0.941576,0.8537313432835821,0.17577895355673134
0.941217,0.8537313432835821,0.17607289829512052
0.940991,0.8544776119402985,0.17607289829512052
0.940897,0.8544776119402985,0.1763668430335097
0.940781,0.8544776119402985,0.1766607877718989
0.940443,0.8544776119402985,0.17695473251028807
0.940426,0.8552238805970149,0.17695473251028807
0.940315,0.8552238805970149,0.17724867724867724
0.940277,0.8552238805970149,0.17754262198706644
0.940227,0.8552238805970149,0.1778365667254556
0.94,0.8552238805970149,0.1781305114638448
0.939963,0.8552238805970149,0.178424456202234
0.939948,0.8552238805970149,0.17871840094062316
0.939873,0.8552238805970149,0.17901234567901234
0.939824,0.8552238805970149,0.17930629041740154
0.939613,0.8559701492537314,0.17930629041740154
0.939555,0.8559701492537314,0.1796002351557907
0.939407,0.8559701492537314,0.17989417989417988
0.939253,0.8567164179104477,0.17989417989417988
0.938681,0.8574626865671642,0.17989417989417988
0.938385,0.8574626865671642,0.18018812463256909
0.938157,0.8574626865671642,0.18048206937095826
0.937586,0.8582089552238806,0.18048206937095826
0.937498,0.858955223880597,0.18048206937095826
0.937119,0.8597014925373134,0.18048206937095826
0.937045,0.8597014925373134,0.18077601410934743
0.937033,0.8597014925373134,0.18106995884773663
0.936968,0.8597014925373134,0.1813639035861258
0.936742,0.8597014925373134,0.18165784832451498
0.936622,0.8597014925373134,0.18195179306290418
0.936232,0.8597014925373134,0.18224573780129336
0.936226,0.8597014925373134,0.18253968253968253
0.935662,0.8597014925373134,0.18283362727807173
0.935338,0.8597014925373134,0.1831275720164609
0.935031,0.8597014925373134,0.18342151675485008
0.934828,0.8597014925373134,0.18371546149323928
0.934798,0.8604477611940299,0.18371546149323928
0.934522,0.8611940298507462,0.18371546149323928
0.933962,0.8611940298507462,0.18400940623162845
0.93372,0.8611940298507462,0.18430335097001763
0.933559,0.8611940298507462,0.18459729570840683
0.933486,0.8611940298507462,0.184891240446796
0.932404,0.8611940298507462,0.18518518518518517
0.932128,0.8611940298507462,0.18547912992357438
0.932025,0.8611940298507462,0.18577307466196355
0.931614,0.8611940298507462,0.18606701940035272
0.931565,0.8611940298507462,0.18636096413874192
0.930969,0.8611940298507462,0.1866549088771311
0.930757,0.8619402985074627,0.1866549088771311
0.930503,0.8619402985074627,0.18694885361552027
0.929707,0.8626865671641791,0.18694885361552027
0.929681,0.8634328358208955,0.18694885361552027
0.929167,0.8634328358208955,0.18724279835390947
0.929132,0.8641791044776119,0.18724279835390947
0.928616,0.8641791044776119,0.18753674309229865
0.928345,0.8649253731343284,0.18753674309229865
0.927769,0.8656716417910447,0.18753674309229865
0.927558,0.8656716417910447,0.18783068783068782
0.927252,0.8656716417910447,0.18812463256907702
0.926963,0.8656716417910447,0.1884185773074662
0.926889,0.8656716417910447,0.18871252204585537
0.926703,0.8656716417910447,0.18900646678424457
0.926506,0.8656716417910447,0.18930041152263374
0.926302,0.8656716417910447,0.18959435626102292
0.92571,0.8656716417910447,0.18988830099941212
0.925672,0.8664179104477612,0.18988830099941212
0.925376,0.8664179104477612,0.1901822457378013
0.925216,0.8671641791044776,0.1901822457378013
0.924924,0.8679104477611941,0.1901822457378013
0.924821,0.8679104477611941,0.19047619047619047
0.924816,0.8679104477611941,0.19077013521457967
0.924604,0.8679104477611941,0.19106407995296884
0.924553,0.8679104477611941,0.19135802469135801
0.924529,0.8679104477611941,0.19165196942974722
0.923463,0.8679104477611941,0.1919459141681364
0.923215,0.8679104477611941,0.19223985890652556
0.92319,0.8679104477611941,0.19253380364491476
0.92314,0.8686567164179104,0.19253380364491476
0.922502,0.8694029850746269,0.19253380364491476
0.922184,0.8694029850746269,0.19282774838330394
0.922013,0.8694029850746269,0.1931216931216931
0.921956,0.8694029850746269,0.1934156378600823
0.921882,0.8701492537313433,0.1934156378600823
0.921623,0.8701492537313433,0.19370958259847149
0.921268,0.8701492537313433,0.19400352733686066
0.921081,0.8701492537313433,0.19429747207524986
0.920611,0.8701492537313433,0.19459141681363903
0.920256,0.8708955223880597,0.19459141681363903
0.919967,0.8708955223880597,0.1948853615520282
0.919511,0.8708955223880597,0.1951793062904174
0.919109,0.8708955223880597,0.19547325102880658
0.919027,0.8708955223880597,0.19576719576719576
0.918826,0.8708955223880597,0.19606114050558496
0.918761,0.8708955223880597,0.19635508524397413
0.918692,0.8708955223880597,0.1966490299823633
0.918554,0.8708955223880597,0.1969429747207525
0.91827,0.8708955223880597,0.19723691945914168
0.918244,0.8716417910447761,0.19723691945914168
0.917701,0.8716417910447761,0.19753086419753085
0.917564,0.8716417910447761,0.19782480893592005
0.917553,0.8723880597014926,0.19782480893592005
0.917399,0.8723880597014926,0.19811875367430923
0.917217,0.8731343283582089,0.19811875367430923
0.91707,0.8731343283582089,0.1984126984126984
0.916643,0.8738805970149254,0.1984126984126984
0.916439,0.8746268656716418,0.1984126984126984
0.915947,0.8746268656716418,0.1987066431510876
0.91549,0.8746268656716418,0.19900058788947678
0.915448,0.8753731343283582,0.19900058788947678
0.915331,0.8753731343283582,0.19929453262786595
0.915132,0.8753731343283582,0.19958847736625515
0.91463,0.8753731343283582,0.19988242210464433
0.914409,0.8753731343283582,0.2001763668430335
0.914125,0.8753731343283582,0.2004703115814227
0.914118,0.8753731343283582,0.20076425631981187
0.913953,0.8753731343283582,0.20105820105820105
0.913833,0.8761194029850746,0.20105820105820105
0.91356,0.8761194029850746,0.20135214579659025
0.91313,0.8761194029850746,0.20164609053497942
0.912913,0.8761194029850746,0.2019400352733686
0.912869,0.8768656716417911,0.2019400352733686
0.912539,0.8768656716417911,0.2022339800117578
0.912481,0.8768656716417911,0.20252792475014697
0.912439,0.8768656716417911,0.20282186948853614
0.9124,0.8768656716417911,0.20311581422692535
0.912396,0.8768656716417911,0.20340975896531452
0.912215,0.8768656716417911,0.2037037037037037
0.911961,0.8768656716417911,0.2039976484420929
0.91179,0.8776119402985074,0.2039976484420929
0.911721,0.8776119402985074,0.20429159318048207
0.911625,0.8776119402985074,0.20458553791887124
0.911352,0.8776119402985074,0.20487948265726044
0.911123,0.8776119402985074,0.20517342739564962
0.911079,0.8776119402985074,0.2054673721340388
0.910985,0.8776119402985074,0.205761316872428
0.910907,0.8776119402985074,0.20605526161081716
0.910778,0.8776119402985074,0.20634920634920634
0.910716,0.8776119402985074,0.20664315108759554
0.910655,0.8776119402985074,0.2069370958259847
0.910622,0.8776119402985074,0.2072310405643739
0.910601,0.8783582089552239,0.2072310405643739
0.91028,0.8783582089552239,0.2075249853027631
0.910157,0.8791044776119403,0.2075249853027631
0.910115,0.8791044776119403,0.20781893004115226
0.910112,0.8791044776119403,0.20811287477954143
0.909932,0.8791044776119403,0.20840681951793064
0.909642,0.8791044776119403,0.2087007642563198
0.909558,0.8798507462686567,0.2087007642563198
0.909469,0.8798507462686567,0.20899470899470898
0.908834,0.8805970149253731,0.20899470899470898
0.908378,0.8805970149253731,0.20928865373309818
0.90809,0.8805970149253731,0.20958259847148736
0.907095,0.8805970149253731,0.20987654320987653
0.906908,0.8805970149253731,0.21017048794826573
0.906879,0.8813432835820896,0.21017048794826573
0.906819,0.8820895522388059,0.21017048794826573
0.906002,0.8820895522388059,0.2104644326866549
0.905736,0.8820895522388059,0.21075837742504408
0.905627,0.8820895522388059,0.21105232216343328
0.905498,0.8820895522388059,0.21134626690182245
0.905483,0.8828358208955224,0.21134626690182245
0.905137,0.8828358208955224,0.21164021164021163
0.905105,0.8835820895522388,0.21164021164021163
0.904617,0.8843283582089553,0.21164021164021163
0.90452,0.8850746268656716,0.21164021164021163
0.904286,0.8850746268656716,0.21193415637860083
0.904139,0.8850746268656716,0.21222810111699
0.904061,0.8858208955223881,0.21222810111699
0.903929,0.8858208955223881,0.21252204585537918
0.903842,0.8858208955223881,0.21281599059376838
0.903738,0.8865671641791045,0.21281599059376838
0.903018,0.8865671641791045,0.21310993533215755
0.902805,0.8865671641791045,0.21340388007054673
0.902742,0.8865671641791045,0.21369782480893593
0.902617,0.8873134328358209,0.21369782480893593
0.902446,0.8873134328358209,0.2139917695473251
0.902056,0.8873134328358209,0.21428571428571427
0.901962,0.8873134328358209,0.21457965902410348
0.901892,0.8873134328358209,0.21487360376249265
0.901858,0.8873134328358209,0.21516754850088182
0.901719,0.8873134328358209,0.21546149323927102
0.901268,0.8873134328358209,0.2157554379776602
0.90071,0.8873134328358209,0.21604938271604937
0.900557,0.8873134328358209,0.21634332745443857
0.900512,0.8873134328358209,0.21663727219282775
0.900367,0.8873134328358209,0.21693121693121692
0.900047,0.8873134328358209,0.21722516166960612
0.900031,0.8880597014925373,0.21722516166960612
0.90002,0.8880597014925373,0.2175191064079953
0.899965,0.8888059701492538,0.2175191064079953
0.899732,0.8888059701492538,0.21781305114638447
0.899659,0.8888059701492538,0.21810699588477367
0.899642,0.8895522388059701,0.21810699588477367
0.899572,0.8895522388059701,0.21840094062316284
0.899295,0.8902985074626866,0.21840094062316284
0.899261,0.891044776119403,0.21840094062316284
0.899234,0.891044776119403,0.21869488536155202
0.898946,0.891044776119403,0.21898883009994122
0.898634,0.8917910447761194,0.21898883009994122
0.898601,0.8917910447761194,0.2192827748383304
0.89829,0.8917910447761194,0.21957671957671956
0.898277,0.8917910447761194,0.21987066431510877
0.898197,0.8917910447761194,0.22016460905349794
0.898137,0.8917910447761194,0.2204585537918871
0.898126,0.8917910447761194,0.22075249853027631
0.89779,0.8917910447761194,0.2210464432686655
0.897601,0.8917910447761194,0.22134038800705466
0.897306,0.8925373134328358,0.22134038800705466
0.896947,0.8925373134328358,0.22163433274544386
0.896434,0.8925373134328358,0.22192827748383304
0.896133,0.8932835820895523,0.22192827748383304
0.895852,0.8932835820895523,0.2222222222222222
0.895748,0.8932835820895523,0.2225161669606114
0.895566,0.8940298507462686,0.2225161669606114
0.895209,0.8947761194029851,0.2225161669606114
0.895114,0.8947761194029851,0.22281011169900058
0.894692,0.8947761194029851,0.22310405643738976
0.894691,0.8947761194029851,0.22339800117577896
0.894593,0.8947761194029851,0.22369194591416813
0.89443,0.8947761194029851,0.2239858906525573
0.893847,0.8955223880597015,0.2239858906525573
0.893199,0.8955223880597015,0.2242798353909465
0.893184,0.8962686567164179,0.2242798353909465
0.892781,0.8962686567164179,0.22457378012933568
0.892636,0.8962686567164179,0.22486772486772486
0.892558,0.8962686567164179,0.22516166960611406
0.892549,0.8970149253731343,0.22516166960611406
0.892442,0.8970149253731343,0.22545561434450323
0.892276,0.8970149253731343,0.2257495590828924
0.892192,0.8970149253731343,0.2260435038212816
0.891949,0.8970149253731343,0.22633744855967078
0.891412,0.8970149253731343,0.22663139329805995
0.891166,0.8977611940298508,0.22663139329805995
0.890781,0.8977611940298508,0.22692533803644915
0.890465,0.8977611940298508,0.22721928277483833
0.889698,0.8985074626865671,0.22721928277483833
0.88969,0.8985074626865671,0.2275132275132275
0.888934,0.8985074626865671,0.2278071722516167
0.888899,0.8985074626865671,0.22810111699000588
0.88871,0.8992537313432836,0.22810111699000588
0.888511,0.8992537313432836,0.22839506172839505
0.887814,0.8992537313432836,0.22868900646678425
0.887808,0.8992537313432836,0.22898295120517342
0.887644,0.8992537313432836,0.2292768959435626
0.887454,0.8992537313432836,0.2295708406819518
0.887413,0.9,0.2295708406819518
0.887392,0.9,0.22986478542034097
0.887296,0.9,0.23015873015873015
0.887114,0.9,0.23045267489711935
0.886993,0.9,0.23074661963550852
0.88684,0.9,0.2310405643738977
0.886674,0.9,0.2313345091122869
0.886424,0.9,0.23162845385067607
0.885941,0.9,0.23192239858906524
0.885932,0.9,0.23221634332745444
0.885895,0.9,0.23251028806584362
0.885798,0.9,0.2328042328042328
0.885712,0.9,0.233098177542622
0.885602,0.9007462686567164,0.233098177542622
0.885524,0.9014925373134328,0.233098177542622
0.885486,0.9014925373134328,0.23339212228101117
0.88477,0.9014925373134328,0.23368606701940034
0.88458,0.9014925373134328,0.23398001175778954
0.884508,0.9014925373134328,0.23427395649617871
0.884381,0.9014925373134328,0.2345679012345679
0.883466,0.9014925373134328,0.2348618459729571
0.883158,0.9014925373134328,0.23515579071134626
0.882773,0.9014925373134328,0.23544973544973544
0.882643,0.9014925373134328,0.23574368018812464
0.882553,0.9014925373134328,0.2360376249265138
0.882534,0.9014925373134328,0.23633156966490299
0.881362,0.9014925373134328,0.2366255144032922
0.881183,0.9014925373134328,0.23691945914168136
0.881103,0.9014925373134328,0.23721340388007053
0.880941,0.9014925373134328,0.23750734861845973
0.880859,0.9014925373134328,0.2378012933568489
0.88055,0.9014925373134328,0.23809523809523808
0.880221,0.9022388059701493,0.23809523809523808
0.880038,0.9022388059701493,0.23838918283362728
0.880024,0.9022388059701493,0.23868312757201646
0.87997,0.9022388059701493,0.23897707231040563
0.878742,0.9022388059701493,0.23927101704879483
0.878713,0.9022388059701493,0.239564961787184
0.878699,0.9022388059701493,0.23985890652557318
0.878552,0.9029850746268657,0.23985890652557318
0.878284,0.9029850746268657,0.24015285126396238
0.878275,0.9029850746268657,0.24044679600235155
0.87809,0.9029850746268657,0.24074074074074073
0.877593,0.9037313432835821,0.24074074074074073
0.877432,0.9037313432835821,0.24103468547912993
0.87732,0.9037313432835821,0.2413286302175191
0.877204,0.9037313432835821,0.24162257495590828
0.877063,0.9037313432835821,0.24191651969429748
0.876861,0.9044776119402985,0.24191651969429748
0.876803,0.9044776119402985,0.24221046443268665
0.876786,0.9044776119402985,0.24250440917107582
0.876078,0.9044776119402985,0.24279835390946503
0.875918,0.9044776119402985,0.2430922986478542
0.875793,0.9044776119402985,0.24338624338624337
0.875214,0.9044776119402985,0.24368018812463257
0.875139,0.9044776119402985,0.24397413286302175
0.874866,0.9044776119402985,0.24426807760141092
0.874718,0.9044776119402985,0.24456202233980012
0.874678,0.9044776119402985,0.2448559670781893
0.874617,0.9044776119402985,0.24514991181657847
0.874614,0.9044776119402985,0.24544385655496767
0.874557,0.9044776119402985,0.24573780129335684
0.873492,0.9044776119402985,0.24603174603174602
0.873314,0.9044776119402985,0.24632569077013522
0.873081,0.9044776119402985,0.2466196355085244
0.87301,0.9044776119402985,0.24691358024691357
0.872806,0.905223880597015,0.24691358024691357
0.872575,0.905223880597015,0.24720752498530277
0.872104,0.905223880597015,0.24750146972369194
0.87183,0.905223880597015,0.24779541446208111
0.871264,0.905223880597015,0.24808935920047032
0.871114,0.905223880597015,0.2483833039388595
0.870887,0.905223880597015,0.24867724867724866
0.870511,0.905223880597015,0.24897119341563786
0.870218,0.905223880597015,0.24926513815402704
0.870183,0.9059701492537313,0.24926513815402704
0.869903,0.9059701492537313,0.2495590828924162
0.869841,0.9059701492537313,0.2498530276308054
0.869733,0.9059701492537313,0.2501469723691946
0.869404,0.9059701492537313,0.25044091710758376
0.868887,0.9059701492537313,0.25073486184597293
0.868885,0.9059701492537313,0.25102880658436216
0.868599,0.9059701492537313,0.25132275132275134
0.868596,0.9059701492537313,0.2516166960611405
0.868206,0.9059701492537313,0.2519106407995297
0.868194,0.9059701492537313,0.25220458553791886
0.868149,0.9059701492537313,0.25249853027630803
0.868134,0.9059701492537313,0.25279247501469726
0.867933,0.9059701492537313,0.25308641975308643
0.867778,0.9059701492537313,0.2533803644914756
0.867584,0.9059701492537313,0.2536743092298648
0.867551,0.9059701492537313,0.25396825396825395
0.867361,0.9067164179104478,0.25396825396825395
0.867268,0.9067164179104478,0.2542621987066431
0.867151,0.9074626865671642,0.2542621987066431
0.867013,0.9082089552238806,0.2542621987066431
0.866883,0.9082089552238806,0.25455614344503236
0.86683,0.9082089552238806,0.25485008818342153
0.865986,0.908955223880597,0.25485008818342153
0.865705,0.908955223880597,0.2551440329218107
0.865664,0.908955223880597,0.2554379776601999
0.865385,0.908955223880597,0.25573192239858905
0.865224,0.908955223880597,0.2560258671369782
0.865204,0.908955223880597,0.25631981187536745
0.865094,0.908955223880597,0.2566137566137566
0.865072,0.908955223880597,0.2569077013521458
0.865006,0.908955223880597,0.257201646090535
0.864896,0.908955223880597,0.25749559082892415
0.864686,0.908955223880597,0.2577895355673133
0.864631,0.9097014925373135,0.2577895355673133
0.864469,0.9104477611940298,0.2577895355673133
0.864425,0.9111940298507463,0.2577895355673133
0.864163,0.9111940298507463,0.25808348030570255
0.863541,0.9111940298507463,0.2583774250440917
0.863152,0.9111940298507463,0.2586713697824809
0.862975,0.9111940298507463,0.25896531452087007
0.862837,0.9119402985074627,0.25896531452087007
0.862356,0.9119402985074627,0.25925925925925924
0.861587,0.9119402985074627,0.2595532039976484
0.861373,0.9119402985074627,0.25984714873603765
0.861198,0.9119402985074627,0.2601410934744268
0.861184,0.9119402985074627,0.260435038212816
0.860991,0.9119402985074627,0.26072898295120517
0.860975,0.9119402985074627,0.26102292768959434
0.860944,0.9119402985074627,0.2613168724279835
0.860867,0.9119402985074627,0.26161081716637274
0.860759,0.9126865671641791,0.26161081716637274
0.860667,0.9126865671641791,0.2619047619047619
0.860637,0.9126865671641791,0.2621987066431511
0.860607,0.9126865671641791,0.26249265138154027
0.860116,0.9126865671641791,0.26278659611992944
0.859912,0.9126865671641791,0.2630805408583186
0.859827,0.9134328358208955,0.2630805408583186
0.859629,0.9134328358208955,0.26337448559670784
0.85948,0.914179104477612,0.26337448559670784
0.859241,0.914179104477612,0.263668430335097
0.859167,0.914179104477612,0.2639623750734862
0.858949,0.914179104477612,0.26425631981187536
0.858373,0.914179104477612,0.26455026455026454
0.857803,0.914179104477612,0.2648442092886537
0.857717,0.914179104477612,0.26513815402704294
0.857589,0.914179104477612,0.2654320987654321
0.857548,0.914179104477612,0.2657260435038213
0.857119,0.914179104477612,0.26601998824221046
0.857093,0.914179104477612,0.26631393298059963
0.856708,0.914179104477612,0.2666078777189888
0.856199,0.9149253731343283,0.2666078777189888
0.855922,0.9149253731343283,0.26690182245737804
0.85545,0.9149253731343283,0.2671957671957672
0.855219,0.9149253731343283,0.2674897119341564
0.855158,0.9156716417910448,0.2674897119341564
0.854988,0.9156716417910448,0.26778365667254556
0.854809,0.9156716417910448,0.26807760141093473
0.854653,0.9164179104477612,0.26807760141093473
0.854612,0.9164179104477612,0.2683715461493239
0.854588,0.9164179104477612,0.26866549088771313
0.854311,0.9164179104477612,0.2689594356261023
0.85428,0.9171641791044776,0.2689594356261023
0.854055,0.917910447761194,0.2689594356261023
0.853961,0.917910447761194,0.2692533803644915
0.853788,0.917910447761194,0.26954732510288065
0.853711,0.917910447761194,0.2698412698412698
0.853582,0.9186567164179105,0.2698412698412698
0.853255,0.9186567164179105,0.270135214579659
0.852912,0.9194029850746268,0.270135214579659
0.852712,0.9194029850746268,0.27042915931804823
0.852683,0.9201492537313433,0.27042915931804823
0.85227,0.9201492537313433,0.2707231040564374
0.8519,0.9208955223880597,0.2707231040564374
0.851871,0.9208955223880597,0.2710170487948266
0.851847,0.9208955223880597,0.27131099353321575
0.851781,0.9208955223880597,0.2716049382716049
0.851719,0.9208955223880597,0.2718988830099941
0.851512,0.9208955223880597,0.2721928277483833
0.851269,0.9216417910447762,0.2721928277483833
0.851108,0.9216417910447762,0.2724867724867725
0.851039,0.9216417910447762,0.2727807172251617
0.85086,0.9216417910447762,0.27307466196355085
0.850785,0.9223880597014925,0.27307466196355085
0.850507,0.9223880597014925,0.27336860670194
0.850489,0.923134328358209,0.27336860670194
0.850474,0.9238805970149254,0.27336860670194
0.850127,0.9238805970149254,0.2736625514403292
0.850075,0.9238805970149254,0.2739564961787184
0.849069,0.9238805970149254,0.2742504409171076
0.848847,0.9238805970149254,0.27454438565549677
0.84879,0.9238805970149254,0.27483833039388594
0.848521,0.9246268656716418,0.27483833039388594
0.848381,0.9246268656716418,0.2751322751322751
0.848236,0.9246268656716418,0.2754262198706643
0.84815,0.9253731343283582,0.2754262198706643
0.847902,0.9253731343283582,0.2757201646090535
0.84779,0.9253731343283582,0.2760141093474427
0.847765,0.9253731343283582,0.27630805408583187
0.847529,0.9261194029850747,0.27630805408583187
0.847354,0.9261194029850747,0.27660199882422104
0.847239,0.9261194029850747,0.2768959435626102
0.847154,0.9261194029850747,0.2771898883009994
0.8469,0.9261194029850747,0.2774838330393886
0.846875,0.9261194029850747,0.2777777777777778
0.846438,0.9261194029850747,0.27807172251616696
0.846377,0.9261194029850747,0.27836566725455614
0.84611,0.9261194029850747,0.2786596119929453
0.845666,0.9261194029850747,0.2789535567313345
0.844958,0.9261194029850747,0.2792475014697237
0.844946,0.926865671641791,0.2792475014697237
0.844838,0.926865671641791,0.2795414462081129
0.844549,0.9276119402985075,0.2795414462081129
0.843878,0.9276119402985075,0.27983539094650206
0.843335,0.9283582089552239,0.27983539094650206
0.842893,0.9291044776119403,0.27983539094650206
0.842657,0.9291044776119403,0.28012933568489123
0.842616,0.9291044776119403,0.2804232804232804
0.842257,0.9298507462686567,0.2804232804232804
0.84211,0.9298507462686567,0.2807172251616696
0.842094,0.9298507462686567,0.2810111699000588
0.841316,0.9298507462686567,0.281305114638448
0.841305,0.9298507462686567,0.28159905937683716
0.841204,0.9305970149253732,0.28159905937683716
0.8412,0.9305970149253732,0.28189300411522633
0.840992,0.9305970149253732,0.2821869488536155
0.840974,0.9305970149253732,0.2824808935920047
0.840831,0.9305970149253732,0.2827748383303939
0.840708,0.9305970149253732,0.2830687830687831
0.840676,0.9305970149253732,0.28336272780717225
0.84051,0.9305970149253732,0.28365667254556143
0.840456,0.9305970149253732,0.2839506172839506
0.840389,0.9305970149253732,0.2842445620223398
0.840305,0.9305970149253732,0.284538506760729
0.839935,0.9313432835820895,0.284538506760729
0.839769,0.9313432835820895,0.2848324514991182
0.839758,0.9313432835820895,0.28512639623750735
0.839316,0.9313432835820895,0.2854203409758965
0.839258,0.9313432835820895,0.2857142857142857
0.839234,0.9313432835820895,0.28600823045267487
0.839207,0.9313432835820895,0.2863021751910641
0.839161,0.932089552238806,0.2863021751910641
0.83915,0.932089552238806,0.2865961199294533
0.839095,0.932089552238806,0.28689006466784245
0.83849,0.932089552238806,0.2871840094062316
0.838095,0.932089552238806,0.2874779541446208
0.837491,0.932089552238806,0.28777189888300997
0.836933,0.932089552238806,0.2880658436213992
0.83679,0.932089552238806,0.28835978835978837
0.836773,0.932089552238806,0.28865373309817755
0.836756,0.932089552238806,0.2889476778365667
0.836645,0.932089552238806,0.2892416225749559
0.83634,0.932089552238806,0.28953556731334507
0.836319,0.932089552238806,0.2898295120517343
0.836306,0.9328358208955224,0.2898295120517343
0.836256,0.9328358208955224,0.29012345679012347
0.835977,0.9328358208955224,0.29041740152851264
0.835772,0.9328358208955224,0.2907113462669018
0.83559,0.9328358208955224,0.291005291005291
0.835503,0.9328358208955224,0.29129923574368016
0.835137,0.9328358208955224,0.2915931804820694
0.834719,0.9328358208955224,0.29188712522045857
0.834667,0.9335820895522388,0.29188712522045857
0.833762,0.9335820895522388,0.29218106995884774
0.833655,0.9343283582089552,0.29218106995884774
0.833354,0.9343283582089552,0.2924750146972369
0.832964,0.9343283582089552,0.2927689594356261
0.832953,0.9343283582089552,0.29306290417401526
0.83286,0.9343283582089552,0.2933568489124045
0.832562,0.9343283582089552,0.29365079365079366
0.832146,0.9343283582089552,0.29394473838918284
0.832136,0.9343283582089552,0.294238683127572
0.832128,0.9343283582089552,0.2945326278659612
0.831844,0.9343283582089552,0.29482657260435036
0.83172,0.9343283582089552,0.2951205173427396
0.830653,0.9343283582089552,0.29541446208112876
0.8302,0.9350746268656717,0.29541446208112876
0.829936,0.9350746268656717,0.29570840681951793
0.829825,0.9350746268656717,0.2960023515579071
0.829782,0.9350746268656717,0.2962962962962963
0.829517,0.9350746268656717,0.29659024103468545
0.829227,0.9350746268656717,0.2968841857730747
0.829163,0.9350746268656717,0.29717813051146386
0.829157,0.9350746268656717,0.29747207524985303
0.829059,0.935820895522388,0.29747207524985303
0.8283,0.9365671641791045,0.29747207524985303
0.828297,0.9373134328358209,0.29747207524985303
0.82802,0.9380597014925374,0.29747207524985303
0.827513,0.9380597014925374,0.2977660199882422
0.826859,0.9380597014925374,0.2980599647266314
0.826775,0.9380597014925374,0.29835390946502055
0.826452,0.9380597014925374,0.2986478542034098
0.826214,0.9380597014925374,0.29894179894179895
0.826043,0.9388059701492537,0.29894179894179895
0.825647,0.9388059701492537,0.2992357436801881
0.825592,0.9388059701492537,0.2995296884185773
0.825115,0.9395522388059702,0.2995296884185773
0.82497,0.9395522388059702,0.2998236331569665
0.824945,0.9395522388059702,0.30011757789535565
0.824686,0.9395522388059702,0.3004115226337449
0.823866,0.9395522388059702,0.30070546737213405
0.823779,0.9402985074626866,0.30070546737213405
0.823724,0.9402985074626866,0.3009994121105232
0.822899,0.9402985074626866,0.3012933568489124
0.822879,0.941044776119403,0.3012933568489124
0.822834,0.941044776119403,0.30158730158730157
0.822446,0.941044776119403,0.30188124632569074
0.822163,0.941044776119403,0.30217519106408
0.822066,0.9417910447761194,0.30217519106408
0.821895,0.9425373134328359,0.30217519106408
0.82146,0.9425373134328359,0.30246913580246915
0.821361,0.9425373134328359,0.3027630805408583
0.82136,0.9425373134328359,0.3030570252792475
0.821307,0.9425373134328359,0.30335097001763667
0.82123,0.9425373134328359,0.30364491475602584
0.821221,0.9432835820895522,0.30364491475602584
0.821069,0.9432835820895522,0.30393885949441507
0.820929,0.9432835820895522,0.30423280423280424
0.820576,0.9440298507462687,0.30423280423280424
0.820076,0.9440298507462687,0.3045267489711934
0.819915,0.9447761194029851,0.3045267489711934
0.819883,0.9447761194029851,0.3048206937095826
0.819751,0.9447761194029851,0.30511463844797176
0.819674,0.9447761194029851,0.30540858318636094
0.819303,0.9447761194029851,0.30570252792475017
0.819271,0.9447761194029851,0.30599647266313934
0.81923,0.9447761194029851,0.3062904174015285
0.819111,0.9447761194029851,0.3065843621399177
0.819073,0.9447761194029851,0.30687830687830686
0.818735,0.9447761194029851,0.30717225161669603
0.81852,0.9447761194029851,0.30746619635508526
0.818014,0.9447761194029851,0.30776014109347444
0.817889,0.9455223880597015,0.30776014109347444
0.817683,0.9455223880597015,0.3080540858318636
0.817436,0.9455223880597015,0.3083480305702528
0.817384,0.9455223880597015,0.30864197530864196
0.817382,0.9455223880597015,0.30893592004703113
0.817211,0.9455223880597015,0.30922986478542036
0.817007,0.9455223880597015,0.30952380952380953
0.816987,0.9455223880597015,0.3098177542621987
0.816948,0.9455223880597015,0.3101116990005879
0.816937,0.9455223880597015,0.31040564373897706
0.816886,0.9455223880597015,0.31069958847736623
0.816689,0.9462686567164179,0.31069958847736623
0.816344,0.9462686567164179,0.31099353321575546
0.816091,0.9462686567164179,0.31128747795414463
0.815934,0.9462686567164179,0.3115814226925338
0.815704,0.9462686567164179,0.311875367430923
0.814978,0.9462686567164179,0.31216931216931215
0.81495,0.9462686567164179,0.3124632569077013
0.81478,0.9462686567164179,0.31275720164609055
0.814743,0.9462686567164179,0.31305114638447973
0.814689,0.9470149253731344,0.31305114638447973
0.814237,0.9470149253731344,0.3133450911228689
0.814147,0.9470149253731344,0.3136390358612581
0.814109,0.9470149253731344,0.31393298059964725
0.81404,0.9470149253731344,0.3142269253380364
0.813613,0.9470149253731344,0.31452087007642565
0.813414,0.9470149253731344,0.3148148148148148
0.813159,0.9470149253731344,0.315108759553204
0.812849,0.9470149253731344,0.31540270429159317
0.812574,0.9470149253731344,0.31569664902998235
0.811502,0.9470149253731344,0.3159905937683715
0.811243,0.9470149253731344,0.31628453850676075
0.811121,0.9470149253731344,0.3165784832451499
0.811071,0.9470149253731344,0.3168724279835391
0.810934,0.9470149253731344,0.31716637272192827
0.810817,0.9470149253731344,0.31746031746031744
0.810508,0.9470149253731344,0.3177542621987066
0.810435,0.9470149253731344,0.31804820693709585
0.810371,0.9470149253731344,0.318342151675485
0.810336,0.9470149253731344,0.3186360964138742
0.810291,0.9470149253731344,0.31893004115226337
0.809745,0.9470149253731344,0.31922398589065254
0.809558,0.9470149253731344,0.3195179306290417
0.809542,0.9470149253731344,0.31981187536743094
0.809524,0.9470149253731344,0.3201058201058201
0.808801,0.9470149253731344,0.3203997648442093
0.808753,0.9470149253731344,0.32069370958259846
0.807721,0.9470149253731344,0.32098765432098764
0.807597,0.9470149253731344,0.3212815990593768
0.807553,0.9470149253731344,0.32157554379776604
0.807514,0.9470149253731344,0.3218694885361552
0.807469,0.9470149253731344,0.3221634332745444
0.807019,0.9470149253731344,0.32245737801293356
0.806798,0.9470149253731344,0.32275132275132273
0.806763,0.9470149253731344,0.3230452674897119
0.805965,0.9477611940298507,0.3230452674897119
0.805851,0.9477611940298507,0.32333921222810114
0.805644,0.9477611940298507,0.3236331569664903
0.805256,0.9485074626865672,0.3236331569664903
0.805179,0.9492537313432836,0.3236331569664903
0.804862,0.9492537313432836,0.3239271017048795
0.804606,0.9492537313432836,0.32422104644326866
0.804259,0.9492537313432836,0.32451499118165783
0.804122,0.9492537313432836,0.324808935920047
0.804075,0.9492537313432836,0.32510288065843623
0.804068,0.95,0.32510288065843623
0.803993,0.95,0.3253968253968254
0.803861,0.95,0.3256907701352146
0.803795,0.95,0.32598471487360375
0.803696,0.95,0.3262786596119929
0.803661,0.95,0.3265726043503821
0.803136,0.95,0.32686654908877133
0.80306,0.95,0.3271604938271605
0.802902,0.95,0.3274544385655497
0.802553,0.95,0.32774838330393885
0.802517,0.95,0.328042328042328
0.802089,0.95,0.3283362727807172
0.801857,0.95,0.3286302175191064
0.801428,0.95,0.3289241622574956
0.801398,0.95,0.3292181069958848
0.801263,0.95,0.32951205173427395
0.800933,0.95,0.3298059964726631
0.8009,0.95,0.3300999412110523
0.800714,0.95,0.3303938859494415
0.800713,0.95,0.3306878306878307
0.80064,0.95,0.33098177542621987
0.80057,0.9507462686567164,0.33098177542621987
0.800511,0.9507462686567164,0.33127572016460904
0.800087,0.9507462686567164,0.3315696649029982
0.800031,0.9507462686567164,0.3318636096413874
0.799958,0.9507462686567164,0.3321575543797766
0.79976,0.9507462686567164,0.3324514991181658
0.799381,0.9507462686567164,0.33274544385655497
0.79931,0.9507462686567164,0.33303938859494414
0.799151,0.9507462686567164,0.3333333333333333
0.799115,0.9514925373134329,0.3333333333333333
0.798842,0.9522388059701492,0.3333333333333333
0.798797,0.9529850746268657,0.3333333333333333
0.79867,0.9529850746268657,0.33362727807172254
0.798473,0.9529850746268657,0.3339212228101117
0.798032,0.9529850746268657,0.3342151675485009
0.797948,0.9529850746268657,0.33450911228689006
0.797595,0.9537313432835821,0.33450911228689006
0.797569,0.9537313432835821,0.33480305702527924
0.797515,0.9537313432835821,0.3350970017636684
0.797394,0.9537313432835821,0.33539094650205764
0.797218,0.9537313432835821,0.3356848912404468
0.797178,0.9537313432835821,0.335978835978836
0.796401,0.9537313432835821,0.33627278071722516
0.796358,0.9537313432835821,0.33656672545561434
0.796153,0.9537313432835821,0.3368606701940035
0.795841,0.9537313432835821,0.33715461493239274
0.795814,0.9537313432835821,0.3374485596707819
0.795548,0.9537313432835821,0.3377425044091711
0.795464,0.9537313432835821,0.33803644914756026
0.795332,0.9537313432835821,0.33833039388594943
0.795126,0.9537313432835821,0.3386243386243386
0.795063,0.9537313432835821,0.33891828336272783
0.794681,0.9537313432835821,0.339212228101117
0.794678,0.9537313432835821,0.3395061728395062
0.79438,0.9537313432835821,0.33980011757789536
0.794252,0.9537313432835821,0.34009406231628453
0.794248,0.9537313432835821,0.3403880070546737
0.794159,0.9537313432835821,0.34068195179306293
0.793451,0.9537313432835821,0.3409758965314521
0.793129,0.9537313432835821,0.3412698412698413
0.792914,0.9537313432835821,0.34156378600823045
0.792457,0.9537313432835821,0.3418577307466196
0.792111,0.9537313432835821,0.3421516754850088
0.792031,0.9537313432835821,0.34244562022339803
0.791994,0.9537313432835821,0.3427395649617872
0.791924,0.9544776119402985,0.3427395649617872
0.79192,0.9544776119402985,0.3430335097001764
0.791898,0.9544776119402985,0.34332745443856555
0.791777,0.9544776119402985,0.3436213991769547
0.791758,0.9544776119402985,0.3439153439153439
0.791018,0.9544776119402985,0.3442092886537331
0.790493,0.9544776119402985,0.3445032333921223
0.790412,0.9544776119402985,0.3447971781305115
0.790377,0.9544776119402985,0.34509112286890065
0.789772,0.9544776119402985,0.3453850676072898
0.789706,0.9544776119402985,0.345679012345679
0.789666,0.9544776119402985,0.3459729570840682
0.789648,0.9544776119402985,0.3462669018224574
0.789642,0.9552238805970149,0.3462669018224574
0.789213,0.9552238805970149,0.34656084656084657
0.789184,0.9552238805970149,0.34685479129923574
0.788789,0.9552238805970149,0.3471487360376249
0.788527,0.9552238805970149,0.3474426807760141
0.788399,0.9552238805970149,0.3477366255144033
0.78812,0.9552238805970149,0.3480305702527925
0.78808,0.9552238805970149,0.34832451499118167
0.78767,0.9552238805970149,0.34861845972957084
0.787663,0.9552238805970149,0.34891240446796
0.787654,0.9552238805970149,0.3492063492063492
0.787306,0.9552238805970149,0.3495002939447384
0.787202,0.9552238805970149,0.3497942386831276
0.786516,0.9552238805970149,0.35008818342151676
0.786447,0.9552238805970149,0.35038212815990594
0.786144,0.9552238805970149,0.3506760728982951
0.786004,0.9552238805970149,0.3509700176366843
0.785714,0.9552238805970149,0.3512639623750735
0.785577,0.9559701492537314,0.3512639623750735
0.785056,0.9559701492537314,0.3515579071134627
0.78487,0.9559701492537314,0.35185185185185186
0.784845,0.9559701492537314,0.35214579659024103
0.784756,0.9559701492537314,0.3524397413286302
0.784694,0.9559701492537314,0.3527336860670194
0.784679,0.9559701492537314,0.3530276308054086
0.784382,0.9559701492537314,0.3533215755437978
0.784128,0.9559701492537314,0.35361552028218696
0.783987,0.9559701492537314,0.35390946502057613
0.78398,0.9559701492537314,0.3542034097589653
0.783847,0.9559701492537314,0.3544973544973545
0.783724,0.9567164179104478,0.3544973544973545
0.783658,0.9567164179104478,0.3547912992357437
0.783614,0.9567164179104478,0.3550852439741329
0.783571,0.9567164179104478,0.35537918871252205
0.783401,0.9567164179104478,0.3556731334509112
0.783286,0.9567164179104478,0.3559670781893004
0.782965,0.9567164179104478,0.3562610229276896
0.782955,0.9574626865671642,0.3562610229276896
0.782885,0.9574626865671642,0.3565549676660788
0.782776,0.9574626865671642,0.356848912404468
0.782736,0.9574626865671642,0.35714285714285715
0.782624,0.9574626865671642,0.3574368018812463
0.781911,0.9574626865671642,0.3577307466196355
0.781713,0.9574626865671642,0.35802469135802467
0.781352,0.9574626865671642,0.3583186360964139
0.78103,0.9574626865671642,0.3586125808348031
0.780948,0.9574626865671642,0.35890652557319225
0.780851,0.9582089552238806,0.35890652557319225
0.780486,0.9582089552238806,0.3592004703115814
0.780113,0.9582089552238806,0.3594944150499706
0.779833,0.9582089552238806,0.35978835978835977
0.779532,0.9589552238805971,0.35978835978835977
0.779354,0.9589552238805971,0.360082304526749
0.779261,0.9589552238805971,0.36037624926513817
0.779091,0.9589552238805971,0.36067019400352734
0.778771,0.9589552238805971,0.3609641387419165
0.778704,0.9589552238805971,0.3612580834803057
0.778365,0.9589552238805971,0.36155202821869487
0.778292,0.9597014925373134,0.36155202821869487
0.778067,0.9597014925373134,0.3618459729570841
0.777952,0.9597014925373134,0.36213991769547327
0.777808,0.9597014925373134,0.36243386243386244
0.77775,0.9597014925373134,0.3627278071722516
0.777422,0.9597014925373134,0.3630217519106408
0.777341,0.9597014925373134,0.36331569664902996
0.776798,0.9597014925373134,0.3636096413874192
0.776738,0.9597014925373134,0.36390358612580836
0.776581,0.9597014925373134,0.36419753086419754
0.776535,0.9597014925373134,0.3644914756025867
0.776326,0.9597014925373134,0.3647854203409759
0.776171,0.9597014925373134,0.36507936507936506
0.776045,0.9597014925373134,0.3653733098177543
0.775969,0.9604477611940299,0.3653733098177543
0.775942,0.9604477611940299,0.36566725455614346
0.775843,0.9611940298507463,0.36566725455614346
0.775737,0.9611940298507463,0.36596119929453264
0.77568,0.9611940298507463,0.3662551440329218
0.775674,0.9611940298507463,0.366549088771311
0.775189,0.9611940298507463,0.36684303350970016
0.775169,0.9611940298507463,0.3671369782480894
0.774644,0.9611940298507463,0.36743092298647856
0.774356,0.9611940298507463,0.36772486772486773
0.774214,0.9611940298507463,0.3680188124632569
0.774033,0.9611940298507463,0.3683127572016461
0.773954,0.9611940298507463,0.36860670194003525
0.773849,0.9611940298507463,0.3689006466784245
0.773827,0.9611940298507463,0.36919459141681366
0.773769,0.9611940298507463,0.36948853615520283
0.773579,0.9611940298507463,0.369782480893592
0.772922,0.9611940298507463,0.3700764256319812
0.772861,0.9611940298507463,0.37037037037037035
0.772739,0.9611940298507463,0.3706643151087596
0.772631,0.9611940298507463,0.37095825984714875
0.772595,0.9611940298507463,0.3712522045855379
0.772312,0.9611940298507463,0.3715461493239271
0.772003,0.9611940298507463,0.3718400940623163
0.771447,0.9611940298507463,0.37213403880070545
0.771418,0.9611940298507463,0.3724279835390947
0.771219,0.9611940298507463,0.37272192827748385
0.770918,0.9611940298507463,0.373015873015873
0.770605,0.9611940298507463,0.3733098177542622
0.770371,0.9611940298507463,0.37360376249265137
0.769414,0.9611940298507463,0.37389770723104054
0.769312,0.9611940298507463,0.3741916519694298
0.769298,0.9611940298507463,0.37448559670781895
0.769074,0.9611940298507463,0.3747795414462081
0.76906,0.9611940298507463,0.3750734861845973
0.768951,0.9611940298507463,0.37536743092298647
0.768701,0.9611940298507463,0.37566137566137564
0.768696,0.9611940298507463,0.37595532039976487
0.768,0.9611940298507463,0.37624926513815404
0.767303,0.9611940298507463,0.3765432098765432
0.76724,0.9611940298507463,0.3768371546149324
0.767202,0.9611940298507463,0.37713109935332156
0.766737,0.9611940298507463,0.37742504409171074
0.766434,0.9611940298507463,0.37771898883009997
0.765865,0.9611940298507463,0.37801293356848914
0.765861,0.9611940298507463,0.3783068783068783
0.765618,0.9619402985074627,0.3783068783068783
0.765478,0.9619402985074627,0.3786008230452675
0.765441,0.9619402985074627,0.37889476778365666
0.765388,0.9626865671641791,0.37889476778365666
0.765091,0.9626865671641791,0.37918871252204583
0.765039,0.9634328358208956,0.37918871252204583
0.764847,0.9634328358208956,0.37948265726043506
0.764844,0.9634328358208956,0.37977660199882424
0.764555,0.9634328358208956,0.3800705467372134
0.764311,0.9634328358208956,0.3803644914756026
0.764135,0.9634328358208956,0.38065843621399176
0.763936,0.9634328358208956,0.38095238095238093
0.763863,0.9634328358208956,0.38124632569077016
0.763805,0.9634328358208956,0.38154027042915933
0.762944,0.9634328358208956,0.3818342151675485
0.762008,0.9634328358208956,0.3821281599059377
0.761951,0.9634328358208956,0.38242210464432685
0.761925,0.9634328358208956,0.38271604938271603
0.761729,0.9634328358208956,0.38300999412110526
0.761486,0.9634328358208956,0.38330393885949443
0.761382,0.9634328358208956,0.3835978835978836
0.761379,0.9634328358208956,0.3838918283362728
0.76101,0.9634328358208956,0.38418577307466195
0.760989,0.9634328358208956,0.3844797178130511
0.760287,0.9634328358208956,0.38477366255144035
0.760282,0.9634328358208956,0.3850676072898295
0.760086,0.9634328358208956,0.3853615520282187
0.759538,0.9634328358208956,0.3856554967666079
0.759528,0.9634328358208956,0.38594944150499705
0.759361,0.9634328358208956,0.3862433862433862
0.759293,0.9634328358208956,0.38653733098177545
0.759267,0.9634328358208956,0.3868312757201646
0.759102,0.9634328358208956,0.3871252204585538
0.759063,0.9634328358208956,0.38741916519694297
0.759016,0.9634328358208956,0.38771310993533215
0.758956,0.9634328358208956,0.3880070546737213
0.758071,0.9634328358208956,0.38830099941211055
0.757939,0.9634328358208956,0.3885949441504997
0.757712,0.9634328358208956,0.3888888888888889
0.757487,0.9634328358208956,0.38918283362727807
0.757428,0.9634328358208956,0.38947677836566724
0.757328,0.9634328358208956,0.3897707231040564
0.757231,0.9634328358208956,0.39006466784244564
0.756965,0.9641791044776119,0.39006466784244564
0.756919,0.9641791044776119,0.3903586125808348
0.756664,0.9641791044776119,0.390652557319224
0.756355,0.9641791044776119,0.39094650205761317
0.756255,0.9641791044776119,0.39124044679600234
0.756186,0.9641791044776119,0.3915343915343915
0.75616,0.9641791044776119,0.39182833627278074
0.755909,0.9641791044776119,0.3921222810111699
0.755751,0.9649253731343284,0.3921222810111699
0.755587,0.9649253731343284,0.3924162257495591
0.755436,0.9649253731343284,0.39271017048794826
0.754999,0.9649253731343284,0.39300411522633744
0.754809,0.9649253731343284,0.3932980599647266
0.754753,0.9649253731343284,0.39359200470311584
0.75473,0.9656716417910448,0.39359200470311584
0.754587,0.9656716417910448,0.393885949441505
0.753951,0.9656716417910448,0.3941798941798942
0.753936,0.9656716417910448,0.39447383891828336
0.753665,0.9656716417910448,0.39476778365667253
0.753496,0.9656716417910448,0.3950617283950617
0.753043,0.9656716417910448,0.39535567313345094
0.752292,0.9656716417910448,0.3956496178718401
0.752277,0.9656716417910448,0.3959435626102293
0.752271,0.9656716417910448,0.39623750734861846
0.752207,0.9656716417910448,0.39653145208700763
0.752165,0.9656716417910448,0.3968253968253968
0.751923,0.9656716417910448,0.39711934156378603
0.751764,0.9656716417910448,0.3974132863021752
0.751745,0.9656716417910448,0.3977072310405644
0.751395,0.9656716417910448,0.39800117577895355
0.751355,0.9656716417910448,0.3982951205173427
0.75134,0.9656716417910448,0.3985890652557319
0.750829,0.9664179104477612,0.3985890652557319
0.750704,0.9664179104477612,0.39888300999412113
0.7507,0.9664179104477612,0.3991769547325103
0.750127,0.9664179104477612,0.3994708994708995
0.750092,0.9664179104477612,0.39976484420928865
0.749981,0.9664179104477612,0.4000587889476778
0.749884,0.9664179104477612,0.400352733686067
0.74947,0.9664179104477612,0.4006466784244562
0.749358,0.9664179104477612,0.4009406231628454
0.748735,0.9671641791044776,0.4009406231628454
0.748609,0.9671641791044776,0.4012345679012346
0.748528,0.9671641791044776,0.40152851263962375
0.748414,0.9671641791044776,0.4018224573780129
0.748099,0.9671641791044776,0.4021164021164021
0.747361,0.9671641791044776,0.4024103468547913
0.747054,0.9671641791044776,0.4027042915931805
0.746508,0.9679104477611941,0.4027042915931805
0.746496,0.9679104477611941,0.40299823633156967
0.746067,0.9679104477611941,0.40329218106995884
0.745487,0.9679104477611941,0.403586125808348
0.745327,0.9679104477611941,0.4038800705467372
0.744877,0.9679104477611941,0.4041740152851264
0.74446,0.9679104477611941,0.4044679600235156
0.744455,0.9679104477611941,0.40476190476190477
0.744363,0.9686567164179104,0.40476190476190477
0.744099,0.9686567164179104,0.40505584950029394
0.74379,0.9686567164179104,0.4053497942386831
0.743554,0.9686567164179104,0.4056437389770723
0.743016,0.9686567164179104,0.4059376837154615
0.742922,0.9686567164179104,0.4062316284538507
0.742773,0.9686567164179104,0.40652557319223986
0.74267,0.9686567164179104,0.40681951793062904
0.742543,0.9686567164179104,0.4071134626690182
0.742508,0.9686567164179104,0.4074074074074074
0.742025,0.9686567164179104,0.4077013521457966
0.742023,0.9686567164179104,0.4079952968841858
0.741896,0.9686567164179104,0.40828924162257496
0.741742,0.9686567164179104,0.40858318636096413
0.741501,0.9686567164179104,0.4088771310993533
0.741484,0.9686567164179104,0.4091710758377425
0.741029,0.9694029850746269,0.4091710758377425
0.740867,0.9694029850746269,0.4094650205761317
0.740808,0.9694029850746269,0.4097589653145209
0.740636,0.9694029850746269,0.41005291005291006
0.740484,0.9694029850746269,0.41034685479129923
0.740251,0.9694029850746269,0.4106407995296884
0.740108,0.9694029850746269,0.4109347442680776
0.739845,0.9694029850746269,0.4112286890064668
0.739538,0.9694029850746269,0.411522633744856
0.739207,0.9694029850746269,0.41181657848324515
0.739073,0.9694029850746269,0.41211052322163433
0.739058,0.9694029850746269,0.4124044679600235
0.738937,0.9694029850746269,0.4126984126984127
0.738853,0.9694029850746269,0.4129923574368019
0.738736,0.9694029850746269,0.4132863021751911
0.738669,0.9694029850746269,0.41358024691358025
0.738114,0.9694029850746269,0.4138741916519694
0.737968,0.9694029850746269,0.4141681363903586
0.737936,0.9694029850746269,0.4144620811287478
0.737535,0.9694029850746269,0.414756025867137
0.737528,0.9694029850746269,0.4150499706055262
0.737382,0.9694029850746269,0.41534391534391535
0.737148,0.9694029850746269,0.4156378600823045
0.737109,0.9694029850746269,0.4159318048206937
0.73697,0.9694029850746269,0.41622574955908287
0.73694,0.9694029850746269,0.4165196942974721
0.736903,0.9694029850746269,0.41681363903586127
0.736878,0.9694029850746269,0.41710758377425045
0.736817,0.9694029850746269,0.4174015285126396
0.736756,0.9694029850746269,0.4176954732510288
0.736715,0.9694029850746269,0.41798941798941797
0.736628,0.9694029850746269,0.4182833627278072
0.736309,0.9694029850746269,0.41857730746619637
0.73622,0.9694029850746269,0.41887125220458554
0.735867,0.9694029850746269,0.4191651969429747
0.735579,0.9694029850746269,0.4194591416813639
0.735346,0.9694029850746269,0.41975308641975306
0.735032,0.9694029850746269,0.4200470311581423
0.73495,0.9694029850746269,0.42034097589653147
0.734861,0.9694029850746269,0.42063492063492064
0.734666,0.9694029850746269,0.4209288653733098
0.734629,0.9694029850746269,0.421222810111699
0.73449,0.9694029850746269,0.42151675485008816
0.734036,0.9701492537313433,0.42151675485008816
0.73391,0.9701492537313433,0.4218106995884774
0.733703,0.9701492537313433,0.42210464432686656
0.733211,0.9701492537313433,0.42239858906525574
0.733185,0.9701492537313433,0.4226925338036449
0.73275,0.9701492537313433,0.4229864785420341
0.732664,0.9708955223880597,0.4229864785420341
0.732575,0.9708955223880597,0.42328042328042326
0.732502,0.9708955223880597,0.4235743680188125
0.732274,0.9708955223880597,0.42386831275720166
0.732023,0.9708955223880597,0.42416225749559083
0.731799,0.9708955223880597,0.42445620223398
0.731734,0.9708955223880597,0.4247501469723692
0.731355,0.9708955223880597,0.42504409171075835
0.731089,0.9708955223880597,0.4253380364491476
0.730901,0.9708955223880597,0.42563198118753676
0.730785,0.9708955223880597,0.42592592592592593
0.730633,0.9716417910447761,0.42592592592592593
0.730341,0.9716417910447761,0.4262198706643151
0.730318,0.9716417910447761,0.4265138154027043
0.730034,0.9716417910447761,0.42680776014109345
0.729747,0.9716417910447761,0.4271017048794827
0.72942,0.9716417910447761,0.42739564961787185
0.72931,0.9716417910447761,0.427689594356261
0.727998,0.9723880597014926,0.427689594356261
0.727862,0.9723880597014926,0.4279835390946502
0.727571,0.9731343283582089,0.4279835390946502
0.72734,0.9731343283582089,0.4282774838330394
0.727164,0.9731343283582089,0.42857142857142855
0.726773,0.9731343283582089,0.4288653733098178
0.726347,0.9731343283582089,0.42915931804820695
0.726121,0.9731343283582089,0.4294532627865961
0.726002,0.9731343283582089,0.4297472075249853
0.725783,0.9731343283582089,0.43004115226337447
0.72522,0.9731343283582089,0.43033509700176364
0.725042,0.9731343283582089,0.4306290417401529
0.725014,0.9738805970149254,0.4306290417401529
0.724927,0.9746268656716418,0.4306290417401529
0.724833,0.9746268656716418,0.43092298647854205
0.72459,0.9753731343283583,0.43092298647854205
0.724569,0.9753731343283583,0.4312169312169312
0.724538,0.9753731343283583,0.4315108759553204
0.724386,0.9753731343283583,0.43180482069370957
0.724337,0.9753731343283583,0.43209876543209874
0.724012,0.9753731343283583,0.43239271017048797
0.7234,0.9761194029850746,0.43239271017048797
0.723157,0.9761194029850746,0.43268665490887714
0.723142,0.9761194029850746,0.4329805996472663
0.722883,0.9761194029850746,0.4332745443856555
0.722817,0.9761194029850746,0.43356848912404466
0.722713,0.9761194029850746,0.43386243386243384
0.72236,0.9761194029850746,0.43415637860082307
0.722114,0.9761194029850746,0.43445032333921224
0.721973,0.9761194029850746,0.4347442680776014
0.72193,0.9761194029850746,0.4350382128159906
0.721633,0.9761194029850746,0.43533215755437976
0.721204,0.9761194029850746,0.43562610229276894
0.7207,0.9761194029850746,0.43592004703115816
0.719785,0.9761194029850746,0.43621399176954734
0.71944,0.9761194029850746,0.4365079365079365
0.719128,0.9761194029850746,0.4368018812463257
0.718779,0.9761194029850746,0.43709582598471486
0.718713,0.9761194029850746,0.43738977072310403
0.718707,0.9761194029850746,0.43768371546149326
0.718276,0.9761194029850746,0.43797766019988243
0.718235,0.9761194029850746,0.4382716049382716
0.718095,0.9761194029850746,0.4385655496766608
0.718038,0.9761194029850746,0.43885949441504996
0.717847,0.9761194029850746,0.43915343915343913
0.717822,0.9761194029850746,0.43944738389182836
0.717803,0.9761194029850746,0.43974132863021753
0.717791,0.9761194029850746,0.4400352733686067
0.717528,0.9761194029850746,0.4403292181069959
0.717462,0.9761194029850746,0.44062316284538505
0.717405,0.9761194029850746,0.4409171075837742
0.717336,0.9761194029850746,0.44121105232216346
0.717099,0.9761194029850746,0.44150499706055263
0.716545,0.9761194029850746,0.4417989417989418
0.716331,0.9761194029850746,0.442092886537331
0.716201,0.9761194029850746,0.44238683127572015
0.715763,0.9761194029850746,0.4426807760141093
0.71571,0.9761194029850746,0.44297472075249855
0.715515,0.9761194029850746,0.4432686654908877
0.715384,0.9761194029850746,0.4435626102292769
0.715199,0.9761194029850746,0.4438565549676661
0.715156,0.9761194029850746,0.44415049970605525
0.714778,0.9761194029850746,0.4444444444444444
0.714501,0.9761194029850746,0.44473838918283365
0.714492,0.9761194029850746,0.4450323339212228
0.713796,0.9761194029850746,0.445326278659612
0.713792,0.9761194029850746,0.44562022339800117
0.713718,0.9761194029850746,0.44591416813639034
0.71355,0.9761194029850746,0.4462081128747795
0.713438,0.9761194029850746,0.44650205761316875
0.713327,0.9761194029850746,0.4467960023515579
0.713283,0.9761194029850746,0.4470899470899471
0.712955,0.9761194029850746,0.44738389182833627
0.712954,0.9761194029850746,0.44767783656672544
0.712591,0.9761194029850746,0.4479717813051146
0.712429,0.9761194029850746,0.44826572604350384
0.712201,0.9761194029850746,0.448559670781893
0.71193,0.9761194029850746,0.4488536155202822
0.711836,0.9761194029850746,0.44914756025867136
0.711287,0.9768656716417911,0.44914756025867136
0.711263,0.9768656716417911,0.4497354497354497
0.711047,0.9768656716417911,0.45002939447383894
0.710497,0.9768656716417911,0.4503233392122281
0.710377,0.9768656716417911,0.4506172839506173
0.710011,0.9768656716417911,0.45091122868900646
0.709932,0.9768656716417911,0.45120517342739563
0.709849,0.9768656716417911,0.4514991181657848
0.709373,0.9768656716417911,0.45179306290417404
0.708746,0.9768656716417911,0.4520870076425632
0.708473,0.9768656716417911,0.4523809523809524
0.708206,0.9768656716417911,0.45267489711934156
0.708021,0.9768656716417911,0.45296884185773073
0.70784,0.9768656716417911,0.4532627865961199
0.70768,0.9768656716417911,0.45355673133450913
0.707473,0.9768656716417911,0.4538506760728983
0.707365,0.9768656716417911,0.4541446208112875
0.707362,0.9768656716417911,0.45443856554967665
0.70732,0.9768656716417911,0.4547325102880658
0.70717,0.9768656716417911,0.455026455026455
0.706936,0.9768656716417911,0.45532039976484423
0.706875,0.9768656716417911,0.4556143445032334
0.706764,0.9768656716417911,0.4559082892416226
0.706529,0.9768656716417911,0.45620223398001175
0.706264,0.9768656716417911,0.4564961787184009
0.705978,0.9768656716417911,0.4567901234567901
0.705945,0.9768656716417911,0.4570840681951793
0.705795,0.9768656716417911,0.4573780129335685
0.705647,0.9768656716417911,0.4576719576719577
0.705507,0.9768656716417911,0.45796590241034685
0.705397,0.9776119402985075,0.45796590241034685
0.704896,0.9776119402985075,0.458259847148736
0.704559,0.9776119402985075,0.4585537918871252
0.704556,0.9776119402985075,0.4588477366255144
0.704341,0.9783582089552239,0.4588477366255144
0.704021,0.9783582089552239,0.4591416813639036
0.703892,0.9783582089552239,0.45943562610229277
0.703795,0.9783582089552239,0.45972957084068194
0.703788,0.9783582089552239,0.4600235155790711
0.703752,0.9783582089552239,0.4603174603174603
0.703419,0.9783582089552239,0.4606114050558495
0.703362,0.9783582089552239,0.4609053497942387
0.703308,0.9783582089552239,0.46119929453262787
0.703228,0.9783582089552239,0.46149323927101704
0.702583,0.9783582089552239,0.4617871840094062
0.701533,0.9783582089552239,0.4620811287477954
0.701426,0.9783582089552239,0.4623750734861846
0.701283,0.9783582089552239,0.4626690182245738
0.701113,0.9783582089552239,0.46296296296296297
0.700442,0.9783582089552239,0.46325690770135214
0.7004,0.9783582089552239,0.4635508524397413
0.700308,0.9783582089552239,0.4638447971781305
0.70028,0.9783582089552239,0.4641387419165197
0.700183,0.9783582089552239,0.4644326866549089
0.700003,0.9783582089552239,0.46472663139329806
0.699988,0.9783582089552239,0.46502057613168724
0.6996,0.9783582089552239,0.4653145208700764
0.699249,0.9783582089552239,0.4656084656084656
0.699226,0.9783582089552239,0.4659024103468548
0.699182,0.9791044776119403,0.4659024103468548
0.698181,0.9791044776119403,0.466196355085244
0.697972,0.9791044776119403,0.46649029982363316
0.697649,0.9791044776119403,0.46678424456202233
0.697615,0.9791044776119403,0.4670781893004115
0.697505,0.9798507462686568,0.4670781893004115
0.697351,0.9798507462686568,0.4673721340388007
0.697336,0.9798507462686568,0.4676660787771899
0.697296,0.9798507462686568,0.4679600235155791
0.697129,0.9798507462686568,0.46825396825396826
0.696741,0.9805970149253731,0.46825396825396826
0.696726,0.9805970149253731,0.46854791299235743
0.696631,0.9805970149253731,0.4688418577307466
0.695844,0.9805970149253731,0.4691358024691358
0.695813,0.9805970149253731,0.469429747207525
0.69551,0.9813432835820896,0.469429747207525
0.695277,0.9813432835820896,0.4697236919459142
0.694748,0.9813432835820896,0.47001763668430335
0.694568,0.9813432835820896,0.4703115814226925
0.69361,0.9813432835820896,0.4706055261610817
0.69289,0.9813432835820896,0.4708994708994709
0.692722,0.9813432835820896,0.4711934156378601
0.692694,0.9813432835820896,0.4714873603762493
0.692477,0.9813432835820896,0.47178130511463845
0.691881,0.9813432835820896,0.4720752498530276
0.69187,0.9813432835820896,0.4723691945914168
0.691838,0.9813432835820896,0.47266313932980597
0.690838,0.9813432835820896,0.4729570840681952
0.69061,0.9813432835820896,0.4732510288065844
0.69042,0.9813432835820896,0.47354497354497355
0.690385,0.9813432835820896,0.4738389182833627
0.690006,0.9813432835820896,0.4741328630217519
0.689883,0.9813432835820896,0.47442680776014107
0.689751,0.9813432835820896,0.4747207524985303
0.689373,0.9813432835820896,0.47501469723691947
0.689345,0.9813432835820896,0.47530864197530864
0.689008,0.9813432835820896,0.4756025867136978
0.688937,0.9813432835820896,0.475896531452087
0.68887,0.9813432835820896,0.47619047619047616
0.688711,0.9813432835820896,0.4764844209288654
0.688506,0.9813432835820896,0.47677836566725457
0.688502,0.9813432835820896,0.47707231040564374
0.688475,0.9813432835820896,0.4773662551440329
0.68841,0.9813432835820896,0.4776601998824221
0.688224,0.9813432835820896,0.47795414462081126
0.68811,0.9813432835820896,0.4782480893592005
0.688016,0.9813432835820896,0.47854203409758966
0.687943,0.9813432835820896,0.47883597883597884
0.687829,0.9813432835820896,0.479129923574368
0.687435,0.982089552238806,0.479129923574368
0.687241,0.982089552238806,0.4794238683127572
0.687125,0.982089552238806,0.47971781305114636
0.687053,0.982089552238806,0.4800117577895356
0.687003,0.982089552238806,0.48030570252792476
0.686471,0.982089552238806,0.48059964726631393
0.686313,0.982089552238806,0.4808935920047031
0.686218,0.9828358208955223,0.4808935920047031
0.68568,0.9828358208955223,0.4811875367430923
0.685649,0.9828358208955223,0.48148148148148145
0.685508,0.9828358208955223,0.4817754262198707
0.68529,0.9828358208955223,0.48206937095825986
0.685067,0.9828358208955223,0.48236331569664903
0.684802,0.9835820895522388,0.48236331569664903
0.684664,0.9835820895522388,0.4826572604350382
0.684564,0.9835820895522388,0.4829512051734274
0.684324,0.9835820895522388,0.48324514991181655
0.684307,0.9835820895522388,0.4835390946502058
0.684187,0.9835820895522388,0.48383303938859495
0.684173,0.9835820895522388,0.48412698412698413
0.684044,0.9835820895522388,0.4844209288653733
0.683786,0.9835820895522388,0.4847148736037625
0.683634,0.9835820895522388,0.48500881834215165
0.683471,0.9835820895522388,0.4853027630805409
0.682859,0.9835820895522388,0.48559670781893005
0.682724,0.9835820895522388,0.4858906525573192
0.682632,0.9835820895522388,0.4861845972957084
0.682519,0.9835820895522388,0.48647854203409757
0.682363,0.9835820895522388,0.48677248677248675
0.682355,0.9835820895522388,0.487066431510876
0.682276,0.9835820895522388,0.48736037624926515
0.682194,0.9835820895522388,0.4876543209876543
0.682173,0.9835820895522388,0.4879482657260435
0.682001,0.9835820895522388,0.48824221046443267
0.681529,0.9835820895522388,0.48853615520282184
0.680917,0.9835820895522388,0.48883009994121107
0.680828,0.9835820895522388,0.48912404467960025
0.680423,0.9835820895522388,0.4894179894179894
0.680092,0.9835820895522388,0.4897119341563786
0.680054,0.9835820895522388,0.49000587889476777
0.680016,0.9835820895522388,0.49029982363315694
0.679981,0.9835820895522388,0.49059376837154617
0.67996,0.9835820895522388,0.49088771310993534
0.67966,0.9835820895522388,0.4911816578483245
0.679249,0.9835820895522388,0.4914756025867137
0.679136,0.9835820895522388,0.49176954732510286
0.678923,0.9835820895522388,0.49206349206349204
0.678818,0.9835820895522388,0.49235743680188127
0.678719,0.9835820895522388,0.49265138154027044
0.678609,0.9835820895522388,0.4929453262786596
0.678295,0.9835820895522388,0.4932392710170488
0.678197,0.9835820895522388,0.49353321575543796
0.677704,0.9835820895522388,0.49382716049382713
0.677555,0.9835820895522388,0.49412110523221636
0.67749,0.9835820895522388,0.49441504997060554
0.677276,0.9835820895522388,0.4947089947089947
0.677196,0.9835820895522388,0.4950029394473839
0.677188,0.9843283582089553,0.4950029394473839
0.676577,0.9843283582089553,0.49529688418577306
0.676414,0.9843283582089553,0.49559082892416223
0.676029,0.9843283582089553,0.49588477366255146
0.675729,0.9843283582089553,0.49617871840094063
0.675007,0.9843283582089553,0.4964726631393298
0.674697,0.9843283582089553,0.496766607877719
0.674463,0.9843283582089553,0.49706055261610815
0.674427,0.9843283582089553,0.4973544973544973
0.674375,0.9843283582089553,0.49764844209288656
0.674046,0.9843283582089553,0.49794238683127573
0.673486,0.9843283582089553,0.4982363315696649
0.673165,0.9843283582089553,0.4985302763080541
0.672775,0.9843283582089553,0.49882422104644325
0.672549,0.9850746268656716,0.49882422104644325
0.671895,0.9850746268656716,0.4991181657848324
0.671834,0.9850746268656716,0.49941211052322165
0.671597,0.9850746268656716,0.4997060552616108
0.671246,0.9850746268656716,0.5
0.670557,0.9850746268656716,0.5002939447383892
0.670521,0.9850746268656716,0.5005878894767783
0.670086,0.9850746268656716,0.5008818342151675
0.669951,0.9850746268656716,0.5011757789535567
0.669742,0.9850746268656716,0.5014697236919459
0.669678,0.9850746268656716,0.5017636684303352
0.669452,0.9850746268656716,0.5020576131687243
0.669347,0.985820895522388,0.5020576131687243
0.669162,0.985820895522388,0.5023515579071135
0.668966,0.985820895522388,0.5026455026455027
0.668959,0.9865671641791045,0.5026455026455027
0.668565,0.9865671641791045,0.5029394473838918
0.668531,0.9865671641791045,0.503233392122281
0.668496,0.9873134328358208,0.503233392122281
0.668483,0.9873134328358208,0.5035273368606702
0.668337,0.9873134328358208,0.5038212815990594
0.668318,0.9873134328358208,0.5041152263374485
0.668196,0.9873134328358208,0.5044091710758377
0.668159,0.9880597014925373,0.5044091710758377
0.66811,0.9880597014925373,0.5047031158142269
0.667886,0.9880597014925373,0.5049970605526161
0.667621,0.9880597014925373,0.5052910052910053
0.667171,0.9888059701492538,0.5052910052910053
0.66681,0.9888059701492538,0.5055849500293945
0.666659,0.9888059701492538,0.5058788947677837
0.666648,0.9888059701492538,0.5061728395061729
0.665986,0.9888059701492538,0.506466784244562
0.665833,0.9888059701492538,0.5067607289829512
0.66579,0.9888059701492538,0.5070546737213404
0.665459,0.9895522388059701,0.5070546737213404
0.664965,0.9895522388059701,0.5073486184597296
0.664868,0.9895522388059701,0.5076425631981187
0.664767,0.9895522388059701,0.5079365079365079
0.664143,0.9895522388059701,0.5082304526748971
0.663836,0.9895522388059701,0.5085243974132863
0.663753,0.9895522388059701,0.5088183421516755
0.663743,0.9895522388059701,0.5091122868900647
0.66365,0.9895522388059701,0.5094062316284539
0.663452,0.9895522388059701,0.5097001763668431
0.663418,0.9895522388059701,0.5099941211052322
0.66324,0.9895522388059701,0.5102880658436214
0.662825,0.9895522388059701,0.5105820105820106
0.662764,0.9902985074626866,0.5105820105820106
0.662402,0.9902985074626866,0.5108759553203998
0.661693,0.9902985074626866,0.5111699000587889
0.661229,0.9902985074626866,0.5114638447971781
0.661175,0.9902985074626866,0.5117577895355673
0.661066,0.9902985074626866,0.5120517342739564
0.660761,0.9902985074626866,0.5123456790123457
0.660563,0.9902985074626866,0.5126396237507349
0.660372,0.9902985074626866,0.5129335684891241
0.660093,0.9902985074626866,0.5132275132275133
0.660051,0.9902985074626866,0.5135214579659024
0.660033,0.9902985074626866,0.5138154027042916
0.66003,0.9902985074626866,0.5141093474426808
0.659787,0.9902985074626866,0.51440329218107
0.65972,0.9902985074626866,0.5146972369194591
0.659448,0.9902985074626866,0.5149911816578483
0.659363,0.9902985074626866,0.5152851263962375
0.659305,0.9902985074626866,0.5155790711346266
0.659132,0.9902985074626866,0.5158730158730159
0.658997,0.9902985074626866,0.5161669606114051
0.658882,0.9902985074626866,0.5164609053497943
0.658654,0.9902985074626866,0.5167548500881834
0.658333,0.9902985074626866,0.5170487948265726
0.658271,0.9902985074626866,0.5173427395649618
0.658058,0.9902985074626866,0.517636684303351
0.657198,0.9902985074626866,0.5179306290417401
0.65715,0.9902985074626866,0.5182245737801293
0.65703,0.9902985074626866,0.5185185185185185
0.656675,0.9902985074626866,0.5188124632569077
0.656601,0.9902985074626866,0.5191064079952968
0.656383,0.9902985074626866,0.5194003527336861
0.656144,0.9902985074626866,0.5196942974720753
0.655853,0.9902985074626866,0.5199882422104645
0.655663,0.9902985074626866,0.5202821869488536
0.6551,0.9902985074626866,0.5205761316872428
0.654803,0.9902985074626866,0.520870076425632
0.65451,0.9902985074626866,0.5211640211640212
0.654222,0.9902985074626866,0.5214579659024103
0.654175,0.9902985074626866,0.5217519106407995
0.654085,0.9902985074626866,0.5220458553791887
0.653184,0.9902985074626866,0.5223398001175779
0.653129,0.9902985074626866,0.522633744855967
0.653035,0.9902985074626866,0.5229276895943563
0.652855,0.9902985074626866,0.5232216343327455
0.652503,0.9902985074626866,0.5235155790711347
0.652399,0.9902985074626866,0.5238095238095238
0.651993,0.9902985074626866,0.524103468547913
0.651957,0.9902985074626866,0.5243974132863022
0.651907,0.9902985074626866,0.5246913580246914
0.651816,0.9902985074626866,0.5249853027630805
0.651542,0.9902985074626866,0.5252792475014697
0.651502,0.9902985074626866,0.5255731922398589
0.651319,0.9902985074626866,0.525867136978248
0.650998,0.9902985074626866,0.5261610817166372
0.650996,0.9902985074626866,0.5264550264550265
0.650886,0.9902985074626866,0.5267489711934157
0.650826,0.9902985074626866,0.5270429159318049
0.650763,0.9902985074626866,0.527336860670194
0.650538,0.9902985074626866,0.5276308054085832
0.649837,0.9902985074626866,0.5279247501469724
0.64966,0.9902985074626866,0.5282186948853616
0.649547,0.9902985074626866,0.5285126396237507
0.649456,0.9902985074626866,0.5288065843621399
0.649432,0.9902985074626866,0.5291005291005291
0.649185,0.9902985074626866,0.5293944738389182
0.648978,0.991044776119403,0.5293944738389182
0.648954,0.991044776119403,0.5296884185773074
0.648928,0.991044776119403,0.5299823633156967
0.648905,0.991044776119403,0.5302763080540859
0.648822,0.991044776119403,0.530570252792475
0.648816,0.991044776119403,0.5308641975308642
0.648724,0.991044776119403,0.5311581422692534
0.648704,0.991044776119403,0.5314520870076426
0.647872,0.991044776119403,0.5317460317460317
0.647702,0.991044776119403,0.5320399764844209
0.6472,0.991044776119403,0.5323339212228101
0.646963,0.991044776119403,0.5326278659611993
0.646686,0.991044776119403,0.5329218106995884
0.646324,0.991044776119403,0.5332157554379776
0.646183,0.991044776119403,0.5335097001763669
0.645722,0.991044776119403,0.5338036449147561
0.645687,0.991044776119403,0.5340975896531452
0.645536,0.991044776119403,0.5343915343915344
0.645164,0.991044776119403,0.5346854791299236
0.644899,0.991044776119403,0.5349794238683128
0.644741,0.991044776119403,0.5352733686067019
0.644716,0.991044776119403,0.5355673133450911
0.644459,0.991044776119403,0.5358612580834803
0.644226,0.991044776119403,0.5361552028218695
0.644097,0.991044776119403,0.5364491475602586
0.643874,0.991044776119403,0.5367430922986478
0.643808,0.991044776119403,0.5370370370370371
0.643432,0.991044776119403,0.5373309817754263
0.642915,0.991044776119403,0.5376249265138154
0.642865,0.991044776119403,0.5379188712522046
0.64267,0.991044776119403,0.5382128159905938
0.642426,0.991044776119403,0.538506760728983
0.642322,0.9917910447761195,0.538506760728983
0.641527,0.9917910447761195,0.5388007054673721
0.64144,0.9917910447761195,0.5390946502057613
0.641238,0.9917910447761195,0.5393885949441505
0.64119,0.9917910447761195,0.5396825396825397
0.640908,0.9917910447761195,0.5399764844209288
0.640297,0.9925373134328358,0.5399764844209288
0.640116,0.9925373134328358,0.540270429159318
0.639693,0.9925373134328358,0.5405643738977073
0.639631,0.9925373134328358,0.5408583186360965
0.639192,0.9925373134328358,0.5411522633744856
0.639053,0.9925373134328358,0.5414462081128748
0.638938,0.9925373134328358,0.541740152851264
0.63891,0.9925373134328358,0.5420340975896532
0.638722,0.9925373134328358,0.5423280423280423
0.638368,0.9925373134328358,0.5426219870664315
0.637122,0.9925373134328358,0.5429159318048207
0.636799,0.9925373134328358,0.5432098765432098
0.63672,0.9925373134328358,0.543503821281599
0.636715,0.9925373134328358,0.5437977660199882
0.636669,0.9925373134328358,0.5440917107583775
0.636413,0.9925373134328358,0.5443856554967667
0.635546,0.9925373134328358,0.5446796002351558
0.635044,0.9925373134328358,0.544973544973545
0.634895,0.9925373134328358,0.5452674897119342
0.634523,0.9925373134328358,0.5455614344503233
0.634255,0.9925373134328358,0.5458553791887125
0.634068,0.9925373134328358,0.5461493239271017
0.633898,0.9925373134328358,0.5464432686654909
0.633656,0.9925373134328358,0.54673721340388
0.633645,0.9925373134328358,0.5470311581422692
0.633553,0.9925373134328358,0.5473251028806584
0.63329,0.9925373134328358,0.5476190476190477
0.632246,0.9925373134328358,0.5479129923574368
0.631872,0.9925373134328358,0.548206937095826
0.631545,0.9925373134328358,0.5485008818342152
0.631542,0.9925373134328358,0.5487948265726044
0.631525,0.9925373134328358,0.5490887713109935
0.631474,0.9925373134328358,0.5493827160493827
0.631062,0.9925373134328358,0.5496766607877719
0.630824,0.9925373134328358,0.5499706055261611
0.630724,0.9925373134328358,0.5502645502645502
0.630447,0.9925373134328358,0.5505584950029394
0.630265,0.9925373134328358,0.5508524397413286
0.6299,0.9925373134328358,0.5511463844797179
0.629776,0.9925373134328358,0.551440329218107
0.629621,0.9925373134328358,0.5517342739564962
0.629026,0.9925373134328358,0.5520282186948854
0.629,0.9925373134328358,0.5523221634332746
0.628762,0.9932835820895523,0.5523221634332746
0.628719,0.9932835820895523,0.5526161081716637
0.62866,0.9932835820895523,0.5529100529100529
0.628328,0.9932835820895523,0.5532039976484421
0.627659,0.9932835820895523,0.5534979423868313
0.627612,0.9932835820895523,0.5537918871252204
0.62708,0.9932835820895523,0.5540858318636096
0.626576,0.9932835820895523,0.5543797766019988
0.626524,0.9932835820895523,0.5546737213403881
0.626327,0.9932835820895523,0.5549676660787772
0.626216,0.9932835820895523,0.5552616108171664
0.625883,0.9932835820895523,0.5555555555555556
0.625409,0.9932835820895523,0.5558495002939448
0.625199,0.9932835820895523,0.5561434450323339
0.625079,0.9932835820895523,0.5564373897707231
0.624882,0.9932835820895523,0.5567313345091123
0.624523,0.9932835820895523,0.5570252792475014
0.624398,0.9932835820895523,0.5573192239858906
0.624173,0.9932835820895523,0.557907113462669
0.624097,0.9932835820895523,0.5582010582010583
0.623785,0.9932835820895523,0.5584950029394474
0.623767,0.9932835820895523,0.5587889476778366
0.623722,0.9932835820895523,0.5590828924162258
0.623293,0.9932835820895523,0.559376837154615
0.623289,0.9932835820895523,0.5596707818930041
0.622875,0.9932835820895523,0.5599647266313933
0.622867,0.9932835820895523,0.5602586713697825
0.622556,0.9932835820895523,0.5605526161081716
0.622543,0.9932835820895523,0.5608465608465608
0.622524,0.9932835820895523,0.56114050558495
0.622517,0.9932835820895523,0.5614344503233392
0.62233,0.9932835820895523,0.5617283950617284
0.622295,0.9932835820895523,0.5620223398001176
0.622271,0.9932835820895523,0.5623162845385068
0.621966,0.9932835820895523,0.562610229276896
0.621899,0.9932835820895523,0.5629041740152851
0.621886,0.9932835820895523,0.5631981187536743
0.621772,0.9932835820895523,0.5634920634920635
0.621718,0.9932835820895523,0.5637860082304527
0.621547,0.9932835820895523,0.5640799529688418
0.621346,0.9932835820895523,0.564373897707231
0.621313,0.9932835820895523,0.5646678424456202
0.621071,0.9932835820895523,0.5649617871840094
0.621055,0.9932835820895523,0.5652557319223986
0.620941,0.9932835820895523,0.5655496766607878
0.620275,0.9932835820895523,0.565843621399177
0.620232,0.9932835820895523,0.5661375661375662
0.620102,0.9932835820895523,0.5664315108759553
0.620014,0.9932835820895523,0.5667254556143445
0.619965,0.9932835820895523,0.5670194003527337
0.619875,0.9932835820895523,0.5673133450911229
0.619684,0.9932835820895523,0.567607289829512
0.619503,0.9932835820895523,0.5679012345679012
0.619395,0.9932835820895523,0.5681951793062904
0.61841,0.9932835820895523,0.5684891240446796
0.617985,0.9932835820895523,0.5687830687830688
0.617263,0.9932835820895523,0.569077013521458
0.616739,0.9932835820895523,0.5693709582598472
0.616206,0.9932835820895523,0.5696649029982364
0.616153,0.9932835820895523,0.5699588477366255
0.616147,0.9932835820895523,0.5702527924750147
0.616097,0.9932835820895523,0.5705467372134039
0.61592,0.9932835820895523,0.570840681951793
0.615901,0.9932835820895523,0.5711346266901822
0.615654,0.9932835820895523,0.5714285714285714
0.615612,0.9932835820895523,0.5717225161669606
0.61525,0.9932835820895523,0.5720164609053497
0.615091,0.9932835820895523,0.572310405643739
0.614958,0.9932835820895523,0.5726043503821282
0.614812,0.9932835820895523,0.5728982951205174
0.614024,0.9932835820895523,0.5731922398589065
0.613803,0.9932835820895523,0.5734861845972957
0.613561,0.9932835820895523,0.5737801293356849
0.61353,0.9932835820895523,0.5740740740740741
0.613206,0.9932835820895523,0.5743680188124632
0.613069,0.9932835820895523,0.5746619635508524
0.61291,0.9932835820895523,0.5749559082892416
0.612575,0.9932835820895523,0.5752498530276308
0.612554,0.9932835820895523,0.5755437977660199
0.612405,0.9932835820895523,0.5758377425044092
0.612404,0.9932835820895523,0.5761316872427984
0.612242,0.9932835820895523,0.5764256319811876
0.612177,0.9932835820895523,0.5767195767195767
0.611799,0.9932835820895523,0.5770135214579659
0.611717,0.9932835820895523,0.5773074661963551
0.611407,0.9932835820895523,0.5776014109347443
0.611359,0.9932835820895523,0.5778953556731334
0.611259,0.9932835820895523,0.5781893004115226
0.611113,0.9932835820895523,0.5784832451499118
0.610927,0.9932835820895523,0.578777189888301
0.610645,0.9932835820895523,0.5790711346266901
0.61046,0.9932835820895523,0.5793650793650794
0.610057,0.9932835820895523,0.5796590241034686
0.609978,0.9932835820895523,0.5799529688418578
0.609957,0.9932835820895523,0.5802469135802469
0.609484,0.9932835820895523,0.5805408583186361
0.609451,0.9932835820895523,0.5808348030570253
0.609333,0.9932835820895523,0.5811287477954145
0.608654,0.9932835820895523,0.5814226925338036
0.607676,0.9932835820895523,0.5817166372721928
0.607448,0.9932835820895523,0.582010582010582
0.606668,0.9932835820895523,0.5823045267489712
0.606518,0.9932835820895523,0.5825984714873603
0.606476,0.9932835820895523,0.5828924162257496
0.606402,0.9932835820895523,0.5831863609641388
0.606313,0.9932835820895523,0.583480305702528
0.606253,0.9932835820895523,0.5837742504409171
0.605737,0.9932835820895523,0.5840681951793063
0.605671,0.9932835820895523,0.5843621399176955
0.605462,0.9932835820895523,0.5846560846560847
0.605257,0.9932835820895523,0.5849500293944738
0.605205,0.9932835820895523,0.585243974132863
0.604513,0.9932835820895523,0.5855379188712522
0.603811,0.9932835820895523,0.5858318636096413
0.603772,0.9932835820895523,0.5861258083480305
0.603738,0.9932835820895523,0.5864197530864198
0.603731,0.9932835820895523,0.586713697824809
0.60371,0.9932835820895523,0.5870076425631982
0.603599,0.9932835820895523,0.5873015873015873
0.603447,0.9932835820895523,0.5875955320399765
0.603328,0.9932835820895523,0.5878894767783657
0.603315,0.9932835820895523,0.5881834215167548
0.603269,0.9932835820895523,0.588477366255144
0.60276,0.9932835820895523,0.5887713109935332
0.601747,0.9932835820895523,0.5890652557319224
0.601387,0.9932835820895523,0.5893592004703115
0.601277,0.9932835820895523,0.5896531452087007
0.601097,0.9932835820895523,0.58994708994709
0.601039,0.9932835820895523,0.5902410346854792
0.600998,0.9932835820895523,0.5905349794238683
0.600854,0.9932835820895523,0.5908289241622575
0.600604,0.9932835820895523,0.5911228689006467
0.600521,0.9932835820895523,0.5914168136390359
0.600473,0.9932835820895523,0.591710758377425
0.600097,0.9932835820895523,0.5920047031158142
0.599863,0.9932835820895523,0.5922986478542034
0.599393,0.9932835820895523,0.5925925925925926
0.599231,0.9932835820895523,0.5928865373309817
0.599059,0.9932835820895523,0.5931804820693709
0.598182,0.9932835820895523,0.5934744268077602
0.598051,0.9932835820895523,0.5937683715461494
0.597503,0.9932835820895523,0.5940623162845385
0.596926,0.9932835820895523,0.5943562610229277
0.596918,0.9932835820895523,0.5946502057613169
0.596774,0.9932835820895523,0.5949441504997061
0.596709,0.9932835820895523,0.5952380952380952
0.596515,0.9932835820895523,0.5955320399764844
0.596473,0.9940298507462687,0.5955320399764844
0.596355,0.9940298507462687,0.5958259847148736
0.595987,0.9940298507462687,0.5961199294532628
0.595674,0.9940298507462687,0.5964138741916519
0.59564,0.9940298507462687,0.5967078189300411
0.595395,0.9940298507462687,0.5970017636684304
0.595221,0.9940298507462687,0.5972957084068196
0.594978,0.9940298507462687,0.5975896531452087
0.594865,0.9940298507462687,0.5978835978835979
0.594639,0.9940298507462687,0.5981775426219871
0.59456,0.9940298507462687,0.5984714873603763
0.594355,0.9940298507462687,0.5987654320987654
0.593836,0.9940298507462687,0.5990593768371546
0.593521,0.9940298507462687,0.5993533215755438
0.593297,0.9940298507462687,0.599647266313933
0.593072,0.9940298507462687,0.5999412110523221
0.592757,0.9940298507462687,0.6002351557907113
0.592741,0.9940298507462687,0.6005291005291006
0.592282,0.9940298507462687,0.6008230452674898
0.592206,0.9940298507462687,0.6011169900058789
0.592011,0.9940298507462687,0.6014109347442681
0.591642,0.9940298507462687,0.6017048794826573
0.591266,0.994776119402985,0.6017048794826573
0.590885,0.994776119402985,0.6019988242210464
0.590401,0.994776119402985,0.6022927689594356
0.590172,0.994776119402985,0.6025867136978248
0.590026,0.994776119402985,0.602880658436214
0.589933,0.994776119402985,0.6031746031746031
0.589786,0.994776119402985,0.6034685479129923
0.589705,0.994776119402985,0.6037624926513815
0.589615,0.994776119402985,0.6040564373897708
0.589292,0.994776119402985,0.60435038212816
0.589239,0.994776119402985,0.6046443268665491
0.588807,0.994776119402985,0.6049382716049383
0.588724,0.994776119402985,0.6052322163433275
0.58866,0.994776119402985,0.6055261610817166
0.588588,0.994776119402985,0.6058201058201058
0.588327,0.994776119402985,0.606114050558495
0.58826,0.994776119402985,0.6064079952968842
0.588035,0.994776119402985,0.6067019400352733
0.587915,0.994776119402985,0.6069958847736625
0.58767,0.994776119402985,0.6072898295120517
0.587526,0.994776119402985,0.607583774250441
0.587346,0.994776119402985,0.6078777189888301
0.58728,0.994776119402985,0.6081716637272193
0.587211,0.994776119402985,0.6084656084656085
0.586994,0.994776119402985,0.6087595532039977
0.586732,0.994776119402985,0.6090534979423868
0.586021,0.994776119402985,0.609347442680776
0.585718,0.994776119402985,0.6096413874191652
0.585279,0.994776119402985,0.6099353321575544
0.585203,0.994776119402985,0.6102292768959435
0.584944,0.994776119402985,0.6105232216343327
0.584419,0.994776119402985,0.6108171663727219
0.584094,0.994776119402985,0.6111111111111112
0.583887,0.994776119402985,0.6114050558495003
0.583576,0.994776119402985,0.6116990005878895
0.583568,0.994776119402985,0.6119929453262787
0.583129,0.9955223880597015,0.6119929453262787
0.58312,0.9955223880597015,0.6122868900646679
0.58301,0.9955223880597015,0.612580834803057
0.58281,0.9955223880597015,0.6128747795414462
0.582553,0.9955223880597015,0.6131687242798354
0.582538,0.9955223880597015,0.6134626690182245
0.582333,0.9955223880597015,0.6137566137566137
0.582012,0.9955223880597015,0.6140505584950029
0.581595,0.9955223880597015,0.6143445032333921
0.581306,0.9955223880597015,0.6146384479717814
0.581186,0.9955223880597015,0.6149323927101705
0.580581,0.9955223880597015,0.6152263374485597
0.580431,0.9955223880597015,0.6155202821869489
0.580281,0.9955223880597015,0.615814226925338
0.579864,0.9955223880597015,0.6161081716637272
0.579363,0.9955223880597015,0.6164021164021164
0.57925,0.9955223880597015,0.6166960611405056
0.579127,0.9955223880597015,0.6169900058788947
0.578981,0.9955223880597015,0.6172839506172839
0.578891,0.9955223880597015,0.6175778953556731
0.578714,0.9955223880597015,0.6178718400940623
0.578709,0.9955223880597015,0.6181657848324515
0.578628,0.9955223880597015,0.6184597295708407
0.578318,0.9955223880597015,0.6187536743092299
0.577493,0.9955223880597015,0.6190476190476191
0.577054,0.996268656716418,0.6190476190476191
0.57679,0.996268656716418,0.6193415637860082
0.576716,0.996268656716418,0.6196355085243974
0.576434,0.996268656716418,0.6199294532627866
0.57606,0.996268656716418,0.6202233980011758
0.576038,0.996268656716418,0.6205173427395649
0.575594,0.996268656716418,0.6208112874779541
0.575185,0.996268656716418,0.6211052322163433
0.575164,0.996268656716418,0.6213991769547325
0.574901,0.996268656716418,0.6216931216931217
0.573468,0.996268656716418,0.6219870664315109
0.573343,0.996268656716418,0.6222810111699001
0.573301,0.996268656716418,0.6225749559082893
0.573266,0.996268656716418,0.6228689006466784
0.572972,0.996268656716418,0.6231628453850676
0.572844,0.996268656716418,0.6234567901234568
0.572679,0.996268656716418,0.623750734861846
0.572506,0.996268656716418,0.6240446796002351
0.572333,0.996268656716418,0.6243386243386243
0.572246,0.996268656716418,0.6246325690770135
0.572221,0.996268656716418,0.6249265138154027
0.572077,0.996268656716418,0.6252204585537919
0.572024,0.996268656716418,0.6255144032921811
0.572015,0.996268656716418,0.6258083480305703
0.571521,0.996268656716418,0.6261022927689595
0.571465,0.996268656716418,0.6263962375073486
0.57146,0.9970149253731343,0.6263962375073486
0.571433,0.9970149253731343,0.6266901822457378
0.571318,0.9970149253731343,0.626984126984127
0.571014,0.9970149253731343,0.6272780717225162
0.570857,0.9970149253731343,0.6275720164609053
0.57069,0.9970149253731343,0.6278659611992945
0.570462,0.9970149253731343,0.6281599059376837
0.569992,0.9970149253731343,0.6284538506760728
0.5696,0.9970149253731343,0.6287477954144621
0.568944,0.9970149253731343,0.6290417401528513
0.568924,0.9970149253731343,0.6293356848912405
0.568772,0.9970149253731343,0.6296296296296297
0.568657,0.9970149253731343,0.6299235743680188
0.567801,0.9970149253731343,0.630217519106408
0.567625,0.9970149253731343,0.6305114638447972
0.567133,0.9970149253731343,0.6308054085831863
0.566872,0.9970149253731343,0.6310993533215755
0.566511,0.9970149253731343,0.6313932980599647
0.566336,0.9970149253731343,0.6316872427983539
0.566256,0.9970149253731343,0.631981187536743
0.566073,0.9970149253731343,0.6322751322751323
0.565685,0.9970149253731343,0.6325690770135215
0.56565,0.9970149253731343,0.6328630217519107
0.565403,0.9970149253731343,0.6331569664902998
0.565178,0.9970149253731343,0.633450911228689
0.565025,0.9970149253731343,0.6337448559670782
0.56502,0.9970149253731343,0.6340388007054674
0.564723,0.9970149253731343,0.6343327454438565
0.564638,0.9970149253731343,0.6346266901822457
0.564506,0.9970149253731343,0.6349206349206349
0.564238,0.9970149253731343,0.6352145796590241
0.564076,0.9970149253731343,0.6355085243974132
0.563524,0.9970149253731343,0.6358024691358025
0.563507,0.9970149253731343,0.6360964138741917
0.563436,0.9970149253731343,0.6363903586125809
0.563382,0.9970149253731343,0.63668430335097
0.563209,0.9970149253731343,0.6369782480893592
0.563182,0.9970149253731343,0.6372721928277484
0.563143,0.9970149253731343,0.6375661375661376
0.563128,0.9970149253731343,0.6378600823045267
0.562954,0.9970149253731343,0.6381540270429159
0.562262,0.9970149253731343,0.6384479717813051
0.56219,0.9970149253731343,0.6387419165196943
0.562037,0.9970149253731343,0.6390358612580834
0.561842,0.9970149253731343,0.6393298059964727
0.561732,0.9970149253731343,0.6396237507348619
0.561467,0.9970149253731343,0.6399176954732511
0.561357,0.9970149253731343,0.6402116402116402
0.561307,0.9970149253731343,0.6405055849500294
0.560961,0.9970149253731343,0.6407995296884186
0.56089,0.9970149253731343,0.6410934744268078
0.560749,0.9970149253731343,0.6413874191651969
0.560444,0.9970149253731343,0.6416813639035861
0.560173,0.9970149253731343,0.6419753086419753
0.559645,0.9970149253731343,0.6422692533803644
0.559505,0.9970149253731343,0.6425631981187536
0.559441,0.9970149253731343,0.6428571428571429
0.559302,0.9970149253731343,0.6431510875955321
0.558626,0.9970149253731343,0.6434450323339213
0.558428,0.9970149253731343,0.6437389770723104
0.558228,0.9970149253731343,0.6440329218106996
0.557933,0.9970149253731343,0.6443268665490888
0.55791,0.9970149253731343,0.644620811287478
0.557291,0.9970149253731343,0.6449147560258671
0.557205,0.9970149253731343,0.6452087007642563
0.557162,0.9970149253731343,0.6455026455026455
0.556946,0.9970149253731343,0.6457965902410346
0.556857,0.9970149253731343,0.6460905349794238
0.55675,0.9970149253731343,0.6463844797178131
0.556061,0.9970149253731343,0.6466784244562023
0.555948,0.9970149253731343,0.6469723691945914
0.555794,0.9970149253731343,0.6472663139329806
0.555552,0.9970149253731343,0.6475602586713698
0.555011,0.9970149253731343,0.647854203409759
0.554833,0.9970149253731343,0.6481481481481481
0.554743,0.9970149253731343,0.6484420928865373
0.554392,0.9970149253731343,0.6487360376249265
0.554383,0.9970149253731343,0.6490299823633157
0.55432,0.9970149253731343,0.6493239271017048
0.55405,0.9970149253731343,0.649617871840094
0.553753,0.9970149253731343,0.6499118165784833
0.553488,0.9970149253731343,0.6502057613168725
0.553442,0.9970149253731343,0.6504997060552616
0.553403,0.9970149253731343,0.6507936507936508
0.552883,0.9970149253731343,0.65108759553204
0.552592,0.9970149253731343,0.6513815402704292
0.552535,0.9970149253731343,0.6516754850088183
0.551992,0.9970149253731343,0.6519694297472075
0.551914,0.9970149253731343,0.6522633744855967
0.55185,0.9970149253731343,0.6525573192239859
0.551523,0.9970149253731343,0.652851263962375
0.551509,0.9970149253731343,0.6531452087007642
0.551448,0.9970149253731343,0.6534391534391535
0.550553,0.9970149253731343,0.6537330981775427
0.550527,0.9970149253731343,0.6540270429159318
0.549884,0.9970149253731343,0.654320987654321
0.549787,0.9970149253731343,0.6546149323927102
0.549248,0.9970149253731343,0.6549088771310994
0.549216,0.9970149253731343,0.6552028218694885
0.549044,0.9970149253731343,0.6554967666078777
0.548852,0.9970149253731343,0.6557907113462669
0.548411,0.9970149253731343,0.656084656084656
0.548334,0.9970149253731343,0.6563786008230452
0.548018,0.9970149253731343,0.6566725455614344
0.547718,0.9970149253731343,0.6569664902998237
0.547686,0.9970149253731343,0.6572604350382129
0.546688,0.9970149253731343,0.657554379776602
0.546275,0.9970149253731343,0.6578483245149912
0.54608,0.9970149253731343,0.6581422692533804
0.545891,0.9970149253731343,0.6584362139917695
0.545746,0.9970149253731343,0.6587301587301587
0.545714,0.9977611940298508,0.6587301587301587
0.545341,0.9977611940298508,0.6590241034685479
0.545305,0.9977611940298508,0.6593180482069371
0.544966,0.9977611940298508,0.6596119929453262
0.544847,0.9977611940298508,0.6599059376837154
0.544621,0.9977611940298508,0.6601998824221046
0.544501,0.9977611940298508,0.6604938271604939
0.543797,0.9977611940298508,0.660787771898883
0.543541,0.9977611940298508,0.6610817166372722
0.543364,0.9977611940298508,0.6613756613756614
0.543272,0.9977611940298508,0.6616696061140506
0.543093,0.9977611940298508,0.6619635508524397
0.542974,0.9977611940298508,0.6622574955908289
0.542895,0.9977611940298508,0.6625514403292181
0.542726,0.9977611940298508,0.6628453850676073
0.542433,0.9977611940298508,0.6631393298059964
0.542087,0.9977611940298508,0.6634332745443856
0.541298,0.9977611940298508,0.6637272192827748
0.540973,0.9977611940298508,0.6640211640211641
0.5409,0.9977611940298508,0.6643151087595532
0.540859,0.9977611940298508,0.6646090534979424
0.540632,0.9977611940298508,0.6649029982363316
0.540558,0.9977611940298508,0.6651969429747208
0.540295,0.9977611940298508,0.6654908877131099
0.539848,0.9977611940298508,0.6657848324514991
0.539587,0.9977611940298508,0.6660787771898883
0.53952,0.9977611940298508,0.6663727219282775
0.539471,0.9977611940298508,0.6666666666666666
0.539434,0.9977611940298508,0.6669606114050558
0.538674,0.9977611940298508,0.6672545561434451
0.538488,0.9977611940298508,0.6675485008818343
0.538299,0.9977611940298508,0.6678424456202234
0.538259,0.9977611940298508,0.6681363903586126
0.538117,0.9977611940298508,0.6684303350970018
0.537972,0.9977611940298508,0.668724279835391
0.537299,0.9977611940298508,0.6690182245737801
0.537215,0.9977611940298508,0.6693121693121693
0.537116,0.9977611940298508,0.6696061140505585
0.536851,0.9977611940298508,0.6699000587889476
0.535961,0.9977611940298508,0.6701940035273368
0.535805,0.9977611940298508,0.670487948265726
0.53567,0.9977611940298508,0.6707818930041153
0.535667,0.9977611940298508,0.6710758377425045
0.535403,0.9977611940298508,0.6713697824808936
0.535271,0.9977611940298508,0.6716637272192828
0.535242,0.9977611940298508,0.671957671957672
0.535025,0.9977611940298508,0.6722516166960611
0.5345,0.9977611940298508,0.6725455614344503
0.534182,0.9977611940298508,0.6728395061728395
0.533999,0.9977611940298508,0.6731334509112287
0.533893,0.9977611940298508,0.6734273956496178
0.533686,0.9977611940298508,0.673721340388007
0.533481,0.9977611940298508,0.6740152851263962
0.533437,0.9977611940298508,0.6743092298647855
0.532704,0.9977611940298508,0.6746031746031746
0.532425,0.9977611940298508,0.6748971193415638
0.531571,0.9977611940298508,0.675191064079953
0.531282,0.9977611940298508,0.6754850088183422
0.531233,0.9977611940298508,0.6757789535567313
0.531231,0.9977611940298508,0.6760728982951205
0.530445,0.9977611940298508,0.6763668430335097
0.53011,0.9977611940298508,0.6766607877718989
0.529799,0.9977611940298508,0.676954732510288
0.529482,0.9977611940298508,0.6772486772486772
0.529463,0.9977611940298508,0.6775426219870664
0.529332,0.9977611940298508,0.6778365667254557
0.529255,0.9977611940298508,0.6781305114638448
0.529031,0.9977611940298508,0.678424456202234
0.528805,0.9977611940298508,0.6787184009406232
0.528566,0.9977611940298508,0.6790123456790124
0.528396,0.9977611940298508,0.6793062904174015
0.528228,0.9977611940298508,0.6796002351557907
0.527522,0.9977611940298508,0.6798941798941799
0.526844,0.9977611940298508,0.6801881246325691
0.526531,0.9977611940298508,0.6804820693709582
0.526431,0.9977611940298508,0.6807760141093474
0.526394,0.9977611940298508,0.6810699588477366
0.526217,0.9977611940298508,0.6813639035861259
0.526079,0.9977611940298508,0.681657848324515
0.525097,0.9977611940298508,0.6819517930629042
0.524967,0.9977611940298508,0.6822457378012934
0.524782,0.9977611940298508,0.6825396825396826
0.524341,0.9985074626865672,0.6825396825396826
0.524186,0.9985074626865672,0.6828336272780717
0.524071,0.9985074626865672,0.6831275720164609
0.524009,0.9985074626865672,0.6834215167548501
0.523898,0.9985074626865672,0.6837154614932393
0.523178,0.9985074626865672,0.6840094062316284
0.523164,0.9985074626865672,0.6843033509700176
0.522853,0.9985074626865672,0.6845972957084068
0.522838,0.9985074626865672,0.6848912404467961
0.522391,0.9985074626865672,0.6851851851851852
0.521698,0.9985074626865672,0.6854791299235744
0.521695,0.9985074626865672,0.6857730746619636
0.520693,0.9985074626865672,0.6860670194003528
0.520674,0.9985074626865672,0.6863609641387419
0.520501,0.9985074626865672,0.6866549088771311
0.520248,0.9985074626865672,0.6869488536155203
0.520015,0.9985074626865672,0.6872427983539094
0.519826,0.9985074626865672,0.6875367430922986
0.519504,0.9985074626865672,0.6878306878306878
0.519189,0.9985074626865672,0.688124632569077
0.518736,0.9985074626865672,0.6884185773074663
0.517775,0.9985074626865672,0.6887125220458554
0.517694,0.9985074626865672,0.6890064667842446
0.517551,0.9985074626865672,0.6893004115226338
0.516619,0.9985074626865672,0.689594356261023
0.516308,0.9985074626865672,0.6898883009994121
0.51621,0.9985074626865672,0.6901822457378013
0.516097,0.9985074626865672,0.6904761904761905
0.515486,0.9985074626865672,0.6907701352145796
0.514284,0.9985074626865672,0.6910640799529688
0.514243,0.9985074626865672,0.691358024691358
0.514187,0.9985074626865672,0.6916519694297472
0.514035,0.9985074626865672,0.6919459141681364
0.513958,0.9985074626865672,0.6922398589065256
0.513904,0.9985074626865672,0.6925338036449148
0.513677,0.9985074626865672,0.692827748383304
0.513379,0.9985074626865672,0.6931216931216931
0.513339,0.9985074626865672,0.6934156378600823
0.513074,0.9985074626865672,0.6937095825984715
0.513027,0.9985074626865672,0.6940035273368607
0.512607,0.9985074626865672,0.6942974720752498
0.512523,0.9985074626865672,0.694591416813639
0.511909,0.9985074626865672,0.6948853615520282
0.511342,0.9985074626865672,0.6951793062904174
0.511236,0.9985074626865672,0.6954732510288066
0.511201,0.9985074626865672,0.6957671957671958
0.511007,0.9985074626865672,0.696061140505585
0.510644,0.9985074626865672,0.6963550852439742
0.510583,0.9985074626865672,0.6966490299823633
0.510391,0.9985074626865672,0.6969429747207525
0.510245,0.9985074626865672,0.6972369194591417
0.509535,0.9985074626865672,0.6975308641975309
0.509249,0.9985074626865672,0.69782480893592
0.509219,0.9985074626865672,0.6981187536743092
0.50859,0.9985074626865672,0.6984126984126984
0.507345,0.9985074626865672,0.6987066431510875
0.506907,0.9985074626865672,0.6990005878894768
0.506817,0.9985074626865672,0.699294532627866
0.5068,0.9985074626865672,0.6995884773662552
0.506456,0.9985074626865672,0.6998824221046444
0.505549,0.9985074626865672,0.7001763668430335
0.504874,0.9985074626865672,0.7004703115814227
0.504571,0.9985074626865672,0.7007642563198119
0.504343,0.9985074626865672,0.701058201058201
0.504189,0.9985074626865672,0.7013521457965902
0.504129,0.9985074626865672,0.7016460905349794
0.503622,0.9985074626865672,0.7019400352733686
0.503465,0.9985074626865672,0.7022339800117577
0.503385,0.9985074626865672,0.702527924750147
0.503375,0.9985074626865672,0.7028218694885362
0.503159,0.9985074626865672,0.7031158142269254
0.502976,0.9985074626865672,0.7034097589653145
0.502931,0.9985074626865672,0.7037037037037037
0.502164,0.9985074626865672,0.7039976484420929
0.502045,0.9985074626865672,0.7042915931804821
0.500772,0.9985074626865672,0.7045855379188712
0.500757,0.9985074626865672,0.7048794826572604
0.500502,0.9985074626865672,0.7051734273956496
0.500443,0.9985074626865672,0.7054673721340388
0.50041,0.9985074626865672,0.7057613168724279
0.500382,0.9985074626865672,0.7060552616108172
0.500362,0.9985074626865672,0.7063492063492064
0.500181,0.9985074626865672,0.7066431510875956
0.500044,0.9985074626865672,0.7069370958259847
0.499562,0.9985074626865672,0.7072310405643739
0.499407,0.9985074626865672,0.7075249853027631
0.499393,0.9985074626865672,0.7078189300411523
0.499341,0.9985074626865672,0.7081128747795414
0.49918,0.9985074626865672,0.7084068195179306
0.498838,0.9985074626865672,0.7087007642563198
0.498626,0.9985074626865672,0.708994708994709
0.498563,0.9985074626865672,0.7092886537330981
0.498455,0.9985074626865672,0.7095825984714874
0.498048,0.9985074626865672,0.7098765432098766
0.498012,0.9985074626865672,0.7101704879482658
0.497979,0.9985074626865672,0.7104644326866549
0.497936,0.9985074626865672,0.7107583774250441
0.497847,0.9985074626865672,0.7110523221634333
0.497427,0.9985074626865672,0.7113462669018225
0.497221,0.9985074626865672,0.7116402116402116
0.497145,0.9985074626865672,0.7119341563786008
0.497027,0.9985074626865672,0.71222810111699
0.497006,0.9985074626865672,0.7125220458553791
0.496885,0.9985074626865672,0.7128159905937683
0.496803,0.9985074626865672,0.7131099353321576
0.496661,0.9985074626865672,0.7134038800705468
0.495931,0.9985074626865672,0.713697824808936
0.495693,0.9985074626865672,0.7139917695473251
0.495268,0.9985074626865672,0.7142857142857143
0.495168,0.9985074626865672,0.7145796590241035
0.494245,0.9985074626865672,0.7148736037624926
0.493935,0.9985074626865672,0.7151675485008818
0.493577,0.9985074626865672,0.715461493239271
0.493338,0.9985074626865672,0.7157554379776602
0.493327,0.9985074626865672,0.7160493827160493
0.493308,0.9985074626865672,0.7163433274544385
0.492471,0.9985074626865672,0.7166372721928278
0.492299,0.9985074626865672,0.716931216931217
0.492269,0.9985074626865672,0.7172251616696061
0.492219,0.9985074626865672,0.7175191064079953
0.492184,0.9985074626865672,0.7178130511463845
0.491614,0.9985074626865672,0.7181069958847737
0.49118,0.9985074626865672,0.718694885361552
0.491002,0.9985074626865672,0.7189888300999412
0.490527,0.9985074626865672,0.7192827748383304
0.488845,0.9985074626865672,0.7195767195767195
0.488798,0.9985074626865672,0.7198706643151087
0.488533,0.9985074626865672,0.720164609053498
0.4881,0.9985074626865672,0.7204585537918872
0.487743,0.9985074626865672,0.7207524985302763
0.487662,0.9985074626865672,0.7210464432686655
0.487607,0.9985074626865672,0.7213403880070547
0.487319,0.9985074626865672,0.7216343327454439
0.486882,0.9985074626865672,0.721928277483833
0.486734,0.9985074626865672,0.7222222222222222
0.486346,0.9985074626865672,0.7225161669606114
0.486247,0.9985074626865672,0.7228101116990006
0.486221,0.9985074626865672,0.7231040564373897
0.485955,0.9985074626865672,0.7233980011757789
0.485567,0.9985074626865672,0.7236919459141682
0.485544,0.9985074626865672,0.7239858906525574
0.485144,0.9985074626865672,0.7242798353909465
0.48483,0.9985074626865672,0.7245737801293357
0.484719,0.9985074626865672,0.7248677248677249
0.4846,0.9985074626865672,0.7251616696061141
0.484543,0.9985074626865672,0.7254556143445032
0.484158,0.9985074626865672,0.7257495590828924
0.483689,0.9985074626865672,0.7260435038212816
0.48338,0.9985074626865672,0.7263374485596708
0.483364,0.9985074626865672,0.7266313932980599
0.483166,0.9985074626865672,0.7269253380364491
0.482887,0.9985074626865672,0.7272192827748384
0.482847,0.9985074626865672,0.7275132275132276
0.482618,0.9985074626865672,0.7278071722516167
0.482303,0.9985074626865672,0.7281011169900059
0.482246,0.9985074626865672,0.7283950617283951
0.48214,0.9985074626865672,0.7286890064667843
0.482088,0.9985074626865672,0.7289829512051734
0.481899,0.9985074626865672,0.7292768959435626
0.481802,0.9985074626865672,0.7295708406819518
0.481783,0.9985074626865672,0.729864785420341
0.481671,0.9985074626865672,0.7301587301587301
0.480964,0.9985074626865672,0.7304526748971193
0.480753,0.9985074626865672,0.7307466196355086
0.480341,0.9985074626865672,0.7310405643738977
0.480323,0.9985074626865672,0.7313345091122869
0.480004,0.9985074626865672,0.7316284538506761
0.479883,0.9985074626865672,0.7319223985890653
0.479843,0.9985074626865672,0.7322163433274544
0.479626,0.9985074626865672,0.7325102880658436
0.479108,0.9985074626865672,0.7328042328042328
0.479053,0.9985074626865672,0.733098177542622
0.478986,0.9985074626865672,0.7333921222810111
0.4785,0.9985074626865672,0.7336860670194003
0.47836,0.9985074626865672,0.7339800117577895
0.478268,0.9985074626865672,0.7342739564961788
0.478217,0.9985074626865672,0.7345679012345679
0.478143,0.9985074626865672,0.7348618459729571
0.477964,0.9985074626865672,0.7351557907113463
0.47778,0.9985074626865672,0.7354497354497355
0.47769,0.9985074626865672,0.7357436801881246
0.477586,0.9985074626865672,0.7360376249265138
0.477019,0.9985074626865672,0.736331569664903
0.476468,0.9985074626865672,0.7366255144032922
0.476133,0.9985074626865672,0.7369194591416813
0.476132,0.9985074626865672,0.7372134038800705
0.475774,0.9985074626865672,0.7375073486184597
0.475161,0.9985074626865672,0.737801293356849
0.474883,0.9985074626865672,0.7380952380952381
0.474115,0.9985074626865672,0.7383891828336273
0.473667,0.9985074626865672,0.7386831275720165
0.473429,0.9985074626865672,0.7389770723104057
0.472281,0.9985074626865672,0.7392710170487948
0.471738,0.9985074626865672,0.739564961787184
0.471737,0.9985074626865672,0.7398589065255732
0.471194,0.9985074626865672,0.7401528512639624
0.471179,0.9985074626865672,0.7404467960023515
0.471119,0.9985074626865672,0.7407407407407407
0.470844,0.9985074626865672,0.7410346854791299
0.470464,0.9985074626865672,0.7413286302175192
0.470086,0.9985074626865672,0.7416225749559083
0.469515,0.9985074626865672,0.7419165196942975
0.469172,0.9985074626865672,0.7422104644326867
0.468928,0.9985074626865672,0.7425044091710759
0.468303,0.9985074626865672,0.742798353909465
0.46828,0.9985074626865672,0.7430922986478542
0.46815,0.9985074626865672,0.7433862433862434
0.468124,0.9985074626865672,0.7436801881246325
0.467863,0.9985074626865672,0.7439741328630217
0.467686,0.9985074626865672,0.7442680776014109
0.467436,0.9985074626865672,0.7445620223398001
0.46742,0.9985074626865672,0.7448559670781894
0.467417,0.9985074626865672,0.7451499118165785
0.467004,0.9985074626865672,0.7454438565549677
0.466486,0.9985074626865672,0.7457378012933569
0.466384,0.9985074626865672,0.746031746031746
0.466307,0.9985074626865672,0.7463256907701352
0.466255,0.9985074626865672,0.7466196355085244
0.465848,0.9985074626865672,0.7469135802469136
0.465541,0.9985074626865672,0.7472075249853027
0.465481,0.9985074626865672,0.7475014697236919
0.465396,0.9985074626865672,0.7477954144620811
0.465062,0.9985074626865672,0.7480893592004703
0.46488,0.9985074626865672,0.7483833039388595
0.464689,0.9985074626865672,0.7486772486772487
0.464632,0.9985074626865672,0.7489711934156379
0.464118,0.9985074626865672,0.7492651381540271
0.463983,0.9985074626865672,0.7495590828924162
0.463178,0.9985074626865672,0.7498530276308054
0.462698,0.9985074626865672,0.7501469723691946
0.462693,0.9992537313432835,0.7501469723691946
0.462644,0.9992537313432835,0.7504409171075838
0.461779,0.9992537313432835,0.7507348618459729
0.461762,0.9992537313432835,0.7510288065843621
0.461598,0.9992537313432835,0.7513227513227513
0.461584,0.9992537313432835,0.7516166960611405
0.461041,0.9992537313432835,0.7519106407995297
0.460846,0.9992537313432835,0.7522045855379189
0.460435,0.9992537313432835,0.7524985302763081
0.460192,0.9992537313432835,0.7527924750146973
0.460029,0.9992537313432835,0.7530864197530864
0.459986,0.9992537313432835,0.7533803644914756
0.45995,0.9992537313432835,0.7536743092298648
0.459854,0.9992537313432835,0.753968253968254
0.459812,0.9992537313432835,0.7542621987066431
0.459699,0.9992537313432835,0.7545561434450323
0.459512,0.9992537313432835,0.7548500881834215
0.459383,0.9992537313432835,0.7551440329218106
0.459353,0.9992537313432835,0.7554379776601999
0.458725,0.9992537313432835,0.7557319223985891
0.458647,0.9992537313432835,0.7560258671369783
0.458245,0.9992537313432835,0.7563198118753675
0.457859,0.9992537313432835,0.7566137566137566
0.457803,0.9992537313432835,0.7569077013521458
0.457543,0.9992537313432835,0.757201646090535
0.456753,0.9992537313432835,0.7574955908289241
0.456101,0.9992537313432835,0.7577895355673133
0.455478,0.9992537313432835,0.7580834803057025
0.455048,0.9992537313432835,0.7583774250440917
0.455008,0.9992537313432835,0.7586713697824808
0.454714,0.9992537313432835,0.7589653145208701
0.454279,0.9992537313432835,0.7592592592592593
0.454164,0.9992537313432835,0.7595532039976485
0.454134,0.9992537313432835,0.7598471487360376
0.454116,0.9992537313432835,0.7601410934744268
0.454099,0.9992537313432835,0.760435038212816
0.45397,0.9992537313432835,0.7607289829512052
0.453708,0.9992537313432835,0.7610229276895943
0.453101,0.9992537313432835,0.7613168724279835
0.452881,0.9992537313432835,0.7616108171663727
0.452869,0.9992537313432835,0.7619047619047619
0.45247,0.9992537313432835,0.762198706643151
0.45221,0.9992537313432835,0.7624926513815403
0.451919,0.9992537313432835,0.7627865961199295
0.451774,0.9992537313432835,0.7630805408583187
0.451631,0.9992537313432835,0.7633744855967078
0.451576,0.9992537313432835,0.763668430335097
0.451351,0.9992537313432835,0.7639623750734862
0.451328,0.9992537313432835,0.7642563198118754
0.450874,0.9992537313432835,0.7645502645502645
0.45055,0.9992537313432835,0.7648442092886537
0.450436,0.9992537313432835,0.7651381540270429
0.450364,0.9992537313432835,0.7654320987654321
0.44989,0.9992537313432835,0.7657260435038212
0.449853,0.9992537313432835,0.7660199882422105
0.448701,0.9992537313432835,0.7663139329805997
0.448647,0.9992537313432835,0.7666078777189889
0.448446,0.9992537313432835,0.766901822457378
0.448358,0.9992537313432835,0.7671957671957672
0.447933,0.9992537313432835,0.7674897119341564
0.44785,0.9992537313432835,0.7677836566725456
0.447608,0.9992537313432835,0.7680776014109347
0.447507,0.9992537313432835,0.7683715461493239
0.44734,0.9992537313432835,0.7686654908877131
0.445694,0.9992537313432835,0.7689594356261023
0.445685,0.9992537313432835,0.7692533803644914
0.445467,0.9992537313432835,0.7695473251028807
0.445394,0.9992537313432835,0.7698412698412699
0.444981,0.9992537313432835,0.770135214579659
0.444082,0.9992537313432835,0.7704291593180482
0.44365,0.9992537313432835,0.7707231040564374
0.443532,0.9992537313432835,0.7710170487948266
0.443323,0.9992537313432835,0.7713109935332157
0.443251,0.9992537313432835,0.7716049382716049
0.443152,0.9992537313432835,0.7718988830099941
0.443028,0.9992537313432835,0.7721928277483833
0.442329,0.9992537313432835,0.7724867724867724
0.442236,0.9992537313432835,0.7727807172251616
0.441234,0.9992537313432835,0.7730746619635509
0.441001,0.9992537313432835,0.7733686067019401
0.440599,0.9992537313432835,0.7736625514403292
0.440183,0.9992537313432835,0.7739564961787184
0.439807,0.9992537313432835,0.7742504409171076
0.439653,0.9992537313432835,0.7745443856554968
0.439403,0.9992537313432835,0.7748383303938859
0.438698,0.9992537313432835,0.7751322751322751
0.438164,0.9992537313432835,0.7754262198706643
0.437637,0.9992537313432835,0.7757201646090535
0.437555,0.9992537313432835,0.7760141093474426
0.437497,0.9992537313432835,0.7763080540858318
0.436374,0.9992537313432835,0.7766019988242211
0.436181,0.9992537313432835,0.7768959435626103
0.436064,0.9992537313432835,0.7771898883009994
0.435742,0.9992537313432835,0.7774838330393886
0.435613,0.9992537313432835,0.7777777777777778
0.434971,0.9992537313432835,0.778071722516167
0.434897,0.9992537313432835,0.7783656672545561
0.434844,0.9992537313432835,0.7786596119929453
0.434218,0.9992537313432835,0.7789535567313345
0.433513,0.9992537313432835,0.7792475014697237
0.432805,0.9992537313432835,0.7795414462081128
0.432795,0.9992537313432835,0.779835390946502
0.432741,0.9992537313432835,0.7801293356848913
0.432574,0.9992537313432835,0.7804232804232805
0.432264,0.9992537313432835,0.7807172251616696
0.43221,0.9992537313432835,0.7810111699000588
0.432163,0.9992537313432835,0.781305114638448
0.432016,0.9992537313432835,0.7815990593768372
0.432006,0.9992537313432835,0.7818930041152263
0.43174,0.9992537313432835,0.7821869488536155
0.431588,0.9992537313432835,0.7824808935920047
0.431437,0.9992537313432835,0.7827748383303939
0.430921,0.9992537313432835,0.783068783068783
0.430607,0.9992537313432835,0.7833627278071722
0.430109,0.9992537313432835,0.7836566725455615
0.430012,0.9992537313432835,0.7839506172839507
0.42998,0.9992537313432835,0.7842445620223398
0.429703,0.9992537313432835,0.784538506760729
0.42812,0.9992537313432835,0.7848324514991182
0.428074,0.9992537313432835,0.7851263962375074
0.427896,0.9992537313432835,0.7854203409758965
0.427273,0.9992537313432835,0.7857142857142857
0.427225,0.9992537313432835,0.7860082304526749
0.427203,0.9992537313432835,0.786302175191064
0.425999,0.9992537313432835,0.7865961199294532
0.425847,0.9992537313432835,0.7868900646678424
0.425756,0.9992537313432835,0.7871840094062317
0.425656,0.9992537313432835,0.7874779541446209
0.425202,0.9992537313432835,0.78777189888301
0.42469,0.9992537313432835,0.7880658436213992
0.424669,0.9992537313432835,0.7883597883597884
0.423924,0.9992537313432835,0.7886537330981775
0.423694,0.9992537313432835,0.7889476778365667
0.423374,0.9992537313432835,0.7892416225749559
0.423132,0.9992537313432835,0.7895355673133451
0.422897,0.9992537313432835,0.7898295120517342
0.422054,0.9992537313432835,0.7901234567901234
0.421864,0.9992537313432835,0.7904174015285126
0.421826,0.9992537313432835,0.7907113462669019
0.421816,0.9992537313432835,0.791005291005291
0.421656,0.9992537313432835,0.7912992357436802
0.421098,0.9992537313432835,0.7915931804820694
0.420596,0.9992537313432835,0.7918871252204586
0.420423,0.9992537313432835,0.7921810699588477
0.419972,0.9992537313432835,0.7924750146972369
0.419817,0.9992537313432835,0.7927689594356261
0.419666,0.9992537313432835,0.7930629041740153
0.4196,0.9992537313432835,0.7933568489124044
0.419555,0.9992537313432835,0.7936507936507936
0.419062,0.9992537313432835,0.7939447383891828
0.418996,0.9992537313432835,0.7942386831275721
0.418369,0.9992537313432835,0.7945326278659612
0.41781,0.9992537313432835,0.7948265726043504
0.417437,0.9992537313432835,0.7951205173427396
0.417249,0.9992537313432835,0.7954144620811288
0.416484,0.9992537313432835,0.7957084068195179
0.416409,0.9992537313432835,0.7960023515579071
0.416372,0.9992537313432835,0.7962962962962963
0.415842,0.9992537313432835,0.7965902410346855
0.415784,0.9992537313432835,0.7968841857730746
0.415284,0.9992537313432835,0.7971781305114638
0.415013,0.9992537313432835,0.797472075249853
0.414901,0.9992537313432835,0.7977660199882423
0.414715,0.9992537313432835,0.7980599647266314
0.41439,0.9992537313432835,0.7983539094650206
0.414023,0.9992537313432835,0.7986478542034098
0.413948,0.9992537313432835,0.798941798941799
0.413785,0.9992537313432835,0.7992357436801881
0.413542,0.9992537313432835,0.7995296884185773
0.41317,0.9992537313432835,0.7998236331569665
0.412863,0.9992537313432835,0.8001175778953556
0.412849,0.9992537313432835,0.8004115226337448
0.412645,0.9992537313432835,0.800705467372134
0.412324,0.9992537313432835,0.8009994121105232
0.412165,0.9992537313432835,0.8012933568489125
0.411947,0.9992537313432835,0.8015873015873016
0.411774,0.9992537313432835,0.8018812463256908
0.411096,0.9992537313432835,0.80217519106408
0.411048,0.9992537313432835,0.8024691358024691
0.409684,0.9992537313432835,0.8027630805408583
0.409447,0.9992537313432835,0.8030570252792475
0.409369,0.9992537313432835,0.8033509700176367
0.409186,0.9992537313432835,0.8036449147560258
0.409063,0.9992537313432835,0.803938859494415
0.409046,0.9992537313432835,0.8042328042328042
0.409016,0.9992537313432835,0.8045267489711934
0.408581,0.9992537313432835,0.8048206937095826
0.408235,0.9992537313432835,0.8051146384479718
0.408126,0.9992537313432835,0.805408583186361
0.407436,0.9992537313432835,0.8057025279247502
0.407376,0.9992537313432835,0.8059964726631393
0.407136,0.9992537313432835,0.8062904174015285
0.407072,0.9992537313432835,0.8065843621399177
0.406694,0.9992537313432835,0.8068783068783069
0.405012,0.9992537313432835,0.807172251616696
0.40441,0.9992537313432835,0.8074661963550852
0.404211,0.9992537313432835,0.8077601410934744
0.403909,0.9992537313432835,0.8080540858318636
0.403869,0.9992537313432835,0.8083480305702528
0.403532,0.9992537313432835,0.808641975308642
0.401832,0.9992537313432835,0.8089359200470312
0.401269,0.9992537313432835,0.8092298647854204
0.400836,0.9992537313432835,0.8095238095238095
0.400587,0.9992537313432835,0.8098177542621987
0.400348,0.9992537313432835,0.8101116990005879
0.399427,0.9992537313432835,0.810405643738977
0.399294,0.9992537313432835,0.8106995884773662
0.399239,0.9992537313432835,0.8109935332157554
0.399147,0.9992537313432835,0.8112874779541446
0.399099,0.9992537313432835,0.8115814226925337
0.398935,0.9992537313432835,0.811875367430923
0.398439,0.9992537313432835,0.8121693121693122
0.398196,0.9992537313432835,0.8124632569077014
0.397104,0.9992537313432835,0.8127572016460906
0.397073,0.9992537313432835,0.8130511463844797
0.396259,0.9992537313432835,0.8133450911228689
0.395886,0.9992537313432835,0.8136390358612581
0.393204,0.9992537313432835,0.8139329805996472
0.39304,0.9992537313432835,0.8142269253380364
0.392902,0.9992537313432835,0.8145208700764256
0.392524,0.9992537313432835,0.8148148148148148
0.392043,0.9992537313432835,0.8151087595532039
0.391904,0.9992537313432835,0.8154027042915932
0.391674,0.9992537313432835,0.8156966490299824
0.391505,0.9992537313432835,0.8159905937683716
0.391385,0.9992537313432835,0.8162845385067607
0.391251,0.9992537313432835,0.8165784832451499
0.391224,0.9992537313432835,0.8168724279835391
0.391149,0.9992537313432835,0.8171663727219283
0.391109,0.9992537313432835,0.8174603174603174
0.391041,0.9992537313432835,0.8177542621987066
0.390662,0.9992537313432835,0.8180482069370958
0.3902,0.9992537313432835,0.818342151675485
0.390193,0.9992537313432835,0.8186360964138741
0.390133,0.9992537313432835,0.8189300411522634
0.389933,0.9992537313432835,0.8192239858906526
0.389694,0.9992537313432835,0.8195179306290418
0.389543,0.9992537313432835,0.8198118753674309
0.389244,0.9992537313432835,0.8201058201058201
0.388663,0.9992537313432835,0.8203997648442093
0.38732,0.9992537313432835,0.8206937095825985
0.387258,0.9992537313432835,0.8209876543209876
0.387092,0.9992537313432835,0.8212815990593768
0.386366,0.9992537313432835,0.821575543797766
0.386276,0.9992537313432835,0.8218694885361552
0.38594,0.9992537313432835,0.8221634332745443
0.38534,0.9992537313432835,0.8224573780129336
0.384752,0.9992537313432835,0.8227513227513228
0.38455,0.9992537313432835,0.823045267489712
0.383621,0.9992537313432835,0.8233392122281011
0.383593,0.9992537313432835,0.8236331569664903
0.383478,0.9992537313432835,0.8239271017048795
0.383158,0.9992537313432835,0.8242210464432687
0.383095,0.9992537313432835,0.8245149911816578
0.383004,0.9992537313432835,0.824808935920047
0.382928,0.9992537313432835,0.8251028806584362
0.382375,0.9992537313432835,0.8253968253968254
0.381846,0.9992537313432835,0.8256907701352145
0.381772,0.9992537313432835,0.8259847148736038
0.381705,0.9992537313432835,0.826278659611993
0.381465,0.9992537313432835,0.8265726043503822
0.3813,0.9992537313432835,0.8268665490887713
0.380537,0.9992537313432835,0.8271604938271605
0.380365,0.9992537313432835,0.8274544385655497
0.380361,0.9992537313432835,0.8277483833039389
0.38032,0.9992537313432835,0.828042328042328
0.379355,0.9992537313432835,0.8283362727807172
0.379289,0.9992537313432835,0.8286302175191064
0.379287,0.9992537313432835,0.8289241622574955
0.378681,0.9992537313432835,0.8292181069958847
0.378135,0.9992537313432835,0.829512051734274
0.377826,0.9992537313432835,0.8298059964726632
0.37778,0.9992537313432835,0.8300999412110524
0.377769,0.9992537313432835,0.8303938859494415
0.377718,0.9992537313432835,0.8306878306878307
0.37742,0.9992537313432835,0.8309817754262199
0.377376,0.9992537313432835,0.831275720164609
0.376867,0.9992537313432835,0.8315696649029982
0.37669,0.9992537313432835,0.8318636096413874
0.376471,0.9992537313432835,0.8321575543797766
0.376435,0.9992537313432835,0.8324514991181657
0.375824,0.9992537313432835,0.8327454438565549
0.375562,0.9992537313432835,0.8330393885949442
0.375551,0.9992537313432835,0.8333333333333334
0.375218,0.9992537313432835,0.8336272780717225
0.374426,0.9992537313432835,0.8339212228101117
0.37432,0.9992537313432835,0.8342151675485009
0.373839,0.9992537313432835,0.8345091122868901
0.373689,0.9992537313432835,0.8348030570252792
0.373535,0.9992537313432835,0.8350970017636684
0.372965,0.9992537313432835,0.8353909465020576
0.37296,0.9992537313432835,0.8356848912404468
0.372845,0.9992537313432835,0.8359788359788359
0.372819,0.9992537313432835,0.8362727807172252
0.372812,0.9992537313432835,0.8365667254556144
0.371394,0.9992537313432835,0.8368606701940036
0.37115,0.9992537313432835,0.8371546149323927
0.370856,0.9992537313432835,0.8374485596707819
0.36991,0.9992537313432835,0.8377425044091711
0.369868,0.9992537313432835,0.8380364491475603
0.369554,0.9992537313432835,0.8383303938859494
0.369453,0.9992537313432835,0.8386243386243386
0.369442,0.9992537313432835,0.8389182833627278
0.369404,0.9992537313432835,0.839212228101117
0.369296,0.9992537313432835,0.8395061728395061
0.368938,0.9992537313432835,0.8398001175778954
0.36815,0.9992537313432835,0.8400940623162846
0.367741,0.9992537313432835,0.8403880070546738
0.367336,0.9992537313432835,0.8406819517930629
0.367155,0.9992537313432835,0.8409758965314521
0.366681,0.9992537313432835,0.8412698412698413
0.366656,0.9992537313432835,0.8415637860082305
0.366401,0.9992537313432835,0.8418577307466196
0.366217,0.9992537313432835,0.8421516754850088
0.364835,0.9992537313432835,0.842445620223398
0.364302,0.9992537313432835,0.8427395649617871
0.364031,0.9992537313432835,0.8430335097001763
0.362816,0.9992537313432835,0.8433274544385656
0.362721,0.9992537313432835,0.8436213991769548
0.362466,0.9992537313432835,0.843915343915344
0.361487,0.9992537313432835,0.8442092886537331
0.361478,0.9992537313432835,0.8445032333921223
0.36105,0.9992537313432835,0.8447971781305115
0.361045,0.9992537313432835,0.8450911228689006
0.360906,0.9992537313432835,0.8453850676072898
0.360875,0.9992537313432835,0.845679012345679
0.360451,0.9992537313432835,0.8459729570840682
0.359929,0.9992537313432835,0.8462669018224573
0.359669,0.9992537313432835,0.8465608465608465
0.359399,0.9992537313432835,0.8468547912992358
0.35857,0.9992537313432835,0.847148736037625
0.358082,0.9992537313432835,0.8474426807760141
0.358046,0.9992537313432835,0.8477366255144033
0.357755,0.9992537313432835,0.8480305702527925
0.357685,1.0,0.8480305702527925
0.357049,1.0,0.8483245149911817
0.356815,1.0,0.8486184597295708
0.356481,1.0,0.84891240446796
0.356303,1.0,0.8492063492063492
0.356092,1.0,0.8495002939447384
0.35538,1.0,0.8497942386831275
0.355118,1.0,0.8500881834215167
0.354847,1.0,0.850382128159906
0.354685,1.0,0.8506760728982952
0.354168,1.0,0.8509700176366843
0.354014,1.0,0.8512639623750735
0.353542,1.0,0.8515579071134627
0.353416,1.0,0.8518518518518519
0.353302,1.0,0.852145796590241
0.353228,1.0,0.8524397413286302
0.353172,1.0,0.8527336860670194
0.352336,1.0,0.8530276308054086
0.3521,1.0,0.8533215755437977
0.352074,1.0,0.8536155202821869
0.351937,1.0,0.8539094650205762
0.351394,1.0,0.8542034097589654
0.351034,1.0,0.8544973544973545
0.350367,1.0,0.8547912992357437
0.349688,1.0,0.8550852439741329
0.349427,1.0,0.855379188712522
0.349319,1.0,0.8556731334509112
0.348985,1.0,0.8559670781893004
0.348246,1.0,0.8562610229276896
0.347763,1.0,0.8565549676660787
0.347486,1.0,0.8568489124044679
0.346464,1.0,0.8571428571428571
0.346358,1.0,0.8574368018812464
0.345709,1.0,0.8577307466196356
0.344209,1.0,0.8580246913580247
0.344191,1.0,0.8583186360964139
0.343819,1.0,0.8586125808348031
0.343474,1.0,0.8589065255731922
0.34345,1.0,0.8592004703115814
0.343066,1.0,0.8594944150499706
0.342909,1.0,0.8597883597883598
0.34112,1.0,0.8600823045267489
0.341084,1.0,0.8603762492651381
0.340225,1.0,0.8606701940035273
0.339786,1.0,0.8609641387419166
0.338785,1.0,0.8612580834803057
0.338749,1.0,0.8615520282186949
0.337159,1.0,0.8618459729570841
0.33643,1.0,0.8621399176954733
0.335719,1.0,0.8624338624338624
0.33524,1.0,0.8627278071722516
0.33508,1.0,0.8630217519106408
0.334663,1.0,0.86331569664903
0.334532,1.0,0.8636096413874191
0.33432,1.0,0.8639035861258083
0.334137,1.0,0.8641975308641975
0.334118,1.0,0.8644914756025868
0.333444,1.0,0.8647854203409759
0.333153,1.0,0.8650793650793651
0.332913,1.0,0.8653733098177543
0.331776,1.0,0.8656672545561435
0.331561,1.0,0.8659611992945326
0.331451,1.0,0.8662551440329218
0.331411,1.0,0.866549088771311
0.331335,1.0,0.8668430335097002
0.331116,1.0,0.8671369782480893
0.330024,1.0,0.8674309229864785
0.329812,1.0,0.8677248677248677
0.329749,1.0,0.868018812463257
0.329606,1.0,0.8683127572016461
0.329126,1.0,0.8686067019400353
0.328827,1.0,0.8689006466784245
0.327592,1.0,0.8691945914168137
0.327332,1.0,0.8694885361552028
0.326446,1.0,0.869782480893592
0.326257,1.0,0.8700764256319812
0.325872,1.0,0.8703703703703703
0.32478,1.0,0.8706643151087595
0.324771,1.0,0.8709582598471487
0.324538,1.0,0.8712522045855379
0.323228,1.0,0.8715461493239272
0.32248,1.0,0.8718400940623163
0.322356,1.0,0.8721340388007055
0.32198,1.0,0.8724279835390947
0.321934,1.0,0.8727219282774838
0.320724,1.0,0.873015873015873
0.320294,1.0,0.8733098177542622
0.319999,1.0,0.8736037624926514
0.319034,1.0,0.8738977072310405
0.318718,1.0,0.8741916519694297
0.318318,1.0,0.8744855967078189
0.31795,1.0,0.8747795414462081
0.317732,1.0,0.8750734861845973
0.31679,1.0,0.8753674309229865
0.316216,1.0,0.8756613756613757
0.316209,1.0,0.8759553203997649
0.315788,1.0,0.876249265138154
0.315747,1.0,0.8765432098765432
0.315457,1.0,0.8768371546149324
0.31514,1.0,0.8771310993533216
0.314958,1.0,0.8774250440917107
0.314114,1.0,0.8777189888300999
0.314076,1.0,0.8780129335684891
0.313899,1.0,0.8783068783068783
0.313484,1.0,0.8786008230452675
0.313372,1.0,0.8788947677836567
0.313252,1.0,0.8791887125220459
0.312998,1.0,0.8794826572604351
0.312579,1.0,0.8797766019988242
0.312536,1.0,0.8800705467372134
0.312047,1.0,0.8803644914756026
0.311216,1.0,0.8806584362139918
0.311048,1.0,0.8809523809523809
0.310817,1.0,0.8812463256907701
0.310086,1.0,0.8815402704291593
0.309971,1.0,0.8818342151675485
0.309237,1.0,0.8821281599059377
0.309064,1.0,0.8824221046443269
0.308753,1.0,0.8827160493827161
0.308474,1.0,0.8830099941211053
0.308208,1.0,0.8833039388594944
0.307272,1.0,0.8835978835978836
0.306878,1.0,0.8838918283362728
0.306715,1.0,0.884185773074662
0.306567,1.0,0.8844797178130511
0.306476,1.0,0.8847736625514403
0.30378,1.0,0.8850676072898295
0.303505,1.0,0.8853615520282186
0.302324,1.0,0.8856554967666079
0.301484,1.0,0.8859494415049971
0.300893,1.0,0.8862433862433863
0.300851,1.0,0.8865373309817755
0.300752,1.0,0.8868312757201646
0.300568,1.0,0.8871252204585538
0.300444,1.0,0.887419165196943
0.299204,1.0,0.8877131099353321
0.29841,1.0,0.8880070546737213
0.298349,1.0,0.8883009994121105
0.296955,1.0,0.8885949441504997
0.2966,1.0,0.8888888888888888
0.296514,1.0,0.8891828336272781
0.296213,1.0,0.8894767783656673
0.296025,1.0,0.8897707231040565
0.296017,1.0,0.8900646678424456
0.295295,1.0,0.8903586125808348
0.295211,1.0,0.890652557319224
0.294107,1.0,0.8909465020576132
0.294023,1.0,0.8912404467960023
0.293751,1.0,0.8915343915343915
0.292936,1.0,0.8918283362727807
0.292686,1.0,0.8921222810111699
0.292548,1.0,0.892416225749559
0.291921,1.0,0.8927101704879483
0.291715,1.0,0.8930041152263375
0.289735,1.0,0.8932980599647267
0.288703,1.0,0.8935920047031158
0.288036,1.0,0.893885949441505
0.28769,1.0,0.8941798941798942
0.286659,1.0,0.8944738389182834
0.286609,1.0,0.8947677836566725
0.286506,1.0,0.8950617283950617
0.286284,1.0,0.8953556731334509
0.28628,1.0,0.89564961787184
0.28613,1.0,0.8959435626102292
0.285323,1.0,0.8962375073486185
0.285072,1.0,0.8965314520870077
0.284511,1.0,0.8968253968253969
0.284118,1.0,0.897119341563786
0.283951,1.0,0.8974132863021752
0.283513,1.0,0.8977072310405644
0.281778,1.0,0.8980011757789536
0.281709,1.0,0.8982951205173427
0.281465,1.0,0.8985890652557319
0.280125,1.0,0.8988830099941211
0.280029,1.0,0.8991769547325102
0.279761,1.0,0.8994708994708994
0.279079,1.0,0.8997648442092887
0.277306,1.0,0.9000587889476779
0.276946,1.0,0.900352733686067
0.27567,1.0,0.9006466784244562
0.275493,1.0,0.9009406231628454
0.275201,1.0,0.9012345679012346
0.275035,1.0,0.9015285126396237
0.274942,1.0,0.9018224573780129
0.274898,1.0,0.9021164021164021
0.274602,1.0,0.9024103468547913
0.273819,1.0,0.9027042915931804
0.273259,1.0,0.9029982363315696
0.27231,1.0,0.9032921810699589
0.271587,1.0,0.9035861258083481
0.271114,1.0,0.9038800705467372
0.27066,1.0,0.9041740152851264
0.270306,1.0,0.9044679600235156
0.2702,1.0,0.9047619047619048
0.270195,1.0,0.9050558495002939
0.269874,1.0,0.9053497942386831
0.269707,1.0,0.9056437389770723
0.268638,1.0,0.9059376837154615
0.268617,1.0,0.9062316284538506
0.267762,1.0,0.9065255731922398
0.267205,1.0,0.9068195179306291
0.266914,1.0,0.9071134626690183
0.266253,1.0,0.9074074074074074
0.26625,1.0,0.9077013521457966
0.264614,1.0,0.9079952968841858
0.264532,1.0,0.908289241622575
0.264529,1.0,0.9085831863609641
0.264421,1.0,0.9088771310993533
0.263593,1.0,0.9091710758377425
0.26303,1.0,0.9094650205761317
0.262688,1.0,0.9097589653145208
0.262343,1.0,0.91005291005291
0.262204,1.0,0.9103468547912993
0.26214,1.0,0.9106407995296885
0.26209,1.0,0.9109347442680776
0.261455,1.0,0.9112286890064668
0.261239,1.0,0.911522633744856
0.260652,1.0,0.9118165784832452
0.259873,1.0,0.9121105232216343
0.258184,1.0,0.9124044679600235
0.258118,1.0,0.9126984126984127
0.257884,1.0,0.9129923574368018
0.256364,1.0,0.913286302175191
0.255925,1.0,0.9135802469135802
0.25548,1.0,0.9138741916519695
0.255234,1.0,0.9141681363903587
0.254697,1.0,0.9144620811287478
0.253674,1.0,0.914756025867137
0.25358,1.0,0.9150499706055262
0.25196,1.0,0.9153439153439153
0.2517,1.0,0.9156378600823045
0.250624,1.0,0.9159318048206937
0.24894,1.0,0.9162257495590829
0.248455,1.0,0.916519694297472
0.247976,1.0,0.9168136390358612
0.247577,1.0,0.9171075837742504
0.247313,1.0,0.9174015285126397
0.247087,1.0,0.9176954732510288
0.246329,1.0,0.917989417989418
0.245753,1.0,0.9182833627278072
0.242785,1.0,0.9185773074661964
0.242464,1.0,0.9188712522045855
0.240591,1.0,0.9191651969429747
0.240075,1.0,0.9194591416813639
0.239639,1.0,0.9197530864197531
0.239162,1.0,0.9200470311581422
0.238761,1.0,0.9203409758965314
0.238363,1.0,0.9206349206349206
0.237937,1.0,0.9209288653733099
0.237653,1.0,0.921222810111699
0.237395,1.0,0.9215167548500882
0.23631,1.0,0.9218106995884774
0.236219,1.0,0.9221046443268666
0.234772,1.0,0.9223985890652557
0.234381,1.0,0.9226925338036449
0.234047,1.0,0.9229864785420341
0.232428,1.0,0.9232804232804233
0.231959,1.0,0.9235743680188124
0.231795,1.0,0.9238683127572016
0.231289,1.0,0.9241622574955908
0.230711,1.0,0.9244562022339801
0.230349,1.0,0.9247501469723692
0.230092,1.0,0.9250440917107584
0.229784,1.0,0.9253380364491476
0.228933,1.0,0.9256319811875368
0.228576,1.0,0.9259259259259259
0.2282,1.0,0.9262198706643151
0.227412,1.0,0.9265138154027043
0.225791,1.0,0.9268077601410935
0.224669,1.0,0.9271017048794826
0.224315,1.0,0.9273956496178718
0.22407,1.0,0.927689594356261
0.223894,1.0,0.9279835390946503
0.223757,1.0,0.9282774838330394
0.223633,1.0,0.9285714285714286
0.223197,1.0,0.9288653733098178
0.222282,1.0,0.929159318048207
0.221975,1.0,0.9294532627865961
0.2218,1.0,0.9297472075249853
0.221488,1.0,0.9300411522633745
0.221221,1.0,0.9303350970017636
0.221203,1.0,0.9306290417401528
0.21972,1.0,0.930922986478542
0.219477,1.0,0.9312169312169312
0.218868,1.0,0.9315108759553204
0.218651,1.0,0.9318048206937096
0.21802,1.0,0.9320987654320988
0.218002,1.0,0.932392710170488
0.217785,1.0,0.9326866549088771
0.217655,1.0,0.9329805996472663
0.217446,1.0,0.9332745443856555
0.217324,1.0,0.9335684891240447
0.217083,1.0,0.9338624338624338
0.216085,1.0,0.934156378600823
0.214669,1.0,0.9344503233392122
0.212408,1.0,0.9347442680776014
0.210876,1.0,0.9350382128159906
0.209119,1.0,0.9353321575543798
0.20901,1.0,0.935626102292769
0.208187,1.0,0.9359200470311582
0.205133,1.0,0.9362139917695473
0.204784,1.0,0.9365079365079365
0.204223,1.0,0.9368018812463257
0.204205,1.0,0.9370958259847149
0.202763,1.0,0.937389770723104
0.201567,1.0,0.9376837154614932
0.201488,1.0,0.9379776601998824
0.20044,1.0,0.9382716049382716
0.200316,1.0,0.9385655496766608
0.200009,1.0,0.93885949441505
0.199918,1.0,0.9391534391534392
0.199786,1.0,0.9394473838918284
0.197942,1.0,0.9397413286302175
0.19586,1.0,0.9400352733686067
0.195552,1.0,0.9403292181069959
0.194994,1.0,0.940623162845385
0.194549,1.0,0.9409171075837742
0.194338,1.0,0.9412110523221634
0.194182,1.0,0.9415049970605526
0.193122,1.0,0.9417989417989417
0.192706,1.0,0.942092886537331
0.192374,1.0,0.9423868312757202
0.191756,1.0,0.9426807760141094
0.190795,1.0,0.9429747207524986
0.190736,1.0,0.9432686654908877
0.189577,1.0,0.9435626102292769
0.188874,1.0,0.9438565549676661
0.186871,1.0,0.9441504997060552
0.184959,1.0,0.9444444444444444
0.183599,1.0,0.9447383891828336
0.182241,1.0,0.9450323339212228
0.182047,1.0,0.9453262786596119
0.181598,1.0,0.9456202233980012
0.180442,1.0,0.9459141681363904
0.179752,1.0,0.9462081128747796
0.178977,1.0,0.9465020576131687
0.177913,1.0,0.9467960023515579
0.176181,1.0,0.9470899470899471
0.174377,1.0,0.9473838918283363
0.173852,1.0,0.9476778365667254
0.173429,1.0,0.9479717813051146
0.172566,1.0,0.9482657260435038
0.170436,1.0,0.948559670781893
0.1689,1.0,0.9488536155202821
0.167647,1.0,0.9491475602586714
0.167575,1.0,0.9494415049970606
0.166997,1.0,0.9497354497354498
0.166036,1.0,0.9500293944738389
0.16566,1.0,0.9506172839506173
0.16477,1.0,0.9509112286890065
0.163047,1.0,0.9512051734273956
0.161727,1.0,0.9514991181657848
0.16081,1.0,0.951793062904174
0.159665,1.0,0.9520870076425632
0.159266,1.0,0.9523809523809523
0.158908,1.0,0.9526748971193416
0.158812,1.0,0.9529688418577308
0.15814,1.0,0.95326278659612
0.157818,1.0,0.9535567313345091
0.156594,1.0,0.9538506760728983
0.156496,1.0,0.9541446208112875
0.156245,1.0,0.9544385655496767
0.156111,1.0,0.9547325102880658
0.154304,1.0,0.955026455026455
0.152879,1.0,0.9553203997648442
0.14817,1.0,0.9556143445032333
0.147131,1.0,0.9559082892416225
0.1471,1.0,0.9562022339800118
0.146679,1.0,0.956496178718401
0.146157,1.0,0.9567901234567902
0.146073,1.0,0.9570840681951793
0.14605,1.0,0.9573780129335685
0.143715,1.0,0.9576719576719577
0.142813,1.0,0.9579659024103468
0.140741,1.0,0.958259847148736
0.139618,1.0,0.9585537918871252
0.138984,1.0,0.9588477366255144
0.138635,1.0,0.9591416813639035
0.136795,1.0,0.9594356261022927
0.133091,1.0,0.959729570840682
0.131488,1.0,0.9600235155790712
0.131276,1.0,0.9603174603174603
0.131171,1.0,0.9606114050558495
0.130007,1.0,0.9609053497942387
0.129615,1.0,0.9611992945326279
0.129597,1.0,0.961493239271017
0.128191,1.0,0.9617871840094062
0.127642,1.0,0.9620811287477954
0.125862,1.0,0.9623750734861846
0.125463,1.0,0.9626690182245737
0.125221,1.0,0.9629629629629629
0.12494,1.0,0.9632569077013522
0.124257,1.0,0.9635508524397414
0.124172,1.0,0.9638447971781305
0.12165,1.0,0.9641387419165197
0.120055,1.0,0.9644326866549089
0.118311,1.0,0.9647266313932981
0.118075,1.0,0.9650205761316872
0.116866,1.0,0.9653145208700764
0.114026,1.0,0.9656084656084656
0.113085,1.0,0.9659024103468548
0.110783,1.0,0.9661963550852439
0.109971,1.0,0.9664902998236331
0.10977,1.0,0.9667842445620224
0.109591,1.0,0.9670781893004116
0.109438,1.0,0.9673721340388007
0.108795,1.0,0.9676660787771899
0.107855,1.0,0.9679600235155791
0.105359,1.0,0.9682539682539683
0.104195,1.0,0.9685479129923574
0.103334,1.0,0.9688418577307466
0.102478,1.0,0.9691358024691358
0.102181,1.0,0.969429747207525
0.100304,1.0,0.9697236919459141
0.100246,1.0,0.9700176366843033
0.098921,1.0,0.9703115814226926
0.097764,1.0,0.9706055261610818
0.09712,1.0,0.9708994708994709
0.096396,1.0,0.9711934156378601
0.096097,1.0,0.9714873603762493
0.095503,1.0,0.9717813051146384
0.095193,1.0,0.9720752498530276
0.093491,1.0,0.9723691945914168
0.093462,1.0,0.972663139329806
0.091497,1.0,0.9729570840681951
0.090418,1.0,0.9732510288065843
0.090388,1.0,0.9735449735449735
0.088924,1.0,0.9738389182833628
0.088087,1.0,0.974132863021752
0.08612,1.0,0.9744268077601411
0.084358,1.0,0.9747207524985303
0.080862,1.0,0.9750146972369195
0.077452,1.0,0.9753086419753086
0.076635,1.0,0.9756025867136978
0.076053,1.0,0.975896531452087
0.075811,1.0,0.9761904761904762
0.074541,1.0,0.9764844209288653
0.074458,1.0,0.9767783656672545
0.074159,1.0,0.9770723104056437
0.073341,1.0,0.977366255144033
0.073119,1.0,0.9776601998824221
0.072787,1.0,0.9779541446208113
0.072669,1.0,0.9782480893592005
0.071404,1.0,0.9785420340975897
0.070781,1.0,0.9788359788359788
0.070109,1.0,0.979129923574368
0.067558,1.0,0.9794238683127572
0.064705,1.0,0.9797178130511464
0.063867,1.0,0.9800117577895355
0.053801,1.0,0.9803057025279247
0.048506,1.0,0.9805996472663139
0.043429,1.0,0.9808935920047032
0.043268,1.0,0.9811875367430923
0.041723,1.0,0.9814814814814815
0.040258,1.0,0.9817754262198707
0.034334,1.0,0.9820693709582599
0.031891,1.0,0.982363315696649
0.031202,1.0,0.9826572604350382
0.031087,1.0,0.9829512051734274
0.030083,1.0,0.9832451499118166
0.030077,1.0,0.9835390946502057
0.025046,1.0,0.9838330393885949
0.023321,1.0,0.9841269841269841
0.022231,1.0,0.9844209288653734
0.019724,1.0,0.9847148736037625
0.017798,1.0,0.9850088183421517
0.016959,1.0,0.9853027630805409
0.015715,1.0,0.98559670781893
0.015708,1.0,0.9858906525573192
0.015377,1.0,0.9861845972957084
0.014865,1.0,0.9864785420340976
0.010335,1.0,0.9867724867724867
0.007682,1.0,0.9870664315108759
-0.004281,1.0,0.9873603762492651
-0.005562,1.0,0.9876543209876543
-0.011326,1.0,0.9879482657260436
-0.012842,1.0,0.9882422104644327
-0.015713,1.0,0.9885361552028219
-0.018419,1.0,0.9888300999412111
-0.027074,1.0,0.9891240446796002
-0.027812,1.0,0.9894179894179894
-0.030616,1.0,0.9897119341563786
-0.033382,1.0,0.9900058788947678
-0.039235,1.0,0.9902998236331569
-0.039692,1.0,0.9905937683715461
-0.041242,1.0,0.9908877131099353
-0.047275,1.0,0.9911816578483245
-0.04937,1.0,0.9914756025867137
-0.050141,1.0,0.9917695473251029
-0.058611,1.0,0.9920634920634921
-0.058994,1.0,0.9923574368018813
-0.075862,1.0,0.9926513815402704
-0.086642,1.0,0.9929453262786596
-0.091616,1.0,0.9932392710170488
-0.091694,1.0,0.993533215755438
-0.098067,1.0,0.9938271604938271
-0.099619,1.0,0.9941211052322163
-0.100516,1.0,0.9944150499706055
-0.103173,1.0,0.9947089947089947
-0.10613,1.0,0.9950029394473839
-0.117939,1.0,0.9952968841857731
-0.129048,1.0,0.9955908289241623
-0.141114,1.0,0.9958847736625515
-0.145998,1.0,0.9961787184009406
-0.149256,1.0,0.9964726631393298
-0.157763,1.0,0.996766607877719
-0.159962,1.0,0.9970605526161082
-0.160508,1.0,0.9973544973544973
-0.163541,1.0,0.9976484420928865
-0.209005,1.0,0.9979423868312757
-0.215273,1.0,0.9982363315696648
-0.218349,1.0,0.9985302763080541
-0.22574,1.0,0.9988242210464433
-0.241156,1.0,0.9991181657848325
-0.243808,1.0,0.9994121105232217
-0.277068,1.0,0.9997060552616108
-0.306967,1.0,1.0
-inf,1.0,1.0
