id,date,systeme_id,asset_id,score,vrai_defaut,alerte,cout
INSP_2993D906,2026-01-20,SYS_161,AST_4D0E4E8C,0.257202,0,0,60.0
INSP_2712D05A,2026-01-20,SYS_163,AST_F20B2AD2,0.177254,0,0,60.0
INSP_DA42209E,2026-01-21,SYS_025,AST_6B5DB20C,0.340518,0,0,60.0
INSP_89C99D44,2026-01-22,SYS_021,AST_D52B2838,0.370196,0,0,60.0
INSP_95E54F15,2026-01-23,SYS_085,AST_362265C3,0.157337,0,0,60.0
INSP_6D9ADA47,2026-01-23,SYS_101,AST_8AEE8F28,0.452088,0,0,60.0
INSP_F535BCB1,2026-01-23,SYS_172,AST_F6D5E9AD,0.349486,0,0,60.0
INSP_07D9B37C,2026-01-23,SYS_197,AST_7B53A622,0.258757,0,0,60.0
INSP_26E6EF87,2026-01-24,SYS_048,AST_1D78C349,0.00501,0,0,60.0
INSP_ED29E036,2026-01-25,SYS_030,AST_3566E90D,-0.114502,0,0,60.0
INSP_C89C9FEA,2026-01-25,SYS_033,AST_79CDAF02,0.260063,0,0,60.0
INSP_13E115F0,2026-01-25,SYS_112,AST_5A1B7CBA,0.385381,0,0,60.0
INSP_AF7D2CB5,2026-01-25,SYS_129,AST_8A89E614,-0.205403,0,0,60.0
INSP_1690D236,2026-01-25,SYS_140,AST_0ABF27E8,0.018743,0,0,60.0
INSP_36AC8EC4,2026-01-25,SYS_151,AST_3E883E68,0.192407,0,0,60.0
INSP_4A37183C,2026-01-25,SYS_152,AST_9A0D6DF2,0.212227,0,0,60.0
INSP_642A8D53,2026-01-26,SYS_017,AST_A38EC274,0.330901,0,0,60.0
INSP_AB0F370D,2026-01-26,SYS_035,AST_D8A848C2,0.316683,0,0,60.0
INSP_B9BC4E12,2026-01-26,SYS_037,AST_ABD0D48E,0.460315,0,0,60.0
INSP_69DA77B0,2026-01-26,SYS_041,AST_1AAF5310,-0.087414,0,0,60.0
INSP_B2E83423,2026-01-26,SYS_072,AST_1CB1C3B7,0.489743,0,0,60.0
INSP_15CBE3C4,2026-01-26,SYS_105,AST_3B928935,0.363407,0,0,60.0
INSP_A62C05A0,2026-01-26,SYS_115,AST_641A4AAC,0.294606,0,0,60.0
INSP_982CBC97,2026-01-26,SYS_159,AST_4F7B551A,0.175887,0,0,60.0
INSP_4850F67A,2026-01-26,SYS_182,AST_C6BE83A4,0.353284,0,0,60.0
INSP_0DA634B3,2026-01-26,SYS_187,AST_B5F2F180,0.093527,0,0,60.0
INSP_1D94F491,2026-01-27,SYS_055,AST_AFFB6DE6,0.088198,0,0,60.0
INSP_305226FF,2026-01-27,SYS_059,AST_C644E1B6,0.982192,0,0,60.0
INSP_5894B376,2026-01-27,SYS_075,AST_DEC87001,0.362069,0,0,60.0
INSP_6F06154B,2026-01-27,SYS_077,AST_C8989699,0.0521,0,0,60.0
INSP_D37BCC73,2026-01-27,SYS_088,AST_B43A3C96,0.172284,0,0,60.0
INSP_7FBDFAB0,2026-01-27,SYS_093,AST_11D1C743,0.382864,0,0,60.0
INSP_2CF95D53,2026-01-27,SYS_117,AST_99D49091,0.56101,0,0,60.0
INSP_83591EB1,2026-01-27,SYS_128,AST_AE583E47,0.346973,0,0,60.0
INSP_B74C1250,2026-01-27,SYS_153,AST_81F798ED,0.144998,0,0,60.0
INSP_026785ED,2026-01-27,SYS_154,AST_57C9CAF9,0.567285,0,0,60.0
INSP_B449BC77,2026-01-27,SYS_167,AST_F748322B,0.593952,0,0,60.0
INSP_22FD0B94,2026-01-27,SYS_173,AST_A1F77516,0.50112,0,0,60.0
INSP_371EC7FA,2026-01-27,SYS_195,AST_12138D44,0.233551,0,0,60.0
INSP_64169BC4,2026-01-28,SYS_015,AST_FCBE6B6B,0.422511,0,0,60.0
INSP_2AB53994,2026-01-28,SYS_020,AST_A3EFBD2F,0.792005,0,0,60.0
INSP_153477C8,2026-01-28,SYS_029,AST_B89570A7,0.369253,0,0,60.0
INSP_5D8104FB,2026-01-28,SYS_042,AST_B568244D,0.16151,0,0,60.0
INSP_4BD48B7B,2026-01-28,SYS_058,AST_04B347DD,0.304691,0,0,60.0
INSP_C8575D81,2026-01-28,SYS_068,AST_4F92952F,0.509578,0,0,60.0
INSP_65DC0892,2026-01-28,SYS_074,AST_49234723,0.295092,0,0,60.0
INSP_33154329,2026-01-28,SYS_095,AST_D05C72AA,0.300496,0,0,60.0
INSP_913C2130,2026-01-28,SYS_097,AST_FA2A9157,-0.1129,0,0,60.0
INSP_01D754C0,2026-01-28,SYS_098,AST_4C366085,0.092558,0,0,60.0
INSP_4B632555,2026-01-28,SYS_119,AST_AA994217,-0.070041,0,0,60.0
INSP_1CF8C30D,2026-01-28,SYS_126,AST_48D1B43A,0.584268,0,0,60.0
INSP_4ECDD478,2026-01-28,SYS_127,AST_4C7C3CF2,0.325762,0,0,60.0
INSP_5A075FA0,2026-01-28,SYS_131,AST_74CA1C60,0.069143,0,0,60.0
INSP_AFF16EB1,2026-01-28,SYS_133,AST_094FE12F,0.312193,0,0,60.0
INSP_23017724,2026-01-28,SYS_139,AST_4D31EFA7,0.226391,0,0,60.0
INSP_1E635417,2026-01-28,SYS_158,AST_B26D0E2F,0.373861,0,0,60.0
INSP_E11107F9,2026-01-28,SYS_165,AST_70A1C411,0.336506,0,0,60.0
INSP_5B4E976A,2026-01-28,SYS_170,AST_25E6ED38,-0.12658,0,0,60.0
INSP_49BBA11B,2026-01-28,SYS_180,AST_71909D6B,0.151228,0,0,60.0
INSP_2ED98935,2026-01-28,SYS_184,AST_3ABB844B,0.308755,0,0,60.0
INSP_75998381,2026-01-28,SYS_190,AST_5541B8F6,0.257315,0,0,60.0
INSP_E991D40B,2026-01-29,SYS_008,AST_DE413253,0.384462,0,0,60.0
INSP_BE3C5C5D,2026-01-29,SYS_046,AST_48F4C011,0.028268,0,0,60.0
INSP_50F0B99A,2026-01-29,SYS_047,AST_A130CD16,0.256514,0,0,60.0
INSP_E7F9BA0A,2026-01-29,SYS_069,AST_7178B12C,0.664117,0,0,60.0
INSP_D2FCFD91,2026-01-29,SYS_076,AST_7341D89D,0.556296,0,0,60.0
INSP_C741F09A,2026-01-29,SYS_100,AST_0C6FEB61,0.454377,0,0,60.0
INSP_40182B9D,2026-01-29,SYS_109,AST_7E185D2C,0.435947,0,0,60.0
INSP_3B333BDC,2026-01-29,SYS_114,AST_FD9500E2,0.206961,0,0,60.0
INSP_B41432CA,2026-01-29,SYS_123,AST_E3437519,0.300126,0,0,60.0
INSP_544D2B5E,2026-01-29,SYS_145,AST_8791D6B7,-0.091112,0,0,60.0
INSP_40D5D2D2,2026-01-29,SYS_162,AST_C5A039AE,0.497412,0,0,60.0
INSP_77733EF8,2026-01-29,SYS_164,AST_27DE4A7E,0.192699,0,0,60.0
INSP_E60CEA90,2026-01-29,SYS_168,AST_A96ADCE8,0.080909,0,0,60.0
INSP_485B4039,2026-01-29,SYS_169,AST_AB37D550,0.038367,0,0,60.0
INSP_5075B44A,2026-01-29,SYS_194,AST_084275E4,0.165722,0,0,60.0
INSP_74F0D7E1,2026-01-29,SYS_198,AST_DF0D8143,0.204556,0,0,60.0
INSP_382379B7,2026-01-30,SYS_000,AST_FBF330ED,0.299032,0,0,60.0
INSP_60057EB4,2026-01-30,SYS_038,AST_9CB3E137,0.481796,0,0,60.0
INSP_8D616C21,2026-01-30,SYS_039,AST_3272C4A1,0.309712,0,0,60.0
INSP_AC4C0161,2026-01-30,SYS_060,AST_59181FE3,0.399337,0,0,60.0
INSP_D1954783,2026-01-30,SYS_070,AST_61C41EF7,0.060198,0,0,60.0
INSP_1A1C4649,2026-01-30,SYS_081,AST_EE25DFDE,0.010514,0,0,60.0
INSP_ED820A8E,2026-01-30,SYS_111,AST_A82BE3A4,0.470984,0,0,60.0
INSP_4F6105C3,2026-01-30,SYS_113,AST_8F2D9FC8,0.144347,0,0,60.0
INSP_2BF82ED0,2026-01-30,SYS_120,AST_DB56604D,0.100855,0,0,60.0
INSP_5D328183,2026-01-30,SYS_121,AST_72112F1D,0.527007,0,0,60.0
INSP_2B8D6F5E,2026-01-30,SYS_144,AST_8BCB0C52,0.347825,0,0,60.0
INSP_8D9FAF11,2026-01-30,SYS_147,AST_5699EB97,0.212896,0,0,60.0
INSP_F03E91D7,2026-01-30,SYS_171,AST_F67C1587,0.334155,0,0,60.0
INSP_F34336E1,2026-01-30,SYS_174,AST_6871DD7F,0.19279,0,0,60.0
INSP_F8F1DAA2,2026-01-30,SYS_179,AST_CC0A99C0,0.485639,0,0,60.0
INSP_1EB222F4,2026-01-30,SYS_189,AST_D4BB04C1,0.250964,0,0,60.0
INSP_D454C3D7,2026-01-30,SYS_191,AST_73C28EA6,0.164028,0,0,60.0
INSP_71954ADD,2026-01-31,SYS_005,AST_7AB88884,0.147837,0,0,60.0
INSP_AFAF8D11,2026-01-31,SYS_006,AST_E249157B,0.237631,0,0,60.0
INSP_91E517A3,2026-01-31,SYS_014,AST_6AA5673F,0.302455,0,0,60.0
INSP_3E3C3949,2026-01-31,SYS_028,AST_BDF50FB3,0.210639,0,0,60.0
INSP_D9A2E2AC,2026-01-31,SYS_032,AST_C6611059,0.245701,0,0,60.0
INSP_6D329C22,2026-01-31,SYS_045,AST_2616CDB7,0.278129,0,0,60.0
INSP_4AF29E79,2026-01-31,SYS_092,AST_A1784173,0.330468,0,0,60.0
INSP_2331B5B1,2026-01-31,SYS_106,AST_8B35CEDB,0.162788,0,0,60.0
INSP_3E1FDBC5,2026-01-31,SYS_124,AST_4920985C,-0.140759,0,0,60.0
INSP_D898E6E8,2026-01-31,SYS_137,AST_177B020A,0.319913,0,0,60.0
INSP_B4D8A488,2026-01-31,SYS_150,AST_06186A8F,0.347729,0,0,60.0
INSP_5E3468CF,2026-01-31,SYS_185,AST_5CF1BB9F,0.305142,0,0,60.0
INSP_776D81B2,2026-01-31,SYS_199,AST_EB8F5C56,0.16986,0,0,60.0
INSP_D70102B0,2026-02-01,SYS_004,AST_E3BB09B0,-0.096116,0,0,60.0
INSP_8E6FB018,2026-02-01,SYS_011,AST_A0EE8581,0.269584,0,0,60.0
INSP_78A01CB8,2026-02-01,SYS_022,AST_618CB16A,0.151973,0,0,60.0
INSP_7DB38063,2026-02-01,SYS_026,AST_6DE321F1,0.318228,0,0,60.0
INSP_8A5E2627,2026-02-01,SYS_027,AST_E5156798,0.164038,0,0,60.0
INSP_EADF3589,2026-02-01,SYS_057,AST_82DF3FB7,0.178082,0,0,60.0
INSP_4372F4D7,2026-02-01,SYS_078,AST_DA59A67D,0.114263,0,0,60.0
INSP_D79D92C6,2026-02-01,SYS_079,AST_292CA011,0.244907,0,0,60.0
INSP_C78C525B,2026-02-01,SYS_087,AST_ED47E0D6,0.334402,0,0,60.0
INSP_B329DDF4,2026-02-01,SYS_125,AST_342AA1AB,0.27509,0,0,60.0
INSP_1F48633C,2026-02-01,SYS_143,AST_3D113987,-0.006549,0,0,60.0
INSP_54403FA4,2026-02-01,SYS_148,AST_9AE5584E,0.656174,0,0,60.0
INSP_497D7F42,2026-02-01,SYS_175,AST_462DBA21,0.127573,0,0,60.0
INSP_0462ECF7,2026-02-01,SYS_178,AST_11A478D1,0.034785,0,0,60.0
INSP_D3440DEC,2026-02-01,SYS_196,AST_C7FB1405,0.060413,0,0,60.0
INSP_A02A9B63,2026-02-02,SYS_003,AST_7683D3F8,0.151799,0,0,60.0
INSP_5261B2EF,2026-02-02,SYS_007,AST_D431CA27,0.333478,0,0,60.0
INSP_F71DA96B,2026-02-02,SYS_019,AST_A2659BA7,0.265067,0,0,60.0
INSP_C5A30EC4,2026-02-02,SYS_024,AST_B4F586D0,0.228253,0,0,60.0
INSP_590846AE,2026-02-02,SYS_036,AST_3E1B9AFC,0.35113,0,0,60.0
INSP_E630FF8B,2026-02-02,SYS_053,AST_42D22198,0.144749,0,0,60.0
INSP_E7B1FC9D,2026-02-02,SYS_062,AST_68867D96,0.541365,0,0,60.0
INSP_966294B1,2026-02-02,SYS_084,AST_B027A540,0.329353,0,0,60.0
INSP_00F766C7,2026-02-02,SYS_086,AST_AB8D2CF4,0.125982,0,0,60.0
INSP_D03E5021,2026-02-02,SYS_094,AST_0180B702,0.38011,0,0,60.0
INSP_7C0688A8,2026-02-02,SYS_096,AST_1893FE51,0.346961,0,0,60.0
INSP_9B2838C5,2026-02-02,SYS_099,AST_62D07545,0.644827,0,0,60.0
INSP_972E60C2,2026-02-02,SYS_103,AST_F686EF11,0.376053,0,0,60.0
INSP_17B45923,2026-02-02,SYS_108,AST_0DAD4E9F,0.01558,0,0,60.0
INSP_5266CC9E,2026-02-02,SYS_122,AST_494D1C55,0.325919,0,0,60.0
INSP_B1DBFA65,2026-02-02,SYS_132,AST_ADDB4DF6,0.486582,0,0,60.0
INSP_5EA5CA2F,2026-02-02,SYS_135,AST_E63EDF7E,0.448621,0,0,60.0
INSP_00176AF7,2026-02-02,SYS_181,AST_2FB8A717,0.137583,0,0,60.0
INSP_95BDAF19,2026-02-02,SYS_183,AST_18E697AB,-0.10542,0,0,60.0
INSP_263F47FF,2026-02-02,SYS_188,AST_DF83B274,0.198354,0,0,60.0
INSP_FCF73926,2026-02-03,SYS_002,AST_D9DC9CF1,0.215139,0,0,60.0
INSP_394D6AA8,2026-02-03,SYS_023,AST_76031ACF,-0.107632,0,0,60.0
INSP_738A92BF,2026-02-03,SYS_050,AST_DE5C366D,-0.069605,0,0,60.0
INSP_35A0255E,2026-02-03,SYS_051,AST_4FF55DAA,0.129814,0,0,60.0
INSP_C8889459,2026-02-03,SYS_052,AST_86C76A74,-0.018168,0,0,60.0
INSP_2F5C144B,2026-02-03,SYS_061,AST_D932504E,0.066816,0,0,60.0
INSP_67353358,2026-02-03,SYS_065,AST_0CD81E12,0.051817,0,0,60.0
INSP_8989AEC6,2026-02-03,SYS_067,AST_BAC857EE,0.3087,0,0,60.0
INSP_64452A28,2026-02-03,SYS_083,AST_2C32C40A,0.482583,0,0,60.0
INSP_C8A725B4,2026-02-03,SYS_089,AST_B690C7AF,0.0267,0,0,60.0
INSP_74918521,2026-02-03,SYS_091,AST_DD5120FE,0.421922,0,0,60.0
INSP_F9577180,2026-02-03,SYS_104,AST_8808D6E8,0.277814,0,0,60.0
INSP_1392E6B2,2026-02-03,SYS_155,AST_7B46A6AE,0.560161,0,0,60.0
INSP_E6F400CA,2026-02-03,SYS_157,AST_BD1B4917,0.195304,0,0,60.0
INSP_1740FB79,2026-02-03,SYS_160,AST_4B1F71B2,0.259781,0,0,60.0
INSP_E147517B,2026-02-03,SYS_177,AST_F85B3C92,0.062911,0,0,60.0
INSP_AE108BF7,2026-02-04,SYS_016,AST_B97C7FF3,0.511308,0,0,60.0
INSP_504216FB,2026-02-04,SYS_018,AST_1D5B34FE,0.152638,0,0,60.0
INSP_73BC5183,2026-02-04,SYS_034,AST_88E26ED8,0.36673,0,0,60.0
INSP_984F4542,2026-02-04,SYS_049,AST_0C241693,0.038566,0,0,60.0
INSP_C7E4DEDC,2026-02-04,SYS_054,AST_8E1BF026,0.027168,0,0,60.0
INSP_3C4EE05D,2026-02-04,SYS_066,AST_B679A4B2,0.284635,0,0,60.0
INSP_87E38F98,2026-02-04,SYS_071,AST_EF8BB3C3,0.256583,0,0,60.0
INSP_CC35F9E3,2026-02-04,SYS_107,AST_D7063165,0.407543,0,0,60.0
INSP_C9C805BA,2026-02-04,SYS_110,AST_53580258,0.482295,0,0,60.0
INSP_8D1EE4C1,2026-02-04,SYS_116,AST_18FFC5A2,-0.082532,0,0,60.0
INSP_18C9AF39,2026-02-04,SYS_136,AST_B39CFEE3,0.40544,0,0,60.0
INSP_D4542F56,2026-02-04,SYS_138,AST_7105B557,0.108923,0,0,60.0
INSP_4C9D7E0D,2026-02-04,SYS_142,AST_A3201156,0.319276,0,0,60.0
INSP_620D53AA,2026-02-04,SYS_149,AST_FADBB2A1,0.177492,0,0,60.0
INSP_0FA3EF59,2026-02-04,SYS_166,AST_1D67B7FE,0.10021,0,0,60.0
INSP_5596747A,2026-02-04,SYS_176,AST_57F8E642,0.003883,0,0,60.0
INSP_93BF5222,2026-02-05,SYS_001,AST_95CFC08A,0.604957,0,0,60.0
INSP_C1384217,2026-02-05,SYS_010,AST_8388ABDD,0.478345,0,0,60.0
INSP_25CD8906,2026-02-05,SYS_012,AST_3C042C86,0.342687,0,0,60.0
INSP_911CEED3,2026-02-05,SYS_013,AST_686CD570,0.144818,0,0,60.0
INSP_81B9D679,2026-02-05,SYS_031,AST_CC4CA361,0.089457,0,0,60.0
INSP_5807DF90,2026-02-05,SYS_043,AST_0156426D,0.300154,0,0,60.0
INSP_EABA3226,2026-02-05,SYS_044,AST_2CDF7154,0.117345,0,0,60.0
INSP_1EB45963,2026-02-05,SYS_063,AST_B04E572A,0.471051,0,0,60.0
INSP_F8F75E59,2026-02-05,SYS_082,AST_02FFD22C,0.155937,0,0,60.0
INSP_FDA191B4,2026-02-05,SYS_090,AST_8B00CCEE,0.405196,0,0,60.0
INSP_95AF1BCD,2026-02-05,SYS_102,AST_61540A62,0.081621,0,0,60.0
INSP_0EEED7C8,2026-02-05,SYS_118,AST_C035943D,0.286817,0,0,60.0
INSP_3BA43B6A,2026-02-05,SYS_141,AST_10736A6E,0.260595,0,0,60.0
INSP_89CBBB90,2026-02-05,SYS_156,AST_6680524D,0.052563,0,0,60.0
INSP_EB26F0C5,2026-02-05,SYS_186,AST_30EDF757,0.180585,0,0,60.0
INSP_ADDB29DB,2026-02-05,SYS_193,AST_82611055,0.387884,0,0,60.0
INSP_6234873C,2026-02-06,SYS_009,AST_182DCC61,0.267863,0,0,60.0
INSP_F0EB6DCC,2026-02-06,SYS_134,AST_6B03F47D,0.198972,0,0,60.0
INSP_99CD0ADE,2026-02-07,SYS_040,AST_A08ECEF8,0.530998,0,0,60.0
INSP_ED16B129,2026-02-07,SYS_130,AST_C4774B24,-0.091647,0,0,60.0
INSP_1396BD4A,2026-02-08,SYS_056,AST_ED887951,0.140684,0,0,60.0
INSP_2C095B6D,2026-02-08,SYS_080,AST_10D3B87D,-0.017113,0,0,60.0
INSP_3D76EA76,2026-02-08,SYS_192,AST_CE5080EB,0.438691,0,0,60.0
INSP_5474B3A1,2026-02-09,SYS_064,AST_C84FD08E,0.637125,0,0,60.0
INSP_A6D24059,2026-02-09,SYS_073,AST_5881252F,0.074434,0,0,60.0
INSP_CA14FA0F,2026-02-15,SYS_085,AST_362265C3,0.448979,0,0,60.0
INSP_ECB33B1C,2026-02-16,SYS_112,AST_5A1B7CBA,0.593262,0,0,60.0
INSP_88A97A65,2026-02-17,SYS_033,AST_79CDAF02,0.615542,0,0,60.0
INSP_CE0BEB5A,2026-02-17,SYS_129,AST_8A89E614,0.233303,0,0,60.0
INSP_F18A8D6C,2026-02-17,SYS_146,AST_7889DDC5,0.18251,0,0,60.0
INSP_7E524D89,2026-02-17,SYS_165,AST_70A1C411,0.107014,0,0,60.0
INSP_569466BE,2026-02-18,SYS_021,AST_D52B2838,0.234131,0,0,60.0
INSP_5C1BD5E4,2026-02-19,SYS_035,AST_D8A848C2,0.243097,0,0,60.0
INSP_F65CDAEC,2026-02-19,SYS_059,AST_C644E1B6,0.57742,0,0,60.0
INSP_A2841A03,2026-02-19,SYS_163,AST_F20B2AD2,-0.060166,0,0,60.0
INSP_3510E808,2026-02-20,SYS_048,AST_1D78C349,0.724126,0,0,60.0
INSP_A8BE0778,2026-02-20,SYS_154,AST_57C9CAF9,0.91916,0,0,60.0
INSP_FE5258D2,2026-02-21,SYS_133,AST_094FE12F,0.412222,0,0,60.0
INSP_971DF15C,2026-02-21,SYS_151,AST_3E883E68,0.721655,0,0,60.0
INSP_6E03ED36,2026-02-21,SYS_197,AST_7B53A622,0.500457,0,0,60.0
INSP_AAA6FDAA,2026-02-22,SYS_025,AST_6B5DB20C,0.521235,0,0,60.0
INSP_69126D3B,2026-02-22,SYS_070,AST_61C41EF7,0.321027,0,0,60.0
INSP_A39A6A0D,2026-02-22,SYS_072,AST_1CB1C3B7,0.692823,0,0,60.0
INSP_A09FAA50,2026-02-22,SYS_101,AST_8AEE8F28,0.220977,0,0,60.0
INSP_4237D877,2026-02-22,SYS_114,AST_FD9500E2,0.294782,0,0,60.0
INSP_2A6EFFA7,2026-02-22,SYS_152,AST_9A0D6DF2,0.096491,0,0,60.0
INSP_1D8529E7,2026-02-22,SYS_161,AST_4D0E4E8C,0.468722,0,0,60.0
INSP_9EDFE39E,2026-02-23,SYS_028,AST_BDF50FB3,0.516698,0,0,60.0
INSP_8C09AB5D,2026-02-23,SYS_069,AST_7178B12C,0.575655,0,0,60.0
INSP_65E566B4,2026-02-23,SYS_117,AST_99D49091,0.730135,0,0,60.0
INSP_214C94C5,2026-02-23,SYS_119,AST_AA994217,0.277721,0,0,60.0
INSP_CAE207F4,2026-02-23,SYS_122,AST_494D1C55,0.398025,0,0,60.0
INSP_8CEFC212,2026-02-23,SYS_128,AST_AE583E47,0.451037,0,0,60.0
INSP_AD0BE209,2026-02-23,SYS_139,AST_4D31EFA7,0.37654,0,0,60.0
INSP_CFFBE601,2026-02-23,SYS_147,AST_5699EB97,0.454994,0,0,60.0
INSP_C22BE779,2026-02-23,SYS_180,AST_71909D6B,0.551322,0,0,60.0
INSP_B8511B6B,2026-02-23,SYS_190,AST_5541B8F6,0.282507,0,0,60.0
INSP_649CD968,2026-02-23,SYS_198,AST_DF0D8143,0.280525,0,0,60.0
INSP_725C8170,2026-02-24,SYS_020,AST_A3EFBD2F,0.563432,0,0,60.0
INSP_1EC7C16B,2026-02-24,SYS_030,AST_3566E90D,0.326302,0,0,60.0
INSP_CA3B4DD4,2026-02-24,SYS_036,AST_3E1B9AFC,0.553076,0,0,60.0
INSP_F86E4912,2026-02-24,SYS_041,AST_1AAF5310,0.697744,0,0,60.0
INSP_44B87919,2026-02-24,SYS_055,AST_AFFB6DE6,0.455732,0,0,60.0
INSP_C4A6E0D4,2026-02-24,SYS_068,AST_4F92952F,0.102072,0,0,60.0
INSP_B3FEABEA,2026-02-24,SYS_100,AST_0C6FEB61,0.63116,0,0,60.0
INSP_21169DAC,2026-02-24,SYS_195,AST_12138D44,0.857348,0,0,60.0
INSP_645A9DE2,2026-02-25,SYS_016,AST_B97C7FF3,0.26335,0,0,60.0
INSP_2D6253F5,2026-02-25,SYS_093,AST_11D1C743,0.412335,0,0,60.0
INSP_C3D3DCE4,2026-02-25,SYS_095,AST_D05C72AA,0.223305,0,0,60.0
INSP_09DEAE79,2026-02-25,SYS_144,AST_8BCB0C52,0.65504,0,0,60.0
INSP_0059F130,2026-02-25,SYS_179,AST_CC0A99C0,0.355515,0,0,60.0
INSP_9D83DBE3,2026-02-26,SYS_034,AST_88E26ED8,0.337898,0,0,60.0
INSP_1243A7CC,2026-02-26,SYS_060,AST_59181FE3,0.716705,0,0,60.0
INSP_8DD49A0E,2026-02-26,SYS_077,AST_C8989699,0.606765,0,0,60.0
INSP_E270B55F,2026-02-26,SYS_087,AST_ED47E0D6,0.509327,0,0,60.0
INSP_447AEFC0,2026-02-26,SYS_094,AST_0180B702,0.584681,0,0,60.0
INSP_4DB942B1,2026-02-26,SYS_105,AST_3B928935,0.410478,0,0,60.0
INSP_B7F47AFA,2026-02-26,SYS_120,AST_DB56604D,0.269277,0,0,60.0
INSP_05E90CB1,2026-02-26,SYS_143,AST_3D113987,0.183784,0,0,60.0
INSP_D5785C8E,2026-02-26,SYS_168,AST_A96ADCE8,0.184906,0,0,60.0
INSP_CD012DE2,2026-02-26,SYS_187,AST_B5F2F180,0.062442,0,0,60.0
INSP_F7DE2AE9,2026-02-27,SYS_047,AST_A130CD16,0.570633,0,0,60.0
INSP_2B3AB90A,2026-02-27,SYS_053,AST_42D22198,0.120252,0,0,60.0
INSP_C3E57823,2026-02-27,SYS_075,AST_DEC87001,0.32763,0,0,60.0
INSP_D18387B4,2026-02-27,SYS_103,AST_F686EF11,0.566799,0,0,60.0
INSP_A47ABDE4,2026-02-27,SYS_124,AST_4920985C,0.489896,0,0,60.0
INSP_9410EA6D,2026-02-27,SYS_126,AST_48D1B43A,0.299944,0,0,60.0
INSP_A463C0D0,2026-02-27,SYS_127,AST_4C7C3CF2,0.462465,0,0,60.0
INSP_007B1942,2026-02-27,SYS_131,AST_74CA1C60,0.356168,0,0,60.0
INSP_4D97605F,2026-02-27,SYS_145,AST_8791D6B7,0.399807,0,0,60.0
INSP_A8448995,2026-02-27,SYS_158,AST_B26D0E2F,0.495638,0,0,60.0
INSP_8763104A,2026-02-27,SYS_164,AST_27DE4A7E,0.674764,0,0,60.0
INSP_0A683028,2026-02-28,SYS_000,AST_FBF330ED,0.6873,0,0,60.0
INSP_E1F602ED,2026-02-28,SYS_005,AST_7AB88884,0.330661,0,0,60.0
INSP_D214F1F9,2026-02-28,SYS_008,AST_DE413253,0.353022,0,0,60.0
INSP_1B1889BC,2026-02-28,SYS_023,AST_76031ACF,0.459708,0,0,60.0
INSP_26AFA909,2026-02-28,SYS_038,AST_9CB3E137,0.429085,0,0,60.0
INSP_2B9CF583,2026-02-28,SYS_045,AST_2616CDB7,0.594682,0,0,60.0
INSP_B341B40A,2026-02-28,SYS_054,AST_8E1BF026,0.301995,0,0,60.0
INSP_9E67EB25,2026-02-28,SYS_106,AST_8B35CEDB,0.489298,0,0,60.0
INSP_4CBEF182,2026-02-28,SYS_115,AST_641A4AAC,0.624214,0,0,60.0
INSP_6CC054D6,2026-02-28,SYS_153,AST_81F798ED,0.713841,0,0,60.0
INSP_74D5D394,2026-02-28,SYS_174,AST_6871DD7F,0.767486,0,0,60.0
INSP_A2E0E2F3,2026-02-28,SYS_185,AST_5CF1BB9F,0.368699,0,0,60.0
INSP_74CC04F1,2026-02-28,SYS_191,AST_73C28EA6,0.597561,0,0,60.0
INSP_80E7FFB5,2026-03-01,SYS_006,AST_E249157B,0.73122,0,0,60.0
INSP_969D2602,2026-03-01,SYS_007,AST_D431CA27,0.204348,0,0,60.0
INSP_321D66E9,2026-03-01,SYS_012,AST_3C042C86,0.682057,0,0,60.0
INSP_DA51F79D,2026-03-01,SYS_015,AST_FCBE6B6B,0.375255,0,0,60.0
INSP_72C97E02,2026-03-01,SYS_017,AST_A38EC274,0.38697,0,0,60.0
INSP_F11BD27F,2026-03-01,SYS_029,AST_B89570A7,0.64553,0,0,60.0
INSP_249CFC04,2026-03-01,SYS_039,AST_3272C4A1,0.694632,0,0,60.0
INSP_07FD7460,2026-03-01,SYS_042,AST_B568244D,0.840534,0,0,60.0
INSP_F987BA4E,2026-03-01,SYS_051,AST_4FF55DAA,0.111104,0,0,60.0
INSP_163C3946,2026-03-01,SYS_076,AST_7341D89D,0.721917,0,0,60.0
INSP_4DB5F63D,2026-03-01,SYS_108,AST_0DAD4E9F,0.842361,0,0,60.0
INSP_5DDC3948,2026-03-01,SYS_132,AST_ADDB4DF6,0.223114,0,0,60.0
INSP_3EA9E2A6,2026-03-01,SYS_159,AST_4F7B551A,0.454784,0,0,60.0
INSP_923B28CA,2026-03-01,SYS_166,AST_1D67B7FE,0.443952,0,0,60.0
INSP_0BC6BA88,2026-03-01,SYS_171,AST_F67C1587,0.240474,0,0,60.0
INSP_BE019FED,2026-03-01,SYS_172,AST_F6D5E9AD,0.436242,0,0,60.0
INSP_1347C834,2026-03-01,SYS_173,AST_A1F77516,0.986259,0,0,60.0
INSP_B79D3BBB,2026-03-02,SYS_002,AST_D9DC9CF1,0.395982,0,0,60.0
INSP_C003BC35,2026-03-02,SYS_032,AST_C6611059,-0.16198,0,0,60.0
INSP_E9540758,2026-03-02,SYS_037,AST_ABD0D48E,0.469272,0,0,60.0
INSP_4C641BAB,2026-03-02,SYS_046,AST_48F4C011,0.454292,0,0,60.0
INSP_D11238F1,2026-03-02,SYS_074,AST_49234723,0.508445,0,0,60.0
INSP_2E47FD48,2026-03-02,SYS_081,AST_EE25DFDE,0.551344,0,0,60.0
INSP_E6E2DBAB,2026-03-02,SYS_096,AST_1893FE51,0.463715,0,0,60.0
INSP_E6D91780,2026-03-02,SYS_104,AST_8808D6E8,0.506509,0,0,60.0
INSP_DA8A0A00,2026-03-02,SYS_123,AST_E3437519,0.437619,0,0,60.0
INSP_B882F33B,2026-03-02,SYS_150,AST_06186A8F,0.044898,0,0,60.0
INSP_90861BA8,2026-03-02,SYS_155,AST_7B46A6AE,0.670511,0,0,60.0
INSP_3E033C37,2026-03-02,SYS_162,AST_C5A039AE,0.514334,0,0,60.0
INSP_4B3BD5CF,2026-03-02,SYS_184,AST_3ABB844B,0.403604,0,0,60.0
INSP_2820B43C,2026-03-02,SYS_194,AST_084275E4,0.646776,0,0,60.0
INSP_92D4BAFF,2026-03-03,SYS_018,AST_1D5B34FE,0.337405,0,0,60.0
INSP_F1A22669,2026-03-03,SYS_027,AST_E5156798,0.524695,0,0,60.0
INSP_1B714745,2026-03-03,SYS_065,AST_0CD81E12,0.43692,0,0,60.0
INSP_B2B7244C,2026-03-03,SYS_084,AST_B027A540,0.486682,0,0,60.0
INSP_4778EB27,2026-03-03,SYS_088,AST_B43A3C96,0.403705,0,0,60.0
INSP_248FD675,2026-03-03,SYS_092,AST_A1784173,-0.133819,0,0,60.0
INSP_022DF451,2026-03-03,SYS_097,AST_FA2A9157,0.457034,0,0,60.0
INSP_97E97D6B,2026-03-03,SYS_098,AST_4C366085,0.431723,0,0,60.0
INSP_0B808CE8,2026-03-03,SYS_135,AST_E63EDF7E,0.702154,0,0,60.0
INSP_E298322D,2026-03-03,SYS_140,AST_0ABF27E8,0.525302,0,0,60.0
INSP_EC993092,2026-03-03,SYS_160,AST_4B1F71B2,0.538133,0,0,60.0
INSP_8935A368,2026-03-03,SYS_167,AST_F748322B,0.542285,0,0,60.0
INSP_DA15CEE2,2026-03-03,SYS_176,AST_57F8E642,0.748811,0,0,60.0
INSP_94FC7928,2026-03-04,SYS_019,AST_A2659BA7,0.905719,0,0,60.0
INSP_36982EEA,2026-03-04,SYS_107,AST_D7063165,0.692412,0,0,60.0
INSP_175691A4,2026-03-04,SYS_111,AST_A82BE3A4,0.824841,0,0,60.0
INSP_9843EA28,2026-03-04,SYS_113,AST_8F2D9FC8,0.203456,0,0,60.0
INSP_105E3CD7,2026-03-04,SYS_121,AST_72112F1D,0.030852,0,0,60.0
INSP_7738AC00,2026-03-04,SYS_169,AST_AB37D550,0.289667,0,0,60.0
INSP_46DD34E7,2026-03-04,SYS_175,AST_462DBA21,0.53534,0,0,60.0
INSP_A4DD74A2,2026-03-04,SYS_177,AST_F85B3C92,0.946134,0,0,60.0
INSP_97A0513D,2026-03-04,SYS_182,AST_C6BE83A4,0.511301,0,0,60.0
INSP_28BE8D00,2026-03-04,SYS_188,AST_DF83B274,0.502117,0,0,60.0
INSP_3A4B2214,2026-03-05,SYS_004,AST_E3BB09B0,0.418817,0,0,60.0
INSP_3F6D42A5,2026-03-05,SYS_058,AST_04B347DD,0.461298,0,0,60.0
INSP_A1E686A3,2026-03-05,SYS_063,AST_B04E572A,0.523576,0,0,60.0
INSP_AE1ED1BB,2026-03-05,SYS_073,AST_5881252F,0.248398,0,0,60.0
INSP_26FF0CC6,2026-03-05,SYS_125,AST_342AA1AB,0.562658,0,0,60.0
INSP_F9C63B0C,2026-03-05,SYS_136,AST_B39CFEE3,0.472161,0,0,60.0
INSP_BF458E93,2026-03-05,SYS_137,AST_177B020A,0.470372,0,0,60.0
INSP_38D318A3,2026-03-06,SYS_024,AST_B4F586D0,0.452206,0,0,60.0
INSP_0E0C3C96,2026-03-06,SYS_026,AST_6DE321F1,0.77557,0,0,60.0
INSP_D3329873,2026-03-06,SYS_043,AST_0156426D,0.317392,0,0,60.0
INSP_E1B256CE,2026-03-06,SYS_067,AST_BAC857EE,0.676815,0,0,60.0
INSP_9D3F9EEF,2026-03-06,SYS_080,AST_10D3B87D,-0.027581,0,0,60.0
INSP_848990D4,2026-03-06,SYS_082,AST_02FFD22C,0.153414,0,0,60.0
INSP_FC8CDAFB,2026-03-06,SYS_083,AST_2C32C40A,0.710463,0,0,60.0
INSP_1010116D,2026-03-06,SYS_102,AST_61540A62,0.72984,0,0,60.0
INSP_D113DA91,2026-03-06,SYS_148,AST_9AE5584E,0.210245,0,0,60.0
INSP_DDBFBB01,2026-03-06,SYS_156,AST_6680524D,0.443516,0,0,60.0
INSP_C1A011F2,2026-03-06,SYS_170,AST_25E6ED38,0.430333,0,0,60.0
INSP_4CF51C30,2026-03-06,SYS_181,AST_2FB8A717,0.496036,0,0,60.0
INSP_85F79698,2026-03-07,SYS_003,AST_7683D3F8,0.463054,0,0,60.0
INSP_93B3D467,2026-03-07,SYS_009,AST_182DCC61,0.496825,0,0,60.0
INSP_8BD52F86,2026-03-07,SYS_010,AST_8388ABDD,0.357943,0,0,60.0
INSP_6C2CFC0D,2026-03-07,SYS_011,AST_A0EE8581,0.267775,0,0,60.0
INSP_2F01F743,2026-03-07,SYS_078,AST_DA59A67D,0.831422,0,0,60.0
INSP_91B3E283,2026-03-07,SYS_086,AST_AB8D2CF4,0.54001,0,0,60.0
INSP_98DD8BCA,2026-03-07,SYS_089,AST_B690C7AF,0.361179,0,0,60.0
INSP_5C9FE19C,2026-03-07,SYS_116,AST_18FFC5A2,0.170157,0,0,60.0
INSP_1D5A0CD1,2026-03-07,SYS_134,AST_6B03F47D,0.634027,0,0,60.0
INSP_97D38D82,2026-03-07,SYS_193,AST_82611055,0.713257,0,0,60.0
INSP_F182CB27,2026-03-07,SYS_199,AST_EB8F5C56,0.423742,0,0,60.0
INSP_8FB1EFBC,2026-03-08,SYS_031,AST_CC4CA361,0.724576,0,0,60.0
INSP_64359A98,2026-03-08,SYS_040,AST_A08ECEF8,0.303548,0,0,60.0
INSP_D8DAB48D,2026-03-08,SYS_062,AST_68867D96,0.492508,0,0,60.0
INSP_EF815C12,2026-03-08,SYS_066,AST_B679A4B2,0.737442,0,0,60.0
INSP_34619C66,2026-03-08,SYS_079,AST_292CA011,0.301211,0,0,60.0
INSP_11A438CB,2026-03-08,SYS_090,AST_8B00CCEE,0.39921,0,0,60.0
INSP_C5C31D69,2026-03-08,SYS_091,AST_DD5120FE,0.732591,0,0,60.0
INSP_AAD556FD,2026-03-08,SYS_099,AST_62D07545,0.565232,0,0,60.0
INSP_F20E4529,2026-03-08,SYS_109,AST_7E185D2C,0.304434,0,0,60.0
INSP_1D01A9A6,2026-03-08,SYS_138,AST_7105B557,0.504437,0,0,60.0
INSP_EC8B06CD,2026-03-08,SYS_178,AST_11A478D1,0.839099,0,0,60.0
INSP_63D2056B,2026-03-08,SYS_186,AST_30EDF757,0.756781,0,0,60.0
INSP_5D4024CC,2026-03-09,SYS_001,AST_95CFC08A,0.006185,0,0,60.0
INSP_E7F85AE9,2026-03-09,SYS_014,AST_6AA5673F,0.576673,0,0,60.0
INSP_F2646702,2026-03-09,SYS_050,AST_DE5C366D,0.69967,0,0,60.0
INSP_3456C363,2026-03-09,SYS_141,AST_10736A6E,0.351869,0,0,60.0
INSP_618C00B4,2026-03-09,SYS_142,AST_A3201156,0.571024,0,0,60.0
INSP_C54DFEEB,2026-03-09,SYS_196,AST_C7FB1405,0.500783,0,0,60.0
INSP_13C232F4,2026-03-10,SYS_022,AST_768C497E,-0.03655,0,0,60.0
INSP_402ABF8F,2026-03-10,SYS_049,AST_0C241693,0.385364,0,0,60.0
INSP_66ADD477,2026-03-10,SYS_056,AST_ED887951,0.701019,0,0,60.0
INSP_FEC5CB82,2026-03-10,SYS_057,AST_82DF3FB7,0.714531,0,0,60.0
INSP_950C43A1,2026-03-10,SYS_071,AST_EF8BB3C3,0.615816,0,0,60.0
INSP_28197704,2026-03-10,SYS_149,AST_FADBB2A1,0.447233,0,0,60.0
INSP_A1901910,2026-03-11,SYS_044,AST_2CDF7154,0.373927,0,0,60.0
INSP_E1C67E2A,2026-03-11,SYS_118,AST_C035943D,0.749637,0,0,60.0
INSP_73816FAA,2026-03-11,SYS_183,AST_18E697AB,0.609137,0,0,60.0
INSP_5129B8F5,2026-03-11,SYS_189,AST_D4BB04C1,0.890297,0,0,60.0
INSP_05E5EAB2,2026-03-11,SYS_192,AST_CE5080EB,0.602633,0,0,60.0
INSP_FF445DA9,2026-03-12,SYS_013,AST_686CD570,0.627701,0,0,60.0
INSP_811289E0,2026-03-12,SYS_061,AST_D932504E,0.705846,0,0,60.0
INSP_5B50287E,2026-03-12,SYS_064,AST_C84FD08E,0.46138,0,0,60.0
INSP_8F738C94,2026-03-12,SYS_157,AST_BD1B4917,0.680802,0,0,60.0
INSP_6D67DE10,2026-03-13,SYS_112,AST_5A1B7CBA,0.696902,0,0,60.0
INSP_ACEBB139,2026-03-13,SYS_130,AST_C4774B24,0.506048,0,0,60.0
INSP_1D3681E4,2026-03-14,SYS_110,AST_53580258,1.061037,0,1,60.0
INSP_CC673423,2026-03-15,SYS_052,AST_DB95873A,0.252032,0,0,60.0
INSP_553D4030,2026-03-16,SYS_059,AST_C644E1B6,0.834666,0,0,60.0
INSP_923D08C0,2026-03-17,SYS_033,AST_79CDAF02,0.912503,0,0,60.0
INSP_5082813E,2026-03-17,SYS_035,AST_D8A848C2,0.504469,0,0,60.0
INSP_BCF19BB9,2026-03-18,SYS_163,AST_F20B2AD2,0.320284,0,0,60.0
INSP_FE76E0CD,2026-03-19,SYS_133,AST_094FE12F,0.680009,0,0,60.0
INSP_752AC5A6,2026-03-19,SYS_152,AST_9A0D6DF2,0.604429,0,0,60.0
INSP_84AD4527,2026-03-20,SYS_048,AST_1D78C349,0.713698,0,0,60.0
INSP_31BCD730,2026-03-20,SYS_075,AST_DEC87001,0.483885,0,0,60.0
INSP_1AC918A2,2026-03-20,SYS_085,AST_362265C3,0.325677,0,0,60.0
INSP_E2E23FD7,2026-03-21,SYS_021,AST_D52B2838,0.935176,0,0,60.0
INSP_10ECF4D5,2026-03-21,SYS_028,AST_BDF50FB3,0.679383,0,0,60.0
INSP_FC19971D,2026-03-21,SYS_154,AST_57C9CAF9,0.599179,0,0,60.0
INSP_B88D5E8F,2026-03-21,SYS_165,AST_70A1C411,0.157769,0,0,60.0
INSP_C3426AAE,2026-03-21,SYS_179,AST_CC0A99C0,0.691883,0,0,60.0
INSP_6727BF37,2026-03-22,SYS_045,AST_2616CDB7,0.614454,0,0,60.0
INSP_F68E2AF8,2026-03-22,SYS_055,AST_AFFB6DE6,0.435238,0,0,60.0
INSP_2B3863BC,2026-03-22,SYS_070,AST_61C41EF7,0.407197,0,0,60.0
INSP_232F2A2E,2026-03-22,SYS_095,AST_D05C72AA,0.416882,0,0,60.0
INSP_B8139E65,2026-03-22,SYS_129,AST_8A89E614,0.235531,0,0,60.0
INSP_D8A48C12,2026-03-22,SYS_180,AST_71909D6B,0.882169,0,0,60.0
INSP_68E9A3A5,2026-03-22,SYS_190,AST_5541B8F6,0.735978,0,0,60.0
INSP_DD25B3F1,2026-03-23,SYS_117,AST_99D49091,0.258138,0,0,60.0
INSP_9BC583F4,2026-03-23,SYS_122,AST_494D1C55,0.340236,0,0,60.0
INSP_924FC2EC,2026-03-23,SYS_139,AST_4D31EFA7,0.722231,0,0,60.0
INSP_3CFC39E5,2026-03-23,SYS_161,AST_4D0E4E8C,1.016042,0,1,60.0
INSP_DF39A593,2026-03-23,SYS_197,AST_7B53A622,0.788755,0,0,60.0
INSP_F9C7BDD7,2026-03-24,SYS_060,AST_59181FE3,0.491906,0,0,60.0
INSP_91BB5A82,2026-03-24,SYS_093,AST_11D1C743,0.843433,0,0,60.0
INSP_85DFA399,2026-03-24,SYS_115,AST_641A4AAC,0.056288,0,0,60.0
INSP_A16896CE,2026-03-24,SYS_185,AST_5CF1BB9F,0.592592,0,0,60.0
INSP_57D726C3,2026-03-25,SYS_020,AST_A3EFBD2F,0.520538,0,0,60.0
INSP_1063BF40,2026-03-25,SYS_072,AST_1CB1C3B7,0.356631,0,0,60.0
INSP_F8D2B05E,2026-03-25,SYS_143,AST_3D113987,0.713511,0,0,60.0
INSP_E31EB294,2026-03-25,SYS_164,AST_27DE4A7E,0.644336,0,0,60.0
INSP_578F257C,2026-03-25,SYS_168,AST_A96ADCE8,0.652338,0,0,60.0
INSP_4E38ABB8,2026-03-25,SYS_191,AST_73C28EA6,0.493279,0,0,60.0
INSP_D8D0C27E,2026-03-26,SYS_038,AST_9CB3E137,0.508529,0,0,60.0
INSP_F9F64074,2026-03-26,SYS_039,AST_3272C4A1,0.741275,0,0,60.0
INSP_E8AE05D6,2026-03-26,SYS_053,AST_42D22198,0.422422,0,0,60.0
INSP_E9DE7C00,2026-03-26,SYS_087,AST_ED47E0D6,0.526087,0,0,60.0
INSP_CD9286D4,2026-03-26,SYS_106,AST_8B35CEDB,0.777417,0,0,60.0
INSP_02308B68,2026-03-26,SYS_144,AST_8BCB0C52,0.402797,0,0,60.0
INSP_3DF341E1,2026-03-26,SYS_146,AST_7889DDC5,0.356015,0,0,60.0
INSP_AE8EDB56,2026-03-26,SYS_176,AST_57F8E642,0.686264,0,0,60.0
INSP_B656D1AC,2026-03-27,SYS_008,AST_DE413253,0.420446,0,0,60.0
INSP_B9750B76,2026-03-27,SYS_025,AST_6B5DB20C,0.834277,0,0,60.0
INSP_27E698B3,2026-03-27,SYS_036,AST_3E1B9AFC,0.846629,0,0,60.0
INSP_1F613741,2026-03-27,SYS_069,AST_7178B12C,0.389492,0,0,60.0
INSP_558343E5,2026-03-27,SYS_094,AST_0180B702,0.64422,0,0,60.0
INSP_6762ACFB,2026-03-27,SYS_101,AST_8AEE8F28,0.701404,0,0,60.0
INSP_6452FA4E,2026-03-27,SYS_120,AST_DB56604D,0.823873,0,0,60.0
INSP_37C5331D,2026-03-27,SYS_128,AST_AE583E47,0.718595,0,0,60.0
INSP_75ADB6B1,2026-03-27,SYS_158,AST_B26D0E2F,0.7483,0,0,60.0
INSP_D0970912,2026-03-27,SYS_167,AST_F748322B,0.797937,0,0,60.0
INSP_0D16BA42,2026-03-28,SYS_002,AST_D9DC9CF1,0.789943,0,0,60.0
INSP_862BE258,2026-03-28,SYS_004,AST_E3BB09B0,0.883282,0,0,60.0
INSP_16AE5B8A,2026-03-28,SYS_097,AST_FA2A9157,0.530528,0,0,60.0
INSP_190EB69F,2026-03-28,SYS_125,AST_342AA1AB,0.695061,0,0,60.0
INSP_1A808EE9,2026-03-28,SYS_151,AST_3E883E68,0.646598,0,0,60.0
INSP_AF61E4C5,2026-03-29,SYS_017,AST_A38EC274,0.445665,0,0,60.0
INSP_24196103,2026-03-29,SYS_019,AST_A2659BA7,0.357166,0,0,60.0
INSP_A461EFA4,2026-03-29,SYS_068,AST_4F92952F,0.79764,0,0,60.0
INSP_732334D4,2026-03-29,SYS_096,AST_1893FE51,0.280261,0,0,60.0
INSP_B599CFF1,2026-03-29,SYS_103,AST_F686EF11,0.375661,0,0,60.0
INSP_201C3391,2026-03-29,SYS_127,AST_4C7C3CF2,0.650262,0,0,60.0
INSP_D7E0172F,2026-03-29,SYS_131,AST_74CA1C60,0.85756,0,0,60.0
INSP_2A0CCA2C,2026-03-29,SYS_166,AST_1D67B7FE,0.67421,0,0,60.0
INSP_819154F2,2026-03-29,SYS_169,AST_AB37D550,0.967439,0,0,60.0
INSP_8A68A57B,2026-03-29,SYS_172,AST_F6D5E9AD,0.144293,0,0,60.0
INSP_50165042,2026-03-29,SYS_187,AST_B5F2F180,0.26951,0,0,60.0
INSP_0F747863,2026-03-30,SYS_047,AST_A130CD16,1.014832,0,1,60.0
INSP_3FEB3B3D,2026-03-30,SYS_065,AST_0CD81E12,0.26636,0,0,60.0
INSP_B5FF87E8,2026-03-30,SYS_098,AST_4C366085,0.480083,0,0,60.0
INSP_55BB24AE,2026-03-30,SYS_105,AST_3B928935,0.807684,0,0,60.0
INSP_01EC6CD7,2026-03-30,SYS_147,AST_5699EB97,0.814591,0,0,60.0
INSP_6D0441AB,2026-03-30,SYS_162,AST_C5A039AE,0.503269,0,0,60.0
INSP_FFB489BD,2026-03-30,SYS_195,AST_12138D44,0.809597,0,0,60.0
INSP_9028085E,2026-03-30,SYS_199,AST_EB8F5C56,0.638476,0,0,60.0
INSP_1E085883,2026-03-31,SYS_010,AST_8388ABDD,0.751433,0,0,60.0
INSP_D4F3006E,2026-03-31,SYS_015,AST_FCBE6B6B,0.680943,0,0,60.0
INSP_E2C7DBCF,2026-03-31,SYS_018,AST_1D5B34FE,0.759619,0,0,60.0
INSP_4810E720,2026-03-31,SYS_027,AST_E5156798,0.291633,0,0,60.0
INSP_6316C513,2026-03-31,SYS_032,AST_C6611059,0.210625,0,0,60.0
INSP_AC52BE73,2026-03-31,SYS_034,AST_88E26ED8,0.532412,0,0,60.0
INSP_A91107E2,2026-03-31,SYS_043,AST_0156426D,0.666054,0,0,60.0
INSP_4EC80786,2026-03-31,SYS_080,AST_10D3B87D,0.840522,0,0,60.0
INSP_E6FEFFDC,2026-03-31,SYS_081,AST_EE25DFDE,0.971037,0,0,60.0
INSP_907B7E2E,2026-03-31,SYS_084,AST_B027A540,0.71509,0,0,60.0
INSP_9B497890,2026-03-31,SYS_102,AST_61540A62,0.455984,0,0,60.0
INSP_3B7F3D72,2026-03-31,SYS_108,AST_0DAD4E9F,0.647146,0,0,60.0
INSP_0020A9B9,2026-03-31,SYS_114,AST_3173531C,0.199602,0,0,60.0
INSP_4B2C3670,2026-03-31,SYS_134,AST_6B03F47D,0.690075,0,0,60.0
INSP_EEE8FEE4,2026-03-31,SYS_155,AST_7B46A6AE,0.84525,0,0,60.0
INSP_D3679398,2026-03-31,SYS_198,AST_DF0D8143,0.835331,0,0,60.0
INSP_2FF7A947,2026-04-01,SYS_006,AST_E249157B,0.280146,0,0,60.0
INSP_EBEA77BB,2026-04-01,SYS_012,AST_3C042C86,0.751645,0,0,60.0
INSP_64CA27D7,2026-04-01,SYS_016,AST_B97C7FF3,0.705734,0,0,60.0
INSP_E8890469,2026-04-01,SYS_037,AST_ABD0D48E,0.962491,0,0,60.0
INSP_E9B4439C,2026-04-01,SYS_042,AST_B568244D,0.545312,0,0,60.0
INSP_DE92E601,2026-04-01,SYS_082,AST_02FFD22C,0.620011,0,0,60.0
INSP_1D0E73B7,2026-04-01,SYS_100,AST_0C6FEB61,0.626892,0,0,60.0
INSP_20FD6D8E,2026-04-01,SYS_170,AST_25E6ED38,0.743423,0,0,60.0
INSP_3547B3E7,2026-04-01,SYS_171,AST_F67C1587,0.760814,0,0,60.0
INSP_E195DE6D,2026-04-01,SYS_193,AST_82611055,0.491709,0,0,60.0
INSP_810A4D50,2026-04-01,SYS_196,AST_C7FB1405,0.649401,0,0,60.0
INSP_F12248B6,2026-04-02,SYS_009,AST_182DCC61,0.632706,0,0,60.0
INSP_BB12FF7D,2026-04-02,SYS_041,AST_1AAF5310,0.838275,0,0,60.0
INSP_A797C402,2026-04-02,SYS_051,AST_4FF55DAA,0.820474,0,0,60.0
INSP_02943A74,2026-04-02,SYS_054,AST_8E1BF026,0.911557,0,0,60.0
INSP_DC52A01E,2026-04-02,SYS_076,AST_7341D89D,0.448181,0,0,60.0
INSP_5595BD77,2026-04-02,SYS_086,AST_AB8D2CF4,0.9349,0,0,60.0
INSP_5559A0DE,2026-04-02,SYS_092,AST_A1784173,0.527509,0,0,60.0
INSP_457492D3,2026-04-02,SYS_107,AST_D7063165,0.926065,0,0,60.0
INSP_05C6440A,2026-04-02,SYS_137,AST_177B020A,0.270289,0,0,60.0
INSP_AF499449,2026-04-02,SYS_140,AST_0ABF27E8,0.702645,0,0,60.0
INSP_22885F0B,2026-04-02,SYS_145,AST_8791D6B7,0.502038,0,0,60.0
INSP_B026CC78,2026-04-02,SYS_159,AST_4F7B551A,0.806979,0,0,60.0
INSP_6F57E6B3,2026-04-03,SYS_005,AST_7AB88884,0.849548,0,0,60.0
INSP_A9D776DE,2026-04-03,SYS_023,AST_76031ACF,0.688361,0,0,60.0
INSP_44E2B454,2026-04-03,SYS_030,AST_3566E90D,0.521782,0,0,60.0
INSP_CE23368F,2026-04-03,SYS_058,AST_04B347DD,1.144531,0,1,60.0
INSP_7A15AE66,2026-04-03,SYS_074,AST_49234723,0.89375,0,0,60.0
INSP_86CB8DF1,2026-04-03,SYS_111,AST_A82BE3A4,0.60316,0,0,60.0
INSP_B90D95EA,2026-04-03,SYS_113,AST_8F2D9FC8,0.451466,0,0,60.0
INSP_466287F4,2026-04-03,SYS_119,AST_AA994217,0.652924,0,0,60.0
INSP_5DE7879A,2026-04-03,SYS_121,AST_72112F1D,0.579708,0,0,60.0
INSP_9CC443CA,2026-04-03,SYS_126,AST_48D1B43A,0.85133,0,0,60.0
INSP_C7D98805,2026-04-03,SYS_148,AST_9AE5584E,0.47437,0,0,60.0
INSP_504E156B,2026-04-03,SYS_177,AST_F85B3C92,1.07826,0,1,60.0
INSP_80E1A9B8,2026-04-04,SYS_000,AST_FBF330ED,0.727553,0,0,60.0
INSP_9A882ECB,2026-04-04,SYS_029,AST_B89570A7,0.750765,0,0,60.0
INSP_B913C3A7,2026-04-04,SYS_050,AST_DE5C366D,0.517249,0,0,60.0
INSP_A96B333D,2026-04-04,SYS_078,AST_DA59A67D,0.536703,0,0,60.0
INSP_F85FA0AD,2026-04-04,SYS_083,AST_2C32C40A,0.64088,0,0,60.0
INSP_181BEE1C,2026-04-04,SYS_118,AST_C035943D,0.570382,0,0,60.0
INSP_F92E945B,2026-04-04,SYS_153,AST_81F798ED,0.839022,0,0,60.0
INSP_EC45AA30,2026-04-04,SYS_173,AST_A1F77516,0.271518,0,0,60.0
INSP_CFF801CD,2026-04-04,SYS_174,AST_6871DD7F,0.402467,0,0,60.0
INSP_A93C93F7,2026-04-04,SYS_194,AST_084275E4,0.911811,0,0,60.0
INSP_D9D0852E,2026-04-05,SYS_007,AST_D431CA27,0.730615,0,0,60.0
INSP_2AB32033,2026-04-05,SYS_073,AST_5881252F,0.790367,0,0,60.0
INSP_43DD3218,2026-04-05,SYS_077,AST_C8989699,1.042762,0,1,60.0
INSP_AD50A7DF,2026-04-05,SYS_116,AST_18FFC5A2,0.748413,0,0,60.0
INSP_35AB544D,2026-04-05,SYS_124,AST_4920985C,0.881777,0,0,60.0
INSP_5DD8116F,2026-04-05,SYS_141,AST_10736A6E,0.801243,0,0,60.0
INSP_2063FABE,2026-04-05,SYS_149,AST_FADBB2A1,1.117131,0,1,60.0
INSP_F7D3A40B,2026-04-05,SYS_178,AST_11A478D1,1.009892,0,1,60.0
INSP_FF5E6551,2026-04-05,SYS_186,AST_30EDF757,0.609486,0,0,60.0
INSP_A4D4A2FF,2026-04-06,SYS_026,AST_6DE321F1,1.066585,0,1,60.0
INSP_7F221CD2,2026-04-06,SYS_040,AST_A08ECEF8,0.665687,0,0,60.0
INSP_F1CC04E6,2026-04-06,SYS_067,AST_BAC857EE,0.605825,0,0,60.0
INSP_68F595FA,2026-04-06,SYS_123,AST_E3437519,0.660353,0,0,60.0
INSP_6256C625,2026-04-06,SYS_132,AST_ADDB4DF6,0.915953,0,0,60.0
INSP_95B0615E,2026-04-06,SYS_142,AST_A3201156,0.535122,0,0,60.0
INSP_5C21D092,2026-04-06,SYS_175,AST_462DBA21,0.791338,0,0,60.0
INSP_99478AAF,2026-04-07,SYS_063,AST_B04E572A,0.932254,0,0,60.0
INSP_133566CA,2026-04-07,SYS_079,AST_292CA011,0.555351,0,0,60.0
INSP_E83B73B2,2026-04-07,SYS_090,AST_8B00CCEE,0.504295,0,0,60.0
INSP_28EF3AF3,2026-04-07,SYS_104,AST_8808D6E8,0.613708,0,0,60.0
INSP_A639461C,2026-04-07,SYS_188,AST_DF83B274,0.856931,0,0,60.0
INSP_EE9053F2,2026-04-07,SYS_189,AST_D4BB04C1,0.929831,0,0,60.0
INSP_2640F477,2026-04-08,SYS_089,AST_B690C7AF,1.07932,0,1,60.0
INSP_4B07E37E,2026-04-08,SYS_091,AST_DD5120FE,0.82558,0,0,60.0
INSP_207B5985,2026-04-08,SYS_135,AST_E63EDF7E,0.720272,0,0,60.0
INSP_03B59E0B,2026-04-08,SYS_156,AST_6680524D,1.015643,0,1,60.0
INSP_10378F11,2026-04-08,SYS_160,AST_4B1F71B2,0.693932,0,0,60.0
INSP_E65D9E15,2026-04-08,SYS_182,AST_C6BE83A4,1.019412,0,1,60.0
INSP_B3044FF3,2026-04-08,SYS_184,AST_3ABB844B,0.683071,0,0,60.0
INSP_AE52737E,2026-04-09,SYS_024,AST_B4F586D0,0.754647,0,0,60.0
INSP_D142F8A5,2026-04-09,SYS_046,AST_48F4C011,0.610084,0,0,60.0
INSP_E8D2CE7C,2026-04-09,SYS_057,AST_82DF3FB7,0.425849,0,0,60.0
INSP_7D259A8E,2026-04-09,SYS_066,AST_B679A4B2,0.855023,0,0,60.0
INSP_DE730727,2026-04-09,SYS_110,AST_53580258,0.145385,0,0,60.0
INSP_EB66001F,2026-04-09,SYS_138,AST_7105B557,0.843135,0,0,60.0
INSP_7C1B1CA1,2026-04-10,SYS_003,AST_7683D3F8,0.841164,0,0,60.0
INSP_6DD45C55,2026-04-10,SYS_044,AST_2CDF7154,0.060102,0,0,60.0
INSP_9CD9347D,2026-04-10,SYS_099,AST_62D07545,0.691476,0,0,60.0
INSP_90963E8A,2026-04-11,SYS_001,AST_95CFC08A,1.181636,0,1,60.0
INSP_0D4CB531,2026-04-11,SYS_062,AST_68867D96,0.748259,0,0,60.0
INSP_E7DB7619,2026-04-11,SYS_112,AST_5A1B7CBA,0.271927,0,0,60.0
INSP_2C59E112,2026-04-11,SYS_130,AST_C4774B24,1.003866,0,1,60.0
INSP_4B0D6BBD,2026-04-11,SYS_181,AST_2FB8A717,0.608678,0,0,60.0
INSP_C0DA8AEC,2026-04-12,SYS_011,AST_A0EE8581,0.976479,0,0,60.0
INSP_EC0E1D0C,2026-04-12,SYS_022,AST_768C497E,0.18,0,0,60.0
INSP_EBA9421C,2026-04-12,SYS_064,AST_C84FD08E,0.886797,0,0,60.0
INSP_677C0871,2026-04-12,SYS_088,AST_B43A3C96,0.854643,0,0,60.0
INSP_C3A947D4,2026-04-12,SYS_109,AST_7E185D2C,0.757245,0,0,60.0
INSP_F03D2C8D,2026-04-12,SYS_157,AST_BD1B4917,0.882894,0,0,60.0
INSP_65506FEF,2026-04-12,SYS_192,AST_CE5080EB,0.882766,0,0,60.0
INSP_B76F2137,2026-04-13,SYS_049,AST_0C241693,0.432911,0,0,60.0
INSP_D7CA3B62,2026-04-13,SYS_059,AST_C644E1B6,0.65207,0,0,60.0
INSP_20F727DB,2026-04-13,SYS_183,AST_18E697AB,0.985463,0,0,60.0
INSP_7D014C89,2026-04-14,SYS_013,AST_686CD570,0.537661,0,0,60.0
INSP_B3A65B32,2026-04-14,SYS_014,AST_6AA5673F,0.676586,0,0,60.0
INSP_F3976702,2026-04-14,SYS_071,AST_EF8BB3C3,1.337028,0,1,60.0
INSP_75EEDCD7,2026-04-14,SYS_075,AST_DEC87001,0.674707,0,0,60.0
INSP_49A38885,2026-04-14,SYS_150,AST_D40719C5,0.337011,0,0,60.0
INSP_D7CB2F67,2026-04-14,SYS_180,AST_71909D6B,1.237064,0,1,60.0
INSP_6BAA0F70,2026-04-15,SYS_031,AST_CC4CA361,1.264813,0,1,60.0
INSP_3226B33B,2026-04-15,SYS_033,AST_79CDAF02,0.860316,0,0,60.0
INSP_13420D04,2026-04-15,SYS_039,AST_3272C4A1,0.999817,0,0,60.0
INSP_82031E1C,2026-04-15,SYS_055,AST_AFFB6DE6,0.956641,0,0,60.0
INSP_25A136EC,2026-04-15,SYS_061,AST_D932504E,1.102696,0,1,60.0
INSP_08B07EC7,2026-04-15,SYS_139,AST_4D31EFA7,1.136417,0,1,60.0
INSP_E7B12B49,2026-04-15,SYS_152,AST_9A0D6DF2,0.445659,0,0,60.0
INSP_BF771B0E,2026-04-15,SYS_161,AST_4D0E4E8C,0.354924,0,0,60.0
INSP_C6E9A861,2026-04-16,SYS_133,AST_094FE12F,0.648571,0,0,60.0
INSP_C6C227B3,2026-04-17,SYS_125,AST_342AA1AB,0.781192,0,0,60.0
INSP_065EB4BD,2026-04-17,SYS_146,AST_7889DDC5,0.606352,0,0,60.0
INSP_864D3518,2026-04-17,SYS_163,AST_F20B2AD2,0.929224,0,0,60.0
INSP_F30B68F6,2026-04-18,SYS_045,AST_2616CDB7,1.034353,0,1,60.0
INSP_4D609FCE,2026-04-18,SYS_052,AST_DB95873A,0.549747,0,0,60.0
INSP_74C272DB,2026-04-18,SYS_158,AST_B26D0E2F,0.7108,1,0,60.0
INSP_4D4AF62F,2026-04-19,SYS_035,AST_D8A848C2,0.770364,0,0,60.0
INSP_7BA605B2,2026-04-19,SYS_167,AST_F748322B,0.880317,0,0,60.0
INSP_F0587B82,2026-04-19,SYS_179,AST_CC0A99C0,0.901895,0,0,60.0
INSP_44B9E55D,2026-04-20,SYS_010,AST_8388ABDD,0.844218,0,0,60.0
INSP_612101AC,2026-04-20,SYS_087,AST_ED47E0D6,0.869072,0,0,60.0
INSP_9B9B7697,2026-04-20,SYS_095,AST_D05C72AA,0.903898,0,0,60.0
INSP_A6D29E0A,2026-04-20,SYS_120,AST_DB56604D,0.955827,0,0,60.0
INSP_BC7D90F9,2026-04-20,SYS_197,AST_7B53A622,0.687358,0,0,60.0
INSP_0596F0FA,2026-04-21,SYS_038,AST_9CB3E137,0.951629,0,0,60.0
INSP_430675ED,2026-04-21,SYS_048,AST_1D78C349,0.632507,0,0,60.0
INSP_5D453E01,2026-04-21,SYS_115,AST_641A4AAC,0.70135,0,0,60.0
INSP_B498161F,2026-04-21,SYS_164,AST_27DE4A7E,0.973628,0,0,60.0
INSP_D79B8A32,2026-04-21,SYS_168,AST_A96ADCE8,0.953822,0,0,60.0
INSP_C4C7E76B,2026-04-22,SYS_069,AST_7178B12C,1.266064,0,1,60.0
INSP_274B8022,2026-04-23,SYS_017,AST_A38EC274,0.765436,0,0,60.0
INSP_0F0C8162,2026-04-23,SYS_023,AST_76031ACF,0.714476,0,0,60.0
INSP_364A8E2A,2026-04-23,SYS_054,AST_8E1BF026,1.308183,0,1,60.0
INSP_DAA55109,2026-04-23,SYS_106,AST_8B35CEDB,0.651366,0,0,60.0
INSP_6BB6B332,2026-04-23,SYS_165,AST_70A1C411,0.744926,0,0,60.0
INSP_4CA616D2,2026-04-23,SYS_176,AST_57F8E642,0.83022,0,0,60.0
INSP_71D2C773,2026-04-23,SYS_185,AST_5CF1BB9F,0.936451,0,0,60.0
INSP_826E6E17,2026-04-24,SYS_015,AST_FCBE6B6B,0.895275,0,0,60.0
INSP_95277E2F,2026-04-24,SYS_020,AST_A3EFBD2F,0.903754,0,0,60.0
INSP_192BB52F,2026-04-24,SYS_021,AST_D52B2838,0.812644,0,0,60.0
INSP_9BB7FCBD,2026-04-24,SYS_028,AST_BDF50FB3,0.906848,0,0,60.0
INSP_743A2F03,2026-04-24,SYS_042,AST_B568244D,0.986351,0,0,60.0
INSP_28CD5D90,2026-04-24,SYS_053,AST_42D22198,1.027028,0,1,60.0
INSP_089E74DC,2026-04-24,SYS_094,AST_0180B702,0.748857,0,0,60.0
INSP_C9F9532F,2026-04-24,SYS_105,AST_3B928935,1.161422,0,1,60.0
INSP_86348F00,2026-04-24,SYS_129,AST_8A89E614,0.576007,0,0,60.0
INSP_6544D77B,2026-04-24,SYS_154,AST_57C9CAF9,1.240278,1,1,60.0
INSP_7F97AC63,2026-04-24,SYS_191,AST_73C28EA6,1.32704,0,1,60.0
INSP_9B93CF5E,2026-04-24,SYS_196,AST_C7FB1405,0.79409,0,0,60.0
INSP_1E4C666A,2026-04-25,SYS_036,AST_3E1B9AFC,1.049232,0,1,60.0
INSP_7848CDC5,2026-04-25,SYS_093,AST_11D1C743,1.093022,0,1,60.0
INSP_CF67310D,2026-04-25,SYS_103,AST_F686EF11,0.909794,0,0,60.0
INSP_A8575A2D,2026-04-25,SYS_174,AST_6871DD7F,0.865161,0,0,60.0
INSP_AEC627ED,2026-04-25,SYS_193,AST_82611055,1.192183,0,1,60.0
INSP_2B0E7FC6,2026-04-26,SYS_004,AST_E3BB09B0,0.834273,0,0,60.0
INSP_FA5D514F,2026-04-26,SYS_019,AST_A2659BA7,1.159814,0,1,60.0
INSP_4877F28B,2026-04-26,SYS_070,AST_61C41EF7,1.292212,0,1,60.0
INSP_8B5B3281,2026-04-26,SYS_101,AST_8AEE8F28,0.617888,0,0,60.0
INSP_68F56349,2026-04-26,SYS_143,AST_3D113987,0.552027,0,0,60.0
INSP_B19EE36F,2026-04-26,SYS_144,AST_8BCB0C52,0.74696,0,0,60.0
INSP_B9C2250B,2026-04-26,SYS_151,AST_3E883E68,1.001662,0,1,60.0
INSP_90523C48,2026-04-26,SYS_190,AST_5541B8F6,0.652288,0,0,60.0
INSP_D46B02BE,2026-04-27,SYS_032,AST_C6611059,1.019724,0,1,60.0
INSP_DFAA8BAB,2026-04-27,SYS_072,AST_1CB1C3B7,0.580698,0,0,60.0
INSP_3EB3CA5B,2026-04-27,SYS_085,AST_362265C3,0.735647,0,0,60.0
INSP_4C1F662D,2026-04-27,SYS_096,AST_1893FE51,0.755698,0,0,60.0
INSP_75339A14,2026-04-27,SYS_114,AST_3173531C,0.696381,0,0,60.0
INSP_2F94A72F,2026-04-27,SYS_117,AST_99D49091,0.882812,0,0,60.0
INSP_076697B9,2026-04-27,SYS_131,AST_74CA1C60,0.676993,0,0,60.0
INSP_A3767E83,2026-04-27,SYS_136,AST_3B5725A1,0.253354,0,0,60.0
INSP_3B1D03BE,2026-04-27,SYS_170,AST_25E6ED38,0.739242,0,0,60.0
INSP_BB7B4443,2026-04-28,SYS_007,AST_D431CA27,1.013912,0,1,60.0
INSP_1E0F8F4F,2026-04-28,SYS_008,AST_DE413253,0.629914,0,0,60.0
INSP_A6A39B2B,2026-04-28,SYS_026,AST_6DE321F1,0.657155,0,0,60.0
INSP_8B0A449F,2026-04-28,SYS_027,AST_E5156798,1.362605,1,1,60.0
INSP_CCAF339A,2026-04-28,SYS_086,AST_AB8D2CF4,1.104956,0,1,60.0
INSP_BBA3770A,2026-04-28,SYS_102,AST_61540A62,0.860135,0,0,60.0
INSP_FD79BA1E,2026-04-28,SYS_121,AST_72112F1D,0.821286,1,0,60.0
INSP_D49F637D,2026-04-28,SYS_147,AST_5699EB97,0.742188,0,0,60.0
INSP_11FE6DE2,2026-04-28,SYS_155,AST_7B46A6AE,0.827325,0,0,60.0
INSP_CC75D4CD,2026-04-28,SYS_166,AST_1D67B7FE,0.710952,0,0,60.0
INSP_CA955C0C,2026-04-28,SYS_171,AST_F67C1587,0.858455,0,0,60.0
INSP_598D9734,2026-04-29,SYS_018,AST_1D5B34FE,0.31509,0,0,60.0
INSP_DBAEE9DE,2026-04-29,SYS_041,AST_1AAF5310,0.610091,0,0,60.0
INSP_51939C9F,2026-04-29,SYS_078,AST_DA59A67D,0.831996,0,0,60.0
INSP_9C25FD0A,2026-04-29,SYS_083,AST_2C32C40A,0.773142,0,0,60.0
INSP_FF74CD5A,2026-04-29,SYS_108,AST_0DAD4E9F,0.96177,0,0,60.0
INSP_9B6C6E19,2026-04-29,SYS_137,AST_177B020A,0.596283,1,0,60.0
INSP_F098C369,2026-04-29,SYS_172,AST_F6D5E9AD,0.860769,0,0,60.0
INSP_D31FEC73,2026-04-29,SYS_186,AST_30EDF757,1.188591,1,1,60.0
INSP_310F1904,2026-04-29,SYS_199,AST_EB8F5C56,0.510922,0,0,60.0
INSP_5AD27C2D,2026-04-30,SYS_016,AST_B97C7FF3,1.160006,0,1,60.0
INSP_5246BAE4,2026-04-30,SYS_029,AST_B89570A7,1.486188,0,1,60.0
INSP_E221A702,2026-04-30,SYS_034,AST_88E26ED8,0.972812,0,0,60.0
INSP_9DB3CC58,2026-04-30,SYS_047,AST_A130CD16,0.379587,0,0,60.0
INSP_2A29C7AA,2026-04-30,SYS_080,AST_10D3B87D,0.880103,0,0,60.0
INSP_AA3F2CB9,2026-04-30,SYS_097,AST_FA2A9157,1.005957,0,1,60.0
INSP_772AF40E,2026-04-30,SYS_100,AST_0C6FEB61,0.646877,0,0,60.0
INSP_30ABCF79,2026-04-30,SYS_122,AST_494D1C55,0.871006,0,0,60.0
INSP_711030A0,2026-04-30,SYS_145,AST_8791D6B7,0.875835,0,0,60.0
INSP_AEB4340C,2026-04-30,SYS_169,AST_AB37D550,0.938748,0,0,60.0
INSP_5E1657D1,2026-04-30,SYS_198,AST_DF0D8143,1.069599,0,1,60.0
INSP_1A0F7244,2026-05-01,SYS_043,AST_0156426D,0.936659,0,0,60.0
INSP_2EF6A851,2026-05-01,SYS_081,AST_EE25DFDE,1.032083,0,1,60.0
INSP_262F824C,2026-05-01,SYS_084,AST_B027A540,0.7012,0,0,60.0
INSP_DD1CC517,2026-05-01,SYS_118,AST_C035943D,1.031835,1,1,60.0
INSP_58D6B039,2026-05-01,SYS_123,AST_E3437519,0.863331,0,0,60.0
INSP_50BE8CA3,2026-05-01,SYS_127,AST_4C7C3CF2,1.003243,0,1,60.0
INSP_82E47D97,2026-05-01,SYS_189,AST_D4BB04C1,1.170848,1,1,60.0
INSP_3B98CD19,2026-05-02,SYS_006,AST_E249157B,0.807786,0,0,60.0
INSP_3001C826,2026-05-02,SYS_025,AST_6B5DB20C,1.246111,0,1,60.0
INSP_905D11DC,2026-05-02,SYS_056,AST_3C038375,0.492365,0,0,60.0
INSP_4209A1FA,2026-05-02,SYS_074,AST_49234723,0.912455,1,0,60.0
INSP_23DE7431,2026-05-02,SYS_076,AST_7341D89D,1.045262,0,1,60.0
INSP_BA0F59F3,2026-05-02,SYS_092,AST_A1784173,1.248342,0,1,60.0
INSP_29FC38F9,2026-05-02,SYS_128,AST_AE583E47,1.149291,1,1,60.0
INSP_174397D3,2026-05-02,SYS_134,AST_6B03F47D,0.690144,0,0,60.0
INSP_6D1C0E7C,2026-05-02,SYS_162,AST_C5A039AE,0.963901,0,0,60.0
INSP_82759166,2026-05-03,SYS_002,AST_D9DC9CF1,0.791602,0,0,60.0
INSP_EA0C6398,2026-05-03,SYS_030,AST_3566E90D,0.933433,0,0,60.0
INSP_E044027B,2026-05-03,SYS_037,AST_ABD0D48E,1.060861,0,1,60.0
INSP_2EBBC939,2026-05-03,SYS_065,AST_0CD81E12,1.011875,0,1,60.0
INSP_4F398771,2026-05-03,SYS_073,AST_5881252F,1.126615,1,1,60.0
INSP_155564CE,2026-05-03,SYS_098,AST_4C366085,0.944347,0,0,60.0
INSP_DAA96626,2026-05-03,SYS_124,AST_4920985C,1.151078,1,1,60.0
INSP_3C7A5701,2026-05-03,SYS_159,AST_4F7B551A,1.125659,0,1,60.0
INSP_373591D6,2026-05-03,SYS_187,AST_B5F2F180,0.818665,0,0,60.0
INSP_00351282,2026-05-03,SYS_188,AST_DF83B274,0.609809,0,0,60.0
INSP_525C00B9,2026-05-03,SYS_195,AST_12138D44,0.775711,0,0,60.0
INSP_17E9C85C,2026-05-04,SYS_005,AST_7AB88884,1.1884,0,1,60.0
INSP_076D3DC5,2026-05-04,SYS_067,AST_BAC857EE,0.711623,1,0,60.0
INSP_AFBA3431,2026-05-04,SYS_119,AST_AA994217,0.882612,0,0,60.0
INSP_1250C299,2026-05-04,SYS_148,AST_9AE5584E,0.569798,0,0,60.0
INSP_E0A51C1C,2026-05-04,SYS_175,AST_462DBA21,0.967115,1,0,60.0
INSP_D21F6F8D,2026-05-05,SYS_012,AST_3C042C86,1.115384,0,1,60.0
INSP_BECD2013,2026-05-05,SYS_049,AST_0C241693,0.838529,0,0,60.0
INSP_7DFDB0CF,2026-05-05,SYS_066,AST_B679A4B2,1.102301,1,1,60.0
INSP_DEA534B9,2026-05-05,SYS_068,AST_4F92952F,0.933734,0,0,60.0
INSP_2226A1ED,2026-05-05,SYS_113,AST_8F2D9FC8,0.687141,0,0,60.0
INSP_6C301377,2026-05-05,SYS_126,AST_48D1B43A,1.332345,1,1,60.0
INSP_C10A755B,2026-05-05,SYS_138,AST_7105B557,0.81515,1,0,60.0
INSP_B54C6985,2026-05-05,SYS_140,AST_0ABF27E8,0.870051,1,0,60.0
INSP_2466DD11,2026-05-05,SYS_149,AST_FADBB2A1,0.551535,0,0,60.0
INSP_96820392,2026-05-06,SYS_040,AST_A08ECEF8,1.12718,1,1,60.0
INSP_6536BD8E,2026-05-06,SYS_077,AST_C8989699,0.244015,0,0,60.0
INSP_FDB2AA8C,2026-05-06,SYS_107,AST_D7063165,0.690819,0,0,60.0
INSP_3D1F6DA8,2026-05-06,SYS_111,AST_A82BE3A4,1.023018,1,1,60.0
INSP_DD76E76E,2026-05-06,SYS_116,AST_18FFC5A2,1.113278,1,1,60.0
INSP_8FC15E75,2026-05-06,SYS_153,AST_81F798ED,1.177157,0,1,60.0
INSP_70C073BD,2026-05-06,SYS_160,AST_4B1F71B2,0.590196,0,0,60.0
INSP_8FF6BE6A,2026-05-06,SYS_178,AST_11A478D1,0.378521,0,0,60.0
INSP_F57B8894,2026-05-07,SYS_000,AST_FBF330ED,1.001827,0,1,60.0
INSP_99BFFE1F,2026-05-07,SYS_009,AST_182DCC61,1.2512,1,1,60.0
INSP_5A77B0E9,2026-05-07,SYS_057,AST_82DF3FB7,1.153538,0,1,60.0
INSP_D105D84E,2026-05-07,SYS_058,AST_04B347DD,0.38687,0,0,60.0
INSP_E8D7BB28,2026-05-07,SYS_089,AST_B690C7AF,0.628306,0,0,60.0
INSP_B25571BE,2026-05-07,SYS_104,AST_8808D6E8,1.021989,0,1,60.0
INSP_775C1709,2026-05-07,SYS_112,AST_5A1B7CBA,1.109163,0,1,60.0
INSP_A628B56C,2026-05-07,SYS_132,AST_ADDB4DF6,1.351591,1,1,60.0
INSP_8AA02AAE,2026-05-07,SYS_177,AST_F85B3C92,0.728147,0,0,60.0
INSP_C20C2ECB,2026-05-08,SYS_001,AST_95CFC08A,0.264787,0,0,60.0
INSP_2A3C9C76,2026-05-08,SYS_022,AST_768C497E,0.318625,0,0,60.0
INSP_F3A76ED8,2026-05-08,SYS_051,AST_4FF55DAA,1.258603,1,1,60.0
INSP_A662C0AF,2026-05-08,SYS_091,AST_DD5120FE,1.42307,1,1,60.0
INSP_42A5C5E4,2026-05-08,SYS_142,AST_A3201156,0.726016,1,0,60.0
INSP_ADC783FC,2026-05-08,SYS_156,AST_6680524D,0.600608,0,0,60.0
INSP_2BF965CD,2026-05-08,SYS_161,AST_4D0E4E8C,0.628664,0,0,60.0
INSP_E011EE0A,2026-05-08,SYS_184,AST_3ABB844B,0.860305,1,0,60.0
INSP_C10ADC0F,2026-05-09,SYS_024,AST_B4F586D0,0.97277,1,0,60.0
INSP_310DD29E,2026-05-09,SYS_079,AST_292CA011,0.74557,1,0,60.0
INSP_4A74F4C4,2026-05-09,SYS_082,AST_02FFD22C,1.151283,1,1,60.0
INSP_0BD66A1E,2026-05-09,SYS_130,AST_C4774B24,0.545545,0,0,60.0
INSP_CA8290B7,2026-05-09,SYS_141,AST_10736A6E,1.170895,1,1,60.0
INSP_4D1C688B,2026-05-10,SYS_003,AST_7683D3F8,1.429834,1,1,60.0
INSP_82BDA5D2,2026-05-10,SYS_033,AST_79CDAF02,0.755663,1,0,60.0
INSP_C209E654,2026-05-10,SYS_059,AST_C644E1B6,0.949547,1,0,60.0
INSP_B29D6994,2026-05-10,SYS_110,AST_53580258,0.569638,0,0,60.0
INSP_92D3DABA,2026-05-10,SYS_157,AST_BD1B4917,1.001115,0,1,60.0
INSP_8292876A,2026-05-10,SYS_181,AST_2FB8A717,0.934451,0,0,60.0
INSP_CE22CD50,2026-05-10,SYS_182,AST_C6BE83A4,0.813456,0,0,60.0
INSP_379A910D,2026-05-11,SYS_014,AST_6AA5673F,0.541336,0,0,60.0
INSP_DFB6D7EF,2026-05-11,SYS_046,AST_48F4C011,0.692179,0,0,60.0
INSP_713BE4BB,2026-05-11,SYS_063,AST_B04E572A,0.823433,0,0,60.0
INSP_7F605703,2026-05-11,SYS_064,AST_C84FD08E,1.191891,1,1,60.0
INSP_B205DA27,2026-05-11,SYS_173,AST_A1F77516,1.007939,1,1,60.0
INSP_8152A0E0,2026-05-11,SYS_183,AST_18E697AB,0.923348,0,0,60.0
INSP_6E5FAF97,2026-05-11,SYS_194,AST_084275E4,0.679059,1,0,60.0
INSP_7DA1950F,2026-05-12,SYS_011,AST_A0EE8581,0.890817,0,0,60.0
INSP_87979740,2026-05-12,SYS_050,AST_DE5C366D,1.01932,1,1,60.0
INSP_15B140A9,2026-05-12,SYS_062,AST_68867D96,1.187631,0,1,60.0
INSP_BCD3D0E0,2026-05-12,SYS_133,AST_094FE12F,0.764952,1,0,60.0
INSP_4FCDFB3F,2026-05-12,SYS_146,AST_7889DDC5,0.879448,0,0,60.0
INSP_C149DC96,2026-05-13,SYS_044,AST_2CDF7154,1.040318,0,1,60.0
INSP_590BEBE5,2026-05-13,SYS_052,AST_DB95873A,0.851303,0,0,60.0
INSP_1385567A,2026-05-13,SYS_055,AST_AFFB6DE6,1.142168,1,1,60.0
INSP_90AB8D5D,2026-05-13,SYS_109,AST_7E185D2C,0.73953,1,0,60.0
INSP_AA798587,2026-05-13,SYS_180,AST_71909D6B,0.512808,0,0,60.0
INSP_71172D71,2026-05-14,SYS_125,AST_342AA1AB,1.379533,1,1,60.0
INSP_E059E99C,2026-05-14,SYS_139,AST_4D31EFA7,0.875341,0,0,60.0
INSP_4F6B453D,2026-05-14,SYS_196,AST_C7FB1405,1.066348,1,1,60.0
INSP_1EE3A950,2026-05-15,SYS_035,AST_D8A848C2,1.496903,1,1,60.0
INSP_055A4ADF,2026-05-15,SYS_042,AST_B568244D,1.328433,1,1,60.0
INSP_EC5C636C,2026-05-15,SYS_071,AST_EF8BB3C3,0.393174,0,0,60.0
INSP_763C02ED,2026-05-15,SYS_094,AST_0180B702,0.921715,1,0,60.0
INSP_EF8D98A6,2026-05-16,SYS_010,AST_8388ABDD,0.966863,1,0,60.0
INSP_D8BAF43A,2026-05-16,SYS_039,AST_3272C4A1,0.822359,1,0,60.0
INSP_D875A96A,2026-05-16,SYS_088,AST_B43A3C96,1.076663,1,1,60.0
INSP_72DDA7C7,2026-05-16,SYS_115,AST_641A4AAC,1.015768,1,1,60.0
INSP_EFD1E1AC,2026-05-16,SYS_135,AST_E63EDF7E,1.316949,1,1,60.0
INSP_89AAE9BD,2026-05-16,SYS_164,AST_27DE4A7E,0.845251,1,0,60.0
INSP_291C1EAB,2026-05-17,SYS_013,AST_686CD570,0.997337,1,0,60.0
INSP_769AD57F,2026-05-17,SYS_015,AST_FCBE6B6B,1.659545,1,1,60.0
INSP_88AAC63F,2026-05-17,SYS_038,AST_9CB3E137,0.947481,1,0,60.0
INSP_563BC225,2026-05-17,SYS_075,AST_DEC87001,1.01241,1,1,60.0
INSP_81C94D1C,2026-05-17,SYS_120,AST_DB56604D,1.460418,1,1,60.0
INSP_C991D079,2026-05-17,SYS_131,AST_74CA1C60,1.045719,1,1,60.0
INSP_82EFA845,2026-05-17,SYS_192,AST_CE5080EB,0.85225,1,0,60.0
INSP_7892E9CB,2026-05-18,SYS_023,AST_76031ACF,1.177255,1,1,60.0
INSP_C6FCF47A,2026-05-18,SYS_152,AST_9A0D6DF2,0.986106,0,0,60.0
INSP_085BA67A,2026-05-18,SYS_185,AST_5CF1BB9F,1.227455,1,1,60.0
INSP_15B2716D,2026-05-19,SYS_031,AST_CC4CA361,-0.07105,0,0,60.0
INSP_4F6417A9,2026-05-19,SYS_070,AST_61C41EF7,0.439255,0,0,60.0
INSP_0C949E88,2026-05-19,SYS_087,AST_ED47E0D6,0.82924,1,0,60.0
INSP_58DCB801,2026-05-19,SYS_101,AST_8AEE8F28,1.036966,1,1,60.0
INSP_4C5E8855,2026-05-19,SYS_179,AST_CC0A99C0,1.127415,1,1,60.0
INSP_8910F010,2026-05-20,SYS_017,AST_A38EC274,0.73327,1,0,60.0
INSP_6A00BC29,2026-05-20,SYS_027,AST_E5156798,0.719572,0,0,60.0
INSP_C55341A9,2026-05-20,SYS_048,AST_1D78C349,1.204116,1,1,60.0
INSP_288DFF4A,2026-05-20,SYS_054,AST_8E1BF026,0.504675,0,0,60.0
INSP_6E426692,2026-05-20,SYS_061,AST_D932504E,0.5016,0,0,60.0
INSP_A796E8E2,2026-05-20,SYS_136,AST_3B5725A1,0.311333,0,0,60.0
INSP_117AD070,2026-05-20,SYS_150,AST_D40719C5,0.384683,0,0,60.0
INSP_BC567E2A,2026-05-20,SYS_154,AST_57C9CAF9,0.719353,0,0,60.0
INSP_07EDC071,2026-05-20,SYS_155,AST_7B46A6AE,0.811135,1,0,60.0
INSP_D2EB7D5C,2026-05-20,SYS_163,AST_F20B2AD2,1.027253,1,1,60.0
INSP_DB10B24E,2026-05-20,SYS_197,AST_7B53A622,1.001019,0,1,60.0
INSP_9C46940D,2026-05-21,SYS_004,AST_E3BB09B0,0.869258,1,0,60.0
INSP_7CDF7A27,2026-05-21,SYS_158,AST_B26D0E2F,1.372354,1,1,60.0
INSP_5C5B324D,2026-05-22,SYS_099,AST_62D07545,1.160333,1,1,60.0
INSP_94102A0C,2026-05-22,SYS_105,AST_3B928935,0.524315,0,0,60.0
INSP_CDA0C16E,2026-05-22,SYS_129,AST_8A89E614,0.391407,0,0,60.0
INSP_FA6ACF4F,2026-05-23,SYS_007,AST_D431CA27,0.446475,0,0,60.0
INSP_47304F6A,2026-05-23,SYS_020,AST_A3EFBD2F,1.034551,1,1,60.0
INSP_016F857E,2026-05-23,SYS_168,AST_A96ADCE8,1.122081,1,1,60.0
INSP_B8F2D227,2026-05-24,SYS_008,AST_DE413253,0.925115,1,0,60.0
INSP_9EAECD4C,2026-05-24,SYS_028,AST_BDF50FB3,1.079412,1,1,60.0
INSP_0B2F2870,2026-05-24,SYS_045,AST_2616CDB7,0.980961,0,0,60.0
INSP_187C6556,2026-05-24,SYS_095,AST_D05C72AA,1.186879,1,1,60.0
INSP_B6EF3B3C,2026-05-24,SYS_159,AST_4F7B551A,0.333534,0,0,60.0
INSP_CA235D3E,2026-05-25,SYS_002,AST_D9DC9CF1,1.175837,1,1,60.0
INSP_31970EF4,2026-05-25,SYS_092,AST_A1784173,0.586281,0,0,60.0
INSP_D2AB0DE8,2026-05-25,SYS_100,AST_0C6FEB61,0.804937,1,0,60.0
INSP_BD6EC20C,2026-05-25,SYS_106,AST_8B35CEDB,1.367712,1,1,60.0
INSP_CB5788E8,2026-05-25,SYS_143,AST_3D113987,0.869493,1,0,60.0
INSP_4A3FF475,2026-05-26,SYS_096,AST_1893FE51,1.146601,1,1,60.0
INSP_96B57731,2026-05-26,SYS_103,AST_F686EF11,1.087041,1,1,60.0
INSP_2348B688,2026-05-26,SYS_117,AST_99D49091,1.026582,1,1,60.0
INSP_6B62127C,2026-05-26,SYS_122,AST_494D1C55,1.100081,1,1,60.0
INSP_60F5C1A8,2026-05-26,SYS_124,AST_4920985C,0.717737,0,0,60.0
INSP_A18259EC,2026-05-26,SYS_167,AST_F748322B,1.21204,1,1,60.0
INSP_A68F0F96,2026-05-26,SYS_172,AST_F6D5E9AD,0.934991,1,0,60.0
INSP_B61EC784,2026-05-26,SYS_174,AST_6871DD7F,1.300065,1,1,60.0
INSP_CBDAEB65,2026-05-26,SYS_176,AST_57F8E642,1.031409,1,1,60.0
INSP_0D427A43,2026-05-26,SYS_184,AST_3ABB844B,1.451242,1,1,60.0
INSP_71D9EB29,2026-05-27,SYS_032,AST_C6611059,0.423916,0,0,60.0
INSP_ED12281C,2026-05-27,SYS_036,AST_3E1B9AFC,0.550322,0,0,60.0
INSP_ACFCC615,2026-05-27,SYS_043,AST_0156426D,0.899283,1,0,60.0
INSP_0E2CC228,2026-05-27,SYS_066,AST_B679A4B2,0.256608,0,0,60.0
INSP_E20C7C1A,2026-05-27,SYS_078,AST_DA59A67D,1.393259,1,1,60.0
INSP_4CA80731,2026-05-27,SYS_093,AST_11D1C743,0.640163,0,0,60.0
INSP_309D6DF2,2026-05-27,SYS_144,AST_8BCB0C52,0.881418,1,0,60.0
INSP_7D542E79,2026-05-27,SYS_147,AST_5699EB97,1.132048,1,1,60.0
INSP_F2F4DE31,2026-05-27,SYS_151,AST_3E883E68,0.505092,0,0,60.0
INSP_56C1068B,2026-05-27,SYS_166,AST_1D67B7FE,1.075588,1,1,60.0
INSP_CFA56FC8,2026-05-27,SYS_171,AST_F67C1587,1.052425,1,1,60.0
INSP_C4197DD6,2026-05-27,SYS_189,AST_D4BB04C1,0.849105,0,0,60.0
INSP_5455785C,2026-05-27,SYS_193,AST_82611055,0.572923,0,0,60.0
INSP_BB32B27F,2026-05-28,SYS_041,AST_1AAF5310,0.945036,1,0,60.0
INSP_C3922E8C,2026-05-28,SYS_047,AST_A130CD16,0.448331,0,0,60.0
INSP_7809B029,2026-05-28,SYS_056,AST_3C038375,0.142037,0,0,60.0
INSP_0E3E0E84,2026-05-28,SYS_083,AST_2C32C40A,1.115018,1,1,60.0
INSP_5DDDE3D9,2026-05-28,SYS_090,AST_3E0B5895,0.329095,0,0,60.0
INSP_7049A1C5,2026-05-28,SYS_134,AST_6B03F47D,0.984294,1,0,60.0
INSP_14E39F01,2026-05-28,SYS_162,AST_C5A039AE,1.175506,1,1,60.0
INSP_45C4ECE6,2026-05-28,SYS_165,AST_70A1C411,1.17122,1,1,60.0
INSP_8406EEDF,2026-05-28,SYS_169,AST_AB37D550,1.470743,1,1,60.0
INSP_EC0CE0FC,2026-05-29,SYS_018,AST_1D5B34FE,0.658082,1,0,60.0
INSP_519B81EA,2026-05-29,SYS_025,AST_6B5DB20C,0.461779,0,0,60.0
INSP_F4A30C3E,2026-05-29,SYS_053,AST_42D22198,0.32323,0,0,60.0
INSP_E0AB860E,2026-05-29,SYS_073,AST_5881252F,0.63912,0,0,60.0
INSP_1FEC6915,2026-05-29,SYS_113,AST_8F2D9FC8,1.081811,1,1,60.0
INSP_16AA62AB,2026-05-29,SYS_190,AST_5541B8F6,1.068247,1,1,60.0
INSP_D1E22A73,2026-05-30,SYS_060,AST_14A9124D,0.191348,0,0,60.0
INSP_B7E29EE0,2026-05-30,SYS_098,AST_4C366085,1.25469,1,1,60.0
INSP_7FC7AFC9,2026-05-30,SYS_119,AST_AA994217,1.226645,1,1,60.0
INSP_3ACC32E4,2026-05-30,SYS_123,AST_E3437519,1.405339,1,1,60.0
INSP_E1A2A41B,2026-05-30,SYS_126,AST_48D1B43A,0.342859,0,0,60.0
INSP_D7C3211B,2026-05-30,SYS_148,AST_9AE5584E,1.241328,1,1,60.0
INSP_BDEC7A66,2026-05-30,SYS_153,AST_81F798ED,0.34193,0,0,60.0
INSP_9B6328EC,2026-05-30,SYS_160,AST_4B1F71B2,0.852204,1,0,60.0
INSP_A030DDDA,2026-05-30,SYS_186,AST_30EDF757,0.689423,0,0,60.0
INSP_50E0B5A7,2026-05-31,SYS_001,AST_95CFC08A,0.877698,0,0,60.0
INSP_2918B300,2026-05-31,SYS_019,AST_A2659BA7,0.622645,0,0,60.0
INSP_DA97A204,2026-05-31,SYS_030,AST_3566E90D,1.40618,1,1,60.0
INSP_39FE1A40,2026-05-31,SYS_049,AST_0C241693,1.042559,1,1,60.0
INSP_34339170,2026-05-31,SYS_069,AST_7178B12C,0.811702,0,0,60.0
INSP_64B09D14,2026-05-31,SYS_072,AST_1CB1C3B7,1.11402,1,1,60.0
INSP_AD5174D1,2026-05-31,SYS_081,AST_EE25DFDE,0.758518,0,0,60.0
INSP_4D1369D3,2026-05-31,SYS_085,AST_362265C3,1.138436,1,1,60.0
INSP_C969E611,2026-05-31,SYS_114,AST_3173531C,0.396966,0,0,60.0
INSP_98073ABF,2026-05-31,SYS_146,AST_7889DDC5,0.932655,0,0,60.0
INSP_6037DB9E,2026-05-31,SYS_170,AST_25E6ED38,1.087807,1,1,60.0
INSP_E5C7649B,2026-06-01,SYS_005,AST_7AB88884,0.151036,0,0,60.0
INSP_CFD8E8EE,2026-06-01,SYS_009,AST_182DCC61,0.756894,0,0,60.0
INSP_2F4DD486,2026-06-01,SYS_102,AST_61540A62,1.056953,1,1,60.0
INSP_85595554,2026-06-01,SYS_107,AST_D7063165,1.347158,1,1,60.0
INSP_EBC2A314,2026-06-01,SYS_121,AST_72112F1D,0.970486,1,0,60.0
INSP_DCA41AE7,2026-06-01,SYS_127,AST_4C7C3CF2,0.722732,0,0,60.0
INSP_F253259B,2026-06-01,SYS_137,AST_177B020A,1.22452,1,1,60.0
INSP_16CEB6D6,2026-06-01,SYS_149,AST_FADBB2A1,0.925058,0,0,60.0
INSP_8B34EADD,2026-06-01,SYS_187,AST_B5F2F180,1.205233,1,1,60.0
INSP_302C55AE,2026-06-01,SYS_191,AST_73C28EA6,0.285247,0,0,60.0
INSP_D0BB7C75,2026-06-02,SYS_021,AST_D52B2838,1.038838,1,1,60.0
INSP_8DB9DBDC,2026-06-02,SYS_022,AST_768C497E,0.737311,0,0,60.0
INSP_DBE21AC6,2026-06-02,SYS_084,AST_B027A540,1.400843,1,1,60.0
INSP_45EF7FC1,2026-06-02,SYS_086,AST_AB8D2CF4,0.420859,0,0,60.0
INSP_AB04D00B,2026-06-02,SYS_097,AST_FA2A9157,0.538715,0,0,60.0
INSP_B0CB3776,2026-06-03,SYS_012,AST_3C042C86,0.304889,0,0,60.0
INSP_CC84738D,2026-06-03,SYS_074,AST_49234723,1.597347,1,1,60.0
INSP_54020013,2026-06-03,SYS_077,AST_C8989699,0.515486,0,0,60.0
INSP_080CB57F,2026-06-03,SYS_082,AST_02FFD22C,0.239249,0,0,60.0
INSP_F6314DAE,2026-06-03,SYS_112,AST_5A1B7CBA,0.465933,0,0,60.0
INSP_12147464,2026-06-03,SYS_177,AST_F85B3C92,0.841306,0,0,60.0
INSP_E37EE8B0,2026-06-03,SYS_195,AST_12138D44,1.380325,1,1,60.0
INSP_21F69701,2026-06-03,SYS_198,AST_DF0D8143,0.281851,0,0,60.0
INSP_8F9BD758,2026-06-03,SYS_199,AST_EB8F5C56,0.613989,1,0,60.0
INSP_3966A6E3,2026-06-04,SYS_026,AST_6DE321F1,0.852556,0,0,60.0
INSP_E488DF49,2026-06-04,SYS_057,AST_82DF3FB7,0.319637,0,0,60.0
INSP_59AB7AE0,2026-06-04,SYS_067,AST_BAC857EE,1.008271,1,1,60.0
INSP_6BB82F79,2026-06-04,SYS_116,AST_18FFC5A2,0.306208,0,0,60.0
INSP_8E08D6EE,2026-06-04,SYS_118,AST_C035943D,0.514645,0,0,60.0
INSP_2D2212AB,2026-06-04,SYS_128,AST_AE583E47,0.460896,0,0,60.0
INSP_2ADFB951,2026-06-04,SYS_138,AST_7105B557,1.378486,1,1,60.0
INSP_B06D02B5,2026-06-04,SYS_145,AST_8791D6B7,1.143828,1,1,60.0
INSP_493B772B,2026-06-04,SYS_156,AST_6680524D,0.973013,0,0,60.0
INSP_AB86ED17,2026-06-05,SYS_011,AST_A0EE8581,1.432473,1,1,60.0
INSP_439F48A2,2026-06-05,SYS_016,AST_B97C7FF3,0.442553,0,0,60.0
INSP_5D106760,2026-06-05,SYS_034,AST_88E26ED8,0.985471,1,0,60.0
INSP_3C98B73D,2026-06-05,SYS_042,AST_B568244D,0.142658,0,0,60.0
INSP_E191596B,2026-06-05,SYS_076,AST_7341D89D,0.560561,0,0,60.0
INSP_0FFAA24B,2026-06-06,SYS_029,AST_B89570A7,0.655428,0,0,60.0
INSP_D7193401,2026-06-06,SYS_033,AST_79CDAF02,1.29291,1,1,60.0
INSP_BE3F6E84,2026-06-06,SYS_037,AST_ABD0D48E,0.658229,0,0,60.0
INSP_F7D2EF13,2026-06-06,SYS_059,AST_C644E1B6,1.437666,1,1,60.0
INSP_F2555CA4,2026-06-06,SYS_104,AST_8808D6E8,0.863699,0,0,60.0
INSP_D01FB81E,2026-06-06,SYS_108,AST_0DAD4E9F,1.013704,1,1,60.0
INSP_985892D6,2026-06-06,SYS_130,AST_C4774B24,1.045005,0,1,60.0
INSP_FAB60A5A,2026-06-06,SYS_132,AST_ADDB4DF6,0.746184,0,0,60.0
INSP_DB313804,2026-06-07,SYS_003,AST_7683D3F8,0.439769,0,0,60.0
INSP_3F3CEE0F,2026-06-07,SYS_058,AST_04B347DD,0.831461,0,0,60.0
INSP_A1B577B2,2026-06-07,SYS_068,AST_4F92952F,1.302876,1,1,60.0
INSP_E078D428,2026-06-07,SYS_109,AST_7E185D2C,1.57662,1,1,60.0
INSP_20B65645,2026-06-07,SYS_178,AST_11A478D1,0.664677,0,0,60.0
INSP_40775E54,2026-06-07,SYS_188,AST_DF83B274,1.428099,1,1,60.0
INSP_3AA5B257,2026-06-08,SYS_006,AST_E249157B,1.252563,1,1,60.0
INSP_DA9E2184,2026-06-08,SYS_065,AST_0CD81E12,0.582751,0,0,60.0
INSP_CC67C4BF,2026-06-08,SYS_079,AST_292CA011,1.177991,1,1,60.0
INSP_EDD7F9EB,2026-06-08,SYS_080,AST_10D3B87D,0.998204,1,0,60.0
INSP_FCF70A50,2026-06-08,SYS_161,AST_4D0E4E8C,0.949424,0,0,60.0
INSP_424BF97C,2026-06-08,SYS_175,AST_462DBA21,1.457746,1,1,60.0
INSP_E7443C8F,2026-06-08,SYS_181,AST_2FB8A717,1.331714,1,1,60.0
INSP_E48B214C,2026-06-09,SYS_014,AST_6AA5673F,1.080777,1,1,60.0
INSP_90B4DBCA,2026-06-09,SYS_027,AST_E5156798,0.835499,0,0,60.0
INSP_4C294633,2026-06-09,SYS_046,AST_48F4C011,1.264796,1,1,60.0
INSP_95083561,2026-06-09,SYS_091,AST_DD5120FE,0.581713,0,0,60.0
INSP_3E3349D2,2026-06-09,SYS_173,AST_A1F77516,0.535247,0,0,60.0
INSP_CB21DD69,2026-06-10,SYS_050,AST_DE5C366D,0.376807,0,0,60.0
INSP_282CE80D,2026-06-10,SYS_064,AST_C84FD08E,0.482047,0,0,60.0
INSP_463CEC70,2026-06-10,SYS_088,AST_B43A3C96,0.206905,0,0,60.0
INSP_0E7D2090,2026-06-10,SYS_111,AST_A82BE3A4,0.467373,0,0,60.0
INSP_49842CA4,2026-06-10,SYS_140,AST_0ABF27E8,1.19753,1,1,60.0
INSP_9F1DF5BF,2026-06-10,SYS_142,AST_A3201156,1.154597,1,1,60.0
INSP_9B1A51CF,2026-06-10,SYS_194,AST_084275E4,1.458424,1,1,60.0
INSP_1CDB69D2,2026-06-11,SYS_040,AST_A08ECEF8,0.332566,0,0,60.0
INSP_8C885189,2026-06-11,SYS_051,AST_4FF55DAA,0.790001,0,0,60.0
INSP_1E826A21,2026-06-11,SYS_110,AST_53580258,1.145932,0,1,60.0
INSP_8795FBC9,2026-06-11,SYS_120,AST_DB56604D,0.779472,0,0,60.0
INSP_2C2C78FB,2026-06-11,SYS_182,AST_C6BE83A4,0.711661,0,0,60.0
INSP_D8582FDC,2026-06-12,SYS_101,AST_8AEE8F28,0.331328,0,0,60.0
INSP_D05BC70A,2026-06-12,SYS_141,AST_10736A6E,0.63523,0,0,60.0
INSP_1E63AC3D,2026-06-13,SYS_075,AST_DEC87001,0.738993,0,0,60.0
INSP_9EAA1DCE,2026-06-13,SYS_125,AST_342AA1AB,0.455828,0,0,60.0
INSP_7F29078F,2026-06-13,SYS_139,AST_4D31EFA7,0.855242,0,0,60.0
INSP_DA81E704,2026-06-14,SYS_000,AST_FBF330ED,0.748356,0,0,60.0
INSP_F67DCCD8,2026-06-14,SYS_015,AST_FCBE6B6B,0.473978,0,0,60.0
INSP_331AB9A8,2026-06-14,SYS_038,AST_9CB3E137,1.120934,1,1,60.0
INSP_6A05E154,2026-06-14,SYS_061,AST_D932504E,0.833173,0,0,60.0
INSP_C9464D84,2026-06-14,SYS_063,AST_B04E572A,1.162274,1,1,60.0
INSP_C196397F,2026-06-14,SYS_071,AST_EF8BB3C3,0.909906,0,0,60.0
INSP_A5CDBD96,2026-06-15,SYS_010,AST_8388ABDD,1.264247,1,1,60.0
INSP_E71BCAF9,2026-06-15,SYS_052,AST_DB95873A,0.646649,0,0,60.0
INSP_106E2B8A,2026-06-15,SYS_055,AST_AFFB6DE6,0.828643,0,0,60.0
INSP_5DEF105E,2026-06-15,SYS_105,AST_3B928935,0.737618,0,0,60.0
INSP_51009969,2026-06-15,SYS_155,AST_7B46A6AE,1.208501,1,1,60.0
INSP_668FB88A,2026-06-15,SYS_157,AST_BD1B4917,0.95689,0,0,60.0
INSP_2A4FC158,2026-06-15,SYS_164,AST_27DE4A7E,1.320187,1,1,60.0
INSP_C1191B0A,2026-06-15,SYS_183,AST_18E697AB,1.491119,1,1,60.0
INSP_4D4AB38F,2026-06-15,SYS_192,AST_CE5080EB,1.252848,1,1,60.0
INSP_7DB23358,2026-06-16,SYS_023,AST_76031ACF,0.445783,0,0,60.0
INSP_12242BA3,2026-06-16,SYS_158,AST_B26D0E2F,0.737542,0,0,60.0
INSP_A2F9811C,2026-06-16,SYS_180,AST_71909D6B,0.896497,0,0,60.0
INSP_3CDDD063,2026-06-16,SYS_196,AST_C7FB1405,0.473499,0,0,60.0
INSP_0873597D,2026-06-17,SYS_017,AST_A38EC274,1.376875,1,1,60.0
INSP_7110ACC6,2026-06-17,SYS_028,AST_BDF50FB3,0.672766,0,0,60.0
INSP_B0B331B7,2026-06-17,SYS_035,AST_D8A848C2,0.212242,0,0,60.0
INSP_21AF3DD1,2026-06-17,SYS_135,AST_E63EDF7E,0.608574,0,0,60.0
INSP_C84E54C7,2026-06-17,SYS_136,AST_3B5725A1,0.362114,0,0,60.0
INSP_F7096259,2026-06-18,SYS_062,AST_68867D96,0.773869,0,0,60.0
INSP_49EF67EE,2026-06-18,SYS_087,AST_ED47E0D6,1.405517,1,1,60.0
INSP_728C5D13,2026-06-18,SYS_099,AST_62D07545,0.488862,0,0,60.0
INSP_F8B02556,2026-06-18,SYS_103,AST_F686EF11,0.843715,0,0,60.0
INSP_63EF0996,2026-06-18,SYS_124,AST_4920985C,0.960033,0,0,60.0
INSP_C0ECCE87,2026-06-18,SYS_185,AST_5CF1BB9F,0.514982,0,0,60.0
INSP_598D5FE3,2026-06-18,SYS_197,AST_7B53A622,0.359865,0,0,60.0
INSP_620AE76F,2026-06-19,SYS_048,AST_1D78C349,0.680491,0,0,60.0
INSP_12DC2A14,2026-06-19,SYS_094,AST_0180B702,1.344031,1,1,60.0
INSP_36843F9E,2026-06-19,SYS_115,AST_641A4AAC,0.769406,0,0,60.0
INSP_4829BF37,2026-06-19,SYS_131,AST_74CA1C60,0.501541,0,0,60.0
INSP_F193BB34,2026-06-19,SYS_133,AST_094FE12F,0.97012,1,0,60.0
INSP_C46B2FB1,2026-06-19,SYS_150,AST_D40719C5,0.819145,0,0,60.0
INSP_466914EC,2026-06-19,SYS_152,AST_9A0D6DF2,1.50221,1,1,60.0
INSP_8E4C3D1C,2026-06-19,SYS_168,AST_A96ADCE8,0.540715,0,0,60.0
INSP_1F7A7316,2026-06-20,SYS_013,AST_686CD570,1.370242,1,1,60.0
INSP_CBE8F901,2026-06-20,SYS_044,AST_2CDF7154,0.482653,0,0,60.0
INSP_2CABF12F,2026-06-20,SYS_122,AST_494D1C55,0.716398,0,0,60.0
INSP_BF8DBC4D,2026-06-20,SYS_179,AST_CC0A99C0,0.64975,0,0,60.0
INSP_B20FCE90,2026-06-21,SYS_002,AST_D9DC9CF1,0.833729,0,0,60.0
INSP_82D2AEFF,2026-06-21,SYS_036,AST_3E1B9AFC,0.579108,0,0,60.0
INSP_36D9358B,2026-06-21,SYS_045,AST_2616CDB7,0.774582,0,0,60.0
INSP_42C0B93A,2026-06-21,SYS_070,AST_61C41EF7,0.383536,0,0,60.0
INSP_52E730CB,2026-06-21,SYS_126,AST_48D1B43A,0.539235,0,0,60.0
INSP_15A00D82,2026-06-21,SYS_144,AST_8BCB0C52,1.480517,1,1,60.0
INSP_754F37C4,2026-06-22,SYS_031,AST_CC4CA361,1.402167,0,1,60.0
INSP_1C6C57D9,2026-06-22,SYS_084,AST_B027A540,0.627635,0,0,60.0
INSP_D0E2A3B9,2026-06-22,SYS_089,AST_9FCA585A,-0.025441,0,0,60.0
INSP_B3200DBF,2026-06-22,SYS_106,AST_8B35CEDB,0.374197,0,0,60.0
INSP_EE801487,2026-06-22,SYS_163,AST_F20B2AD2,0.539604,0,0,60.0
INSP_65F12573,2026-06-22,SYS_193,AST_82611055,0.589923,0,0,60.0
INSP_7095438A,2026-06-23,SYS_007,AST_D431CA27,1.141267,0,1,60.0
INSP_FA8A0500,2026-06-23,SYS_020,AST_A3EFBD2F,0.486891,0,0,60.0
INSP_81AFDA8C,2026-06-23,SYS_032,AST_C6611059,0.841786,0,0,60.0
INSP_96CF1DB5,2026-06-23,SYS_054,AST_8E1BF026,0.607426,0,0,60.0
INSP_44D2347D,2026-06-23,SYS_093,AST_11D1C743,0.525947,0,0,60.0
INSP_02FDDC12,2026-06-23,SYS_096,AST_1893FE51,0.539703,0,0,60.0
INSP_004142A3,2026-06-23,SYS_145,AST_8791D6B7,0.415936,0,0,60.0
INSP_2E1F7D5E,2026-06-23,SYS_162,AST_C5A039AE,0.375365,0,0,60.0
INSP_05B8C423,2026-06-24,SYS_008,AST_DE413253,1.414486,1,1,60.0
INSP_05216D8C,2026-06-24,SYS_024,AST_A7122853,0.320617,0,0,60.0
INSP_59EB59DA,2026-06-24,SYS_041,AST_1AAF5310,1.351126,1,1,60.0
INSP_47F1A020,2026-06-24,SYS_081,AST_EE25DFDE,0.860198,0,0,60.0
INSP_A7E4A51E,2026-06-24,SYS_092,AST_A1784173,0.569844,0,0,60.0
INSP_198DE4AB,2026-06-24,SYS_114,AST_3173531C,0.788866,0,0,60.0
INSP_8A00B9B3,2026-06-24,SYS_123,AST_E3437519,0.445868,0,0,60.0
INSP_29EBF863,2026-06-25,SYS_004,AST_E3BB09B0,1.403979,1,1,60.0
INSP_1EF41079,2026-06-25,SYS_012,AST_3C042C86,0.461949,0,0,60.0
INSP_8A3030DE,2026-06-25,SYS_060,AST_14A9124D,0.4021,0,0,60.0
INSP_E44415D5,2026-06-25,SYS_095,AST_D05C72AA,0.972323,0,0,60.0
INSP_F69393AA,2026-06-25,SYS_100,AST_0C6FEB61,1.346988,1,1,60.0
INSP_3A2A9AF5,2026-06-25,SYS_159,AST_4F7B551A,0.520236,0,0,60.0
INSP_CF2CFB9C,2026-06-25,SYS_169,AST_AB37D550,0.243667,0,0,60.0
INSP_340BA158,2026-06-25,SYS_170,AST_25E6ED38,0.531306,0,0,60.0
INSP_7649D3A0,2026-06-25,SYS_171,AST_F67C1587,0.852947,0,0,60.0
INSP_25572491,2026-06-25,SYS_172,AST_F6D5E9AD,1.371326,1,1,60.0
INSP_E2D304DF,2026-06-25,SYS_174,AST_6871DD7F,0.499001,0,0,60.0
INSP_A4725F33,2026-06-25,SYS_186,AST_30EDF757,0.991507,0,0,60.0
INSP_D97C6510,2026-06-26,SYS_019,AST_A2659BA7,0.640546,0,0,60.0
INSP_B74B0F1F,2026-06-26,SYS_039,AST_FCE0754B,-0.00885,0,0,60.0
INSP_B3D20838,2026-06-26,SYS_043,AST_0156426D,1.675831,1,1,60.0
INSP_EF1E5F1E,2026-06-26,SYS_056,AST_3C038375,0.822292,0,0,60.0
INSP_608E82F8,2026-06-26,SYS_066,AST_B679A4B2,0.913918,0,0,60.0
INSP_BA49EC38,2026-06-26,SYS_067,AST_BAC857EE,0.33039,0,0,60.0
INSP_3D26EA1E,2026-06-26,SYS_098,AST_4C366085,0.640467,0,0,60.0
INSP_74837866,2026-06-26,SYS_113,AST_8F2D9FC8,0.528691,0,0,60.0
INSP_53185B92,2026-06-26,SYS_154,AST_57C9CAF9,0.830882,0,0,60.0
INSP_88E02A38,2026-06-26,SYS_176,AST_57F8E642,0.559973,0,0,60.0
INSP_FB78F848,2026-06-26,SYS_189,AST_D4BB04C1,0.982918,0,0,60.0
INSP_3F2486CA,2026-06-26,SYS_195,AST_12138D44,0.83173,0,0,60.0
INSP_EB3AFD9C,2026-06-27,SYS_047,AST_A130CD16,0.809687,0,0,60.0
INSP_8DBC298B,2026-06-27,SYS_117,AST_99D49091,0.909717,0,0,60.0
INSP_85FA6DD4,2026-06-27,SYS_129,AST_8A89E614,1.168676,1,1,60.0
INSP_C6C0E962,2026-06-27,SYS_160,AST_4B1F71B2,1.38652,1,1,60.0
INSP_B62DCE34,2026-06-27,SYS_166,AST_1D67B7FE,0.699591,0,0,60.0
INSP_30BA6714,2026-06-27,SYS_184,AST_3ABB844B,0.562246,0,0,60.0
INSP_3CA6D8E5,2026-06-28,SYS_137,AST_177B020A,0.812114,0,0,60.0
INSP_B8E9E19F,2026-06-28,SYS_143,AST_3D113987,1.397458,1,1,60.0
INSP_BDAA2032,2026-06-28,SYS_191,AST_73C28EA6,0.775238,0,0,60.0
INSP_3D633CA4,2026-06-29,SYS_001,AST_95CFC08A,1.225498,0,1,60.0
INSP_4EEFDCF3,2026-06-29,SYS_021,AST_D52B2838,1.026404,0,1,60.0
INSP_6C669686,2026-06-29,SYS_025,AST_6B5DB20C,0.819551,0,0,60.0
INSP_91277117,2026-06-29,SYS_057,AST_82DF3FB7,0.885249,0,0,60.0
INSP_B281A8DB,2026-06-29,SYS_069,AST_7178B12C,0.822787,0,0,60.0
INSP_4FB6E2CF,2026-06-29,SYS_147,AST_5699EB97,1.187786,0,1,60.0
INSP_AFBD9390,2026-06-29,SYS_151,AST_3E883E68,0.92156,0,0,60.0
INSP_5C63E117,2026-06-29,SYS_165,AST_70A1C411,0.779015,0,0,60.0
INSP_AE1ED681,2026-06-29,SYS_190,AST_5541B8F6,1.002483,0,1,60.0
INSP_43B3D05C,2026-06-30,SYS_090,AST_3E0B5895,0.294712,0,0,60.0
INSP_FAE189ED,2026-06-30,SYS_116,AST_18FFC5A2,0.772559,0,0,60.0
INSP_A7D5221A,2026-06-30,SYS_148,AST_9AE5584E,0.48411,0,0,60.0
INSP_D6053D04,2026-06-30,SYS_188,AST_DF83B274,0.408233,0,0,60.0
INSP_426A852B,2026-06-30,SYS_199,AST_EB8F5C56,1.903427,1,1,60.0
INSP_B5C08D51,2026-07-01,SYS_034,AST_88E26ED8,1.248203,1,1,60.0
INSP_B874A0E6,2026-07-01,SYS_128,AST_AE583E47,0.983566,0,0,60.0
INSP_876B1786,2026-07-01,SYS_153,AST_81F798ED,0.880763,0,0,60.0
INSP_63419DB1,2026-07-02,SYS_053,AST_42D22198,0.750386,0,0,60.0
INSP_EE1AAA02,2026-07-02,SYS_058,AST_04B347DD,1.010633,0,1,60.0
INSP_854DDF01,2026-07-02,SYS_083,AST_2C32C40A,0.666374,0,0,60.0
INSP_C9AE6E61,2026-07-02,SYS_119,AST_AA994217,0.493701,0,0,60.0
INSP_03A3272C,2026-07-02,SYS_146,AST_7889DDC5,1.559484,1,1,60.0
INSP_944102CF,2026-07-02,SYS_167,AST_F748322B,0.707677,0,0,60.0
INSP_13240DE4,2026-07-02,SYS_187,AST_B5F2F180,0.558744,0,0,60.0
INSP_D7D071C0,2026-07-03,SYS_026,AST_6DE321F1,0.946681,0,0,60.0
INSP_4710C607,2026-07-03,SYS_030,AST_3566E90D,0.55801,0,0,60.0
INSP_82C96198,2026-07-03,SYS_037,AST_ABD0D48E,0.353051,0,0,60.0
INSP_00A80594,2026-07-03,SYS_072,AST_1CB1C3B7,0.823918,0,0,60.0
INSP_BDF6329D,2026-07-03,SYS_109,AST_7E185D2C,0.239899,0,0,60.0
INSP_E1192A3B,2026-07-03,SYS_118,AST_C035943D,1.040838,0,1,60.0
INSP_F0DB1404,2026-07-03,SYS_132,AST_ADDB4DF6,0.513595,0,0,60.0
INSP_62A6999D,2026-07-03,SYS_198,AST_DF0D8143,0.579281,0,0,60.0
INSP_70208E8B,2026-07-04,SYS_009,AST_182DCC61,0.780038,0,0,60.0
INSP_0E0F29DD,2026-07-04,SYS_029,AST_B89570A7,0.346823,0,0,60.0
INSP_11E8B2C7,2026-07-04,SYS_077,AST_C8989699,1.311579,0,1,60.0
INSP_4B49A54F,2026-07-04,SYS_078,AST_DA59A67D,0.750568,0,0,60.0
INSP_1D75630A,2026-07-04,SYS_097,AST_FA2A9157,1.094407,0,1,60.0
INSP_039F94D9,2026-07-04,SYS_108,AST_0DAD4E9F,0.863911,0,0,60.0
INSP_7512C90A,2026-07-04,SYS_121,AST_72112F1D,1.563626,1,1,60.0
INSP_F6879FD0,2026-07-05,SYS_018,AST_1D5B34FE,1.589163,1,1,60.0
INSP_3C934D0C,2026-07-05,SYS_033,AST_79CDAF02,0.655623,0,0,60.0
INSP_DF88D7F6,2026-07-05,SYS_049,AST_0C241693,0.539067,0,0,60.0
INSP_32FBC1EA,2026-07-05,SYS_059,AST_C644E1B6,0.197526,0,0,60.0
INSP_3D455B59,2026-07-05,SYS_061,AST_D932504E,0.69797,0,0,60.0
INSP_5E69B14D,2026-07-05,SYS_082,AST_02FFD22C,1.160014,0,1,60.0
INSP_D45F8A00,2026-07-05,SYS_102,AST_61540A62,0.59521,0,0,60.0
INSP_0E6DDB8F,2026-07-05,SYS_134,AST_6B03F47D,1.185634,1,1,60.0
INSP_27DF30D5,2026-07-05,SYS_175,AST_462DBA21,0.616112,0,0,60.0
INSP_6E3A0C7E,2026-07-06,SYS_014,AST_6AA5673F,0.46345,0,0,60.0
INSP_65573C8F,2026-07-06,SYS_022,AST_768C497E,1.221627,1,1,60.0
INSP_4800179F,2026-07-06,SYS_073,AST_5881252F,0.508835,0,0,60.0
INSP_D02FFF20,2026-07-06,SYS_085,AST_362265C3,0.736981,0,0,60.0
INSP_AA213A2A,2026-07-06,SYS_130,AST_C4774B24,0.514779,0,0,60.0
INSP_B34A643E,2026-07-06,SYS_149,AST_FADBB2A1,0.606935,1,0,60.0
INSP_4E98C96E,2026-07-07,SYS_027,AST_E5156798,0.734187,0,0,60.0
INSP_88379EA4,2026-07-07,SYS_107,AST_D7063165,1.063093,0,1,60.0
INSP_FF54D467,2026-07-07,SYS_127,AST_4C7C3CF2,0.750573,0,0,60.0
INSP_F9488F0A,2026-07-07,SYS_138,AST_7105B557,0.777803,0,0,60.0
INSP_9D6AFC98,2026-07-07,SYS_161,AST_4D0E4E8C,1.016572,0,1,60.0
INSP_698EAAB7,2026-07-08,SYS_040,AST_A08ECEF8,0.571348,0,0,60.0
INSP_16B4D7D4,2026-07-08,SYS_042,AST_B568244D,0.591364,0,0,60.0
INSP_DA1F56D2,2026-07-08,SYS_055,AST_AFFB6DE6,0.61016,0,0,60.0
INSP_EF207AE3,2026-07-08,SYS_074,AST_49234723,0.542473,0,0,60.0
INSP_95BFF9C7,2026-07-08,SYS_156,AST_6680524D,1.132031,1,1,60.0
INSP_CA080C06,2026-07-09,SYS_006,AST_E249157B,0.141065,0,0,60.0
INSP_99619BED,2026-07-09,SYS_011,AST_A0EE8581,0.535402,0,0,60.0
INSP_65242995,2026-07-09,SYS_016,AST_B97C7FF3,0.850506,0,0,60.0
INSP_2C1598F1,2026-07-09,SYS_046,AST_48F4C011,0.42901,0,0,60.0
INSP_A9BAF596,2026-07-09,SYS_051,AST_4FF55DAA,0.844535,0,0,60.0
INSP_384CDD36,2026-07-09,SYS_064,AST_C84FD08E,0.831912,0,0,60.0
INSP_AE31096C,2026-07-09,SYS_065,AST_0CD81E12,0.52172,0,0,60.0
INSP_B7D416CB,2026-07-09,SYS_086,AST_AB8D2CF4,1.354285,0,1,60.0
INSP_52F2F387,2026-07-09,SYS_111,AST_A82BE3A4,1.303633,0,1,60.0
INSP_949107C2,2026-07-09,SYS_140,AST_0ABF27E8,0.517622,0,0,60.0
INSP_4B63506B,2026-07-09,SYS_141,AST_10736A6E,0.859403,0,0,60.0
INSP_C89E4671,2026-07-09,SYS_177,AST_F85B3C92,1.036812,0,1,60.0
INSP_F77FD30C,2026-07-10,SYS_044,AST_2CDF7154,0.98069,0,0,60.0
INSP_1665A5FD,2026-07-10,SYS_068,AST_4F92952F,0.351275,0,0,60.0
INSP_86CDB5E7,2026-07-10,SYS_079,AST_292CA011,0.668833,0,0,60.0
INSP_007C42FD,2026-07-10,SYS_101,AST_8AEE8F28,0.730764,0,0,60.0
INSP_12E76732,2026-07-10,SYS_135,AST_E63EDF7E,0.692082,0,0,60.0
INSP_A4819195,2026-07-10,SYS_157,AST_BD1B4917,0.839421,0,0,60.0
INSP_8677D06D,2026-07-11,SYS_003,AST_7683D3F8,0.701597,0,0,60.0
INSP_79C64A78,2026-07-11,SYS_076,AST_7341D89D,0.815538,0,0,60.0
INSP_887594C4,2026-07-11,SYS_112,AST_5A1B7CBA,0.633565,0,0,60.0
INSP_9E66A1D0,2026-07-11,SYS_120,AST_DB56604D,0.800966,0,0,60.0
INSP_6CAF0D2B,2026-07-11,SYS_142,AST_A3201156,0.660549,0,0,60.0
INSP_E6BA253F,2026-07-11,SYS_181,AST_2FB8A717,0.749565,0,0,60.0
INSP_6CDD9B8C,2026-07-12,SYS_035,AST_D8A848C2,1.0689,0,1,60.0
INSP_AE0964B5,2026-07-12,SYS_038,AST_9CB3E137,0.523159,0,0,60.0
INSP_1CF6D907,2026-07-12,SYS_050,AST_DE5C366D,0.571439,0,0,60.0
INSP_EF32DE4B,2026-07-12,SYS_071,AST_EF8BB3C3,1.222484,1,1,60.0
INSP_5B526AFC,2026-07-12,SYS_088,AST_B43A3C96,0.957546,0,0,60.0
INSP_DEF03E3F,2026-07-12,SYS_115,AST_641A4AAC,0.675908,0,0,60.0
INSP_14E8C120,2026-07-12,SYS_133,AST_094FE12F,1.846922,1,1,60.0
INSP_DFA03538,2026-07-12,SYS_136,AST_3B5725A1,0.408201,0,0,60.0
INSP_D63142A6,2026-07-12,SYS_178,AST_11A478D1,1.070394,1,1,60.0
INSP_CED0DB52,2026-07-12,SYS_182,AST_C6BE83A4,1.344732,1,1,60.0
INSP_C8521DDA,2026-07-12,SYS_185,AST_5CF1BB9F,0.697784,0,0,60.0
INSP_612424D1,2026-07-12,SYS_196,AST_C7FB1405,0.872388,0,0,60.0
INSP_670DDF42,2026-07-13,SYS_062,AST_68867D96,0.534476,0,0,60.0
INSP_C35164D8,2026-07-13,SYS_063,AST_B04E572A,0.811467,0,0,60.0
INSP_BA45EEB8,2026-07-13,SYS_087,AST_ED47E0D6,0.24172,0,0,60.0
INSP_EDC19CB4,2026-07-13,SYS_125,AST_342AA1AB,0.817596,0,0,60.0
INSP_73073457,2026-07-13,SYS_139,AST_4D31EFA7,1.095015,1,1,60.0
INSP_48B296C1,2026-07-13,SYS_155,AST_7B46A6AE,0.838596,0,0,60.0
INSP_2AB42E64,2026-07-13,SYS_179,AST_CC0A99C0,0.74568,0,0,60.0
INSP_D0CDD870,2026-07-14,SYS_017,AST_A38EC274,0.483309,0,0,60.0
INSP_A253F47A,2026-07-14,SYS_105,AST_3B928935,0.92281,0,0,60.0
INSP_B22F97ED,2026-07-14,SYS_110,AST_53580258,0.51147,0,0,60.0
INSP_D26C21C9,2026-07-14,SYS_173,AST_A1F77516,0.840478,0,0,60.0
INSP_926FAF94,2026-07-14,SYS_183,AST_18E697AB,0.69489,0,0,60.0
INSP_26742576,2026-07-15,SYS_005,AST_F0278572,-0.033821,0,0,60.0
INSP_A51732A2,2026-07-15,SYS_031,AST_CC4CA361,0.351638,0,0,60.0
INSP_2CE83E68,2026-07-15,SYS_060,AST_14A9124D,0.617184,0,0,60.0
INSP_7161C377,2026-07-15,SYS_091,AST_DD5120FE,0.770466,0,0,60.0
INSP_F7775768,2026-07-15,SYS_103,AST_F686EF11,0.498492,0,0,60.0
INSP_81C3C94F,2026-07-15,SYS_104,AST_129865DC,0.240742,0,0,60.0
INSP_84F8534A,2026-07-15,SYS_168,AST_A96ADCE8,1.10641,0,1,60.0
INSP_F3885F14,2026-07-15,SYS_194,AST_084275E4,0.46999,0,0,60.0
INSP_E72DF005,2026-07-16,SYS_047,AST_A130CD16,1.343228,1,1,60.0
INSP_5750FA5D,2026-07-16,SYS_158,AST_B26D0E2F,0.943525,0,0,60.0
INSP_63B03879,2026-07-16,SYS_192,AST_CE5080EB,0.61636,0,0,60.0
INSP_D075A58A,2026-07-17,SYS_015,AST_FCBE6B6B,0.925575,0,0,60.0
INSP_A5270F7B,2026-07-17,SYS_023,AST_76031ACF,0.885161,0,0,60.0
INSP_6B8BFB48,2026-07-17,SYS_080,AST_10D3B87D,1.555987,1,1,60.0
INSP_92903279,2026-07-18,SYS_028,AST_BDF50FB3,1.214652,0,1,60.0
INSP_6258941C,2026-07-18,SYS_052,AST_DB95873A,1.279291,1,1,60.0
INSP_C3EFF064,2026-07-18,SYS_075,AST_DEC87001,0.695851,0,0,60.0
INSP_04F1A34F,2026-07-18,SYS_137,AST_177B020A,1.101287,0,1,60.0
INSP_5F9FEB04,2026-07-18,SYS_164,AST_27DE4A7E,0.570268,0,0,60.0
INSP_E017401E,2026-07-19,SYS_045,AST_2616CDB7,1.022507,1,1,60.0
INSP_DF1E0EF1,2026-07-19,SYS_054,AST_8E1BF026,0.783487,0,0,60.0
INSP_9ADB79BE,2026-07-19,SYS_172,AST_F6D5E9AD,0.426785,0,0,60.0
INSP_29BE8698,2026-07-19,SYS_197,AST_7B53A622,0.594399,0,0,60.0
INSP_6D520493,2026-07-20,SYS_150,AST_D40719C5,1.22298,0,1,60.0
INSP_98EDC62D,2026-07-25,SYS_024,AST_A7122853,0.284138,0,0,60.0
INSP_30C56FFA,2026-07-25,SYS_056,AST_3C038375,0.646772,0,0,60.0
INSP_B1D06B4C,2026-07-25,SYS_089,AST_9FCA585A,0.10408,0,0,60.0
INSP_8E4DFF2C,2026-07-27,SYS_114,AST_3173531C,1.233004,1,1,60.0
INSP_407B9EA7,2026-07-29,SYS_039,AST_FCE0754B,0.763526,0,0,60.0
INSP_4FAE585C,2026-07-31,SYS_090,AST_3E0B5895,0.417476,0,0,60.0
INSP_4E2B36E1,2026-08-03,SYS_018,AST_09F8688C,0.382765,0,0,60.0
INSP_73674947,2026-08-03,SYS_146,AST_7889DDC5,0.887456,0,0,60.0
INSP_D45AA6AA,2026-08-05,SYS_121,AST_ED19B15F,0.006686,0,0,60.0
INSP_CF38364F,2026-08-08,SYS_051,AST_00D5E4DF,0.175754,0,0,60.0
INSP_7482D2B9,2026-08-09,SYS_125,AST_44A2D20A,0.152229,0,0,60.0
INSP_CBBBA951,2026-08-10,SYS_085,AST_3BD1F5F0,0.246076,0,0,60.0
INSP_6ED6DD23,2026-08-10,SYS_104,AST_129865DC,0.472354,0,0,60.0
INSP_B199F9B7,2026-08-10,SYS_108,AST_7044D6DA,0.399501,0,0,60.0
INSP_DFC99FD2,2026-08-10,SYS_111,AST_63D88318,0.04874,0,0,60.0
INSP_8BF68242,2026-08-10,SYS_144,AST_C0D6BA50,-0.137146,0,0,60.0
INSP_4BCD2073,2026-08-11,SYS_006,AST_46C8E42D,0.240591,0,0,60.0
INSP_582CF231,2026-08-11,SYS_060,AST_14A9124D,0.673903,0,0,60.0
INSP_7BE02890,2026-08-11,SYS_086,AST_2AD0C4BA,0.319216,0,0,60.0
INSP_88744F0D,2026-08-12,SYS_022,AST_768C497E,0.690483,0,0,60.0
INSP_D083AAF7,2026-08-12,SYS_041,AST_686AE13F,0.121292,0,0,60.0
INSP_A821C7B5,2026-08-12,SYS_115,AST_2CA7708E,0.102517,0,0,60.0
INSP_D85BE14D,2026-08-13,SYS_069,AST_7C64366F,0.383575,0,0,60.0
INSP_2564BA26,2026-08-13,SYS_074,AST_4FDEBE84,0.00426,0,0,60.0
INSP_C2C681A4,2026-08-13,SYS_078,AST_3E97FA32,-0.092568,0,0,60.0
INSP_05C2CEE8,2026-08-13,SYS_136,AST_3B5725A1,1.000705,1,1,60.0
INSP_7FDA4A90,2026-08-13,SYS_180,AST_85B7D7F3,0.374144,0,0,60.0
INSP_1EA78380,2026-08-14,SYS_015,AST_9FECBE04,0.210993,0,0,60.0
INSP_D3091BE4,2026-08-14,SYS_020,AST_D2040D45,0.244409,0,0,60.0
INSP_390047D4,2026-08-14,SYS_037,AST_646594C2,0.447974,0,0,60.0
INSP_510CF45B,2026-08-14,SYS_064,AST_91E28FB2,0.033839,0,0,60.0
INSP_00055DDF,2026-08-14,SYS_075,AST_F0C636B5,0.232538,0,0,60.0
INSP_FF3C0E22,2026-08-14,SYS_157,AST_EFB3D424,0.576781,0,0,60.0
INSP_DD7EE7C2,2026-08-14,SYS_158,AST_A53AF30A,0.32377,0,0,60.0
INSP_D105D9CF,2026-08-14,SYS_175,AST_7B82F3B4,0.268485,0,0,60.0
INSP_01DA8D38,2026-08-15,SYS_005,AST_F0278572,0.76297,0,0,60.0
INSP_1022B296,2026-08-15,SYS_017,AST_FC2541D2,0.184277,0,0,60.0
INSP_753427D1,2026-08-15,SYS_019,AST_4FE8472B,0.156479,0,0,60.0
INSP_D7657C96,2026-08-15,SYS_032,AST_EB5CAB8C,0.007796,0,0,60.0
INSP_3D6D392E,2026-08-15,SYS_035,AST_ED4417E7,0.305415,0,0,60.0
INSP_2CA41637,2026-08-15,SYS_043,AST_9D33C46E,0.455748,0,0,60.0
INSP_826E9115,2026-08-15,SYS_058,AST_9A090429,-0.067236,0,0,60.0
INSP_972E3986,2026-08-15,SYS_063,AST_3736A27D,0.079274,0,0,60.0
INSP_E749DD36,2026-08-15,SYS_066,AST_D4EBCC8A,0.000412,0,0,60.0
INSP_633A1B18,2026-08-15,SYS_081,AST_F4FEA9E2,-0.154466,0,0,60.0
INSP_4D2A7C93,2026-08-15,SYS_139,AST_A8E3D05C,0.336147,0,0,60.0
INSP_3727543D,2026-08-15,SYS_142,AST_446BA282,0.176626,0,0,60.0
INSP_865D61ED,2026-08-15,SYS_171,AST_865A40EE,0.06946,0,0,60.0
INSP_1D5E341B,2026-08-16,SYS_008,AST_A42D0EB9,-0.219254,0,0,60.0
INSP_07F8A47C,2026-08-16,SYS_023,AST_4FDD87EC,0.238654,0,0,60.0
INSP_AF07348E,2026-08-16,SYS_030,AST_1AA888F2,0.08443,0,0,60.0
INSP_50CC1DEA,2026-08-16,SYS_040,AST_54696231,-0.002604,0,0,60.0
INSP_E1000E56,2026-08-16,SYS_048,AST_276F649E,0.057062,0,0,60.0
INSP_07032815,2026-08-16,SYS_059,AST_CD1857B0,0.190613,0,0,60.0
INSP_66B2D497,2026-08-16,SYS_080,AST_4CAD3C4C,-0.192406,0,0,60.0
INSP_1FF93181,2026-08-16,SYS_092,AST_2F3B5E0C,0.506391,0,0,60.0
INSP_6A2C3C72,2026-08-16,SYS_097,AST_B8163E9E,-0.19059,0,0,60.0
INSP_35C04CD5,2026-08-16,SYS_120,AST_6785A3E8,0.063056,0,0,60.0
INSP_163062E7,2026-08-16,SYS_132,AST_3E632D4A,0.18929,0,0,60.0
INSP_A89C23DF,2026-08-16,SYS_133,AST_EF1BA8A4,0.550044,0,0,60.0
INSP_1EBF18DD,2026-08-16,SYS_153,AST_3562B1D3,0.365191,0,0,60.0
INSP_0C77F239,2026-08-16,SYS_159,AST_4E142F2E,0.474274,0,0,60.0
INSP_05D01FD2,2026-08-16,SYS_161,AST_22D39DAB,-0.060444,0,0,60.0
INSP_675F76AB,2026-08-16,SYS_183,AST_0C23E532,0.640216,0,0,60.0
INSP_1372E2BF,2026-08-16,SYS_184,AST_74255B04,-0.110631,0,0,60.0
INSP_34F6EF03,2026-08-16,SYS_197,AST_328BA7F4,0.611547,0,0,60.0
INSP_EE062E27,2026-08-17,SYS_014,AST_5DD7F45F,0.154933,0,0,60.0
INSP_306AD4F9,2026-08-17,SYS_016,AST_D8F09DCD,0.241363,0,0,60.0
INSP_9B69B8DF,2026-08-17,SYS_026,AST_80ADF900,0.047478,0,0,60.0
INSP_4AF02C94,2026-08-17,SYS_038,AST_463423D7,0.125573,0,0,60.0
INSP_8A69C40E,2026-08-17,SYS_061,AST_B712CADB,0.111486,0,0,60.0
INSP_011770DE,2026-08-17,SYS_067,AST_18BB5832,0.184019,0,0,60.0
INSP_22642B7A,2026-08-17,SYS_076,AST_ADF021F6,0.107416,0,0,60.0
INSP_499657E7,2026-08-17,SYS_091,AST_28413C6D,0.249704,0,0,60.0
INSP_505DBB82,2026-08-17,SYS_099,AST_6FC4FE83,-0.134347,0,0,60.0
INSP_4DCE0538,2026-08-17,SYS_100,AST_545FEF90,0.167933,0,0,60.0
INSP_5EEB842B,2026-08-17,SYS_103,AST_A47CAA3B,0.215376,0,0,60.0
INSP_6AA0C495,2026-08-17,SYS_107,AST_F99FC223,0.291216,0,0,60.0
INSP_36F7490D,2026-08-17,SYS_109,AST_AAFA2658,0.503356,0,0,60.0
INSP_10F2BE82,2026-08-17,SYS_112,AST_50C8EA41,0.258059,0,0,60.0
INSP_464EF362,2026-08-17,SYS_134,AST_F0145A67,0.511368,0,0,60.0
INSP_47181BD3,2026-08-17,SYS_155,AST_B533FB89,0.135305,0,0,60.0
INSP_650E356B,2026-08-17,SYS_156,AST_A1A84200,0.21163,0,0,60.0
INSP_349CF431,2026-08-17,SYS_170,AST_F8E1EB43,0.04315,0,0,60.0
INSP_902FE6A7,2026-08-17,SYS_172,AST_17E13A32,0.296151,0,0,60.0
INSP_A7D6E238,2026-08-17,SYS_177,AST_1B4FFA0A,0.098997,0,0,60.0
INSP_80FCA7FD,2026-08-17,SYS_181,AST_0CFA9B9D,0.119598,0,0,60.0
INSP_0543913A,2026-08-18,SYS_011,AST_EFDE0A1F,0.229559,0,0,60.0
INSP_8FFE861E,2026-08-18,SYS_012,AST_9A17619A,0.51089,0,0,60.0
INSP_5077F1EE,2026-08-18,SYS_013,AST_57CD1D3F,0.055085,0,0,60.0
INSP_7FB98B10,2026-08-18,SYS_029,AST_D8B5E47D,-0.033089,0,0,60.0
INSP_97C9EE7E,2026-08-18,SYS_042,AST_637500FE,0.238594,0,0,60.0
INSP_92C60438,2026-08-18,SYS_068,AST_DF8A8AFC,0.168143,0,0,60.0
INSP_6C684F05,2026-08-18,SYS_079,AST_A0954F70,0.128904,0,0,60.0
INSP_E3CD1379,2026-08-18,SYS_082,AST_CBABE5E0,-0.152244,0,0,60.0
INSP_A676AC42,2026-08-18,SYS_083,AST_B8EEFEEA,0.286437,0,0,60.0
INSP_63EFE83A,2026-08-18,SYS_098,AST_3F3516F8,0.000712,0,0,60.0
INSP_0857EBF7,2026-08-18,SYS_122,AST_16ADD47C,0.09745,0,0,60.0
INSP_6F3D07C5,2026-08-18,SYS_123,AST_07C775B8,0.242999,0,0,60.0
INSP_2A5B4C3F,2026-08-18,SYS_128,AST_72611532,-0.033175,0,0,60.0
INSP_35584AB2,2026-08-18,SYS_154,AST_EF2BF201,0.119062,0,0,60.0
INSP_1FF0CE97,2026-08-18,SYS_164,AST_1BC5523D,-0.045277,0,0,60.0
INSP_BDD6E530,2026-08-18,SYS_166,AST_D2907013,0.456084,0,0,60.0
INSP_95452F79,2026-08-18,SYS_194,AST_28E46A29,0.18027,0,0,60.0
INSP_2445D177,2026-08-18,SYS_196,AST_7478E17A,0.383294,0,0,60.0
INSP_69C2A4F2,2026-08-19,SYS_003,AST_D5F10B7B,0.130376,0,0,60.0
INSP_28DC1417,2026-08-19,SYS_009,AST_F3465562,0.245324,0,0,60.0
INSP_E1B92A07,2026-08-19,SYS_021,AST_5F0E75B6,0.188613,0,0,60.0
INSP_9EFD0479,2026-08-19,SYS_034,AST_4A79E031,0.489099,0,0,60.0
INSP_AA00E3C3,2026-08-19,SYS_049,AST_1476FBE4,0.350128,0,0,60.0
INSP_4CBB65BA,2026-08-19,SYS_050,AST_47B5D500,0.148098,0,0,60.0
INSP_F7923DB2,2026-08-19,SYS_077,AST_BD3E0F6B,0.263087,0,0,60.0
INSP_DE568E52,2026-08-19,SYS_087,AST_C8E8F242,0.353531,0,0,60.0
INSP_3103F91D,2026-08-19,SYS_126,AST_4A86B41A,0.493276,0,0,60.0
INSP_A6208C81,2026-08-19,SYS_127,AST_9E7FB3DC,0.391135,0,0,60.0
INSP_A3F1CBE1,2026-08-19,SYS_130,AST_EDA290E3,0.120219,0,0,60.0
INSP_9294AD7E,2026-08-19,SYS_147,AST_8CAA5E21,0.141151,0,0,60.0
INSP_CB8C8597,2026-08-19,SYS_149,AST_851D50E8,0.188035,0,0,60.0
INSP_051E858D,2026-08-19,SYS_150,AST_D40719C5,0.450269,0,0,60.0
INSP_45EF816A,2026-08-19,SYS_151,AST_7CDEA972,0.144809,0,0,60.0
INSP_2CE1FCBA,2026-08-19,SYS_168,AST_6D9E4A35,0.34782,0,0,60.0
INSP_939E10D5,2026-08-19,SYS_176,AST_3F176361,0.087483,0,0,60.0
INSP_FA5BF72C,2026-08-19,SYS_187,AST_FDDF8CDF,0.008789,0,0,60.0
INSP_A1D9B604,2026-08-20,SYS_002,AST_80FE10C0,0.382109,0,0,60.0
INSP_5F710509,2026-08-20,SYS_044,AST_40389ACC,0.166637,0,0,60.0
INSP_464706FE,2026-08-20,SYS_046,AST_D5A54F20,0.095084,0,0,60.0
INSP_948D8C31,2026-08-20,SYS_052,AST_DB95873A,0.963518,0,0,60.0
INSP_17911679,2026-08-20,SYS_094,AST_1C7F8816,0.505048,0,0,60.0
INSP_B6AB3E8C,2026-08-20,SYS_095,AST_62F90F82,-0.003085,0,0,60.0
INSP_1F200B1E,2026-08-20,SYS_110,AST_E0A61EF5,0.942481,0,0,60.0
INSP_2A95C940,2026-08-20,SYS_116,AST_5E7049AA,-0.141372,0,0,60.0
INSP_03BB6D5F,2026-08-20,SYS_117,AST_7EFBC641,0.46293,0,0,60.0
INSP_6584590B,2026-08-20,SYS_119,AST_D7ED7022,0.52828,0,0,60.0
INSP_A4B24575,2026-08-20,SYS_138,AST_CF66A2D6,0.137255,0,0,60.0
INSP_976E073C,2026-08-20,SYS_148,AST_4175AEE7,0.427344,0,0,60.0
INSP_1F981C00,2026-08-20,SYS_160,AST_0AFDFFDA,0.184284,0,0,60.0
INSP_2C6CD268,2026-08-20,SYS_174,AST_44D93068,0.556139,0,0,60.0
INSP_DA521092,2026-08-20,SYS_182,AST_F23ABB31,-0.010289,0,0,60.0
INSP_1874EBC0,2026-08-20,SYS_185,AST_975A46F8,0.217894,0,0,60.0
INSP_466076F3,2026-08-20,SYS_193,AST_542E2161,0.233773,0,0,60.0
INSP_B2FDFF14,2026-08-20,SYS_199,AST_60228699,-0.049687,0,0,60.0
INSP_E6FE41F8,2026-08-21,SYS_000,AST_1D950C67,0.19039,0,0,60.0
INSP_E0ED7550,2026-08-21,SYS_001,AST_31001D87,0.211206,0,0,60.0
INSP_424DF11C,2026-08-21,SYS_033,AST_85CC8DB5,0.171771,0,0,60.0
INSP_916BEEA5,2026-08-21,SYS_053,AST_28061EB4,-0.147175,0,0,60.0
INSP_18F5DBEF,2026-08-21,SYS_055,AST_8EBBC93D,-0.285104,0,0,60.0
INSP_17E0C7A9,2026-08-21,SYS_072,AST_9114CA38,0.051404,0,0,60.0
INSP_FE6F2289,2026-08-21,SYS_096,AST_BACF110E,0.379169,0,0,60.0
INSP_B91B33F7,2026-08-21,SYS_131,AST_5F0F6558,0.248856,0,0,60.0
INSP_47B7F923,2026-08-21,SYS_135,AST_21277AE1,0.294178,0,0,60.0
INSP_F201959D,2026-08-21,SYS_137,AST_84513602,0.28666,0,0,60.0
INSP_817C5B31,2026-08-21,SYS_145,AST_B769FE72,0.195125,0,0,60.0
INSP_9097E590,2026-08-21,SYS_162,AST_EF461B46,-0.125674,0,0,60.0
INSP_D4E21701,2026-08-21,SYS_167,AST_DA5CA129,0.189675,0,0,60.0
INSP_207A811A,2026-08-21,SYS_173,AST_79AF54DD,-0.229589,0,0,60.0
INSP_D66E95B8,2026-08-21,SYS_178,AST_B00C4D5A,0.278665,0,0,60.0
INSP_2D9C477F,2026-08-21,SYS_179,AST_A4A92786,0.154823,0,0,60.0
INSP_83C608B2,2026-08-21,SYS_190,AST_8728C7C0,0.232248,0,0,60.0
INSP_6FC45634,2026-08-21,SYS_192,AST_E239577B,0.390473,0,0,60.0
INSP_16EE71A5,2026-08-22,SYS_028,AST_FA33F380,0.345397,0,0,60.0
INSP_3EE7BC87,2026-08-22,SYS_047,AST_A289E0C6,0.41621,0,0,60.0
INSP_6A48408A,2026-08-22,SYS_071,AST_80D5B0B1,-0.045452,0,0,60.0
INSP_9F17697B,2026-08-22,SYS_106,AST_F98A9B0A,0.367349,0,0,60.0
INSP_BDB71185,2026-08-22,SYS_114,AST_3173531C,0.819547,0,0,60.0
INSP_E75AF740,2026-08-22,SYS_152,AST_41B40738,0.362608,0,0,60.0
INSP_51DCF7F1,2026-08-22,SYS_169,AST_8000064F,0.392005,0,0,60.0
INSP_6CD319F8,2026-08-22,SYS_189,AST_1461B4DF,0.280706,0,0,60.0
INSP_3177F66C,2026-08-23,SYS_007,AST_1E8A7064,0.270832,0,0,60.0
INSP_36CF8DBA,2026-08-23,SYS_010,AST_C7E71C43,0.074948,0,0,60.0
INSP_103DADFF,2026-08-23,SYS_024,AST_A7122853,0.756785,0,0,60.0
INSP_84FD7289,2026-08-23,SYS_025,AST_35C04CAA,-0.066527,0,0,60.0
INSP_C8CA3A34,2026-08-23,SYS_054,AST_CF52465D,0.284318,0,0,60.0
INSP_BDA50A42,2026-08-23,SYS_062,AST_6650D007,-0.028708,0,0,60.0
INSP_C549E89D,2026-08-23,SYS_065,AST_D58BC5D6,-0.100962,0,0,60.0
INSP_CA92303F,2026-08-23,SYS_084,AST_540CB132,0.575927,0,0,60.0
INSP_4F99C894,2026-08-23,SYS_101,AST_34007ADA,0.567261,0,0,60.0
INSP_706BA947,2026-08-23,SYS_113,AST_E4FD629D,0.082073,0,0,60.0
INSP_7A6A0490,2026-08-23,SYS_165,AST_B67FCA94,0.362911,0,0,60.0
INSP_E93F5151,2026-08-23,SYS_186,AST_5F538ED2,-0.091176,0,0,60.0
INSP_39869B17,2026-08-23,SYS_195,AST_D63DF779,0.200678,0,0,60.0
INSP_543B4090,2026-08-24,SYS_004,AST_2A3C8083,0.137056,0,0,60.0
INSP_10D8E1E0,2026-08-24,SYS_036,AST_AF521703,0.225408,0,0,60.0
INSP_79D5ED18,2026-08-24,SYS_045,AST_874F54F4,0.630468,0,0,60.0
INSP_EFC57D1D,2026-08-24,SYS_070,AST_6B4798CB,0.375466,0,0,60.0
INSP_ED6F50A0,2026-08-24,SYS_073,AST_B4B4FD30,0.708483,0,0,60.0
INSP_9807B428,2026-08-24,SYS_163,AST_1AB64F7F,-0.037887,0,0,60.0
INSP_FEA814B1,2026-08-24,SYS_188,AST_4A4E4500,-0.08319,0,0,60.0
INSP_FD96902D,2026-08-24,SYS_198,AST_9536ED6F,0.091986,0,0,60.0
INSP_CB868339,2026-08-25,SYS_018,AST_09F8688C,0.312491,0,0,60.0
INSP_31C46971,2026-08-25,SYS_089,AST_9FCA585A,0.588782,0,0,60.0
INSP_22F217A5,2026-08-25,SYS_093,AST_44C7F49B,0.740599,0,0,60.0
INSP_82A2FAF1,2026-08-25,SYS_129,AST_ACE438F1,0.240693,0,0,60.0
INSP_5E270715,2026-08-25,SYS_141,AST_6A853EDC,0.333878,0,0,60.0
INSP_644A5A24,2026-08-26,SYS_027,AST_D85C259B,-0.285504,0,0,60.0
INSP_56FF688D,2026-08-26,SYS_056,AST_3C038375,0.977037,1,0,60.0
INSP_06A5B4EB,2026-08-26,SYS_088,AST_C9B1A3FC,0.401898,0,0,60.0
INSP_0A281C83,2026-08-26,SYS_105,AST_5EB49036,0.446059,0,0,60.0
INSP_408337DB,2026-08-26,SYS_191,AST_9DBE0CA0,0.191602,0,0,60.0
INSP_A05B12FF,2026-08-27,SYS_057,AST_7BE79781,0.290896,0,0,60.0
INSP_29B977B9,2026-08-27,SYS_118,AST_8AEBF2EF,0.234772,0,0,60.0
INSP_E9E7599F,2026-08-28,SYS_090,AST_3E0B5895,0.982339,0,0,60.0
INSP_89BFDC8A,2026-08-28,SYS_102,AST_9DC86780,0.139349,0,0,60.0
INSP_F220EEE6,2026-08-28,SYS_140,AST_50A3AF9A,0.226441,0,0,60.0
INSP_24E994BB,2026-08-28,SYS_143,AST_6E381F34,-0.066665,0,0,60.0
INSP_10695423,2026-08-29,SYS_124,AST_FD973A42,0.343001,0,0,60.0
INSP_5A82ACFF,2026-08-31,SYS_031,AST_376308E9,-0.070751,0,0,60.0
INSP_E84A62AB,2026-08-31,SYS_142,AST_446BA282,0.308659,0,0,60.0
INSP_F67980C3,2026-09-02,SYS_039,AST_FCE0754B,0.909953,0,0,60.0
INSP_DF033F01,2026-09-03,SYS_121,AST_ED19B15F,0.493113,0,0,60.0
INSP_D2A5C01F,2026-09-03,SYS_146,AST_07E10046,0.095412,0,0,60.0
INSP_B03DCC13,2026-09-05,SYS_115,AST_2CA7708E,0.031959,0,0,60.0
INSP_B38A8037,2026-09-06,SYS_069,AST_7C64366F,0.481733,0,0,60.0
INSP_79364E01,2026-09-07,SYS_020,AST_D2040D45,0.267482,0,0,60.0
INSP_3C510A3A,2026-09-07,SYS_060,AST_14A9124D,0.847275,0,0,60.0
INSP_034DA5D3,2026-09-07,SYS_080,AST_4CAD3C4C,0.485248,0,0,60.0
INSP_6A7D332D,2026-09-07,SYS_134,AST_F0145A67,0.461697,0,0,60.0
INSP_34F19D5C,2026-09-08,SYS_111,AST_63D88318,0.738959,0,0,60.0
INSP_E877F02B,2026-09-08,SYS_125,AST_44A2D20A,0.353719,0,0,60.0
INSP_915D871F,2026-09-08,SYS_144,AST_C0D6BA50,0.552926,0,0,60.0
INSP_18A78A83,2026-09-09,SYS_108,AST_7044D6DA,0.180374,0,0,60.0
INSP_EB0FC55C,2026-09-09,SYS_172,AST_17E13A32,0.252691,0,0,60.0
INSP_698EE172,2026-09-09,SYS_175,AST_7B82F3B4,0.583605,0,0,60.0
INSP_69F89E1D,2026-09-09,SYS_181,AST_0CFA9B9D,0.143157,0,0,60.0
INSP_6E88CF7E,2026-09-10,SYS_043,AST_9D33C46E,0.327874,0,0,60.0
INSP_72D75EA9,2026-09-10,SYS_078,AST_3E97FA32,0.43778,0,0,60.0
INSP_82CE4921,2026-09-10,SYS_086,AST_2AD0C4BA,0.454287,0,0,60.0
INSP_E64D511B,2026-09-10,SYS_171,AST_865A40EE,0.650486,0,0,60.0
INSP_AF6E61AA,2026-09-11,SYS_012,AST_9A17619A,0.438123,0,0,60.0
INSP_0E746C2B,2026-09-11,SYS_030,AST_1AA888F2,0.674868,0,0,60.0
INSP_864B7561,2026-09-11,SYS_153,AST_3562B1D3,0.560473,0,0,60.0
INSP_F5AA20D6,2026-09-11,SYS_154,AST_EF2BF201,0.533283,0,0,60.0
INSP_BD2D4D35,2026-09-11,SYS_184,AST_74255B04,0.246118,0,0,60.0
INSP_6A0F89E2,2026-09-12,SYS_019,AST_4FE8472B,0.385225,0,0,60.0
INSP_5928E0FF,2026-09-12,SYS_051,AST_00D5E4DF,0.395875,0,0,60.0
INSP_597B4AF1,2026-09-12,SYS_067,AST_18BB5832,0.269458,0,0,60.0
INSP_81FC741F,2026-09-12,SYS_077,AST_BD3E0F6B,0.389508,0,0,60.0
INSP_F0F3CB18,2026-09-12,SYS_085,AST_3BD1F5F0,0.400281,0,0,60.0
INSP_71E18261,2026-09-12,SYS_104,AST_129865DC,0.909457,0,0,60.0
INSP_75FEA004,2026-09-12,SYS_107,AST_F99FC223,0.449978,0,0,60.0
INSP_56A63937,2026-09-12,SYS_127,AST_9E7FB3DC,0.300471,0,0,60.0
INSP_D1919DA1,2026-09-12,SYS_128,AST_72611532,0.406914,0,0,60.0
INSP_2616154C,2026-09-12,SYS_166,AST_D2907013,0.785426,0,0,60.0
INSP_CC73EBEF,2026-09-13,SYS_015,AST_9FECBE04,0.569447,0,0,60.0
INSP_671BC794,2026-09-13,SYS_041,AST_686AE13F,0.502314,0,0,60.0
INSP_A753BCAE,2026-09-13,SYS_055,AST_8EBBC93D,0.418391,0,0,60.0
INSP_D0AAA267,2026-09-13,SYS_058,AST_9A090429,0.115286,0,0,60.0
INSP_E85A6AF9,2026-09-13,SYS_059,AST_CD1857B0,0.231686,0,0,60.0
INSP_624AFBDE,2026-09-13,SYS_063,AST_3736A27D,0.779037,0,0,60.0
INSP_012D3BD4,2026-09-13,SYS_098,AST_3F3516F8,-0.036574,0,0,60.0
INSP_682891B9,2026-09-13,SYS_099,AST_6FC4FE83,0.139735,0,0,60.0
INSP_C071C442,2026-09-13,SYS_170,AST_F8E1EB43,0.516142,0,0,60.0
INSP_1D4E4412,2026-09-14,SYS_005,AST_F0278572,0.49297,0,0,60.0
INSP_26984BF2,2026-09-14,SYS_014,AST_5DD7F45F,0.459383,0,0,60.0
INSP_DCB576AC,2026-09-14,SYS_017,AST_FC2541D2,0.539309,0,0,60.0
INSP_AC4E691B,2026-09-14,SYS_021,AST_5F0E75B6,0.242803,0,0,60.0
INSP_6AB87988,2026-09-14,SYS_042,AST_637500FE,0.293045,0,0,60.0
INSP_4E9C9318,2026-09-14,SYS_074,AST_4FDEBE84,0.327366,0,0,60.0
INSP_459C80EF,2026-09-14,SYS_082,AST_CBABE5E0,0.387461,0,0,60.0
INSP_735162A8,2026-09-14,SYS_135,AST_21277AE1,0.58365,0,0,60.0
INSP_B115F9A5,2026-09-14,SYS_136,AST_3B5725A1,0.622109,0,0,60.0
INSP_D6EC208A,2026-09-14,SYS_145,AST_B769FE72,0.295438,0,0,60.0
INSP_1FFF31BB,2026-09-14,SYS_149,AST_851D50E8,0.162687,0,0,60.0
INSP_96E1F6A3,2026-09-14,SYS_155,AST_B533FB89,0.359329,0,0,60.0
INSP_B872C4CB,2026-09-14,SYS_157,AST_EFB3D424,0.197701,0,0,60.0
INSP_E815BCD2,2026-09-15,SYS_032,AST_EB5CAB8C,0.74698,0,0,60.0
INSP_6140BC05,2026-09-15,SYS_037,AST_646594C2,0.338455,0,0,60.0
INSP_B0AC73E8,2026-09-15,SYS_061,AST_B712CADB,0.498865,0,0,60.0
INSP_9BBC2BDE,2026-09-15,SYS_064,AST_91E28FB2,0.296153,0,0,60.0
INSP_5761A6E2,2026-09-15,SYS_092,AST_2F3B5E0C,0.145501,0,0,60.0
INSP_5D327739,2026-09-15,SYS_112,AST_50C8EA41,0.261243,0,0,60.0
INSP_177AA007,2026-09-15,SYS_132,AST_3E632D4A,0.513778,0,0,60.0
INSP_F8713DBA,2026-09-15,SYS_151,AST_7CDEA972,0.443548,0,0,60.0
INSP_E16807DC,2026-09-15,SYS_156,AST_A1A84200,0.050127,0,0,60.0
INSP_00CAF652,2026-09-15,SYS_187,AST_FDDF8CDF,0.313265,0,0,60.0
INSP_86A4D4BC,2026-09-16,SYS_008,AST_A42D0EB9,0.186915,0,0,60.0
INSP_A20EA84D,2026-09-16,SYS_025,AST_35C04CAA,0.344417,0,0,60.0
INSP_15E6F32E,2026-09-16,SYS_038,AST_463423D7,0.391696,0,0,60.0
INSP_CD4DD3C4,2026-09-16,SYS_040,AST_54696231,0.336587,0,0,60.0
INSP_32896CA8,2026-09-16,SYS_048,AST_276F649E,0.396256,0,0,60.0
INSP_005CF401,2026-09-16,SYS_050,AST_47B5D500,0.671323,0,0,60.0
INSP_C121E91E,2026-09-16,SYS_066,AST_D4EBCC8A,0.706786,0,0,60.0
INSP_91135EC1,2026-09-16,SYS_075,AST_F0C636B5,0.711583,0,0,60.0
INSP_47AF5C17,2026-09-16,SYS_079,AST_A0954F70,-0.360988,0,0,60.0
INSP_241289D5,2026-09-16,SYS_096,AST_BACF110E,0.222464,0,0,60.0
INSP_A3FD53EA,2026-09-16,SYS_114,AST_3173531C,0.85647,0,0,60.0
INSP_36EE6825,2026-09-16,SYS_162,AST_EF461B46,0.565543,0,0,60.0
INSP_87C02E16,2026-09-16,SYS_173,AST_79AF54DD,0.413043,0,0,60.0
INSP_87D6613D,2026-09-16,SYS_193,AST_542E2161,0.41507,0,0,60.0
INSP_1509B5D4,2026-09-17,SYS_002,AST_80FE10C0,0.218009,0,0,60.0
INSP_51A165E2,2026-09-17,SYS_006,AST_46C8E42D,0.934817,0,0,60.0
INSP_CA2A15D3,2026-09-17,SYS_046,AST_D5A54F20,0.688382,0,0,60.0
INSP_492DF2D3,2026-09-17,SYS_097,AST_B8163E9E,0.147047,0,0,60.0
INSP_D864C000,2026-09-17,SYS_103,AST_A47CAA3B,-0.026791,0,0,60.0
INSP_8F8A9806,2026-09-17,SYS_133,AST_EF1BA8A4,0.583081,0,0,60.0
INSP_2980CB08,2026-09-17,SYS_137,AST_84513602,0.295717,0,0,60.0
INSP_1B5D2955,2026-09-17,SYS_139,AST_A8E3D05C,0.607093,0,0,60.0
INSP_5D911881,2026-09-17,SYS_158,AST_A53AF30A,0.569994,0,0,60.0
INSP_F58147B2,2026-09-17,SYS_164,AST_1BC5523D,0.481496,0,0,60.0
INSP_946EDD27,2026-09-17,SYS_182,AST_F23ABB31,0.494245,0,0,60.0
INSP_C1913DBC,2026-09-17,SYS_183,AST_0C23E532,0.438439,0,0,60.0
INSP_25047DA9,2026-09-17,SYS_196,AST_7478E17A,0.424001,0,0,60.0
INSP_DFD13F03,2026-09-18,SYS_009,AST_F3465562,0.651417,0,0,60.0
INSP_4099F0E2,2026-09-18,SYS_016,AST_D8F09DCD,0.425455,0,0,60.0
INSP_5D373DC3,2026-09-18,SYS_023,AST_4FDD87EC,0.452751,0,0,60.0
INSP_FCA70638,2026-09-18,SYS_026,AST_80ADF900,0.515946,0,0,60.0
INSP_1B440DDA,2026-09-18,SYS_029,AST_D8B5E47D,0.235069,0,0,60.0
INSP_1689DF4A,2026-09-18,SYS_033,AST_85CC8DB5,0.383996,0,0,60.0
INSP_D01E7868,2026-09-18,SYS_076,AST_ADF021F6,0.616605,0,0,60.0
INSP_69D00691,2026-09-18,SYS_089,AST_9FCA585A,1.19426,0,1,60.0
INSP_4CAFDB1F,2026-09-18,SYS_095,AST_62F90F82,0.267668,0,0,60.0
INSP_3BCAF40B,2026-09-18,SYS_106,AST_F98A9B0A,0.604107,0,0,60.0
INSP_B4D0AFC8,2026-09-18,SYS_123,AST_07C775B8,0.500355,0,0,60.0
INSP_A4C84B92,2026-09-18,SYS_130,AST_EDA290E3,0.848076,0,0,60.0
INSP_DD32CA7D,2026-09-18,SYS_179,AST_A4A92786,0.095967,0,0,60.0
INSP_51D5FF4C,2026-09-18,SYS_180,AST_85B7D7F3,-0.076151,0,0,60.0
INSP_A4D432B1,2026-09-19,SYS_054,AST_CF52465D,0.538709,0,0,60.0
INSP_FFFD61A3,2026-09-19,SYS_087,AST_C8E8F242,0.646867,0,0,60.0
INSP_D3185336,2026-09-19,SYS_148,AST_4175AEE7,0.600033,0,0,60.0
INSP_778AC556,2026-09-19,SYS_159,AST_4E142F2E,0.625566,0,0,60.0
INSP_9D970DAB,2026-09-19,SYS_168,AST_6D9E4A35,0.185541,0,0,60.0
INSP_AC758616,2026-09-19,SYS_185,AST_975A46F8,0.52264,0,0,60.0
INSP_A7D67DFA,2026-09-19,SYS_190,AST_8728C7C0,0.516235,0,0,60.0
INSP_5D31448B,2026-09-19,SYS_192,AST_E239577B,0.355094,0,0,60.0
INSP_64019DFA,2026-09-20,SYS_007,AST_1E8A7064,0.285403,0,0,60.0
INSP_97FE9E1A,2026-09-20,SYS_011,AST_EFDE0A1F,0.453019,0,0,60.0
INSP_A0772DD2,2026-09-20,SYS_034,AST_4A79E031,0.638119,0,0,60.0
INSP_C6303951,2026-09-20,SYS_035,AST_ED4417E7,0.261616,0,0,60.0
INSP_668AD25A,2026-09-20,SYS_047,AST_A289E0C6,0.241069,0,0,60.0
INSP_2F3DF148,2026-09-20,SYS_068,AST_DF8A8AFC,0.468794,0,0,60.0
INSP_CAF40CDA,2026-09-20,SYS_072,AST_9114CA38,0.444246,0,0,60.0
INSP_8DD268E4,2026-09-20,SYS_083,AST_B8EEFEEA,0.636284,0,0,60.0
INSP_5596B19E,2026-09-20,SYS_100,AST_545FEF90,0.668187,0,0,60.0
INSP_C643F4B1,2026-09-20,SYS_109,AST_AAFA2658,0.538472,0,0,60.0
INSP_91B970F7,2026-09-20,SYS_110,AST_E0A61EF5,0.306949,0,0,60.0
INSP_0F8BD193,2026-09-20,SYS_116,AST_5E7049AA,0.552172,0,0,60.0
INSP_A21528BF,2026-09-20,SYS_122,AST_16ADD47C,0.648388,0,0,60.0
INSP_0DEFAC4B,2026-09-20,SYS_126,AST_4A86B41A,0.377829,0,0,60.0
INSP_431E41FB,2026-09-20,SYS_131,AST_5F0F6558,0.607554,0,0,60.0
INSP_450ABA4F,2026-09-20,SYS_138,AST_CF66A2D6,0.31047,0,0,60.0
INSP_6840280B,2026-09-20,SYS_161,AST_22D39DAB,0.200612,0,0,60.0
INSP_48DF124A,2026-09-20,SYS_176,AST_3F176361,0.36998,0,0,60.0
INSP_1A511D7C,2026-09-20,SYS_177,AST_1B4FFA0A,0.451497,0,0,60.0
INSP_1A8E1364,2026-09-20,SYS_194,AST_28E46A29,0.458306,0,0,60.0
INSP_50843EE6,2026-09-20,SYS_199,AST_60228699,0.094535,0,0,60.0
INSP_C72A64A5,2026-09-21,SYS_027,AST_D85C259B,0.380286,0,0,60.0
INSP_E056FF93,2026-09-21,SYS_028,AST_FA33F380,0.738407,0,0,60.0
INSP_8F53685D,2026-09-21,SYS_053,AST_28061EB4,0.322837,0,0,60.0
INSP_1CED8C7D,2026-09-21,SYS_056,AST_3C038375,1.428762,1,1,60.0
INSP_D6CA1F89,2026-09-21,SYS_062,AST_6650D007,0.447143,0,0,60.0
INSP_0A5E5103,2026-09-21,SYS_071,AST_80D5B0B1,0.712375,0,0,60.0
INSP_0878CCC6,2026-09-21,SYS_081,AST_F4FEA9E2,0.269947,0,0,60.0
INSP_CD259BB2,2026-09-21,SYS_084,AST_540CB132,0.379208,0,0,60.0
INSP_82E98B34,2026-09-21,SYS_091,AST_28413C6D,0.216537,0,0,60.0
INSP_02917188,2026-09-21,SYS_117,AST_7EFBC641,0.304402,0,0,60.0
INSP_C4800A39,2026-09-21,SYS_186,AST_5F538ED2,0.22311,0,0,60.0
INSP_D70DF2EA,2026-09-22,SYS_000,AST_1D950C67,0.401466,0,0,60.0
INSP_7B772313,2026-09-22,SYS_003,AST_D5F10B7B,0.63674,0,0,60.0
INSP_B688FB4F,2026-09-22,SYS_013,AST_57CD1D3F,0.481649,0,0,60.0
INSP_D890390D,2026-09-22,SYS_070,AST_6B4798CB,0.571147,0,0,60.0
INSP_1B97D8D3,2026-09-22,SYS_073,AST_B4B4FD30,0.709456,0,0,60.0
INSP_2633AAE9,2026-09-22,SYS_094,AST_1C7F8816,0.337944,0,0,60.0
INSP_18A4B190,2026-09-22,SYS_197,AST_328BA7F4,0.50614,0,0,60.0
INSP_CA08EC0D,2026-09-23,SYS_001,AST_31001D87,0.529298,0,0,60.0
INSP_A3169265,2026-09-23,SYS_049,AST_1476FBE4,0.571848,0,0,60.0
INSP_9877CCA6,2026-09-23,SYS_129,AST_ACE438F1,0.384289,0,0,60.0
INSP_F74C0D0C,2026-09-23,SYS_160,AST_0AFDFFDA,0.510908,0,0,60.0
INSP_9EF953FA,2026-09-23,SYS_189,AST_1461B4DF,0.45074,0,0,60.0
INSP_F0524D60,2026-09-24,SYS_036,AST_AF521703,0.552806,0,0,60.0
INSP_A6819418,2026-09-24,SYS_113,AST_E4FD629D,0.638743,0,0,60.0
INSP_34CE92A8,2026-09-24,SYS_119,AST_D7ED7022,0.57158,0,0,60.0
INSP_8ACDC724,2026-09-24,SYS_120,AST_6785A3E8,0.412523,0,0,60.0
INSP_29A39B75,2026-09-24,SYS_141,AST_6A853EDC,0.377273,0,0,60.0
INSP_AEBAC199,2026-09-24,SYS_150,AST_D40719C5,0.859548,0,0,60.0
INSP_1173A8C2,2026-09-24,SYS_169,AST_8000064F,0.509126,0,0,60.0
INSP_B641B724,2026-09-24,SYS_198,AST_9536ED6F,0.566866,0,0,60.0
INSP_0A4362E9,2026-09-25,SYS_065,AST_D58BC5D6,0.706038,0,0,60.0
INSP_5F7B719B,2026-09-25,SYS_088,AST_C9B1A3FC,0.559599,0,0,60.0
INSP_9AA3229D,2026-09-25,SYS_152,AST_41B40738,0.487815,0,0,60.0
INSP_B7AD5254,2026-09-25,SYS_165,AST_B67FCA94,0.241366,0,0,60.0
INSP_7416ADF7,2026-09-25,SYS_188,AST_4A4E4500,0.32933,0,0,60.0
INSP_A3B194A6,2026-09-26,SYS_024,AST_A7122853,0.808305,0,0,60.0
INSP_E79DB99F,2026-09-26,SYS_044,AST_40389ACC,0.785385,0,0,60.0
INSP_A35088D9,2026-09-26,SYS_057,AST_7BE79781,0.194512,0,0,60.0
INSP_F693EE59,2026-09-26,SYS_090,AST_3E0B5895,1.268092,1,1,60.0
INSP_995757A4,2026-09-26,SYS_143,AST_6E381F34,0.253867,0,0,60.0
INSP_1C7FA9B6,2026-09-26,SYS_174,AST_44D93068,0.84967,0,0,60.0
INSP_A53B5882,2026-09-26,SYS_178,AST_B00C4D5A,0.431739,0,0,60.0
INSP_6E7598B6,2026-09-27,SYS_004,AST_2A3C8083,0.278689,0,0,60.0
INSP_AEDBFD5F,2026-09-27,SYS_140,AST_50A3AF9A,0.722386,0,0,60.0
INSP_205B5E5D,2026-09-27,SYS_147,AST_8CAA5E21,0.063779,0,0,60.0
INSP_DB14BBD5,2026-09-28,SYS_101,AST_FBD9E0F7,-0.139189,0,0,60.0
INSP_34D9B5BB,2026-09-28,SYS_146,AST_07E10046,0.731579,0,0,60.0
INSP_AF4ABBA7,2026-09-28,SYS_163,AST_1AB64F7F,0.228141,0,0,60.0
INSP_74597FAF,2026-09-28,SYS_195,AST_D63DF779,0.561968,0,0,60.0
INSP_9E4DA101,2026-09-29,SYS_115,AST_2CA7708E,0.368841,0,0,60.0
INSP_7BF2FB02,2026-09-29,SYS_167,AST_DA5CA129,0.427451,0,0,60.0
INSP_E3DA7713,2026-09-30,SYS_020,AST_D2040D45,0.247485,0,0,60.0
INSP_FB24CF2C,2026-09-30,SYS_060,AST_14A9124D,1.227563,1,1,60.0
INSP_9C31C2AB,2026-09-30,SYS_105,AST_5EB49036,0.772909,0,0,60.0
INSP_BEFF61BC,2026-09-30,SYS_118,AST_8AEBF2EF,0.398979,0,0,60.0
INSP_EE96FA0E,2026-09-30,SYS_142,AST_446BA282,0.477402,0,0,60.0
INSP_4C579C16,2026-10-01,SYS_045,AST_874F54F4,0.88466,0,0,60.0
INSP_27AFDE5A,2026-10-01,SYS_093,AST_44C7F49B,0.461779,0,0,60.0
INSP_8A2B3C2A,2026-10-01,SYS_102,AST_9DC86780,0.340001,0,0,60.0
INSP_46A6DB13,2026-10-01,SYS_121,AST_ED19B15F,0.594614,0,0,60.0
INSP_70FFBC83,2026-10-03,SYS_018,AST_09F8688C,0.732892,0,0,60.0
INSP_1160A0CA,2026-10-03,SYS_039,AST_FCE0754B,0.821451,1,0,60.0
INSP_D4806FEA,2026-10-03,SYS_052,AST_D95FA336,0.218441,0,0,60.0
INSP_62EF4ACB,2026-10-03,SYS_080,AST_4CAD3C4C,0.797194,0,0,60.0
INSP_11ADCE76,2026-10-04,SYS_022,AST_B16A756D,-0.036703,0,0,60.0
INSP_EDFAFFE0,2026-10-04,SYS_031,AST_376308E9,0.604981,0,0,60.0
INSP_C5771C77,2026-10-04,SYS_191,AST_9DBE0CA0,0.422535,0,0,60.0
INSP_7E16C5A7,2026-10-05,SYS_012,AST_9A17619A,0.563853,0,0,60.0
INSP_95799A53,2026-10-05,SYS_111,AST_63D88318,0.649834,0,0,60.0
INSP_ED28B780,2026-10-05,SYS_124,AST_FD973A42,0.669602,0,0,60.0
INSP_A2145D6A,2026-10-06,SYS_108,AST_7044D6DA,0.465638,0,0,60.0
INSP_2FC50C05,2026-10-07,SYS_085,AST_3BD1F5F0,0.708908,0,0,60.0
INSP_AFF90482,2026-10-07,SYS_166,AST_D2907013,0.614976,0,0,60.0
INSP_4A3828AD,2026-10-08,SYS_006,AST_46C8E42D,0.592884,0,0,60.0
INSP_7930AE33,2026-10-08,SYS_015,AST_9FECBE04,0.558411,0,0,60.0
INSP_D87185F2,2026-10-08,SYS_107,AST_F99FC223,0.41835,0,0,60.0
INSP_CBC3B472,2026-10-09,SYS_075,AST_F0C636B5,0.907693,0,0,60.0
INSP_8913E821,2026-10-09,SYS_171,AST_865A40EE,0.46704,0,0,60.0
INSP_2529803C,2026-10-09,SYS_181,AST_0CFA9B9D,0.412267,0,0,60.0
INSP_BE286D9E,2026-10-10,SYS_030,AST_1AA888F2,0.750816,0,0,60.0
INSP_6F79598D,2026-10-10,SYS_032,AST_EB5CAB8C,0.50705,0,0,60.0
INSP_955B2ABF,2026-10-10,SYS_064,AST_91E28FB2,0.305383,0,0,60.0
INSP_EA711CA5,2026-10-10,SYS_125,AST_44A2D20A,0.389245,0,0,60.0
INSP_B828C019,2026-10-10,SYS_127,AST_9E7FB3DC,0.395093,0,0,60.0
INSP_EB07F3C7,2026-10-10,SYS_154,AST_EF2BF201,0.731379,0,0,60.0
INSP_8A426AE2,2026-10-10,SYS_170,AST_F8E1EB43,0.593701,0,0,60.0
INSP_23B7D04C,2026-10-10,SYS_193,AST_542E2161,0.589517,0,0,60.0
INSP_CD2816A8,2026-10-11,SYS_069,AST_7C64366F,0.889817,0,0,60.0
INSP_EDAFDD9B,2026-10-11,SYS_082,AST_CBABE5E0,0.733549,0,0,60.0
INSP_A93ACDF8,2026-10-11,SYS_086,AST_2AD0C4BA,1.104131,0,1,60.0
INSP_54C6A294,2026-10-11,SYS_144,AST_C0D6BA50,0.404584,0,0,60.0
INSP_B5659FF3,2026-10-11,SYS_153,AST_3562B1D3,0.560031,0,0,60.0
INSP_2A6F1909,2026-10-11,SYS_159,AST_4E142F2E,0.560173,0,0,60.0
INSP_55EB06EB,2026-10-12,SYS_019,AST_4FE8472B,0.299969,0,0,60.0
INSP_F887A819,2026-10-12,SYS_041,AST_686AE13F,0.641711,0,0,60.0
INSP_8F035316,2026-10-12,SYS_058,AST_9A090429,0.385235,0,0,60.0
INSP_ED40A914,2026-10-12,SYS_067,AST_18BB5832,0.774795,0,0,60.0
INSP_4D9F6039,2026-10-12,SYS_098,AST_3F3516F8,0.481642,0,0,60.0
INSP_5499BD0D,2026-10-12,SYS_134,AST_F0145A67,0.538523,0,0,60.0
INSP_3B5EB6BA,2026-10-12,SYS_137,AST_84513602,0.501972,0,0,60.0
INSP_C2B6B06C,2026-10-12,SYS_155,AST_B533FB89,0.342451,0,0,60.0
INSP_AF62CE93,2026-10-12,SYS_158,AST_A53AF30A,0.463919,0,0,60.0
INSP_A74AB1BC,2026-10-13,SYS_021,AST_5F0E75B6,0.801944,0,0,60.0
INSP_4075E050,2026-10-13,SYS_059,AST_CD1857B0,0.454656,0,0,60.0
INSP_DD4981E6,2026-10-13,SYS_078,AST_3E97FA32,0.324099,0,0,60.0
INSP_E215C1E6,2026-10-13,SYS_092,AST_2F3B5E0C,0.4087,0,0,60.0
INSP_202EBAF7,2026-10-13,SYS_096,AST_BACF110E,0.459664,0,0,60.0
INSP_94C41DA7,2026-10-13,SYS_099,AST_6FC4FE83,0.14776,0,0,60.0
INSP_5CE3B053,2026-10-13,SYS_123,AST_07C775B8,1.109471,0,1,60.0
INSP_682137DD,2026-10-13,SYS_130,AST_EDA290E3,0.116599,0,0,60.0
INSP_E3224D89,2026-10-13,SYS_132,AST_3E632D4A,0.331144,0,0,60.0
INSP_6680A066,2026-10-13,SYS_151,AST_7CDEA972,0.879633,0,0,60.0
INSP_F4393BC1,2026-10-13,SYS_164,AST_1BC5523D,0.601142,0,0,60.0
INSP_C58EC3A4,2026-10-13,SYS_172,AST_17E13A32,0.363513,0,0,60.0
INSP_DD181E3C,2026-10-13,SYS_175,AST_7B82F3B4,1.057818,0,1,60.0
INSP_959CA929,2026-10-14,SYS_037,AST_646594C2,0.433109,0,0,60.0
INSP_43538DF3,2026-10-14,SYS_076,AST_ADF021F6,0.57994,0,0,60.0
INSP_BFADCD30,2026-10-14,SYS_106,AST_F98A9B0A,0.662507,0,0,60.0
INSP_081D64D6,2026-10-14,SYS_135,AST_21277AE1,0.56596,0,0,60.0
INSP_62036873,2026-10-15,SYS_000,AST_1D950C67,0.712545,0,0,60.0
INSP_29AACB24,2026-10-15,SYS_008,AST_A42D0EB9,0.637532,0,0,60.0
INSP_3DE10BF2,2026-10-15,SYS_014,AST_5DD7F45F,0.554802,0,0,60.0
INSP_91F1818A,2026-10-15,SYS_038,AST_463423D7,0.798283,0,0,60.0
INSP_66E8F375,2026-10-15,SYS_048,AST_276F649E,0.61633,0,0,60.0
INSP_9637C341,2026-10-15,SYS_055,AST_8EBBC93D,0.692899,0,0,60.0
INSP_C760FE94,2026-10-15,SYS_061,AST_B712CADB,0.508832,0,0,60.0
INSP_B7A29E29,2026-10-15,SYS_066,AST_D4EBCC8A,0.646335,0,0,60.0
INSP_C6FA0F81,2026-10-15,SYS_104,AST_129865DC,0.946828,1,0,60.0
INSP_7EB48A93,2026-10-15,SYS_156,AST_A1A84200,0.576939,0,0,60.0
INSP_CCCE53F9,2026-10-15,SYS_183,AST_0C23E532,0.470117,0,0,60.0
INSP_A5B924DB,2026-10-16,SYS_017,AST_FC2541D2,0.730101,0,0,60.0
INSP_2F72FD4B,2026-10-16,SYS_042,AST_637500FE,0.658106,0,0,60.0
INSP_68C04BB3,2026-10-16,SYS_065,AST_D58BC5D6,0.83794,0,0,60.0
INSP_0464CA90,2026-10-16,SYS_077,AST_BD3E0F6B,0.78317,0,0,60.0
INSP_39477AA3,2026-10-16,SYS_079,AST_A0954F70,0.59243,0,0,60.0
INSP_D8710972,2026-10-16,SYS_103,AST_A47CAA3B,0.846653,0,0,60.0
INSP_F750ADC4,2026-10-16,SYS_112,AST_50C8EA41,0.611665,0,0,60.0
INSP_F9BCAAA1,2026-10-16,SYS_185,AST_975A46F8,1.014618,0,1,60.0
INSP_D8602E16,2026-10-16,SYS_187,AST_FDDF8CDF,0.533817,0,0,60.0
INSP_7B8451CC,2026-10-17,SYS_027,AST_D85C259B,0.941112,0,0,60.0
INSP_BF61E7A7,2026-10-17,SYS_050,AST_47B5D500,0.53888,0,0,60.0
INSP_5A617638,2026-10-17,SYS_090,AST_3E0B5895,0.376112,0,0,60.0
INSP_8E328091,2026-10-17,SYS_109,AST_AAFA2658,0.791144,0,0,60.0
INSP_CC5B5A4E,2026-10-17,SYS_128,AST_72611532,0.483926,0,0,60.0
INSP_D9013BBB,2026-10-17,SYS_129,AST_ACE438F1,0.536263,0,0,60.0
INSP_F12D9BB9,2026-10-17,SYS_139,AST_A8E3D05C,0.728196,0,0,60.0
INSP_89D98713,2026-10-17,SYS_145,AST_B769FE72,0.71275,0,0,60.0
INSP_48615E5D,2026-10-17,SYS_162,AST_EF461B46,0.607805,0,0,60.0
INSP_ADEDF40A,2026-10-17,SYS_184,AST_74255B04,0.618098,0,0,60.0
INSP_78E80D60,2026-10-17,SYS_190,AST_8728C7C0,0.881767,0,0,60.0
INSP_1DEC4859,2026-10-17,SYS_196,AST_7478E17A,0.493968,0,0,60.0
INSP_A0D4A640,2026-10-17,SYS_199,AST_60228699,0.687468,0,0,60.0
INSP_35F1CCEE,2026-10-18,SYS_009,AST_F3465562,0.745685,0,0,60.0
INSP_62585B1B,2026-10-18,SYS_010,AST_2BF22A72,0.227483,0,0,60.0
INSP_52A42898,2026-10-18,SYS_016,AST_D8F09DCD,0.691734,0,0,60.0
INSP_EC4591F1,2026-10-18,SYS_023,AST_4FDD87EC,0.926641,0,0,60.0
INSP_69AFBC1A,2026-10-18,SYS_025,AST_35C04CAA,0.354183,0,0,60.0
INSP_FAEB2505,2026-10-18,SYS_034,AST_4A79E031,0.768418,0,0,60.0
INSP_2255D2B4,2026-10-18,SYS_035,AST_ED4417E7,0.802131,0,0,60.0
INSP_54AA994D,2026-10-18,SYS_040,AST_54696231,0.822407,0,0,60.0
INSP_D6B9F1F6,2026-10-18,SYS_081,AST_F4FEA9E2,0.838967,0,0,60.0
INSP_62F2E391,2026-10-18,SYS_084,AST_540CB132,1.075441,0,1,60.0
INSP_6EBD4C2C,2026-10-18,SYS_087,AST_C8E8F242,0.963621,0,0,60.0
INSP_7F8A172C,2026-10-18,SYS_131,AST_5F0F6558,0.477843,0,0,60.0
INSP_02846177,2026-10-18,SYS_177,AST_1B4FFA0A,0.52064,0,0,60.0
INSP_6963D6A4,2026-10-18,SYS_194,AST_28E46A29,0.536719,0,0,60.0
INSP_E136F0B5,2026-10-19,SYS_005,AST_F0278572,0.836771,0,0,60.0
INSP_CB7612C5,2026-10-19,SYS_046,AST_D5A54F20,0.963221,0,0,60.0
INSP_43DFC478,2026-10-19,SYS_051,AST_00D5E4DF,0.504624,0,0,60.0
INSP_9E2B4846,2026-10-19,SYS_053,AST_28061EB4,0.55969,0,0,60.0
INSP_D151ADFF,2026-10-19,SYS_063,AST_3736A27D,0.732555,0,0,60.0
INSP_B08AAAE3,2026-10-19,SYS_070,AST_6B4798CB,0.747754,0,0,60.0
INSP_B782AE8F,2026-10-19,SYS_088,AST_C9B1A3FC,0.758094,0,0,60.0
INSP_96FF7222,2026-10-19,SYS_094,AST_1C7F8816,0.865198,0,0,60.0
INSP_CA7D0ACA,2026-10-19,SYS_095,AST_62F90F82,0.674994,0,0,60.0
INSP_0BF9F9B5,2026-10-19,SYS_126,AST_4A86B41A,0.626593,0,0,60.0
INSP_1D3A0954,2026-10-19,SYS_176,AST_3F176361,0.355527,0,0,60.0
INSP_8E93AFD3,2026-10-19,SYS_178,AST_B00C4D5A,0.479567,0,0,60.0
INSP_23EE115A,2026-10-19,SYS_180,AST_85B7D7F3,0.876624,0,0,60.0
INSP_6B0EF91B,2026-10-19,SYS_192,AST_E239577B,0.724423,0,0,60.0
INSP_6483EB12,2026-10-20,SYS_083,AST_B8EEFEEA,0.392368,0,0,60.0
INSP_F2427C6A,2026-10-20,SYS_097,AST_B8163E9E,0.694382,0,0,60.0
INSP_28AE2DBC,2026-10-20,SYS_133,AST_EF1BA8A4,1.123347,0,1,60.0
INSP_FE7837BB,2026-10-20,SYS_160,AST_0AFDFFDA,0.374853,0,0,60.0
INSP_1AA64D99,2026-10-20,SYS_169,AST_8000064F,1.08491,0,1,60.0
INSP_531B3D00,2026-10-20,SYS_173,AST_79AF54DD,0.622064,0,0,60.0
INSP_F1DB934C,2026-10-20,SYS_179,AST_A4A92786,0.317843,0,0,60.0
INSP_AD65737B,2026-10-20,SYS_182,AST_F23ABB31,0.730837,0,0,60.0
INSP_7439C03A,2026-10-20,SYS_186,AST_5F538ED2,0.686178,0,0,60.0
INSP_D8ED110E,2026-10-21,SYS_001,AST_31001D87,0.601917,0,0,60.0
INSP_AE85B86E,2026-10-21,SYS_002,AST_80FE10C0,0.535671,0,0,60.0
INSP_6BE8218D,2026-10-21,SYS_011,AST_EFDE0A1F,1.081715,0,1,60.0
INSP_C925465F,2026-10-21,SYS_013,AST_57CD1D3F,0.740907,0,0,60.0
INSP_63E598C0,2026-10-21,SYS_043,AST_9D33C46E,0.719839,0,0,60.0
INSP_87B99470,2026-10-21,SYS_047,AST_A289E0C6,0.782833,0,0,60.0
INSP_97205FF6,2026-10-21,SYS_072,AST_9114CA38,0.754201,0,0,60.0
INSP_94CCB5C2,2026-10-21,SYS_073,AST_B4B4FD30,0.824167,0,0,60.0
INSP_CC0102D5,2026-10-21,SYS_074,AST_4FDEBE84,0.697868,0,0,60.0
INSP_B71483A7,2026-10-21,SYS_100,AST_545FEF90,0.915481,0,0,60.0
INSP_B54038D2,2026-10-21,SYS_117,AST_7EFBC641,0.769444,0,0,60.0
INSP_95221973,2026-10-22,SYS_026,AST_80ADF900,0.589948,0,0,60.0
INSP_496933C6,2026-10-22,SYS_028,AST_FA33F380,0.972776,0,0,60.0
INSP_4B489262,2026-10-22,SYS_036,AST_AF521703,0.542401,0,0,60.0
INSP_1FC05387,2026-10-22,SYS_054,AST_CF52465D,0.696334,0,0,60.0
INSP_BA3E55E8,2026-10-22,SYS_089,AST_9FCA585A,0.673951,0,0,60.0
INSP_4EEE5CEE,2026-10-22,SYS_110,AST_E0A61EF5,0.803487,0,0,60.0
INSP_456A78EF,2026-10-22,SYS_116,AST_5E7049AA,0.624871,0,0,60.0
INSP_00BAE4EA,2026-10-22,SYS_122,AST_16ADD47C,0.591197,0,0,60.0
INSP_5804FCA6,2026-10-22,SYS_138,AST_CF66A2D6,0.805588,0,0,60.0
INSP_28723DB0,2026-10-22,SYS_149,AST_851D50E8,0.584918,0,0,60.0
INSP_C1E7E044,2026-10-22,SYS_157,AST_EFB3D424,0.974019,0,0,60.0
INSP_33F5F56A,2026-10-22,SYS_174,AST_44D93068,0.616884,0,0,60.0
INSP_7D2087A9,2026-10-23,SYS_062,AST_6650D007,0.96788,0,0,60.0
INSP_F1B70097,2026-10-23,SYS_091,AST_28413C6D,0.329375,0,0,60.0
INSP_76F4F904,2026-10-23,SYS_115,AST_2CA7708E,0.775891,0,0,60.0
INSP_EF9737DE,2026-10-23,SYS_120,AST_6785A3E8,0.547433,0,0,60.0
INSP_6C489A30,2026-10-23,SYS_165,AST_B67FCA94,0.585749,0,0,60.0
INSP_4873FC99,2026-10-23,SYS_168,AST_6D9E4A35,0.478752,0,0,60.0
INSP_718E5AEF,2026-10-24,SYS_068,AST_DF8A8AFC,0.407422,0,0,60.0
INSP_450F135D,2026-10-24,SYS_071,AST_80D5B0B1,0.585557,0,0,60.0
INSP_505D3F0E,2026-10-24,SYS_161,AST_22D39DAB,0.781612,0,0,60.0
INSP_E47BB6E7,2026-10-25,SYS_003,AST_D5F10B7B,1.007964,0,1,60.0
INSP_CA374B91,2026-10-25,SYS_029,AST_D8B5E47D,0.741798,0,0,60.0
INSP_F7FBDCB7,2026-10-25,SYS_060,AST_14A9124D,0.178593,0,0,60.0
INSP_D438B842,2026-10-25,SYS_102,AST_9DC86780,0.81864,0,0,60.0
INSP_73F849E7,2026-10-25,SYS_111,AST_63D88318,0.69429,0,0,60.0
INSP_CB8DC158,2026-10-25,SYS_114,AST_E6A0785D,0.205175,0,0,60.0
INSP_83890345,2026-10-25,SYS_197,AST_328BA7F4,0.739088,0,0,60.0
INSP_E0B1D3F8,2026-10-25,SYS_198,AST_9536ED6F,0.879391,0,0,60.0
INSP_3B0A3CD8,2026-10-26,SYS_007,AST_1E8A7064,0.632642,0,0,60.0
INSP_F207E78C,2026-10-26,SYS_033,AST_85CC8DB5,0.662762,0,0,60.0
INSP_CB1629F6,2026-10-26,SYS_148,AST_4175AEE7,1.060926,0,1,60.0
INSP_62982B4C,2026-10-27,SYS_044,AST_40389ACC,0.881549,0,0,60.0
INSP_00D7CA8B,2026-10-27,SYS_049,AST_1476FBE4,0.592739,0,0,60.0
INSP_73BA0074,2026-10-27,SYS_113,AST_E4FD629D,0.906479,0,0,60.0
INSP_3C8D71D6,2026-10-27,SYS_141,AST_6A853EDC,0.544371,0,0,60.0
INSP_AF40B100,2026-10-27,SYS_142,AST_446BA282,0.688535,0,0,60.0
INSP_61625A8D,2026-10-27,SYS_146,AST_07E10046,0.767329,0,0,60.0
INSP_3638DD7D,2026-10-27,SYS_147,AST_8CAA5E21,1.014214,0,1,60.0
INSP_1F5950AF,2026-10-28,SYS_152,AST_41B40738,0.95882,0,0,60.0
INSP_30FEEAE5,2026-10-28,SYS_189,AST_1461B4DF,0.645811,0,0,60.0
INSP_F2CBE37C,2026-10-29,SYS_004,AST_2A3C8083,0.72462,0,0,60.0
INSP_E36F1F30,2026-10-29,SYS_024,AST_A7122853,1.280434,1,1,60.0
INSP_A5F24EA6,2026-10-29,SYS_118,AST_8AEBF2EF,0.738863,0,0,60.0
INSP_F767AB2C,2026-10-29,SYS_143,AST_6E381F34,0.353809,0,0,60.0
INSP_D2937712,2026-10-30,SYS_105,AST_5EB49036,1.115843,0,1,60.0
INSP_BB4683DD,2026-10-31,SYS_012,AST_9A17619A,0.370034,0,0,60.0
INSP_F0773F6E,2026-10-31,SYS_140,AST_50A3AF9A,0.620663,0,0,60.0
INSP_CDFAAA1F,2026-10-31,SYS_163,AST_1AB64F7F,0.831796,0,0,60.0
INSP_C63652F3,2026-11-01,SYS_101,AST_FBD9E0F7,0.733645,0,0,60.0
INSP_40A42AE5,2026-11-02,SYS_031,AST_376308E9,0.728479,0,0,60.0
INSP_9C58F48D,2026-11-02,SYS_069,AST_7C64366F,0.658648,0,0,60.0
INSP_FC2339CD,2026-11-02,SYS_093,AST_44C7F49B,0.694129,0,0,60.0
INSP_08D04F57,2026-11-02,SYS_119,AST_D7ED7022,0.477536,0,0,60.0
INSP_7055DA22,2026-11-02,SYS_188,AST_4A4E4500,0.640582,0,0,60.0
INSP_2E9BFDF2,2026-11-03,SYS_150,AST_170FE077,0.150364,0,0,60.0
INSP_3D4A28B2,2026-11-03,SYS_167,AST_DA5CA129,0.589642,0,0,60.0
INSP_19C9EB09,2026-11-03,SYS_195,AST_D63DF779,0.786762,0,0,60.0
INSP_B0495948,2026-11-04,SYS_057,AST_7BE79781,0.690873,0,0,60.0
INSP_01723824,2026-11-04,SYS_107,AST_F99FC223,0.949097,0,0,60.0
INSP_89D0C118,2026-11-04,SYS_121,AST_ED19B15F,0.653516,0,0,60.0
INSP_C1820D93,2026-11-05,SYS_015,AST_9FECBE04,0.766498,0,0,60.0
INSP_A2170A44,2026-11-05,SYS_018,AST_09F8688C,0.91114,0,0,60.0
INSP_07419922,2026-11-05,SYS_045,AST_874F54F4,0.856365,0,0,60.0
INSP_23ED23C4,2026-11-05,SYS_064,AST_91E28FB2,0.636052,0,0,60.0
INSP_A6839A40,2026-11-05,SYS_092,AST_2F3B5E0C,1.029709,0,1,60.0
INSP_19FBF12F,2026-11-05,SYS_123,AST_07C775B8,0.628099,0,0,60.0
INSP_6A48711B,2026-11-06,SYS_080,AST_4CAD3C4C,0.960661,0,0,60.0
INSP_E0C3B8F2,2026-11-06,SYS_108,AST_7044D6DA,0.659271,0,0,60.0
INSP_FFBD011A,2026-11-06,SYS_166,AST_D2907013,0.760753,0,0,60.0
INSP_7E1B3BF0,2026-11-06,SYS_191,AST_9DBE0CA0,0.772677,0,0,60.0
INSP_FBB7D518,2026-11-07,SYS_006,AST_46C8E42D,1.008955,0,1,60.0
INSP_48B21515,2026-11-07,SYS_020,AST_D2040D45,0.453045,0,0,60.0
INSP_F230C749,2026-11-07,SYS_022,AST_B16A756D,0.540297,0,0,60.0
INSP_9A1F2339,2026-11-07,SYS_052,AST_D95FA336,0.237944,0,0,60.0
INSP_FC60BF78,2026-11-07,SYS_130,AST_EDA290E3,1.080104,0,1,60.0
INSP_FB8D0A49,2026-11-08,SYS_124,AST_FD973A42,1.028006,0,1,60.0
INSP_0107FC08,2026-11-08,SYS_156,AST_A1A84200,0.63483,0,0,60.0
INSP_27D16A11,2026-11-08,SYS_181,AST_0CFA9B9D,1.52488,0,1,60.0
INSP_187B087B,2026-11-09,SYS_021,AST_5F0E75B6,0.478196,0,0,60.0
INSP_5AF92D81,2026-11-09,SYS_030,AST_1AA888F2,1.157067,0,1,60.0
INSP_F8CF8FC5,2026-11-09,SYS_035,AST_ED4417E7,1.004642,0,1,60.0
INSP_7712D163,2026-11-09,SYS_041,AST_686AE13F,1.032383,0,1,60.0
INSP_221AB299,2026-11-09,SYS_086,AST_2AD0C4BA,0.433437,0,0,60.0
INSP_CFD7EFB5,2026-11-09,SYS_090,AST_3E0B5895,0.415086,0,0,60.0
INSP_20D7361D,2026-11-09,SYS_125,AST_44A2D20A,0.71816,0,0,60.0
INSP_C9E9079A,2026-11-09,SYS_164,AST_1BC5523D,0.781833,0,0,60.0
INSP_8DD8C6AC,2026-11-09,SYS_171,AST_865A40EE,1.328363,0,1,60.0
INSP_596F8476,2026-11-10,SYS_058,AST_9A090429,0.912004,0,0,60.0
INSP_0519D7FE,2026-11-10,SYS_078,AST_3E97FA32,0.94775,0,0,60.0
INSP_B1708D13,2026-11-10,SYS_153,AST_3562B1D3,0.795855,0,0,60.0
INSP_3211FB6E,2026-11-10,SYS_175,AST_7B82F3B4,0.23995,0,0,60.0
INSP_4744D97C,2026-11-11,SYS_032,AST_EB5CAB8C,0.864923,0,0,60.0
INSP_7CE42C3A,2026-11-11,SYS_076,AST_ADF021F6,0.973208,0,0,60.0
INSP_FBB7B6CD,2026-11-11,SYS_082,AST_CBABE5E0,0.870559,0,0,60.0
INSP_14CE1BAB,2026-11-11,SYS_085,AST_3BD1F5F0,0.95956,0,0,60.0
INSP_A3DADAC5,2026-11-11,SYS_091,AST_28413C6D,0.955537,0,0,60.0
INSP_A06DF32F,2026-11-11,SYS_137,AST_84513602,0.73872,0,0,60.0
INSP_659CDB9C,2026-11-11,SYS_193,AST_542E2161,0.706698,0,0,60.0
INSP_6BD4CCC8,2026-11-12,SYS_017,AST_FC2541D2,0.476128,0,0,60.0
INSP_D5AD3795,2026-11-12,SYS_042,AST_637500FE,1.318557,0,1,60.0
INSP_8A15A843,2026-11-12,SYS_088,AST_C9B1A3FC,0.801304,0,0,60.0
INSP_FCEB37E8,2026-11-12,SYS_096,AST_BACF110E,1.090094,1,1,60.0
INSP_0E75ADED,2026-11-12,SYS_127,AST_9E7FB3DC,0.866007,0,0,60.0
INSP_6BCAFE99,2026-11-12,SYS_144,AST_C0D6BA50,0.669717,0,0,60.0
INSP_CB0A6528,2026-11-12,SYS_170,AST_F8E1EB43,0.625456,0,0,60.0
INSP_282A4372,2026-11-12,SYS_177,AST_1B4FFA0A,0.896697,0,0,60.0
INSP_BCC2408F,2026-11-13,SYS_000,AST_1D950C67,1.019569,0,1,60.0
INSP_6430BDA8,2026-11-13,SYS_014,AST_5DD7F45F,0.893195,0,0,60.0
INSP_B692832D,2026-11-13,SYS_037,AST_646594C2,1.009696,0,1,60.0
INSP_4A3F2179,2026-11-13,SYS_050,AST_47B5D500,1.098683,1,1,60.0
INSP_F614A7D3,2026-11-13,SYS_075,AST_F0C636B5,0.703047,0,0,60.0
INSP_E578B1D3,2026-11-13,SYS_077,AST_BD3E0F6B,0.824074,0,0,60.0
INSP_4B42DEB1,2026-11-13,SYS_098,AST_3F3516F8,0.844345,0,0,60.0
INSP_FACE8ACD,2026-11-13,SYS_099,AST_6FC4FE83,0.967307,0,0,60.0
INSP_6CEA667D,2026-11-13,SYS_136,AST_7764FCE0,0.236303,0,0,60.0
INSP_19F4D93E,2026-11-13,SYS_151,AST_7CDEA972,0.856046,0,0,60.0
INSP_7061F509,2026-11-13,SYS_159,AST_4E142F2E,0.985776,0,0,60.0
INSP_C3279967,2026-11-13,SYS_194,AST_28E46A29,0.923057,0,0,60.0
INSP_924254C0,2026-11-14,SYS_067,AST_18BB5832,1.059995,1,1,60.0
INSP_869A532A,2026-11-14,SYS_109,AST_AAFA2658,1.201767,1,1,60.0
INSP_03A2CA99,2026-11-14,SYS_129,AST_ACE438F1,1.031585,0,1,60.0
INSP_3AFEDE54,2026-11-14,SYS_158,AST_A53AF30A,0.70268,0,0,60.0
INSP_F2189A84,2026-11-14,SYS_172,AST_17E13A32,0.853783,0,0,60.0
INSP_246651A0,2026-11-14,SYS_173,AST_79AF54DD,0.555962,0,0,60.0
INSP_93CA5178,2026-11-14,SYS_187,AST_FDDF8CDF,0.609769,0,0,60.0
INSP_DAADB83D,2026-11-15,SYS_016,AST_D8F09DCD,1.145662,1,1,60.0
INSP_49A21A1D,2026-11-15,SYS_025,AST_35C04CAA,1.146515,1,1,60.0
INSP_20D83321,2026-11-15,SYS_038,AST_463423D7,0.928283,0,0,60.0
INSP_6DA9FF2B,2026-11-15,SYS_065,AST_D58BC5D6,0.462333,0,0,60.0
INSP_611C8A5B,2026-11-15,SYS_083,AST_B8EEFEEA,0.273212,0,0,60.0
INSP_A8F276BF,2026-11-15,SYS_132,AST_3E632D4A,1.015146,0,1,60.0
INSP_167F78C4,2026-11-15,SYS_134,AST_F0145A67,0.670965,0,0,60.0
INSP_F37E9D77,2026-11-15,SYS_145,AST_B769FE72,0.977085,0,0,60.0
INSP_D25C7A36,2026-11-15,SYS_155,AST_B533FB89,0.940434,0,0,60.0
INSP_0C96DEBD,2026-11-15,SYS_190,AST_8728C7C0,1.513206,1,1,60.0
INSP_54D6E93F,2026-11-15,SYS_196,AST_7478E17A,0.805308,1,0,60.0
INSP_78E4EF88,2026-11-16,SYS_010,AST_2BF22A72,0.394909,0,0,60.0
INSP_9AAA0B57,2026-11-16,SYS_028,AST_9DBAB814,0.513805,0,0,60.0
INSP_6C7ACC21,2026-11-16,SYS_040,AST_54696231,0.678437,0,0,60.0
INSP_FC9843D2,2026-11-16,SYS_048,AST_276F649E,1.225084,1,1,60.0
INSP_6958C747,2026-11-16,SYS_054,AST_CF52465D,0.972136,0,0,60.0
INSP_0C92C634,2026-11-16,SYS_055,AST_8EBBC93D,0.842025,0,0,60.0
INSP_20AC7FB5,2026-11-16,SYS_073,AST_B4B4FD30,1.067238,0,1,60.0
INSP_4A1D74AD,2026-11-16,SYS_081,AST_F4FEA9E2,0.682473,0,0,60.0
INSP_910B383E,2026-11-16,SYS_112,AST_50C8EA41,1.066255,1,1,60.0
INSP_F9BB7E0D,2026-11-16,SYS_116,AST_5E7049AA,0.771485,0,0,60.0
INSP_EEEE0049,2026-11-16,SYS_126,AST_4A86B41A,0.752173,0,0,60.0
INSP_616823CE,2026-11-16,SYS_154,AST_EF2BF201,0.826372,1,0,60.0
INSP_9481FEA1,2026-11-16,SYS_160,AST_0AFDFFDA,0.805719,0,0,60.0
INSP_E4516229,2026-11-16,SYS_179,AST_A4A92786,0.999636,0,0,60.0
INSP_DA2D05EB,2026-11-16,SYS_182,AST_F23ABB31,0.808035,0,0,60.0
INSP_40C45C3E,2026-11-16,SYS_183,AST_0C23E532,1.045443,0,1,60.0
INSP_FAAE1B4A,2026-11-16,SYS_199,AST_60228699,0.860076,0,0,60.0
INSP_0059EAAC,2026-11-17,SYS_019,AST_4FE8472B,0.608823,0,0,60.0
INSP_9E6BAA4C,2026-11-17,SYS_023,AST_4FDD87EC,1.008044,1,1,60.0
INSP_C0073070,2026-11-17,SYS_051,AST_00D5E4DF,1.173331,0,1,60.0
INSP_73E0EC3B,2026-11-17,SYS_084,AST_540CB132,0.549149,0,0,60.0
INSP_3DBDACD3,2026-11-17,SYS_095,AST_62F90F82,0.85997,0,0,60.0
INSP_F889782B,2026-11-17,SYS_131,AST_5F0F6558,1.120467,0,1,60.0
INSP_D3CCC627,2026-11-17,SYS_135,AST_21277AE1,0.60571,0,0,60.0
INSP_11393BF2,2026-11-17,SYS_139,AST_A8E3D05C,1.233399,0,1,60.0
INSP_2C2B05AD,2026-11-17,SYS_169,AST_8000064F,0.568868,0,0,60.0
INSP_DF730693,2026-11-17,SYS_176,AST_3F176361,0.349845,0,0,60.0
INSP_23AF757E,2026-11-17,SYS_178,AST_B00C4D5A,0.777916,0,0,60.0
INSP_FE8958CC,2026-11-17,SYS_180,AST_85B7D7F3,0.894056,0,0,60.0
INSP_0000BD9A,2026-11-18,SYS_002,AST_80FE10C0,1.057622,0,1,60.0
INSP_EE64661F,2026-11-18,SYS_009,AST_F3465562,0.884918,0,0,60.0
INSP_DF095A24,2026-11-18,SYS_047,AST_A289E0C6,0.481035,0,0,60.0
INSP_61185FB7,2026-11-18,SYS_063,AST_3736A27D,1.061113,0,1,60.0
INSP_3C1A81EF,2026-11-18,SYS_087,AST_C8E8F242,1.010065,0,1,60.0
INSP_6FBF2D86,2026-11-18,SYS_100,AST_545FEF90,1.274178,0,1,60.0
INSP_36950DA4,2026-11-18,SYS_133,AST_EF1BA8A4,0.559205,0,0,60.0
INSP_4FC5E547,2026-11-18,SYS_192,AST_E239577B,0.587751,0,0,60.0
INSP_0537B89F,2026-11-19,SYS_029,AST_D8B5E47D,1.018454,0,1,60.0
INSP_EFD8F871,2026-11-19,SYS_043,AST_9D33C46E,1.246521,0,1,60.0
INSP_EF5D1CD6,2026-11-19,SYS_053,AST_28061EB4,1.112665,0,1,60.0
INSP_BD90374A,2026-11-19,SYS_059,AST_CD1857B0,0.672526,0,0,60.0
INSP_C150AEFD,2026-11-19,SYS_128,AST_72611532,1.084563,0,1,60.0
INSP_B18160EE,2026-11-19,SYS_157,AST_EFB3D424,0.780591,1,0,60.0
INSP_D1BB249C,2026-11-19,SYS_162,AST_EF461B46,1.136374,1,1,60.0
INSP_8D9C1D8B,2026-11-19,SYS_184,AST_74255B04,1.041548,0,1,60.0
INSP_760D9E90,2026-11-20,SYS_008,AST_A42D0EB9,1.093317,0,1,60.0
INSP_B15B8310,2026-11-20,SYS_026,AST_80ADF900,0.925017,0,0,60.0
INSP_0650847F,2026-11-20,SYS_070,AST_6B4798CB,0.850426,0,0,60.0
INSP_D46A84B2,2026-11-20,SYS_079,AST_A0954F70,1.026685,0,1,60.0
INSP_0D700649,2026-11-20,SYS_106,AST_F98A9B0A,0.808517,0,0,60.0
INSP_E95E96D2,2026-11-20,SYS_110,AST_E0A61EF5,0.91677,1,0,60.0
INSP_A1771790,2026-11-20,SYS_117,AST_7EFBC641,1.013291,0,1,60.0
INSP_CC43F369,2026-11-20,SYS_122,AST_16ADD47C,1.005337,1,1,60.0
INSP_8CF74FB7,2026-11-20,SYS_165,AST_B67FCA94,0.91603,0,0,60.0
INSP_D01D69C2,2026-11-20,SYS_174,AST_44D93068,1.026208,0,1,60.0
INSP_A4205938,2026-11-20,SYS_185,AST_975A46F8,0.645539,0,0,60.0
INSP_A9CB90BF,2026-11-21,SYS_034,AST_4A79E031,1.172158,0,1,60.0
INSP_CA9FDE2A,2026-11-21,SYS_056,AST_C1C97B73,0.112668,0,0,60.0
INSP_76E4A4E4,2026-11-21,SYS_066,AST_D4EBCC8A,0.976073,0,0,60.0
INSP_52BD51CB,2026-11-21,SYS_074,AST_4FDEBE84,0.69321,0,0,60.0
INSP_FF42B1AE,2026-11-21,SYS_089,AST_9FCA585A,0.788464,0,0,60.0
INSP_34B7DC82,2026-11-21,SYS_104,AST_129865DC,1.202237,1,1,60.0
INSP_5C408EF1,2026-11-21,SYS_152,AST_41B40738,1.472268,0,1,60.0
INSP_59836DF2,2026-11-22,SYS_001,AST_31001D87,0.929157,1,0,60.0
INSP_13D256AD,2026-11-22,SYS_011,AST_EFDE0A1F,0.490431,0,0,60.0
INSP_7AFAF963,2026-11-22,SYS_027,AST_D85C259B,0.932144,0,0,60.0
INSP_FA7E8DDF,2026-11-22,SYS_068,AST_DF8A8AFC,0.73585,0,0,60.0
INSP_FE124B0F,2026-11-22,SYS_114,AST_E6A0785D,0.398102,0,0,60.0
INSP_30BBB8AF,2026-11-22,SYS_197,AST_328BA7F4,1.110258,0,1,60.0
INSP_576B2A23,2026-11-23,SYS_005,AST_F0278572,0.519163,1,0,60.0
INSP_7C03D88D,2026-11-23,SYS_013,AST_57CD1D3F,0.725099,0,0,60.0
INSP_E3981EFC,2026-11-23,SYS_061,AST_B712CADB,1.109782,0,1,60.0
INSP_C728E27E,2026-11-23,SYS_062,AST_6650D007,1.091288,1,1,60.0
INSP_60396ED3,2026-11-23,SYS_071,AST_80D5B0B1,1.038962,0,1,60.0
INSP_8D8CFEB5,2026-11-23,SYS_097,AST_B8163E9E,0.845354,0,0,60.0
INSP_6FB772E5,2026-11-23,SYS_142,AST_446BA282,1.146329,1,1,60.0
INSP_C507B61A,2026-11-24,SYS_003,AST_D5F10B7B,0.377142,0,0,60.0
INSP_E67D3ABD,2026-11-24,SYS_115,AST_2CA7708E,0.731892,0,0,60.0
INSP_7202EEFB,2026-11-24,SYS_138,AST_CF66A2D6,0.962702,1,0,60.0
INSP_B7571934,2026-11-24,SYS_149,AST_851D50E8,0.959666,0,0,60.0
INSP_47003D99,2026-11-24,SYS_168,AST_6D9E4A35,1.05086,0,1,60.0
INSP_AB5FDD6A,2026-11-24,SYS_189,AST_1461B4DF,0.915834,0,0,60.0
INSP_F75EDA7D,2026-11-24,SYS_198,AST_9536ED6F,1.08807,0,1,60.0
INSP_A6B92B37,2026-11-25,SYS_004,AST_2A3C8083,0.94042,0,0,60.0
INSP_CC6A5BEE,2026-11-25,SYS_046,AST_D5A54F20,1.137136,1,1,60.0
INSP_768D781C,2026-11-25,SYS_072,AST_9114CA38,1.115277,1,1,60.0
INSP_1A11D29C,2026-11-25,SYS_146,AST_07E10046,0.942627,0,0,60.0
INSP_6DE33B77,2026-11-25,SYS_161,AST_22D39DAB,0.920366,0,0,60.0
INSP_6B6CEDD4,2026-11-26,SYS_024,AST_A7122853,0.572553,0,0,60.0
INSP_4C3FF57E,2026-11-26,SYS_036,AST_AF521703,0.640077,1,0,60.0
INSP_0C34A67C,2026-11-26,SYS_044,AST_40389ACC,0.966878,1,0,60.0
INSP_0B3D6AA0,2026-11-26,SYS_094,AST_1C7F8816,0.937573,0,0,60.0
INSP_8082F255,2026-11-26,SYS_101,AST_FBD9E0F7,0.507166,0,0,60.0
INSP_CE90A2BC,2026-11-26,SYS_120,AST_6785A3E8,0.930018,0,0,60.0
INSP_F0C92DC2,2026-11-26,SYS_188,AST_4A4E4500,1.020945,0,1,60.0
INSP_D84234FC,2026-11-27,SYS_033,AST_85CC8DB5,0.892836,1,0,60.0
INSP_0672EDB9,2026-11-27,SYS_049,AST_1476FBE4,0.946275,0,0,60.0
INSP_06A6796E,2026-11-27,SYS_108,AST_7044D6DA,0.501524,0,0,60.0
INSP_203758DC,2026-11-27,SYS_150,AST_170FE077,0.811953,0,0,60.0
INSP_68FF8F43,2026-11-28,SYS_007,AST_1E8A7064,1.079813,0,1,60.0
INSP_E060892E,2026-11-28,SYS_058,AST_9A090429,0.547194,0,0,60.0
INSP_4B715D34,2026-11-28,SYS_105,AST_5EB49036,0.41816,0,0,60.0
INSP_464DB93B,2026-11-28,SYS_148,AST_4175AEE7,0.426015,0,0,60.0
INSP_56BC86E1,2026-11-28,SYS_186,AST_5F538ED2,1.041542,1,1,60.0
INSP_D62E90F0,2026-11-29,SYS_031,AST_376308E9,1.268616,1,1,60.0
INSP_803D23AD,2026-11-29,SYS_093,AST_44C7F49B,0.986654,0,0,60.0
INSP_5068B92F,2026-11-29,SYS_103,AST_A88C510B,0.15159,0,0,60.0
INSP_537EFC00,2026-11-29,SYS_111,AST_63D88318,1.038574,1,1,60.0
INSP_10E9A79F,2026-11-29,SYS_141,AST_6A853EDC,0.809803,0,0,60.0
INSP_D098852A,2026-11-30,SYS_012,AST_9A17619A,0.95449,0,0,60.0
INSP_AA63924C,2026-11-30,SYS_113,AST_E4FD629D,0.960574,1,0,60.0
INSP_3AFCE005,2026-11-30,SYS_121,AST_ED19B15F,1.186807,1,1,60.0
INSP_2852E0BE,2026-11-30,SYS_175,AST_7B82F3B4,0.728986,0,0,60.0
INSP_6A67B98A,2026-12-01,SYS_052,AST_D95FA336,0.652589,0,0,60.0
INSP_274B085F,2026-12-01,SYS_092,AST_2F3B5E0C,0.705545,0,0,60.0
INSP_B61335F0,2026-12-01,SYS_163,AST_1AB64F7F,1.068025,0,1,60.0
INSP_1DE367FB,2026-12-02,SYS_015,AST_9FECBE04,1.092377,1,1,60.0
INSP_C2BEF883,2026-12-02,SYS_102,AST_9DC86780,0.821577,0,0,60.0
INSP_A124F0B0,2026-12-02,SYS_147,AST_8CAA5E21,0.900769,0,0,60.0
INSP_5F18B2E1,2026-12-03,SYS_107,AST_F99FC223,1.099338,1,1,60.0
INSP_8FB6ED94,2026-12-03,SYS_118,AST_8AEBF2EF,0.812102,0,0,60.0
INSP_C6E2A834,2026-12-03,SYS_140,AST_50A3AF9A,1.050324,1,1,60.0
INSP_C6EF9391,2026-12-03,SYS_143,AST_6E381F34,1.013578,1,1,60.0
INSP_91F0E871,2026-12-03,SYS_167,AST_DA5CA129,0.903722,1,0,60.0
INSP_F3F72B81,2026-12-04,SYS_018,AST_09F8688C,1.010177,1,1,60.0
INSP_BD647D3C,2026-12-04,SYS_119,AST_D7ED7022,0.884128,1,0,60.0
INSP_EB583F66,2026-12-05,SYS_041,AST_686AE13F,0.562456,0,0,60.0
INSP_C673CFD8,2026-12-05,SYS_057,AST_7BE79781,0.946758,1,0,60.0
INSP_925B8F04,2026-12-05,SYS_060,AST_BAE2D5D8,0.28216,0,0,60.0
INSP_BE32652F,2026-12-05,SYS_076,AST_ADF021F6,0.794473,1,0,60.0
INSP_47E37610,2026-12-05,SYS_080,AST_4CAD3C4C,1.259548,1,1,60.0
INSP_FBB8C734,2026-12-06,SYS_022,AST_B16A756D,1.192059,0,1,60.0
INSP_18D1C008,2026-12-06,SYS_039,AST_D98A0D9D,0.501732,0,0,60.0
INSP_5C0A242E,2026-12-06,SYS_045,AST_874F54F4,0.763997,1,0,60.0
INSP_A4357A1E,2026-12-06,SYS_127,AST_9E7FB3DC,1.219288,1,1,60.0
INSP_DC43301F,2026-12-06,SYS_136,AST_7764FCE0,0.648707,0,0,60.0
INSP_9B79005F,2026-12-06,SYS_181,AST_0CFA9B9D,0.351879,0,0,60.0
INSP_27E27694,2026-12-06,SYS_183,AST_0C23E532,0.178018,0,0,60.0
INSP_3FD6B4FD,2026-12-06,SYS_195,AST_D63DF779,1.223242,1,1,60.0
INSP_8FDEDC6A,2026-12-07,SYS_021,AST_5F0E75B6,1.227774,1,1,60.0
INSP_9FC23802,2026-12-07,SYS_042,AST_637500FE,0.097327,0,0,60.0
INSP_250F49A5,2026-12-07,SYS_096,AST_BACF110E,0.733573,0,0,60.0
INSP_8F58B24E,2026-12-07,SYS_151,AST_7CDEA972,1.079401,1,1,60.0
INSP_65596AF9,2026-12-07,SYS_164,AST_1BC5523D,1.218319,1,1,60.0
INSP_448C39C7,2026-12-07,SYS_166,AST_D2907013,1.02518,0,1,60.0
INSP_E17C49D4,2026-12-08,SYS_067,AST_18BB5832,0.315843,0,0,60.0
INSP_E1FCAC7B,2026-12-08,SYS_130,AST_EDA290E3,0.18125,0,0,60.0
INSP_20031C9C,2026-12-08,SYS_170,AST_F8E1EB43,0.855391,0,0,60.0
INSP_15B45243,2026-12-08,SYS_177,AST_1B4FFA0A,1.623849,1,1,60.0
INSP_328CDFAD,2026-12-08,SYS_190,AST_8728C7C0,0.277041,0,0,60.0
INSP_5C86095F,2026-12-08,SYS_191,AST_9DBE0CA0,0.880045,1,0,60.0
INSP_F714D576,2026-12-09,SYS_006,AST_46C8E42D,0.360838,0,0,60.0
INSP_E632A7A3,2026-12-09,SYS_020,AST_D2040D45,1.197936,1,1,60.0
INSP_0CD09A42,2026-12-09,SYS_038,AST_463423D7,1.001315,1,1,60.0
INSP_B4C5235A,2026-12-09,SYS_069,AST_7C64366F,0.979925,1,0,60.0
INSP_97C349A6,2026-12-09,SYS_086,AST_2AD0C4BA,0.488472,0,0,60.0
INSP_366DFA3A,2026-12-09,SYS_116,AST_5E7049AA,1.196961,1,1,60.0
INSP_C66055AA,2026-12-09,SYS_144,AST_C0D6BA50,1.480627,1,1,60.0
INSP_F8AAC9E5,2026-12-09,SYS_153,AST_3562B1D3,1.209185,1,1,60.0
INSP_10EDC177,2026-12-09,SYS_187,AST_FDDF8CDF,0.921662,0,0,60.0
INSP_7672A9D7,2026-12-09,SYS_196,AST_7478E17A,1.294683,1,1,60.0
INSP_F7C58A57,2026-12-10,SYS_014,AST_5DD7F45F,0.951909,1,0,60.0
INSP_DE22F8EA,2026-12-10,SYS_023,AST_4FDD87EC,0.47352,0,0,60.0
INSP_079D4EF1,2026-12-10,SYS_064,AST_91E28FB2,1.321108,1,1,60.0
INSP_4484375B,2026-12-10,SYS_088,AST_C9B1A3FC,0.980535,1,0,60.0
INSP_F4F6C0E6,2026-12-10,SYS_090,AST_6662D7AF,0.107213,0,0,60.0
INSP_650CBC1B,2026-12-11,SYS_025,AST_35C04CAA,0.677125,0,0,60.0
INSP_26DDCBEF,2026-12-11,SYS_035,AST_ED4417E7,0.488385,0,0,60.0
INSP_F52EBC3C,2026-12-11,SYS_050,AST_47B5D500,0.718456,0,0,60.0
INSP_C20C7ED5,2026-12-11,SYS_192,AST_E239577B,1.358693,1,1,60.0
INSP_1B6A9EC3,2026-12-12,SYS_030,AST_1AA888F2,0.244354,0,0,60.0
INSP_DD7B2A52,2026-12-12,SYS_098,AST_3F3516F8,1.263287,1,1,60.0
INSP_C2AF2AFC,2026-12-12,SYS_123,AST_07C775B8,0.858229,0,0,60.0
INSP_B29921B1,2026-12-12,SYS_131,AST_5F0F6558,0.061184,0,0,60.0
INSP_0D85BCD2,2026-12-12,SYS_154,AST_EF2BF201,1.657904,1,1,60.0
INSP_6714B5F9,2026-12-12,SYS_176,AST_3F176361,0.895363,0,0,60.0
INSP_49C72213,2026-12-12,SYS_182,AST_F23ABB31,1.150961,1,1,60.0
INSP_B7235A2B,2026-12-12,SYS_199,AST_60228699,0.901305,1,0,60.0
INSP_880D59A6,2026-12-13,SYS_026,AST_80ADF900,1.154652,1,1,60.0
INSP_8C2DF5E6,2026-12-13,SYS_075,AST_F0C636B5,0.737338,1,0,60.0
INSP_0D70A01C,2026-12-13,SYS_078,AST_3E97FA32,1.094869,1,1,60.0
INSP_7D05BB95,2026-12-13,SYS_082,AST_CBABE5E0,1.0137,1,1,60.0
INSP_BB378B98,2026-12-13,SYS_128,AST_72611532,0.615188,0,0,60.0
INSP_F7D078BF,2026-12-13,SYS_156,AST_A1A84200,1.273465,1,1,60.0
INSP_409817B5,2026-12-13,SYS_158,AST_A53AF30A,1.110131,1,1,60.0
INSP_7BC5C2F4,2026-12-13,SYS_165,AST_B67FCA94,1.190375,1,1,60.0
INSP_196F10A6,2026-12-14,SYS_002,AST_80FE10C0,0.432404,0,0,60.0
INSP_50B8FE43,2026-12-14,SYS_010,AST_2BF22A72,0.496493,0,0,60.0
INSP_C94049AE,2026-12-14,SYS_037,AST_646594C2,0.806532,0,0,60.0
INSP_D1804547,2026-12-14,SYS_055,AST_8EBBC93D,1.013612,1,1,60.0
INSP_24514213,2026-12-14,SYS_065,AST_D58BC5D6,1.082421,1,1,60.0
INSP_146F7572,2026-12-14,SYS_081,AST_F4FEA9E2,1.141902,1,1,60.0
INSP_69F730BC,2026-12-14,SYS_083,AST_B8EEFEEA,1.073722,1,1,60.0
INSP_E9559995,2026-12-14,SYS_087,AST_C8E8F242,0.419823,0,0,60.0
INSP_A7F20189,2026-12-14,SYS_091,AST_28413C6D,1.039493,1,1,60.0
INSP_7FC13E2F,2026-12-14,SYS_100,AST_545FEF90,0.825942,0,0,60.0
INSP_E7AADAF1,2026-12-14,SYS_109,AST_AAFA2658,0.769675,0,0,60.0
INSP_C0CA00FC,2026-12-14,SYS_112,AST_50C8EA41,0.660852,0,0,60.0
INSP_84334F50,2026-12-14,SYS_155,AST_B533FB89,1.559738,1,1,60.0
INSP_29C196EC,2026-12-14,SYS_168,AST_6D9E4A35,0.764523,0,0,60.0
INSP_B26407EF,2026-12-14,SYS_171,AST_865A40EE,0.773501,0,0,60.0
INSP_89CA18FB,2026-12-14,SYS_180,AST_85B7D7F3,1.023247,1,1,60.0
INSP_9A8B8B78,2026-12-15,SYS_016,AST_D8F09DCD,0.323664,0,0,60.0
INSP_B64C24AD,2026-12-15,SYS_017,AST_FC2541D2,0.93739,1,0,60.0
INSP_BF3FA778,2026-12-15,SYS_032,AST_EB5CAB8C,1.626861,1,1,60.0
INSP_20998B4A,2026-12-15,SYS_051,AST_00D5E4DF,0.635432,0,0,60.0
INSP_3B2373DD,2026-12-15,SYS_077,AST_BD3E0F6B,1.501149,1,1,60.0
INSP_E9C96E17,2026-12-15,SYS_099,AST_6FC4FE83,1.072349,1,1,60.0
INSP_CF73EFAE,2026-12-15,SYS_124,AST_FD973A42,0.536416,0,0,60.0
INSP_812AC68B,2026-12-15,SYS_134,AST_F0145A67,0.690986,0,0,60.0
INSP_C88D39D3,2026-12-15,SYS_159,AST_4E142F2E,1.189804,1,1,60.0
INSP_6B39746B,2026-12-16,SYS_059,AST_CD1857B0,0.910958,1,0,60.0
INSP_C032533D,2026-12-16,SYS_085,AST_3BD1F5F0,1.484878,1,1,60.0
INSP_13AECDD2,2026-12-16,SYS_145,AST_B769FE72,1.463521,1,1,60.0
INSP_AF68D8AD,2026-12-16,SYS_169,AST_8000064F,0.329425,0,0,60.0
INSP_48814872,2026-12-17,SYS_028,AST_9DBAB814,0.075435,0,0,60.0
INSP_114F1B41,2026-12-17,SYS_073,AST_B4B4FD30,0.9,0,0,60.0
INSP_18278FA0,2026-12-17,SYS_125,AST_44A2D20A,1.490864,1,1,60.0
INSP_E765B2A0,2026-12-17,SYS_137,AST_84513602,1.234102,1,1,60.0
INSP_FF9238AB,2026-12-17,SYS_152,AST_41B40738,0.415895,0,0,60.0
INSP_D32D23A5,2026-12-17,SYS_173,AST_79AF54DD,1.112547,0,1,60.0
INSP_5958A0F6,2026-12-17,SYS_179,AST_A4A92786,0.990088,1,0,60.0
INSP_51838540,2026-12-17,SYS_194,AST_28E46A29,1.869003,1,1,60.0
INSP_75B72318,2026-12-18,SYS_063,AST_3736A27D,0.662203,0,0,60.0
INSP_DBF03247,2026-12-18,SYS_126,AST_4A86B41A,1.160478,1,1,60.0
INSP_38110B88,2026-12-18,SYS_133,AST_EF1BA8A4,0.783098,0,0,60.0
INSP_DB7BE3BC,2026-12-18,SYS_174,AST_44D93068,0.179819,0,0,60.0
INSP_7B5CE152,2026-12-18,SYS_189,AST_1461B4DF,0.872635,1,0,60.0
INSP_62674542,2026-12-18,SYS_193,AST_542E2161,1.143481,1,1,60.0
INSP_1A5D2BD9,2026-12-19,SYS_019,AST_4FE8472B,1.427145,1,1,60.0
INSP_77D51DE9,2026-12-19,SYS_034,AST_4A79E031,0.401586,0,0,60.0
INSP_7668B9F6,2026-12-19,SYS_072,AST_9114CA38,0.161879,0,0,60.0
INSP_52364E07,2026-12-19,SYS_095,AST_62F90F82,1.267216,1,1,60.0
INSP_54CCC92E,2026-12-19,SYS_132,AST_3E632D4A,0.482745,0,0,60.0
INSP_073912E7,2026-12-19,SYS_157,AST_EFB3D424,1.715821,1,1,60.0
INSP_538D8574,2026-12-19,SYS_172,AST_17E13A32,1.473396,1,1,60.0
INSP_0CCD72B9,2026-12-19,SYS_197,AST_328BA7F4,0.618858,0,0,60.0
INSP_B3F280CC,2026-12-20,SYS_001,AST_31001D87,1.381952,1,1,60.0
INSP_115264E2,2026-12-20,SYS_029,AST_D8B5E47D,0.684793,0,0,60.0
INSP_5473BB58,2026-12-20,SYS_043,AST_9D33C46E,-0.020381,0,0,60.0
INSP_A856ECB0,2026-12-20,SYS_056,AST_C1C97B73,0.505632,0,0,60.0
INSP_F636FA78,2026-12-20,SYS_061,AST_B712CADB,0.633343,0,0,60.0
INSP_04D6C777,2026-12-20,SYS_066,AST_D4EBCC8A,1.244512,1,1,60.0
INSP_2B1374E5,2026-12-20,SYS_097,AST_B8163E9E,1.495655,1,1,60.0
INSP_6F7A4249,2026-12-20,SYS_110,AST_E0A61EF5,1.614758,1,1,60.0
INSP_443B0E20,2026-12-20,SYS_162,AST_EF461B46,0.712067,0,0,60.0
INSP_6499D558,2026-12-20,SYS_178,AST_B00C4D5A,1.729638,1,1,60.0
INSP_A574F58A,2026-12-20,SYS_185,AST_975A46F8,1.090635,0,1,60.0
INSP_B4FE90F0,2026-12-21,SYS_000,AST_1D950C67,0.63928,0,0,60.0
INSP_49933B58,2026-12-21,SYS_027,AST_D85C259B,1.158065,1,1,60.0
INSP_739AF601,2026-12-21,SYS_106,AST_F98A9B0A,1.16004,1,1,60.0
INSP_A0022FA3,2026-12-21,SYS_198,AST_9536ED6F,0.3679,0,0,60.0
INSP_DE6397F6,2026-12-22,SYS_040,AST_54696231,1.259639,1,1,60.0
INSP_09D63B56,2026-12-22,SYS_070,AST_6B4798CB,1.117147,1,1,60.0
INSP_E594398A,2026-12-22,SYS_074,AST_4FDEBE84,1.202906,1,1,60.0
INSP_A39146F6,2026-12-22,SYS_084,AST_540CB132,0.590967,0,0,60.0
INSP_EF221C34,2026-12-22,SYS_142,AST_446BA282,0.186137,0,0,60.0
INSP_78172F9E,2026-12-22,SYS_150,AST_170FE077,0.23228,0,0,60.0
INSP_C3427498,2026-12-22,SYS_160,AST_0AFDFFDA,1.422803,1,1,60.0
INSP_AF58B2C1,2026-12-23,SYS_005,AST_F0278572,1.379734,1,1,60.0
INSP_B55661EF,2026-12-23,SYS_008,AST_A42D0EB9,0.622191,0,0,60.0
INSP_C987DAA6,2026-12-23,SYS_012,AST_9A17619A,1.290345,1,1,60.0
INSP_587BD88E,2026-12-23,SYS_062,AST_6650D007,0.959273,0,0,60.0
INSP_7032B8AC,2026-12-23,SYS_113,AST_E4FD629D,1.300172,1,1,60.0
INSP_981054A0,2026-12-23,SYS_117,AST_7EFBC641,0.51119,0,0,60.0
INSP_6A6CD10D,2026-12-23,SYS_161,AST_22D39DAB,1.007353,1,1,60.0
INSP_8F0D14A6,2026-12-24,SYS_003,AST_D5F10B7B,0.142019,0,0,60.0
INSP_CD4ED370,2026-12-24,SYS_004,AST_2A3C8083,0.88152,1,0,60.0
INSP_918AE0FB,2026-12-24,SYS_031,AST_376308E9,0.754905,0,0,60.0
INSP_6DBFD3B8,2026-12-24,SYS_046,AST_D5A54F20,0.326876,0,0,60.0
INSP_4256B5BE,2026-12-24,SYS_146,AST_07E10046,1.039515,0,1,60.0
INSP_81875D83,2026-12-25,SYS_009,AST_F3465562,0.905824,1,0,60.0
INSP_01290F96,2026-12-25,SYS_011,AST_EFDE0A1F,0.797966,0,0,60.0
INSP_A724E3E8,2026-12-25,SYS_013,AST_57CD1D3F,1.416029,1,1,60.0
INSP_D58D3F8F,2026-12-25,SYS_054,AST_15CFF64E,0.145779,0,0,60.0
INSP_26F1C48B,2026-12-25,SYS_068,AST_DF8A8AFC,1.200069,1,1,60.0
INSP_932A4FD1,2026-12-25,SYS_079,AST_A0954F70,0.402523,0,0,60.0
INSP_423B9D34,2026-12-25,SYS_108,AST_7044D6DA,1.172458,1,1,60.0
INSP_3BBE26A2,2026-12-25,SYS_115,AST_2CA7708E,1.368635,1,1,60.0
INSP_56C9D92A,2026-12-25,SYS_135,AST_21277AE1,1.435131,1,1,60.0
INSP_E730DEF1,2026-12-25,SYS_184,AST_74255B04,0.656235,0,0,60.0
INSP_587B87E3,2026-12-25,SYS_188,AST_4A4E4500,0.624875,0,0,60.0
INSP_91EB02F3,2026-12-26,SYS_049,AST_1476FBE4,1.430517,1,1,60.0
INSP_5D1BD4ED,2026-12-26,SYS_094,AST_1C7F8816,1.356188,1,1,60.0
INSP_31C2ECCE,2026-12-26,SYS_101,AST_FBD9E0F7,0.725741,0,0,60.0
INSP_0CD61492,2026-12-26,SYS_103,AST_A88C510B,0.845723,0,0,60.0
INSP_C740F538,2026-12-26,SYS_122,AST_16ADD47C,0.739812,0,0,60.0
INSP_53AACA03,2026-12-26,SYS_129,AST_ACE438F1,0.466077,0,0,60.0
INSP_9632BBE7,2026-12-27,SYS_007,AST_1E8A7064,0.389587,0,0,60.0
INSP_8CF11BC5,2026-12-27,SYS_036,AST_AF521703,1.492045,1,1,60.0
INSP_6A06C712,2026-12-27,SYS_044,AST_40389ACC,1.211267,1,1,60.0
INSP_628F3171,2026-12-27,SYS_053,AST_28061EB4,0.83649,0,0,60.0
INSP_11BE370B,2026-12-27,SYS_071,AST_80D5B0B1,0.391796,0,0,60.0
INSP_703CE44F,2026-12-27,SYS_114,AST_E6A0785D,0.704316,0,0,60.0
INSP_E18F7EC1,2026-12-27,SYS_139,AST_A8E3D05C,0.450789,0,0,60.0
INSP_8DBA863C,2026-12-28,SYS_093,AST_44C7F49B,1.321456,1,1,60.0
INSP_E6A05C2F,2026-12-28,SYS_167,AST_DA5CA129,1.533638,1,1,60.0
INSP_F367FE9A,2026-12-29,SYS_033,AST_85CC8DB5,1.194263,1,1,60.0
INSP_8379763F,2026-12-29,SYS_058,AST_9A090429,1.0723,1,1,60.0
INSP_89E66102,2026-12-29,SYS_092,AST_2F3B5E0C,0.804998,0,0,60.0
INSP_6095F4D5,2026-12-29,SYS_138,AST_CF66A2D6,1.601694,1,1,60.0
INSP_29E69F1A,2026-12-29,SYS_143,AST_6E381F34,0.408635,0,0,60.0
INSP_635E4207,2026-12-29,SYS_149,AST_851D50E8,1.34484,1,1,60.0
INSP_085A957B,2026-12-29,SYS_163,AST_1AB64F7F,0.588695,0,0,60.0
INSP_C5BB3764,2026-12-29,SYS_175,AST_7B82F3B4,0.989149,0,0,60.0
INSP_1924AB45,2026-12-30,SYS_048,AST_276F649E,0.587855,0,0,60.0
INSP_1376978C,2026-12-30,SYS_052,AST_D95FA336,0.61553,0,0,60.0
INSP_782C5860,2026-12-30,SYS_118,AST_8AEBF2EF,0.973252,1,0,60.0
INSP_75563C8C,2026-12-30,SYS_186,AST_5F538ED2,0.825053,0,0,60.0
INSP_2FE4B652,2026-12-31,SYS_104,AST_810F2A29,0.023559,0,0,60.0
INSP_16F8D748,2026-12-31,SYS_120,AST_6785A3E8,1.04248,1,1,60.0
INSP_1D68F8DB,2026-12-31,SYS_121,AST_ED19B15F,0.861405,0,0,60.0
INSP_EF2C2906,2027-01-01,SYS_076,AST_ADF021F6,1.189781,1,1,60.0
INSP_B69F4435,2027-01-01,SYS_136,AST_7764FCE0,0.379417,0,0,60.0
INSP_AB3AEED5,2027-01-01,SYS_148,AST_4175AEE7,0.532538,0,0,60.0
INSP_40DFAECD,2027-01-02,SYS_022,AST_B16A756D,0.517554,0,0,60.0
INSP_F7EDB358,2027-01-02,SYS_041,AST_686AE13F,0.880495,0,0,60.0
INSP_6AED62B4,2027-01-02,SYS_069,AST_7C64366F,1.550242,1,1,60.0
INSP_CECFB584,2027-01-02,SYS_078,AST_3E97FA32,0.396252,0,0,60.0
INSP_2F42F2E2,2027-01-02,SYS_107,AST_F99FC223,0.629905,0,0,60.0
INSP_E65C5587,2027-01-02,SYS_127,AST_9E7FB3DC,0.465241,0,0,60.0
INSP_97038CDA,2027-01-03,SYS_045,AST_874F54F4,1.228669,1,1,60.0
INSP_3150465D,2027-01-03,SYS_088,AST_C9B1A3FC,1.145588,1,1,60.0
INSP_5027E33C,2027-01-03,SYS_111,AST_63D88318,0.419878,0,0,60.0
INSP_70BDAFC3,2027-01-03,SYS_119,AST_D7ED7022,1.138248,1,1,60.0
INSP_2C604C83,2027-01-03,SYS_141,AST_6A853EDC,0.992824,1,0,60.0
INSP_31DA8E64,2027-01-03,SYS_153,AST_3562B1D3,0.345819,0,0,60.0
INSP_CC169926,2027-01-03,SYS_170,AST_F8E1EB43,1.252413,1,1,60.0
INSP_901B4519,2027-01-03,SYS_190,AST_8728C7C0,0.973802,0,0,60.0
INSP_1E701C4B,2027-01-04,SYS_042,AST_637500FE,0.628053,0,0,60.0
INSP_844109F5,2027-01-04,SYS_102,AST_9DC86780,1.193186,1,1,60.0
INSP_0854F2CA,2027-01-05,SYS_015,AST_9FECBE04,0.601712,0,0,60.0
INSP_11C44FA8,2027-01-05,SYS_035,AST_ED4417E7,1.089768,0,1,60.0
INSP_2811AF69,2027-01-05,SYS_057,AST_7BE79781,1.018917,1,1,60.0
INSP_295DC8C2,2027-01-05,SYS_116,AST_5E7049AA,0.526278,0,0,60.0
INSP_D3CCCD73,2027-01-05,SYS_140,AST_50A3AF9A,0.849936,0,0,60.0
INSP_397AE84B,2027-01-06,SYS_018,AST_09F8688C,0.294374,0,0,60.0
INSP_E2AF9551,2027-01-06,SYS_021,AST_5F0E75B6,0.51264,0,0,60.0
INSP_5D9BB43C,2027-01-06,SYS_100,AST_545FEF90,0.713942,0,0,60.0
INSP_E69BDC63,2027-01-06,SYS_105,AST_5EB49036,0.618611,0,0,60.0
INSP_E566F9CF,2027-01-06,SYS_147,AST_8CAA5E21,1.012004,0,1,60.0
INSP_0F5A1DB5,2027-01-06,SYS_164,AST_1BC5523D,0.293486,0,0,60.0
INSP_AC23A03E,2027-01-06,SYS_166,AST_D2907013,0.553426,0,0,60.0
INSP_D3DAB417,2027-01-06,SYS_192,AST_E239577B,0.425911,0,0,60.0
INSP_CF6D5E91,2027-01-07,SYS_060,AST_BAE2D5D8,0.745287,0,0,60.0
INSP_80DF8432,2027-01-07,SYS_067,AST_18BB5832,0.474776,0,0,60.0
INSP_CFCABE0A,2027-01-07,SYS_080,AST_4CAD3C4C,0.831392,0,0,60.0
INSP_41E00637,2027-01-07,SYS_085,AST_3BD1F5F0,0.615825,0,0,60.0
INSP_5A4AE93C,2027-01-07,SYS_098,AST_3F3516F8,0.497911,0,0,60.0
INSP_22707885,2027-01-07,SYS_151,AST_7CDEA972,0.696559,0,0,60.0
INSP_C7A955F1,2027-01-07,SYS_165,AST_B67FCA94,0.641561,0,0,60.0
INSP_AC9E6833,2027-01-07,SYS_183,AST_0C23E532,0.705975,0,0,60.0
INSP_4BC8EED3,2027-01-07,SYS_187,AST_FDDF8CDF,0.813917,1,0,60.0
INSP_03092541,2027-01-08,SYS_096,AST_BACF110E,0.463837,0,0,60.0
INSP_D9B7F9BD,2027-01-08,SYS_131,AST_5F0F6558,0.40722,0,0,60.0
INSP_D91C01C8,2027-01-08,SYS_145,AST_B769FE72,0.73575,0,0,60.0
INSP_923C12C0,2027-01-08,SYS_177,AST_1B4FFA0A,0.648588,0,0,60.0
INSP_D7020AE1,2027-01-08,SYS_199,AST_60228699,1.198217,1,1,60.0
INSP_590B8C5C,2027-01-09,SYS_050,AST_47B5D500,0.898012,0,0,60.0
INSP_324A0DAB,2027-01-09,SYS_059,AST_CD1857B0,1.543241,1,1,60.0
INSP_FB0B3EE5,2027-01-09,SYS_089,AST_F8C77AF3,0.36545,0,0,60.0
INSP_A8EB7B22,2027-01-09,SYS_090,AST_6662D7AF,0.354817,0,0,60.0
INSP_2D220E28,2027-01-09,SYS_195,AST_D63DF779,0.82705,0,0,60.0
INSP_BBA0CA66,2027-01-10,SYS_014,AST_5DD7F45F,1.455569,1,1,60.0
INSP_079F71A7,2027-01-10,SYS_017,AST_FC2541D2,1.352558,1,1,60.0
INSP_D433A0C9,2027-01-10,SYS_023,AST_4FDD87EC,0.88754,0,0,60.0
INSP_7C76A520,2027-01-10,SYS_026,AST_80ADF900,0.864794,0,0,60.0
INSP_CE4FAF65,2027-01-10,SYS_051,AST_00D5E4DF,0.387156,0,0,60.0
INSP_E6BC31A2,2027-01-10,SYS_087,AST_C8E8F242,0.685875,0,0,60.0
INSP_169ED53A,2027-01-10,SYS_099,AST_6FC4FE83,0.660543,0,0,60.0
INSP_6D08A853,2027-01-10,SYS_156,AST_A1A84200,1.286941,0,1,60.0
INSP_E036A51C,2027-01-10,SYS_168,AST_6D9E4A35,0.421732,0,0,60.0
INSP_F5EAD113,2027-01-10,SYS_191,AST_9DBE0CA0,1.46336,1,1,60.0
INSP_9E67DC57,2027-01-11,SYS_020,AST_D2040D45,0.838786,0,0,60.0
INSP_0998D418,2027-01-11,SYS_024,AST_5C0D088A,0.395494,0,0,60.0
INSP_B63F60AF,2027-01-11,SYS_025,AST_35C04CAA,0.138604,0,0,60.0
INSP_7BF276B7,2027-01-11,SYS_039,AST_D98A0D9D,0.826131,0,0,60.0
INSP_AE0FEA4D,2027-01-11,SYS_055,AST_8EBBC93D,0.876627,0,0,60.0
INSP_F3FFCFB2,2027-01-11,SYS_064,AST_91E28FB2,0.257634,0,0,60.0
INSP_1EFDE4FE,2027-01-11,SYS_109,AST_AAFA2658,0.874016,0,0,60.0
INSP_471A30AD,2027-01-11,SYS_154,AST_EF2BF201,0.589176,0,0,60.0
INSP_1C13474D,2027-01-11,SYS_162,AST_EF461B46,0.746524,0,0,60.0
INSP_DA335C06,2027-01-11,SYS_181,AST_0CFA9B9D,0.643482,0,0,60.0
INSP_EEEE82C2,2027-01-11,SYS_196,AST_7478E17A,0.601925,0,0,60.0
INSP_964F719B,2027-01-12,SYS_030,AST_1AA888F2,1.099831,0,1,60.0
INSP_F2F3CCA9,2027-01-12,SYS_083,AST_B8EEFEEA,0.208721,0,0,60.0
INSP_44B962DF,2027-01-12,SYS_086,AST_2AD0C4BA,0.831502,0,0,60.0
INSP_64E28F19,2027-01-12,SYS_110,AST_E0A61EF5,0.459419,0,0,60.0
INSP_6DE0B6BC,2027-01-12,SYS_144,AST_C0D6BA50,0.67484,0,0,60.0
INSP_8A291E66,2027-01-12,SYS_172,AST_17E13A32,0.166299,0,0,60.0
INSP_BEB48C51,2027-01-12,SYS_189,AST_1461B4DF,1.140863,1,1,60.0
INSP_667D4C8F,2027-01-12,SYS_197,AST_328BA7F4,0.883938,0,0,60.0
INSP_47CC1A85,2027-01-13,SYS_002,AST_80FE10C0,0.73268,0,0,60.0
INSP_58AED864,2027-01-13,SYS_034,AST_4A79E031,0.61378,0,0,60.0
INSP_8CC475B0,2027-01-13,SYS_082,AST_CBABE5E0,0.754734,0,0,60.0
INSP_E11BB18C,2027-01-13,SYS_157,AST_EFB3D424,0.363205,0,0,60.0
INSP_23B72D30,2027-01-13,SYS_171,AST_865A40EE,0.537949,0,0,60.0
INSP_6653A97E,2027-01-13,SYS_174,AST_44D93068,0.817041,0,0,60.0
INSP_AB1C3D9F,2027-01-13,SYS_178,AST_B00C4D5A,0.944441,0,0,60.0
INSP_1C0981BD,2027-01-13,SYS_182,AST_F23ABB31,0.416352,0,0,60.0
INSP_5C59672F,2027-01-14,SYS_006,AST_46C8E42D,0.767262,0,0,60.0
INSP_D389AE5A,2027-01-14,SYS_016,AST_D8F09DCD,0.875334,0,0,60.0
INSP_632395BF,2027-01-14,SYS_032,AST_EB5CAB8C,0.807819,0,0,60.0
INSP_BEDA2587,2027-01-14,SYS_038,AST_463423D7,0.576097,0,0,60.0
INSP_7123332A,2027-01-14,SYS_043,AST_9D33C46E,0.533615,0,0,60.0
INSP_2CC79E2F,2027-01-14,SYS_065,AST_D58BC5D6,0.524602,0,0,60.0
INSP_B608A4DD,2027-01-14,SYS_077,AST_BD3E0F6B,0.483,0,0,60.0
INSP_4E01AFF0,2027-01-14,SYS_091,AST_28413C6D,0.782972,0,0,60.0
INSP_77E88DA6,2027-01-14,SYS_150,AST_170FE077,0.646684,0,0,60.0
INSP_8DDDFC7D,2027-01-14,SYS_158,AST_A53AF30A,0.548732,0,0,60.0
INSP_306B1655,2027-01-14,SYS_173,AST_79AF54DD,0.543683,0,0,60.0
INSP_6CA8C80D,2027-01-14,SYS_180,AST_85B7D7F3,0.92713,0,0,60.0
INSP_4EB33CFF,2027-01-15,SYS_010,AST_2BF22A72,1.12151,0,1,60.0
INSP_EA0243A2,2027-01-15,SYS_028,AST_9DBAB814,0.736223,0,0,60.0
INSP_E515B83D,2027-01-15,SYS_047,AST_1E25E458,0.384545,0,0,60.0
INSP_252FA0E2,2027-01-15,SYS_063,AST_3736A27D,0.767588,0,0,60.0
INSP_8AC0CFB6,2027-01-15,SYS_106,AST_F98A9B0A,0.948309,0,0,60.0
INSP_36D8AB78,2027-01-15,SYS_123,AST_07C775B8,0.669753,0,0,60.0
INSP_FCEEF91A,2027-01-16,SYS_073,AST_B4B4FD30,0.838827,0,0,60.0
INSP_AE1DC26C,2027-01-16,SYS_152,AST_41B40738,0.703582,0,0,60.0
INSP_A33BD035,2027-01-16,SYS_155,AST_B533FB89,0.609691,0,0,60.0
INSP_ACAE5157,2027-01-16,SYS_176,AST_3F176361,1.187456,1,1,60.0
INSP_69137313,2027-01-17,SYS_008,AST_A42D0EB9,0.929114,0,0,60.0
INSP_A722E8ED,2027-01-17,SYS_019,AST_4FE8472B,0.350226,0,0,60.0
INSP_A978FA0C,2027-01-17,SYS_075,AST_F0C636B5,1.150317,1,1,60.0
INSP_76281C1D,2027-01-17,SYS_112,AST_50C8EA41,0.85965,0,0,60.0
INSP_DE0848DC,2027-01-17,SYS_117,AST_7EFBC641,0.461261,0,0,60.0
INSP_4FE01573,2027-01-17,SYS_159,AST_4E142F2E,0.72896,0,0,60.0
INSP_76296194,2027-01-17,SYS_169,AST_8000064F,1.353757,1,1,60.0
INSP_FAAB5768,2027-01-17,SYS_179,AST_A4A92786,1.504832,1,1,60.0
INSP_AA3B3610,2027-01-17,SYS_193,AST_542E2161,0.542914,0,0,60.0
INSP_959D6EA8,2027-01-17,SYS_194,AST_28E46A29,0.475312,0,0,60.0
INSP_D60BA41D,2027-01-18,SYS_012,AST_9A17619A,0.837714,0,0,60.0
INSP_D0616958,2027-01-18,SYS_037,AST_646594C2,0.799097,0,0,60.0
INSP_DF2FB180,2027-01-18,SYS_081,AST_F4FEA9E2,0.993681,0,0,60.0
INSP_4A1F0B08,2027-01-18,SYS_094,AST_1C7F8816,0.915347,0,0,60.0
INSP_4D605B8C,2027-01-18,SYS_137,AST_84513602,0.366491,0,0,60.0
INSP_674C1D5D,2027-01-19,SYS_001,AST_31001D87,0.435248,0,0,60.0
INSP_AD7D6BED,2027-01-19,SYS_003,AST_D5F10B7B,0.512912,0,0,60.0
INSP_21C56E36,2027-01-19,SYS_061,AST_B712CADB,0.90281,0,0,60.0
INSP_CD22F45B,2027-01-19,SYS_072,AST_9114CA38,0.763552,0,0,60.0
INSP_6C3C37F4,2027-01-19,SYS_074,AST_4FDEBE84,0.523253,0,0,60.0
INSP_3D164A7B,2027-01-19,SYS_124,AST_FD973A42,0.916678,0,0,60.0
INSP_DB8C1E30,2027-01-19,SYS_126,AST_4A86B41A,0.338874,0,0,60.0
INSP_C735EA45,2027-01-19,SYS_142,AST_446BA282,1.048144,0,1,60.0
INSP_51A395A5,2027-01-19,SYS_184,AST_74255B04,0.659437,0,0,60.0
INSP_D9AE932C,2027-01-20,SYS_000,AST_1D950C67,0.82705,0,0,60.0
INSP_CCC5F56B,2027-01-20,SYS_062,AST_6650D007,0.882184,0,0,60.0
INSP_0D11C56E,2027-01-20,SYS_103,AST_A88C510B,0.453851,0,0,60.0
INSP_C1FE2441,2027-01-20,SYS_133,AST_EF1BA8A4,0.551469,1,0,60.0
INSP_7AFBE2C5,2027-01-20,SYS_134,AST_F0145A67,1.130498,1,1,60.0
INSP_9F098FD9,2027-01-20,SYS_175,AST_7B82F3B4,0.843634,1,0,60.0
INSP_68896924,2027-01-21,SYS_029,AST_D8B5E47D,0.720592,0,0,60.0
INSP_2D25DBFC,2027-01-21,SYS_049,AST_1476FBE4,0.842429,0,0,60.0
INSP_451EB956,2027-01-21,SYS_052,AST_D95FA336,1.107211,1,1,60.0
INSP_06FF8168,2027-01-21,SYS_056,AST_C1C97B73,0.679812,0,0,60.0
INSP_19B4DAA1,2027-01-21,SYS_070,AST_6B4798CB,0.531092,0,0,60.0
INSP_6E8E6FF1,2027-01-21,SYS_084,AST_540CB132,1.014297,0,1,60.0
INSP_898FBE14,2027-01-21,SYS_161,AST_22D39DAB,0.851454,0,0,60.0
INSP_2FE975B3,2027-01-22,SYS_031,AST_376308E9,1.103247,0,1,60.0
INSP_A37A2886,2027-01-22,SYS_046,AST_D5A54F20,0.905914,0,0,60.0
INSP_1ADFF566,2027-01-22,SYS_095,AST_62F90F82,0.449605,0,0,60.0
INSP_355E8CD3,2027-01-22,SYS_108,AST_7044D6DA,0.612765,0,0,60.0
INSP_BA10B87E,2027-01-22,SYS_125,AST_44A2D20A,0.623907,0,0,60.0
INSP_B5DE0678,2027-01-22,SYS_132,AST_3E632D4A,1.174367,0,1,60.0
INSP_1E5DBBDF,2027-01-22,SYS_160,AST_0AFDFFDA,0.190155,0,0,60.0
INSP_90E07656,2027-01-22,SYS_198,AST_9536ED6F,0.710727,0,0,60.0
INSP_27578645,2027-01-23,SYS_007,AST_1E8A7064,0.732798,0,0,60.0
INSP_F98E68A1,2027-01-23,SYS_027,AST_D85C259B,0.870733,0,0,60.0
INSP_FCF8C8B6,2027-01-23,SYS_044,AST_40389ACC,0.542859,0,0,60.0
INSP_D5487080,2027-01-23,SYS_097,AST_B8163E9E,0.410326,0,0,60.0
INSP_314B2539,2027-01-24,SYS_004,AST_2A3C8083,1.336249,1,1,60.0
INSP_1F4228FB,2027-01-24,SYS_115,AST_2CA7708E,0.514749,0,0,60.0
INSP_B746EC97,2027-01-24,SYS_128,AST_72611532,0.824252,0,0,60.0
INSP_77866B77,2027-01-24,SYS_138,AST_CF66A2D6,0.816238,0,0,60.0
INSP_18503912,2027-01-24,SYS_139,AST_A8E3D05C,1.047271,0,1,60.0
INSP_E6C8ECA7,2027-01-24,SYS_185,AST_975A46F8,0.589603,0,0,60.0
INSP_9D47B666,2027-01-25,SYS_005,AST_7C7868DA,0.230835,0,0,60.0
INSP_0DC741DE,2027-01-25,SYS_009,AST_F3465562,1.471675,1,1,60.0
INSP_DA5FB531,2027-01-25,SYS_113,AST_E4FD629D,0.564895,0,0,60.0
INSP_6444190D,2027-01-25,SYS_146,AST_07E10046,0.427909,0,0,60.0
INSP_B53320F8,2027-01-26,SYS_066,AST_D4EBCC8A,0.280786,0,0,60.0
INSP_3446E1DD,2027-01-26,SYS_092,AST_2F3B5E0C,1.1653,0,1,60.0
INSP_B06F9D55,2027-01-26,SYS_114,AST_E6A0785D,1.019505,1,1,60.0
INSP_67E5223D,2027-01-26,SYS_129,AST_ACE438F1,0.845121,0,0,60.0
INSP_7252AF53,2027-01-26,SYS_143,AST_6E381F34,0.851277,0,0,60.0
INSP_3592C2ED,2027-01-27,SYS_013,AST_57CD1D3F,0.936486,0,0,60.0
INSP_4E2C9255,2027-01-27,SYS_054,AST_15CFF64E,0.52142,0,0,60.0
INSP_FE8E4137,2027-01-27,SYS_120,AST_6785A3E8,0.386555,0,0,60.0
INSP_1FEB6C89,2027-01-27,SYS_130,AST_4AAAE8D5,0.37492,0,0,60.0
INSP_44928001,2027-01-28,SYS_040,AST_54696231,0.838207,0,0,60.0
INSP_15311901,2027-01-28,SYS_048,AST_276F649E,1.025042,1,1,60.0
INSP_B05F371F,2027-01-28,SYS_078,AST_3E97FA32,0.841928,0,0,60.0
INSP_6720A0E5,2027-01-28,SYS_079,AST_A0954F70,0.739336,0,0,60.0
INSP_BB015996,2027-01-28,SYS_135,AST_21277AE1,0.439804,0,0,60.0
INSP_3F90F899,2027-01-28,SYS_149,AST_851D50E8,0.906512,0,0,60.0
INSP_89B9FC99,2027-01-29,SYS_033,AST_85CC8DB5,0.727297,0,0,60.0
INSP_F03E1A86,2027-01-29,SYS_059,AST_CD1857B0,0.70348,0,0,60.0
INSP_767EFA6F,2027-01-29,SYS_069,AST_7C64366F,0.446588,0,0,60.0
INSP_042FCBE7,2027-01-29,SYS_118,AST_8AEBF2EF,1.41041,1,1,60.0
INSP_5342FB27,2027-01-29,SYS_127,AST_9E7FB3DC,0.736037,0,0,60.0
INSP_E8A3D68B,2027-01-29,SYS_163,AST_1AB64F7F,0.735571,0,0,60.0
INSP_9792DF86,2027-01-29,SYS_186,AST_5F538ED2,1.02691,0,1,60.0
INSP_6F3D6BFA,2027-01-29,SYS_188,AST_4A4E4500,0.623215,0,0,60.0
INSP_AF5CDE8A,2027-01-30,SYS_041,AST_686AE13F,0.941701,1,0,60.0
INSP_0E18ABDA,2027-01-30,SYS_053,AST_28061EB4,0.985378,0,0,60.0
INSP_F2C6A57E,2027-01-30,SYS_058,AST_9A090429,0.399706,0,0,60.0
INSP_46B3E52F,2027-01-30,SYS_068,AST_DF8A8AFC,0.553181,0,0,60.0
INSP_4AC7BF6F,2027-01-30,SYS_071,AST_80D5B0B1,0.92245,0,0,60.0
INSP_0FB55AE2,2027-01-30,SYS_088,AST_C9B1A3FC,0.552351,0,0,60.0
INSP_48B48233,2027-01-30,SYS_093,AST_44C7F49B,0.92427,0,0,60.0
INSP_DE0B3559,2027-01-30,SYS_101,AST_FBD9E0F7,0.896579,1,0,60.0
INSP_9A25B60E,2027-01-30,SYS_148,AST_4175AEE7,0.985109,1,0,60.0
INSP_D59EBA12,2027-01-30,SYS_170,AST_F8E1EB43,0.380395,0,0,60.0
INSP_B0696E46,2027-01-31,SYS_011,AST_EFDE0A1F,1.275313,1,1,60.0
INSP_B21346C2,2027-01-31,SYS_015,AST_9FECBE04,1.084634,0,1,60.0
INSP_7A8FDA8B,2027-01-31,SYS_036,AST_AF521703,0.602719,0,0,60.0
INSP_81B49FA8,2027-01-31,SYS_076,AST_ADF021F6,0.589224,0,0,60.0
INSP_2F1AA29F,2027-01-31,SYS_085,AST_3BD1F5F0,0.649574,0,0,60.0
INSP_B038806A,2027-01-31,SYS_100,AST_545FEF90,1.16166,0,1,60.0
INSP_36B3A01C,2027-01-31,SYS_102,AST_9DC86780,0.611866,0,0,60.0
INSP_312CD0E3,2027-01-31,SYS_104,AST_810F2A29,0.463471,0,0,60.0
INSP_79BB42CF,2027-01-31,SYS_141,AST_6A853EDC,1.500413,1,1,60.0
INSP_46CBD538,2027-02-01,SYS_086,AST_2AD0C4BA,1.018618,1,1,60.0
INSP_286C4E39,2027-02-01,SYS_105,AST_5EB49036,1.079977,0,1,60.0
INSP_989994B1,2027-02-01,SYS_122,AST_16ADD47C,1.115702,0,1,60.0
INSP_0C41DF43,2027-02-01,SYS_145,AST_B769FE72,0.791301,0,0,60.0
INSP_36E02344,2027-02-01,SYS_172,AST_17E13A32,0.700388,0,0,60.0
INSP_5610ECBD,2027-02-01,SYS_190,AST_8728C7C0,1.221459,0,1,60.0
INSP_136CED7F,2027-02-02,SYS_006,AST_46C8E42D,1.052278,0,1,60.0
INSP_3C583663,2027-02-02,SYS_021,AST_5F0E75B6,0.956079,0,0,60.0
INSP_F1318C85,2027-02-02,SYS_022,AST_B16A756D,0.61843,0,0,60.0
INSP_5FDC1C6A,2027-02-02,SYS_060,AST_BAE2D5D8,0.670113,0,0,60.0
INSP_C134280A,2027-02-02,SYS_116,AST_B2582483,0.247424,0,0,60.0
INSP_3DD4A0CE,2027-02-03,SYS_153,AST_3562B1D3,0.893597,0,0,60.0
INSP_80487900,2027-02-03,SYS_167,AST_DA5CA129,0.439424,0,0,60.0
INSP_7B8B63C3,2027-02-04,SYS_034,AST_4A79E031,0.972062,0,0,60.0
INSP_1BB732BB,2027-02-04,SYS_096,AST_BACF110E,0.667232,1,0,60.0
INSP_0D1B904F,2027-02-04,SYS_140,AST_50A3AF9A,0.606581,0,0,60.0
INSP_B0B0B6E2,2027-02-05,SYS_045,AST_874F54F4,0.481935,0,0,60.0
INSP_425742E4,2027-02-05,SYS_136,AST_7764FCE0,1.051987,0,1,60.0
INSP_FBE4B49C,2027-02-08,SYS_039,AST_D98A0D9D,0.468786,0,0,60.0
INSP_4FD740E3,2027-02-08,SYS_089,AST_F8C77AF3,0.272106,0,0,60.0
INSP_A9ACCB4C,2027-02-10,SYS_090,AST_6662D7AF,0.622374,0,0,60.0
INSP_079B1BCA,2027-02-11,SYS_047,AST_1E25E458,0.087027,0,0,60.0
INSP_AEA983ED,2027-02-11,SYS_150,AST_170FE077,0.928742,1,0,60.0
INSP_F46E9E1B,2027-02-13,SYS_024,AST_5C0D088A,0.61063,0,0,60.0
INSP_DD3ED925,2027-02-13,SYS_056,AST_C1C97B73,0.915155,0,0,60.0
INSP_1CBE10A1,2027-02-13,SYS_103,AST_A88C510B,0.909971,0,0,60.0
INSP_A34860A5,2027-02-14,SYS_018,AST_9512D5A3,-0.144099,0,0,60.0
INSP_87D69D11,2027-02-14,SYS_179,AST_6406B186,0.029098,0,0,60.0
INSP_9CA251CB,2027-02-15,SYS_010,AST_2BF22A72,0.41549,0,0,60.0
INSP_70971530,2027-02-15,SYS_028,AST_9DBAB814,0.837784,0,0,60.0
INSP_99FFB46B,2027-02-16,SYS_009,AST_A1AD32FC,0.042454,0,0,60.0
INSP_E53C56B1,2027-02-18,SYS_052,AST_D95FA336,0.704369,0,0,60.0
INSP_E4F3F072,2027-02-20,SYS_005,AST_7C7868DA,0.314056,0,0,60.0
INSP_E056BE39,2027-02-20,SYS_146,AST_07E10046,0.632649,0,0,60.0
INSP_A810DA0F,2027-02-21,SYS_121,AST_B0392C20,0.362571,0,0,60.0
INSP_D17247E5,2027-02-21,SYS_180,AST_7B868176,0.295745,0,0,60.0
INSP_7C42983E,2027-02-22,SYS_130,AST_4AAAE8D5,0.123477,0,0,60.0
INSP_6D097DF5,2027-02-23,SYS_195,AST_0E874654,0.282882,0,0,60.0
INSP_7713B1FD,2027-02-24,SYS_023,AST_7CC97E1B,0.124805,0,0,60.0
INSP_44F66D87,2027-02-24,SYS_033,AST_22C05889,-0.133174,0,0,60.0
INSP_F6E7E6CC,2027-02-26,SYS_139,AST_0B13D9C8,-0.002601,0,0,60.0
INSP_4F2E0035,2027-02-27,SYS_065,AST_FB815704,0.087463,0,0,60.0
INSP_BAC32D7E,2027-02-27,SYS_100,AST_3C713EB2,-0.068085,0,0,60.0
INSP_A9DD1223,2027-02-27,SYS_133,AST_BF4651B1,0.151731,0,0,60.0
INSP_DC572334,2027-02-28,SYS_015,AST_254B74B0,-0.391098,0,0,60.0
INSP_A348E35C,2027-02-28,SYS_035,AST_BA241310,0.440011,0,0,60.0
INSP_A05A24E1,2027-02-28,SYS_053,AST_4658068B,0.17381,0,0,60.0
INSP_1EAE10A5,2027-02-28,SYS_054,AST_15CFF64E,0.61323,0,0,60.0
INSP_9D8CB88D,2027-02-28,SYS_071,AST_6E345902,0.03906,0,0,60.0
INSP_6CD51FCE,2027-02-28,SYS_093,AST_0FD42B82,0.003357,0,0,60.0
INSP_EC7CA8F4,2027-02-28,SYS_114,AST_E6A0785D,0.885099,0,0,60.0
INSP_A4F81D76,2027-03-01,SYS_002,AST_7C0E9A5B,0.166966,0,0,60.0
INSP_0A9FE4FD,2027-03-01,SYS_026,AST_9E6257AF,0.360284,0,0,60.0
INSP_A3246439,2027-03-01,SYS_060,AST_BAE2D5D8,0.85744,0,0,60.0
INSP_2A5B7DF6,2027-03-01,SYS_097,AST_F1691B23,-0.193589,0,0,60.0
INSP_634158DA,2027-03-01,SYS_134,AST_2F38DF31,-0.270303,0,0,60.0
INSP_E8B91D81,2027-03-01,SYS_160,AST_E349A214,0.454097,0,0,60.0
INSP_A1D6D686,2027-03-01,SYS_196,AST_599A4B8F,0.137741,0,0,60.0
INSP_D489C624,2027-03-02,SYS_022,AST_B16A756D,0.918802,0,0,60.0
INSP_861578A7,2027-03-02,SYS_025,AST_1CF228E4,-0.145998,0,0,60.0
INSP_A1A59DF0,2027-03-02,SYS_038,AST_A3B534A7,0.425998,0,0,60.0
INSP_171FC004,2027-03-02,SYS_091,AST_4B1E21E5,0.273309,0,0,60.0
INSP_9C159978,2027-03-02,SYS_109,AST_06DBD95D,0.253846,0,0,60.0
INSP_D76D7CCE,2027-03-02,SYS_113,AST_A44F2B3D,0.173146,0,0,60.0
INSP_FC52A2E3,2027-03-02,SYS_126,AST_20E142E2,0.182116,0,0,60.0
INSP_8D43388B,2027-03-02,SYS_142,AST_920B351F,0.172537,0,0,60.0
INSP_AC7B99FE,2027-03-02,SYS_144,AST_5DDB30F9,0.168342,0,0,60.0
INSP_8ECBCCC4,2027-03-02,SYS_157,AST_FD51B1B6,-0.219847,0,0,60.0
INSP_153E522B,2027-03-02,SYS_172,AST_699843CC,-0.161102,0,0,60.0
INSP_FE0EAABB,2027-03-03,SYS_041,AST_ADCE3301,-0.017664,0,0,60.0
INSP_7BD73E6A,2027-03-03,SYS_064,AST_5806475C,-0.063061,0,0,60.0
INSP_E648F9A8,2027-03-03,SYS_086,AST_0D81ACA2,0.160798,0,0,60.0
INSP_21073B09,2027-03-03,SYS_154,AST_882D3A31,0.208068,0,0,60.0
INSP_F25F5F4F,2027-03-03,SYS_165,AST_4505F652,-0.09128,0,0,60.0
INSP_E6745878,2027-03-04,SYS_017,AST_A1FBED94,0.104332,0,0,60.0
INSP_D024D537,2027-03-04,SYS_043,AST_B63A8A6D,0.10305,0,0,60.0
INSP_9E89F0FC,2027-03-04,SYS_077,AST_2E64E833,0.75846,0,0,60.0
INSP_AD883E7C,2027-03-04,SYS_078,AST_AEC3B942,0.260697,0,0,60.0
INSP_3B4694F7,2027-03-04,SYS_083,AST_B47F76A6,0.384508,0,0,60.0
INSP_238DAD22,2027-03-04,SYS_104,AST_810F2A29,0.555151,0,0,60.0
INSP_4F561215,2027-03-04,SYS_107,AST_1CA21168,0.141633,0,0,60.0
INSP_3822BD35,2027-03-04,SYS_132,AST_110C419C,0.479803,0,0,60.0
INSP_3E755887,2027-03-04,SYS_162,AST_63EA204C,0.162831,0,0,60.0
INSP_F3A5D466,2027-03-04,SYS_184,AST_B8F4CFDC,0.169813,0,0,60.0
INSP_0619AA89,2027-03-04,SYS_186,AST_C62671DB,0.406266,0,0,60.0
INSP_F78C84B7,2027-03-04,SYS_187,AST_97716F9B,-0.090062,0,0,60.0
INSP_EE3E3489,2027-03-05,SYS_003,AST_7B1C49CD,0.308466,0,0,60.0
INSP_E852E89D,2027-03-05,SYS_004,AST_1D072422,0.35217,0,0,60.0
INSP_76E23869,2027-03-05,SYS_016,AST_6C257809,0.135286,0,0,60.0
INSP_DFA9F7F8,2027-03-05,SYS_036,AST_795D4B1F,0.110907,0,0,60.0
INSP_BF8516F8,2027-03-05,SYS_039,AST_D98A0D9D,0.70211,0,0,60.0
INSP_54AF7D5B,2027-03-05,SYS_040,AST_FC62966A,0.018256,0,0,60.0
INSP_D5428602,2027-03-05,SYS_066,AST_D444EB42,0.126243,0,0,60.0
INSP_FD0964F0,2027-03-05,SYS_092,AST_DC36E0C0,0.45588,0,0,60.0
INSP_BD4AE9F2,2027-03-05,SYS_095,AST_370AA7CB,0.149848,0,0,60.0
INSP_663EC0A6,2027-03-05,SYS_101,AST_FBD9E0F7,1.674645,1,1,60.0
INSP_FCC76685,2027-03-05,SYS_110,AST_FF3D3FDA,0.20379,0,0,60.0
INSP_5D8B3D15,2027-03-05,SYS_116,AST_B2582483,0.148528,0,0,60.0
INSP_CE46A4B8,2027-03-05,SYS_120,AST_3F244E16,0.426249,0,0,60.0
INSP_6943577D,2027-03-05,SYS_128,AST_DE173347,0.174851,0,0,60.0
INSP_3B51CB8D,2027-03-05,SYS_131,AST_3D3FA8BA,0.366624,0,0,60.0
INSP_5082946A,2027-03-05,SYS_148,AST_781DAA19,0.021119,0,0,60.0
INSP_971BD6EE,2027-03-05,SYS_155,AST_17B3E0CB,0.331704,0,0,60.0
INSP_F38C7EDE,2027-03-05,SYS_159,AST_26627EA2,-0.089929,0,0,60.0
INSP_7DEF66E0,2027-03-05,SYS_171,AST_6CB99312,0.31311,0,0,60.0
INSP_297EEBD4,2027-03-05,SYS_176,AST_228C6B85,-0.060758,0,0,60.0
INSP_E677584F,2027-03-05,SYS_188,AST_5DAE9C93,0.497284,0,0,60.0
INSP_74F14C3A,2027-03-05,SYS_199,AST_FA8F339B,-0.02847,0,0,60.0
INSP_77D34349,2027-03-06,SYS_050,AST_E38E7FDD,0.191609,0,0,60.0
INSP_3BA5FE47,2027-03-06,SYS_058,AST_43ED943D,0.449304,0,0,60.0
INSP_4C56E36E,2027-03-06,SYS_062,AST_36AF7982,0.309203,0,0,60.0
INSP_FDC3EFD8,2027-03-06,SYS_067,AST_50A1C019,0.265537,0,0,60.0
INSP_7D3A1543,2027-03-06,SYS_068,AST_D55BF40C,0.208868,0,0,60.0
INSP_29B2DEFF,2027-03-06,SYS_072,AST_FC97B019,0.223109,0,0,60.0
INSP_972DB736,2027-03-06,SYS_073,AST_4A29F50A,0.018941,0,0,60.0
INSP_57E8B6AF,2027-03-06,SYS_106,AST_4A546D96,-0.25281,0,0,60.0
INSP_30E02D85,2027-03-06,SYS_117,AST_AD92E55A,-0.029636,0,0,60.0
INSP_2E1C3B45,2027-03-06,SYS_122,AST_50363D49,0.478886,0,0,60.0
INSP_473F5B51,2027-03-06,SYS_140,AST_2E4344CA,0.302458,0,0,60.0
INSP_03B01C63,2027-03-06,SYS_145,AST_BF2D7A8D,0.529214,0,0,60.0
INSP_5C32E3ED,2027-03-06,SYS_173,AST_ED93AAFD,-0.01842,0,0,60.0
INSP_B15AD559,2027-03-06,SYS_185,AST_CCE08060,0.065661,0,0,60.0
INSP_B7903576,2027-03-06,SYS_192,AST_08CFD3D7,0.067561,0,0,60.0
INSP_67A746D9,2027-03-07,SYS_014,AST_80CBE3FD,0.349481,0,0,60.0
INSP_DDAB2121,2027-03-07,SYS_031,AST_9763C2D9,0.226363,0,0,60.0
INSP_CEC08043,2027-03-07,SYS_034,AST_7F9AC73D,0.09967,0,0,60.0
INSP_07A74C91,2027-03-07,SYS_051,AST_18B06F68,0.094667,0,0,60.0
INSP_35064D84,2027-03-07,SYS_069,AST_C8C5AFF6,0.467259,0,0,60.0
INSP_CE6D8AAC,2027-03-07,SYS_075,AST_BEC4C595,-0.03488,0,0,60.0
INSP_AA8F2BC5,2027-03-07,SYS_085,AST_39D6DE1D,0.083311,0,0,60.0
INSP_83355A72,2027-03-07,SYS_099,AST_A2FF2626,0.016518,0,0,60.0
INSP_8817BE12,2027-03-07,SYS_124,AST_D78C7B3F,0.491272,0,0,60.0
INSP_FAFD31AC,2027-03-07,SYS_129,AST_35C20721,0.283252,0,0,60.0
INSP_50314F59,2027-03-07,SYS_138,AST_453643CE,0.14556,0,0,60.0
INSP_BAD44EDB,2027-03-07,SYS_141,AST_E4E2ACF8,0.223653,0,0,60.0
INSP_534FCBED,2027-03-07,SYS_147,AST_ADC31872,0.345253,0,0,60.0
INSP_30EF5536,2027-03-07,SYS_161,AST_6F067CCD,0.437273,0,0,60.0
INSP_C2E9F988,2027-03-07,SYS_174,AST_2FC25D3A,0.175551,0,0,60.0
INSP_9A8373F1,2027-03-07,SYS_175,AST_C7FB9737,0.298774,0,0,60.0
INSP_7CD55E1B,2027-03-07,SYS_182,AST_FE615242,0.05654,0,0,60.0
INSP_8D2CE02D,2027-03-07,SYS_183,AST_4966D3EB,0.071185,0,0,60.0
INSP_4CD8FF6E,2027-03-07,SYS_198,AST_DD98E536,-0.057454,0,0,60.0
INSP_C7AF0FBB,2027-03-08,SYS_000,AST_82289609,0.045216,0,0,60.0
INSP_238A1C1F,2027-03-08,SYS_008,AST_1701B0D1,0.332067,0,0,60.0
INSP_4D513E99,2027-03-08,SYS_027,AST_9368DA73,0.027014,0,0,60.0
INSP_294F2238,2027-03-08,SYS_032,AST_9B82BED0,0.28913,0,0,60.0
INSP_F3CAEDE7,2027-03-08,SYS_076,AST_6784BE61,0.3777,0,0,60.0
INSP_BC4C52F3,2027-03-08,SYS_084,AST_A444DD46,0.559443,0,0,60.0
INSP_4E7B3AA5,2027-03-08,SYS_094,AST_CF5CF75E,0.010036,0,0,60.0
INSP_64E87B84,2027-03-08,SYS_111,AST_24039B1B,0.085169,0,0,60.0
INSP_B856ED7C,2027-03-08,SYS_156,AST_5C0B199A,0.343374,0,0,60.0
INSP_7D01185D,2027-03-08,SYS_163,AST_7B596DAC,0.557936,0,0,60.0
INSP_13939F3A,2027-03-08,SYS_178,AST_F6C0052F,0.454235,0,0,60.0
INSP_D8AA2AEC,2027-03-08,SYS_191,AST_806147E4,0.288256,0,0,60.0
INSP_6E6742A1,2027-03-08,SYS_193,AST_8455CCD5,0.228063,0,0,60.0
INSP_1504A7B3,2027-03-09,SYS_030,AST_D5338D02,0.184277,0,0,60.0
INSP_20CFB467,2027-03-09,SYS_047,AST_1E25E458,0.621106,0,0,60.0
INSP_AABB4657,2027-03-09,SYS_059,AST_FCC4CBED,0.324948,0,0,60.0
INSP_2DA238DC,2027-03-09,SYS_074,AST_19E34940,0.302635,0,0,60.0
INSP_89083CC3,2027-03-09,SYS_079,AST_3F7E07D7,0.095942,0,0,60.0
INSP_E2E25AE5,2027-03-09,SYS_098,AST_3B7D1466,0.141462,0,0,60.0
INSP_6856B332,2027-03-09,SYS_102,AST_654E65F9,0.436976,0,0,60.0
INSP_B949927A,2027-03-09,SYS_115,AST_3A142C96,-0.00574,0,0,60.0
INSP_649A019C,2027-03-09,SYS_135,AST_657B7CFE,0.161802,0,0,60.0
INSP_3F8D3FC8,2027-03-09,SYS_136,AST_7764FCE0,0.500383,0,0,60.0
INSP_9257E4B4,2027-03-09,SYS_170,AST_DC16CA5C,0.366401,0,0,60.0
INSP_F45EC1E3,2027-03-09,SYS_197,AST_D1886613,0.363918,0,0,60.0
INSP_63704E49,2027-03-10,SYS_001,AST_34D78B20,0.237107,0,0,60.0
INSP_13CADBE7,2027-03-10,SYS_007,AST_EEEE8A15,0.160754,0,0,60.0
INSP_27A7CFEF,2027-03-10,SYS_042,AST_050AF887,0.473644,0,0,60.0
INSP_6E97E6BF,2027-03-10,SYS_046,AST_7567728B,0.439531,0,0,60.0
INSP_324954F7,2027-03-10,SYS_080,AST_58C4B1B9,0.239982,0,0,60.0
INSP_8331CCFE,2027-03-10,SYS_087,AST_EE806C03,-0.202266,0,0,60.0
INSP_1DC6D4CD,2027-03-10,SYS_090,AST_6662D7AF,0.843313,0,0,60.0
INSP_0321CAC9,2027-03-10,SYS_096,AST_439830B2,0.261226,0,0,60.0
INSP_A4E76B91,2027-03-10,SYS_112,AST_AA8C1F27,-0.160136,0,0,60.0
INSP_F4E510BF,2027-03-10,SYS_119,AST_3F7EAE27,0.202552,0,0,60.0
INSP_8E63049B,2027-03-10,SYS_125,AST_E7B8D3E6,0.620388,0,0,60.0
INSP_99C2FCD7,2027-03-10,SYS_164,AST_F4B67099,0.16916,0,0,60.0
INSP_054B4D18,2027-03-10,SYS_168,AST_0FD6BF6D,0.297863,0,0,60.0
INSP_CEDF3269,2027-03-10,SYS_169,AST_B188D1C3,0.095246,0,0,60.0
INSP_C0B4A1E6,2027-03-10,SYS_194,AST_C33E2C24,0.063315,0,0,60.0
INSP_DCBA44CA,2027-03-11,SYS_013,AST_695DC7E0,0.265592,0,0,60.0
INSP_DA1AAAA8,2027-03-11,SYS_037,AST_040795BD,0.146842,0,0,60.0
INSP_584A322C,2027-03-11,SYS_044,AST_353B47EB,0.096426,0,0,60.0
INSP_55C58CE5,2027-03-11,SYS_049,AST_EB975475,0.023748,0,0,60.0
INSP_C92FB11B,2027-03-11,SYS_063,AST_C94270EB,0.246398,0,0,60.0
INSP_F94B5439,2027-03-11,SYS_070,AST_C1B8C773,0.330084,0,0,60.0
INSP_2085BAE6,2027-03-11,SYS_088,AST_3E3464CF,0.318411,0,0,60.0
INSP_44D3ADC8,2027-03-11,SYS_143,AST_AA6F844F,0.2981,0,0,60.0
INSP_D2F90CE1,2027-03-11,SYS_153,AST_F2CA704B,0.202056,0,0,60.0
INSP_8BCF3A51,2027-03-11,SYS_158,AST_FF59B2E4,0.225045,0,0,60.0
INSP_6AEF7FFF,2027-03-11,SYS_166,AST_3DB3BBFB,0.459802,0,0,60.0
INSP_2C4BDFDC,2027-03-11,SYS_167,AST_7E850B57,0.452059,0,0,60.0
INSP_B5DA0227,2027-03-11,SYS_181,AST_CDC219E9,0.741452,0,0,60.0
INSP_DBF6944D,2027-03-12,SYS_019,AST_2D658245,-0.049609,0,0,60.0
INSP_BD040944,2027-03-12,SYS_021,AST_F1979853,0.353703,0,0,60.0
INSP_36737015,2027-03-12,SYS_123,AST_78A0D920,0.317878,0,0,60.0
INSP_3B314D81,2027-03-12,SYS_127,AST_26791D5D,0.404935,0,0,60.0
INSP_16062B87,2027-03-12,SYS_149,AST_5D9AA27A,0.380283,0,0,60.0
INSP_6831FCF5,2027-03-12,SYS_152,AST_AA883657,0.413114,0,0,60.0
INSP_DCA7DDD0,2027-03-13,SYS_006,AST_33C533AD,0.024519,0,0,60.0
INSP_1DB236CB,2027-03-13,SYS_011,AST_04D2EB95,0.228602,0,0,60.0
INSP_FC0E398D,2027-03-13,SYS_029,AST_3D153701,0.462862,0,0,60.0
INSP_C7207C59,2027-03-13,SYS_055,AST_C7F8407C,0.413448,0,0,60.0
INSP_7BA75132,2027-03-13,SYS_061,AST_9B6ED39C,0.309761,0,0,60.0
INSP_1F16A3AE,2027-03-13,SYS_150,AST_170FE077,1.299353,1,1,60.0
INSP_8C3CE5E2,2027-03-14,SYS_048,AST_BBB86CBF,-0.118908,0,0,60.0
INSP_3E98871C,2027-03-14,SYS_057,AST_EBD0CFD1,0.306174,0,0,60.0
INSP_79B917A5,2027-03-14,SYS_118,AST_4CFA63C0,0.481857,0,0,60.0
INSP_F691F850,2027-03-14,SYS_190,AST_EDB3C522,0.302572,0,0,60.0
INSP_727485C1,2027-03-15,SYS_012,AST_52F8C6E2,0.909825,0,0,60.0
INSP_C1E8BB1A,2027-03-15,SYS_020,AST_39DB5940,0.287982,0,0,60.0
INSP_1ABBE601,2027-03-15,SYS_081,AST_60C6CF35,0.398231,0,0,60.0
INSP_395E0D06,2027-03-15,SYS_082,AST_22ACB9CA,0.531424,0,0,60.0
INSP_4DB18CE0,2027-03-15,SYS_108,AST_84762C20,0.218495,0,0,60.0
INSP_C851BBD7,2027-03-15,SYS_137,AST_B3A2D4EA,-0.000232,0,0,60.0
INSP_860EBF3A,2027-03-16,SYS_009,AST_A1AD32FC,0.200859,0,0,60.0
INSP_633505B5,2027-03-16,SYS_189,AST_9DF4F948,0.323993,0,0,60.0
INSP_7B7D74BB,2027-03-17,SYS_018,AST_9512D5A3,0.723451,0,0,60.0
INSP_CE6DC964,2027-03-17,SYS_045,AST_6297D826,0.677746,0,0,60.0
INSP_77B5CB01,2027-03-17,SYS_056,AST_C1C97B73,1.057541,1,1,60.0
INSP_3F5309AF,2027-03-17,SYS_089,AST_F8C77AF3,0.676858,0,0,60.0
INSP_C07B1ACF,2027-03-17,SYS_105,AST_CBAC770C,0.527394,0,0,60.0
INSP_3DDD496D,2027-03-17,SYS_177,AST_2F7F5E8C,0.33659,0,0,60.0
INSP_66C433CA,2027-03-18,SYS_005,AST_7C7868DA,0.577777,0,0,60.0
INSP_DB4143CF,2027-03-18,SYS_151,AST_841A5A8C,0.072296,0,0,60.0
INSP_BA298461,2027-03-18,SYS_179,AST_6406B186,0.574913,0,0,60.0
INSP_EF3B6B3E,2027-03-19,SYS_010,AST_2BF22A72,0.724092,0,0,60.0
INSP_D3E0B559,2027-03-19,SYS_028,AST_9DBAB814,1.080374,1,1,60.0
INSP_DBE9F6DB,2027-03-20,SYS_024,AST_5C0D088A,0.447506,0,0,60.0
INSP_03EDE60B,2027-03-20,SYS_052,AST_D95FA336,1.153417,0,1,60.0
INSP_015E29D6,2027-03-20,SYS_103,AST_A88C510B,0.862482,1,0,60.0
INSP_A4B8E3A6,2027-03-22,SYS_121,AST_B0392C20,0.494297,0,0,60.0
INSP_92C667BC,2027-03-23,SYS_033,AST_22C05889,0.324242,0,0,60.0
INSP_5923B654,2027-03-25,SYS_038,AST_A3B534A7,0.208421,0,0,60.0
INSP_24D71850,2027-03-25,SYS_133,AST_BF4651B1,0.314111,0,0,60.0
INSP_1B25E6D7,2027-03-26,SYS_071,AST_6E345902,-0.070795,0,0,60.0
INSP_FB20E3B5,2027-03-26,SYS_093,AST_0FD42B82,0.585196,0,0,60.0
INSP_14EC4679,2027-03-26,SYS_195,AST_0E874654,0.684339,0,0,60.0
INSP_5A8C1B05,2027-03-27,SYS_023,AST_7CC97E1B,0.449791,0,0,60.0
INSP_FCF1728F,2027-03-27,SYS_035,AST_BA241310,0.503652,0,0,60.0
INSP_1D40D482,2027-03-27,SYS_113,AST_A44F2B3D,0.394764,0,0,60.0
INSP_9278CA08,2027-03-27,SYS_130,AST_4AAAE8D5,0.462915,0,0,60.0
INSP_FC1A3622,2027-03-29,SYS_041,AST_ADCE3301,0.485094,0,0,60.0
INSP_35C9C776,2027-03-29,SYS_065,AST_FB815704,0.424931,0,0,60.0
INSP_5B710C97,2027-03-29,SYS_072,AST_FC97B019,0.272869,0,0,60.0
INSP_AF649D5C,2027-03-29,SYS_120,AST_3F244E16,0.390359,0,0,60.0
INSP_8937B585,2027-03-29,SYS_139,AST_0B13D9C8,0.555219,0,0,60.0
INSP_87A7A244,2027-03-30,SYS_002,AST_7C0E9A5B,0.340579,0,0,60.0
INSP_FFE143DF,2027-03-30,SYS_015,AST_254B74B0,0.400748,0,0,60.0
INSP_FDFD6AE4,2027-03-30,SYS_080,AST_58C4B1B9,0.291028,0,0,60.0
INSP_E2436AAF,2027-03-30,SYS_116,AST_B2582483,0.020368,0,0,60.0
INSP_5D90C1B4,2027-03-30,SYS_126,AST_20E142E2,0.713603,0,0,60.0
INSP_DCD63BA5,2027-03-30,SYS_142,AST_920B351F,0.429461,0,0,60.0
INSP_7FC7D7AE,2027-03-30,SYS_144,AST_5DDB30F9,0.372233,0,0,60.0
INSP_DF3FE13C,2027-03-30,SYS_158,AST_FF59B2E4,0.468996,0,0,60.0
INSP_3C673A20,2027-03-30,SYS_165,AST_4505F652,0.144283,0,0,60.0
INSP_2E207BAA,2027-03-30,SYS_184,AST_B8F4CFDC,0.496702,0,0,60.0
INSP_80FDDAE4,2027-03-31,SYS_004,AST_1D072422,0.128898,0,0,60.0
INSP_B58A254A,2027-03-31,SYS_026,AST_9E6257AF,0.345025,0,0,60.0
INSP_705F37AB,2027-03-31,SYS_058,AST_43ED943D,0.469934,0,0,60.0
INSP_63435083,2027-03-31,SYS_099,AST_A2FF2626,0.183875,0,0,60.0
INSP_A646F359,2027-03-31,SYS_106,AST_4A546D96,0.566125,0,0,60.0
INSP_3BFF8685,2027-03-31,SYS_134,AST_2F38DF31,0.284053,0,0,60.0
INSP_23964A3E,2027-03-31,SYS_173,AST_ED93AAFD,0.533943,0,0,60.0
INSP_A8568951,2027-03-31,SYS_187,AST_97716F9B,-0.017597,0,0,60.0
INSP_2FA2A72B,2027-03-31,SYS_196,AST_599A4B8F,0.387183,0,0,60.0
INSP_8177D427,2027-04-01,SYS_014,AST_80CBE3FD,0.542795,0,0,60.0
INSP_83225F7E,2027-04-01,SYS_027,AST_9368DA73,0.488839,0,0,60.0
INSP_CC8B1467,2027-04-01,SYS_091,AST_4B1E21E5,0.346145,0,0,60.0
INSP_BB646BDF,2027-04-01,SYS_092,AST_DC36E0C0,0.335996,0,0,60.0
INSP_9FD8F3A6,2027-04-01,SYS_109,AST_06DBD95D,0.652061,0,0,60.0
INSP_7741C0E2,2027-04-01,SYS_146,AST_36038667,0.320412,0,0,60.0
INSP_C467F9A3,2027-04-01,SYS_171,AST_6CB99312,0.417709,0,0,60.0
INSP_623420C2,2027-04-01,SYS_180,AST_7B868176,0.481384,0,0,60.0
INSP_BC78E8BA,2027-04-02,SYS_021,AST_F1979853,0.33668,0,0,60.0
INSP_CB3D4CCA,2027-04-02,SYS_054,AST_15CFF64E,0.965801,0,0,60.0
INSP_93123416,2027-04-02,SYS_059,AST_FCC4CBED,0.315639,0,0,60.0
INSP_807073DD,2027-04-02,SYS_066,AST_D444EB42,0.471446,0,0,60.0
INSP_4BD48D8D,2027-04-02,SYS_098,AST_3B7D1466,0.543575,0,0,60.0
INSP_CE5EBA4F,2027-04-02,SYS_110,AST_FF3D3FDA,-0.008118,0,0,60.0
INSP_94C0CA30,2027-04-02,SYS_141,AST_E4E2ACF8,0.561607,0,0,60.0
INSP_3B3D9C67,2027-04-02,SYS_162,AST_63EA204C,0.439176,0,0,60.0
INSP_BEFE32AD,2027-04-03,SYS_039,AST_D98A0D9D,0.964803,1,0,60.0
INSP_843EFE05,2027-04-03,SYS_043,AST_B63A8A6D,0.356897,0,0,60.0
INSP_D0417F72,2027-04-03,SYS_049,AST_EB975475,0.514622,0,0,60.0
INSP_246F5BA0,2027-04-03,SYS_078,AST_AEC3B942,0.485009,0,0,60.0
INSP_9D80FE6F,2027-04-03,SYS_100,AST_3C713EB2,0.055835,0,0,60.0
INSP_0938B3AA,2027-04-03,SYS_104,AST_810F2A29,0.819592,0,0,60.0
INSP_79C332A3,2027-04-03,SYS_107,AST_1CA21168,0.182816,0,0,60.0
INSP_58FC362F,2027-04-03,SYS_122,AST_50363D49,0.463901,0,0,60.0
INSP_CFECE6F0,2027-04-03,SYS_131,AST_3D3FA8BA,0.461353,0,0,60.0
INSP_D3894B3F,2027-04-03,SYS_154,AST_882D3A31,0.341377,0,0,60.0
INSP_76CE6F09,2027-04-03,SYS_163,AST_7B596DAC,0.203763,0,0,60.0
INSP_E98A7697,2027-04-03,SYS_183,AST_4966D3EB,0.513356,0,0,60.0
INSP_459019BD,2027-04-03,SYS_186,AST_C62671DB,0.260635,0,0,60.0
INSP_98440F7B,2027-04-03,SYS_188,AST_5DAE9C93,0.385766,0,0,60.0
INSP_D2BC1C49,2027-04-03,SYS_192,AST_08CFD3D7,0.135102,0,0,60.0
INSP_A30D528C,2027-04-04,SYS_000,AST_82289609,0.356542,0,0,60.0
INSP_96BB4B5F,2027-04-04,SYS_016,AST_6C257809,0.224296,0,0,60.0
INSP_B6481E25,2027-04-04,SYS_017,AST_A1FBED94,0.504467,0,0,60.0
INSP_46A40D69,2027-04-04,SYS_031,AST_9763C2D9,0.537999,0,0,60.0
INSP_910BD6AE,2027-04-04,SYS_047,AST_1E25E458,0.651827,0,0,60.0
INSP_386A3A01,2027-04-04,SYS_050,AST_E38E7FDD,0.636941,0,0,60.0
INSP_6D37C465,2027-04-04,SYS_053,AST_4658068B,0.56275,0,0,60.0
INSP_886F58B7,2027-04-04,SYS_060,AST_BAE2D5D8,1.398514,1,1,60.0
INSP_C003D0DE,2027-04-04,SYS_083,AST_B47F76A6,0.535185,0,0,60.0
INSP_92C4235C,2027-04-04,SYS_085,AST_39D6DE1D,0.29685,0,0,60.0
INSP_7B7C7505,2027-04-04,SYS_097,AST_F1691B23,0.340971,0,0,60.0
INSP_08887B37,2027-04-04,SYS_117,AST_AD92E55A,0.365374,0,0,60.0
INSP_57EDD1F8,2027-04-04,SYS_128,AST_DE173347,0.359583,0,0,60.0
INSP_D9D6866D,2027-04-04,SYS_156,AST_5C0B199A,0.537844,0,0,60.0
INSP_DAE60218,2027-04-04,SYS_159,AST_26627EA2,0.465654,0,0,60.0
INSP_E8EE5390,2027-04-04,SYS_160,AST_E349A214,0.580146,0,0,60.0
INSP_61BD58CA,2027-04-04,SYS_172,AST_699843CC,0.186309,0,0,60.0
INSP_FA07D86F,2027-04-04,SYS_185,AST_CCE08060,-0.033223,0,0,60.0
INSP_760EE1D9,2027-04-04,SYS_198,AST_DD98E536,0.495434,0,0,60.0
INSP_1BE746EA,2027-04-05,SYS_034,AST_7F9AC73D,0.907465,0,0,60.0
INSP_B553A729,2027-04-05,SYS_036,AST_795D4B1F,0.687359,0,0,60.0
INSP_60284D67,2027-04-05,SYS_070,AST_C1B8C773,0.444954,0,0,60.0
INSP_E61C2A26,2027-04-05,SYS_095,AST_370AA7CB,0.575903,0,0,60.0
INSP_32B588C9,2027-04-05,SYS_111,AST_24039B1B,0.472905,0,0,60.0
INSP_0F2D3982,2027-04-05,SYS_129,AST_35C20721,0.703443,0,0,60.0
INSP_C8D8A5F7,2027-04-05,SYS_136,AST_7764FCE0,0.629601,0,0,60.0
INSP_A6649CD3,2027-04-05,SYS_140,AST_2E4344CA,0.381749,0,0,60.0
INSP_50027C6B,2027-04-05,SYS_145,AST_BF2D7A8D,0.260444,0,0,60.0
INSP_5C00B3A0,2027-04-05,SYS_168,AST_0FD6BF6D,0.282223,0,0,60.0
INSP_D8D21E5F,2027-04-06,SYS_040,AST_FC62966A,0.380351,0,0,60.0
INSP_80BAC76F,2027-04-06,SYS_062,AST_36AF7982,0.437318,0,0,60.0
INSP_24898EBB,2027-04-06,SYS_064,AST_5806475C,0.425513,0,0,60.0
INSP_1B53AA7D,2027-04-06,SYS_073,AST_4A29F50A,0.480885,0,0,60.0
INSP_DEDF67C2,2027-04-06,SYS_077,AST_2E64E833,0.569679,0,0,60.0
INSP_D2B9C300,2027-04-06,SYS_079,AST_3F7E07D7,0.124453,0,0,60.0
INSP_D6DAAC2A,2027-04-06,SYS_081,AST_60C6CF35,0.647105,0,0,60.0
INSP_68EE10F6,2027-04-06,SYS_086,AST_0D81ACA2,0.817407,0,0,60.0
INSP_8A0A277B,2027-04-06,SYS_088,AST_3E3464CF,0.44928,0,0,60.0
INSP_3B717C49,2027-04-06,SYS_090,AST_6662D7AF,1.064343,1,1,60.0
INSP_F9630022,2027-04-06,SYS_132,AST_110C419C,0.296724,0,0,60.0
INSP_EFBBE295,2027-04-06,SYS_174,AST_2FC25D3A,0.380727,0,0,60.0
INSP_9553ACF2,2027-04-06,SYS_181,AST_CDC219E9,0.806124,0,0,60.0
INSP_B1385B79,2027-04-06,SYS_193,AST_8455CCD5,0.34181,0,0,60.0
INSP_45A8059C,2027-04-07,SYS_008,AST_1701B0D1,0.648364,0,0,60.0
INSP_0F279601,2027-04-07,SYS_025,AST_1CF228E4,0.428593,0,0,60.0
INSP_C7ABEDC3,2027-04-07,SYS_030,AST_D5338D02,0.649586,0,0,60.0
INSP_A15EF711,2027-04-07,SYS_044,AST_353B47EB,0.336929,0,0,60.0
INSP_53DA8FF7,2027-04-07,SYS_055,AST_C7F8407C,0.397852,0,0,60.0
INSP_D1216DB6,2027-04-07,SYS_114,AST_E6A0785D,0.740489,0,0,60.0
INSP_D5C8504C,2027-04-07,SYS_123,AST_78A0D920,0.754905,0,0,60.0
INSP_C3906C40,2027-04-07,SYS_125,AST_E7B8D3E6,0.512101,0,0,60.0
INSP_CCDA3A78,2027-04-07,SYS_138,AST_453643CE,0.316912,0,0,60.0
INSP_F9CD2356,2027-04-07,SYS_148,AST_781DAA19,0.527873,0,0,60.0
INSP_891D3C8F,2027-04-07,SYS_157,AST_FD51B1B6,0.210638,0,0,60.0
INSP_4259D7BA,2027-04-07,SYS_167,AST_7E850B57,0.249867,0,0,60.0
INSP_19C0BBC4,2027-04-08,SYS_007,AST_EEEE8A15,0.251235,0,0,60.0
INSP_2F57E4EB,2027-04-08,SYS_042,AST_050AF887,0.336916,0,0,60.0
INSP_186C7FEC,2027-04-08,SYS_046,AST_7567728B,0.393754,0,0,60.0
INSP_D57E1E73,2027-04-08,SYS_076,AST_6784BE61,0.27139,0,0,60.0
INSP_9B0BD006,2027-04-08,SYS_127,AST_26791D5D,0.464503,0,0,60.0
INSP_335BC18D,2027-04-08,SYS_147,AST_ADC31872,0.458038,0,0,60.0
INSP_FB2270D6,2027-04-08,SYS_155,AST_17B3E0CB,0.485997,0,0,60.0
INSP_66249EA6,2027-04-08,SYS_169,AST_B188D1C3,0.396733,0,0,60.0
INSP_4C0D559B,2027-04-08,SYS_175,AST_C7FB9737,0.492134,0,0,60.0
INSP_88744627,2027-04-08,SYS_191,AST_806147E4,0.513671,0,0,60.0
INSP_2A1A442C,2027-04-09,SYS_001,AST_34D78B20,0.749595,0,0,60.0
INSP_4EE6F571,2027-04-09,SYS_003,AST_7B1C49CD,-0.049306,0,0,60.0
INSP_644206A3,2027-04-09,SYS_063,AST_C94270EB,0.701161,0,0,60.0
INSP_A55320D4,2027-04-09,SYS_069,AST_C8C5AFF6,0.326641,0,0,60.0
INSP_6DE8F39E,2027-04-09,SYS_084,AST_A444DD46,0.046269,0,0,60.0
INSP_1E6D2F04,2027-04-09,SYS_102,AST_654E65F9,0.22353,0,0,60.0
INSP_118E1FBC,2027-04-09,SYS_112,AST_AA8C1F27,0.576039,0,0,60.0
INSP_6B751BBA,2027-04-10,SYS_013,AST_695DC7E0,0.462231,0,0,60.0
INSP_07899430,2027-04-10,SYS_032,AST_9B82BED0,0.367707,0,0,60.0
INSP_C69D9DDC,2027-04-10,SYS_067,AST_50A1C019,0.300524,0,0,60.0
INSP_2E85FF4E,2027-04-10,SYS_068,AST_D55BF40C,0.395989,0,0,60.0
INSP_0B9C5E26,2027-04-10,SYS_074,AST_19E34940,0.555694,0,0,60.0
INSP_24935179,2027-04-10,SYS_118,AST_4CFA63C0,0.420251,0,0,60.0
INSP_F88D06C2,2027-04-10,SYS_161,AST_6F067CCD,0.770915,0,0,60.0
INSP_B0F4E02A,2027-04-10,SYS_166,AST_3DB3BBFB,0.726433,0,0,60.0
INSP_65FAF8EE,2027-04-10,SYS_170,AST_DC16CA5C,0.048127,0,0,60.0
INSP_A3B88DDC,2027-04-10,SYS_176,AST_228C6B85,0.722403,0,0,60.0
INSP_FA11ABDF,2027-04-10,SYS_182,AST_FE615242,0.776219,0,0,60.0
INSP_72E29FC3,2027-04-10,SYS_197,AST_D1886613,0.544865,0,0,60.0
INSP_1EF44C2E,2027-04-11,SYS_029,AST_3D153701,0.529576,0,0,60.0
INSP_690E2602,2027-04-11,SYS_048,AST_BBB86CBF,0.343121,0,0,60.0
INSP_4699D0AD,2027-04-11,SYS_061,AST_9B6ED39C,0.613856,0,0,60.0
INSP_5273CBFE,2027-04-11,SYS_151,AST_841A5A8C,0.476324,0,0,60.0
INSP_15ACF552,2027-04-11,SYS_178,AST_F6C0052F,0.466841,0,0,60.0
INSP_2C01EA32,2027-04-12,SYS_108,AST_84762C20,0.935787,0,0,60.0
INSP_E0CDBBCC,2027-04-12,SYS_124,AST_D78C7B3F,0.408232,0,0,60.0
INSP_B30CA992,2027-04-12,SYS_137,AST_B3A2D4EA,0.689689,0,0,60.0
INSP_544D4159,2027-04-13,SYS_006,AST_33C533AD,0.622118,0,0,60.0
INSP_B5D45FBC,2027-04-13,SYS_115,AST_3A142C96,0.310851,0,0,60.0
INSP_E96AF75D,2027-04-13,SYS_143,AST_AA6F844F,0.48912,0,0,60.0
INSP_899FD3AF,2027-04-13,SYS_149,AST_5D9AA27A,0.434459,0,0,60.0
INSP_28CDADE9,2027-04-13,SYS_199,AST_FA8F339B,0.6362,0,0,60.0
INSP_BF54EF58,2027-04-14,SYS_011,AST_04D2EB95,0.578423,0,0,60.0
INSP_C6AA5029,2027-04-14,SYS_012,AST_52F8C6E2,0.376487,0,0,60.0
INSP_01962339,2027-04-14,SYS_045,AST_6297D826,0.41489,0,0,60.0
INSP_4E8D79E6,2027-04-14,SYS_051,AST_18B06F68,0.605492,0,0,60.0
INSP_6C1D5494,2027-04-14,SYS_056,AST_C1C97B73,0.58027,0,0,60.0
INSP_282427A7,2027-04-14,SYS_087,AST_EE806C03,0.496294,0,0,60.0
INSP_C0504601,2027-04-14,SYS_094,AST_CF5CF75E,0.370633,0,0,60.0
INSP_D1F5ABDA,2027-04-14,SYS_119,AST_3F7EAE27,0.295107,0,0,60.0
INSP_CAB8EE39,2027-04-14,SYS_135,AST_657B7CFE,0.334487,0,0,60.0
INSP_474B75F2,2027-04-14,SYS_152,AST_AA883657,0.797671,0,0,60.0
INSP_77E851BA,2027-04-14,SYS_190,AST_EDB3C522,0.267347,0,0,60.0
INSP_5E62CB50,2027-04-15,SYS_019,AST_2D658245,0.013667,0,0,60.0
INSP_CC07BE15,2027-04-15,SYS_089,AST_F8C77AF3,0.736937,0,0,60.0
INSP_95D1A7A2,2027-04-15,SYS_164,AST_F4B67099,0.528065,0,0,60.0
INSP_48F8F4D7,2027-04-15,SYS_194,AST_C33E2C24,0.557227,0,0,60.0
INSP_BD6AFF84,2027-04-16,SYS_005,AST_7C7868DA,1.240337,0,1,60.0
INSP_55CFBDE3,2027-04-16,SYS_057,AST_EBD0CFD1,0.480133,0,0,60.0
INSP_7A6CDC97,2027-04-16,SYS_096,AST_439830B2,0.085497,0,0,60.0
INSP_2F39C6CE,2027-04-16,SYS_150,AST_170FE077,0.540645,0,0,60.0
INSP_7558A287,2027-04-17,SYS_009,AST_A1AD32FC,0.577462,0,0,60.0
INSP_2C0F3A9F,2027-04-17,SYS_101,AST_F57D3154,0.093595,0,0,60.0
INSP_FFC01C91,2027-04-17,SYS_103,AST_A88C510B,1.412817,1,1,60.0
INSP_64F9F939,2027-04-17,SYS_179,AST_6406B186,0.987074,0,0,60.0
INSP_DF738839,2027-04-17,SYS_189,AST_9DF4F948,0.800334,0,0,60.0
INSP_073377ED,2027-04-18,SYS_018,AST_9512D5A3,0.431811,0,0,60.0
INSP_B9DC21E0,2027-04-18,SYS_028,AST_9DBAB814,0.299859,0,0,60.0
INSP_1C23DAF6,2027-04-18,SYS_037,AST_040795BD,0.628804,0,0,60.0
INSP_E65AC2DD,2027-04-18,SYS_071,AST_6E345902,1.01881,0,1,60.0
INSP_79E72A84,2027-04-19,SYS_020,AST_39DB5940,0.78917,0,0,60.0
INSP_0BBFFDF6,2027-04-19,SYS_024,AST_5C0D088A,0.706826,0,0,60.0
INSP_BC267DB5,2027-04-19,SYS_075,AST_28212A6C,0.112424,0,0,60.0
INSP_CFFB447F,2027-04-19,SYS_105,AST_CBAC770C,0.768815,0,0,60.0
INSP_C059F45C,2027-04-19,SYS_177,AST_2F7F5E8C,0.480402,0,0,60.0
INSP_563D42EF,2027-04-20,SYS_093,AST_0FD42B82,0.683597,0,0,60.0
INSP_9ACB7DF9,2027-04-20,SYS_130,AST_4AAAE8D5,0.764541,0,0,60.0
INSP_2B19E84E,2027-04-21,SYS_002,AST_7C0E9A5B,0.434398,0,0,60.0
INSP_D33194E2,2027-04-21,SYS_022,AST_610B3BB8,0.417023,0,0,60.0
INSP_8B49F999,2027-04-21,SYS_035,AST_BA241310,0.645976,0,0,60.0
INSP_9A074C2B,2027-04-21,SYS_038,AST_A3B534A7,0.165122,0,0,60.0
INSP_CF30BF82,2027-04-21,SYS_121,AST_B0392C20,0.524387,0,0,60.0
INSP_D91DB90D,2027-04-22,SYS_153,AST_F2CA704B,0.71159,0,0,60.0
INSP_411C783C,2027-04-23,SYS_041,AST_ADCE3301,0.654709,0,0,60.0
INSP_B695FC78,2027-04-23,SYS_158,AST_FF59B2E4,0.585969,0,0,60.0
INSP_F9724AE2,2027-04-24,SYS_065,AST_FB815704,0.633558,0,0,60.0
INSP_6FF8CE03,2027-04-24,SYS_080,AST_58C4B1B9,0.692005,0,0,60.0
INSP_1E2D0FEC,2027-04-24,SYS_133,AST_BF4651B1,0.739674,0,0,60.0
INSP_CCF19204,2027-04-24,SYS_187,AST_97716F9B,0.485108,0,0,60.0
INSP_5C3378D7,2027-04-25,SYS_004,AST_1D072422,0.552541,0,0,60.0
INSP_56D21377,2027-04-25,SYS_015,AST_254B74B0,0.190001,0,0,60.0
INSP_19810CD2,2027-04-25,SYS_033,AST_22C05889,0.70564,0,0,60.0
INSP_C9D9B7C9,2027-04-25,SYS_066,AST_D444EB42,0.4498,0,0,60.0
INSP_D96B4B8B,2027-04-25,SYS_188,AST_5DAE9C93,0.3468,0,0,60.0
INSP_EB7A7DBD,2027-04-26,SYS_023,AST_7CC97E1B,0.780595,0,0,60.0
INSP_6F073962,2027-04-26,SYS_052,AST_58BD1483,0.395904,0,0,60.0
INSP_490C59CF,2027-04-26,SYS_182,AST_FE615242,0.886491,0,0,60.0
INSP_1360E460,2027-04-27,SYS_092,AST_DC36E0C0,0.757008,0,0,60.0
INSP_D67CD299,2027-04-27,SYS_132,AST_110C419C,0.713854,0,0,60.0
INSP_EE5DF3C4,2027-04-27,SYS_195,AST_0E874654,0.584421,0,0,60.0
INSP_D63CF51F,2027-04-28,SYS_043,AST_B63A8A6D,0.546501,0,0,60.0
INSP_B0A308C6,2027-04-28,SYS_053,AST_4658068B,0.736695,0,0,60.0
INSP_573C849B,2027-04-28,SYS_060,AST_BAE2D5D8,0.480375,0,0,60.0
INSP_CC42D497,2027-04-28,SYS_091,AST_4B1E21E5,0.754999,0,0,60.0
INSP_D4AD495D,2027-04-28,SYS_098,AST_3B7D1466,0.540508,0,0,60.0
INSP_8BBEC9E3,2027-04-28,SYS_113,AST_A44F2B3D,0.499428,0,0,60.0
INSP_BC36884B,2027-04-28,SYS_162,AST_63EA204C,0.424072,0,0,60.0
INSP_B3F5037D,2027-04-29,SYS_026,AST_9E6257AF,0.816948,0,0,60.0
INSP_C686E96D,2027-04-29,SYS_039,AST_D98A0D9D,1.00053,1,1,60.0
INSP_944FE555,2027-04-29,SYS_072,AST_FC97B019,0.119021,0,0,60.0
INSP_14560A6D,2027-04-29,SYS_144,AST_5DDB30F9,0.572509,0,0,60.0
INSP_7B7C3684,2027-04-29,SYS_145,AST_BF2D7A8D,0.68648,0,0,60.0
INSP_E58EACB3,2027-04-29,SYS_159,AST_26627EA2,0.307071,0,0,60.0
INSP_4A934E00,2027-04-29,SYS_163,AST_7B596DAC,0.8003,0,0,60.0
INSP_46E95B88,2027-04-30,SYS_003,AST_7B1C49CD,0.16398,0,0,60.0
INSP_3B38B041,2027-04-30,SYS_021,AST_F1979853,0.608651,0,0,60.0
INSP_3DAB00C5,2027-04-30,SYS_054,AST_15CFF64E,1.086861,1,1,60.0
INSP_2D1B2271,2027-04-30,SYS_088,AST_3E3464CF,0.672154,0,0,60.0
INSP_B596C1FF,2027-04-30,SYS_099,AST_A2FF2626,0.407375,0,0,60.0
INSP_44FCF74B,2027-04-30,SYS_142,AST_920B351F,0.587469,0,0,60.0
INSP_0E844DFC,2027-04-30,SYS_192,AST_08CFD3D7,0.456722,0,0,60.0
INSP_78FCBBB5,2027-05-01,SYS_014,AST_80CBE3FD,0.6425,0,0,60.0
INSP_F176C91B,2027-05-01,SYS_050,AST_E38E7FDD,0.963348,0,0,60.0
INSP_63AEF408,2027-05-01,SYS_078,AST_AEC3B942,0.464178,0,0,60.0
INSP_DC71B962,2027-05-01,SYS_083,AST_B47F76A6,0.584141,0,0,60.0
INSP_A63C7E05,2027-05-01,SYS_106,AST_4A546D96,0.838311,0,0,60.0
INSP_391AF9F5,2027-05-01,SYS_111,AST_24039B1B,0.745553,0,0,60.0
INSP_B5590197,2027-05-01,SYS_116,AST_B2582483,0.408316,0,0,60.0
INSP_6CF6405D,2027-05-01,SYS_120,AST_3F244E16,0.880451,0,0,60.0
INSP_092C26DF,2027-05-01,SYS_126,AST_20E142E2,0.501142,0,0,60.0
INSP_D1AC365E,2027-05-01,SYS_139,AST_0B13D9C8,0.398675,0,0,60.0
INSP_21E1CA58,2027-05-01,SYS_154,AST_882D3A31,0.584407,0,0,60.0
INSP_27104E90,2027-05-02,SYS_008,AST_1701B0D1,0.783816,0,0,60.0
INSP_43C20267,2027-05-02,SYS_017,AST_A1FBED94,0.519163,0,0,60.0
INSP_0BAB98D8,2027-05-02,SYS_027,AST_9368DA73,0.37181,0,0,60.0
INSP_9C67D987,2027-05-02,SYS_058,AST_43ED943D,0.590404,0,0,60.0
INSP_6627A104,2027-05-02,SYS_084,AST_A444DD46,0.493267,0,0,60.0
INSP_256FA575,2027-05-02,SYS_109,AST_06DBD95D,0.868047,0,0,60.0
INSP_D54B3FA2,2027-05-02,SYS_156,AST_5C0B199A,0.520962,0,0,60.0
INSP_39490B3A,2027-05-02,SYS_171,AST_6CB99312,0.461194,0,0,60.0
INSP_8A4B89F2,2027-05-02,SYS_181,AST_CDC219E9,0.528408,0,0,60.0
INSP_C36A1D9C,2027-05-03,SYS_016,AST_6C257809,-0.126406,0,0,60.0
INSP_4C319D03,2027-05-03,SYS_031,AST_9763C2D9,0.671738,0,0,60.0
INSP_4D43291A,2027-05-03,SYS_049,AST_EB975475,0.625965,0,0,60.0
INSP_529726C5,2027-05-03,SYS_059,AST_FCC4CBED,0.860487,0,0,60.0
INSP_2F664DCD,2027-05-03,SYS_090,AST_6662D7AF,0.734919,0,0,60.0
INSP_07AAE144,2027-05-03,SYS_131,AST_3D3FA8BA,0.858805,0,0,60.0
INSP_E8F1D916,2027-05-03,SYS_134,AST_2F38DF31,0.559913,0,0,60.0
INSP_14054F9E,2027-05-03,SYS_165,AST_4505F652,0.580141,0,0,60.0
INSP_9C2F4117,2027-05-03,SYS_167,AST_7E850B57,0.878484,0,0,60.0
INSP_7F4FBE15,2027-05-03,SYS_180,AST_7B868176,0.781732,0,0,60.0
INSP_2C5446ED,2027-05-03,SYS_184,AST_B8F4CFDC,0.729927,0,0,60.0
INSP_DA70784D,2027-05-03,SYS_198,AST_DD98E536,0.595325,0,0,60.0
INSP_C6307102,2027-05-04,SYS_034,AST_7F9AC73D,0.962602,0,0,60.0
INSP_4C4BE43B,2027-05-04,SYS_036,AST_795D4B1F,0.711582,0,0,60.0
INSP_5CF2FA73,2027-05-04,SYS_040,AST_FC62966A,0.393557,0,0,60.0
INSP_03154903,2027-05-04,SYS_047,AST_1E25E458,0.78156,0,0,60.0
INSP_7A0571EE,2027-05-04,SYS_081,AST_60C6CF35,0.839472,0,0,60.0
INSP_8E16FE39,2027-05-04,SYS_085,AST_39D6DE1D,0.739907,0,0,60.0
INSP_4C638E3C,2027-05-04,SYS_095,AST_370AA7CB,0.891866,0,0,60.0
INSP_806AEA48,2027-05-04,SYS_157,AST_FD51B1B6,0.609385,0,0,60.0
INSP_D50270C3,2027-05-04,SYS_185,AST_CCE08060,0.955952,0,0,60.0
INSP_04A87099,2027-05-04,SYS_191,AST_806147E4,0.916412,0,0,60.0
INSP_390FF6D9,2027-05-05,SYS_029,AST_3D153701,0.893244,0,0,60.0
INSP_28F23D0E,2027-05-05,SYS_062,AST_36AF7982,0.296364,0,0,60.0
INSP_0B3AD656,2027-05-05,SYS_073,AST_4A29F50A,0.653688,0,0,60.0
INSP_C408E79C,2027-05-05,SYS_082,AST_8205117C,0.143368,0,0,60.0
INSP_E615E1A3,2027-05-05,SYS_110,AST_FF3D3FDA,0.79881,0,0,60.0
INSP_241A1ED4,2027-05-05,SYS_114,AST_37C4C0ED,0.043705,0,0,60.0
INSP_849A3871,2027-05-05,SYS_169,AST_B188D1C3,0.64754,0,0,60.0
INSP_06D4D768,2027-05-05,SYS_174,AST_2FC25D3A,0.940239,0,0,60.0
INSP_59C1DBF1,2027-05-05,SYS_193,AST_8455CCD5,0.716475,0,0,60.0
INSP_2A1C57B5,2027-05-06,SYS_000,AST_82289609,0.726796,0,0,60.0
INSP_0941BC9F,2027-05-06,SYS_044,AST_353B47EB,0.694141,0,0,60.0
INSP_56C5C54A,2027-05-06,SYS_087,AST_EE806C03,0.558501,0,0,60.0
INSP_3096D3E0,2027-05-06,SYS_100,AST_3C713EB2,1.012782,0,1,60.0
INSP_C7AECE59,2027-05-06,SYS_107,AST_1CA21168,0.800813,0,0,60.0
INSP_0FC4B9BA,2027-05-06,SYS_112,AST_AA8C1F27,0.348854,0,0,60.0
INSP_058B9CAE,2027-05-06,SYS_122,AST_50363D49,0.666881,0,0,60.0
INSP_68C6D8C7,2027-05-06,SYS_129,AST_35C20721,0.490673,0,0,60.0
INSP_44C9163C,2027-05-06,SYS_141,AST_E4E2ACF8,0.709642,0,0,60.0
INSP_F80ED3D6,2027-05-06,SYS_147,AST_ADC31872,0.492218,0,0,60.0
INSP_9B444985,2027-05-06,SYS_148,AST_781DAA19,0.424767,0,0,60.0
INSP_3A30372D,2027-05-06,SYS_161,AST_6F067CCD,0.23544,0,0,60.0
INSP_08C7BC95,2027-05-06,SYS_196,AST_599A4B8F,0.602169,0,0,60.0
INSP_C0AA4765,2027-05-07,SYS_007,AST_EEEE8A15,0.695093,0,0,60.0
INSP_38855D09,2027-05-07,SYS_046,AST_7567728B,0.97722,0,0,60.0
INSP_B387A00C,2027-05-07,SYS_061,AST_9B6ED39C,0.673052,0,0,60.0
INSP_89F85F4B,2027-05-07,SYS_076,AST_6784BE61,0.945904,0,0,60.0
INSP_D77A7920,2027-05-07,SYS_077,AST_2E64E833,0.525512,0,0,60.0
INSP_2DFA70EA,2027-05-07,SYS_127,AST_26791D5D,0.710657,0,0,60.0
INSP_E3062706,2027-05-07,SYS_138,AST_453643CE,0.563248,0,0,60.0
INSP_CAA52EB4,2027-05-07,SYS_143,AST_AA6F844F,0.507331,0,0,60.0
INSP_26429C5F,2027-05-07,SYS_166,AST_3DB3BBFB,0.568512,0,0,60.0
INSP_779B01F2,2027-05-07,SYS_173,AST_ED93AAFD,0.846748,0,0,60.0
INSP_18DC5A2B,2027-05-07,SYS_175,AST_C7FB9737,0.543434,0,0,60.0
INSP_12FF84D3,2027-05-07,SYS_179,AST_6406B186,1.069538,1,1,60.0
INSP_A9205A85,2027-05-07,SYS_186,AST_C62671DB,0.683209,0,0,60.0
INSP_1EB4DECC,2027-05-07,SYS_190,AST_EDB3C522,0.512979,0,0,60.0
INSP_3209CDCB,2027-05-08,SYS_025,AST_1CF228E4,0.724794,0,0,60.0
INSP_EF1B6C6E,2027-05-08,SYS_055,AST_C7F8407C,0.513575,0,0,60.0
INSP_347F8764,2027-05-08,SYS_115,AST_3A142C96,1.084876,0,1,60.0
INSP_D6B1449D,2027-05-08,SYS_125,AST_E7B8D3E6,0.857415,0,0,60.0
INSP_A7F4BC6D,2027-05-08,SYS_140,AST_2E4344CA,0.877756,0,0,60.0
INSP_D61430ED,2027-05-08,SYS_155,AST_17B3E0CB,0.578127,0,0,60.0
INSP_535CF7CC,2027-05-08,SYS_172,AST_699843CC,0.701938,0,0,60.0
INSP_7A6C06DA,2027-05-09,SYS_042,AST_050AF887,1.08537,0,1,60.0
INSP_0BEF0914,2027-05-09,SYS_069,AST_C8C5AFF6,0.956251,0,0,60.0
INSP_7EA7A7B0,2027-05-09,SYS_070,AST_C1B8C773,0.655992,0,0,60.0
INSP_F3334FB2,2027-05-09,SYS_079,AST_3F7E07D7,0.270241,0,0,60.0
INSP_9EC1CB3A,2027-05-09,SYS_086,AST_0D81ACA2,0.556949,0,0,60.0
INSP_6E8AFDBE,2027-05-09,SYS_146,AST_36038667,0.018706,0,0,60.0
INSP_C4DC57B5,2027-05-09,SYS_151,AST_841A5A8C,0.966689,0,0,60.0
INSP_BD57C7FD,2027-05-09,SYS_183,AST_4966D3EB,0.547012,0,0,60.0
INSP_E65AE5FE,2027-05-09,SYS_197,AST_D1886613,0.449639,0,0,60.0
INSP_1E4BB7DB,2027-05-10,SYS_001,AST_34D78B20,0.890032,0,0,60.0
INSP_3877EF1B,2027-05-10,SYS_068,AST_D55BF40C,0.812408,0,0,60.0
INSP_DBD17C07,2027-05-10,SYS_074,AST_19E34940,0.435183,0,0,60.0
INSP_248592DC,2027-05-10,SYS_104,AST_810F2A29,1.011974,1,1,60.0
INSP_E6721AED,2027-05-10,SYS_118,AST_4CFA63C0,0.705568,0,0,60.0
INSP_5DB44B25,2027-05-10,SYS_128,AST_DE173347,0.82106,0,0,60.0
INSP_FE85A4B8,2027-05-11,SYS_013,AST_695DC7E0,0.620728,0,0,60.0
INSP_E0B95AFA,2027-05-11,SYS_067,AST_50A1C019,0.481095,0,0,60.0
INSP_B670301E,2027-05-11,SYS_149,AST_5D9AA27A,0.676631,0,0,60.0
INSP_5CC863D9,2027-05-11,SYS_152,AST_AA883657,1.104662,0,1,60.0
INSP_FB13076B,2027-05-11,SYS_160,AST_E349A214,0.832855,0,0,60.0
INSP_639DB463,2027-05-11,SYS_168,AST_0FD6BF6D,0.951813,0,0,60.0
INSP_137486D5,2027-05-11,SYS_178,AST_F6C0052F,1.042818,0,1,60.0
INSP_47AEED21,2027-05-11,SYS_189,AST_9DF4F948,0.749348,0,0,60.0
INSP_BF0CD2F7,2027-05-12,SYS_012,AST_52F8C6E2,0.674194,0,0,60.0
INSP_B5DB3A89,2027-05-12,SYS_028,AST_9DBAB814,0.744464,0,0,60.0
INSP_17FC3965,2027-05-12,SYS_089,AST_F8C77AF3,0.872705,1,0,60.0
INSP_6A33CC8D,2027-05-12,SYS_102,AST_654E65F9,0.689317,0,0,60.0
INSP_229B74A5,2027-05-12,SYS_108,AST_84762C20,0.82166,0,0,60.0
INSP_83DF74B9,2027-05-12,SYS_176,AST_228C6B85,0.752502,0,0,60.0
INSP_AFE3DF21,2027-05-13,SYS_006,AST_33C533AD,0.510337,0,0,60.0
INSP_27A237B0,2027-05-13,SYS_057,AST_EBD0CFD1,0.85616,0,0,60.0
INSP_4197E95D,2027-05-13,SYS_097,AST_F1691B23,0.657216,0,0,60.0
INSP_9EC88C82,2027-05-13,SYS_119,AST_3F7EAE27,0.910355,0,0,60.0
INSP_F08598D0,2027-05-14,SYS_010,AST_F4EDEDEB,0.58487,0,0,60.0
INSP_E53FCA08,2027-05-14,SYS_018,AST_9512D5A3,0.970351,0,0,60.0
INSP_8B6C518B,2027-05-14,SYS_030,AST_D5338D02,0.524049,0,0,60.0
INSP_5CFA44BE,2027-05-14,SYS_170,AST_DC16CA5C,0.503958,0,0,60.0
INSP_866EB4D7,2027-05-15,SYS_005,AST_7C7868DA,0.346671,0,0,60.0
INSP_AF4D91DD,2027-05-15,SYS_024,AST_5C0D088A,1.089142,1,1,60.0
INSP_1879C985,2027-05-15,SYS_032,AST_9B82BED0,1.065285,0,1,60.0
INSP_DFA0A2C9,2027-05-15,SYS_045,AST_6297D826,0.903214,0,0,60.0
INSP_1336F2FE,2027-05-15,SYS_051,AST_18B06F68,0.967703,0,0,60.0
INSP_57DC0E44,2027-05-15,SYS_123,AST_78A0D920,0.780172,0,0,60.0
INSP_157D6DD5,2027-05-15,SYS_135,AST_657B7CFE,0.610572,0,0,60.0
INSP_91FDB4FD,2027-05-15,SYS_199,AST_FA8F339B,0.320197,0,0,60.0
INSP_600B5738,2027-05-16,SYS_011,AST_04D2EB95,0.545921,0,0,60.0
INSP_5F334B61,2027-05-16,SYS_103,AST_A88C510B,0.620935,0,0,60.0
INSP_C107F0A4,2027-05-16,SYS_124,AST_D78C7B3F,0.616976,0,0,60.0
INSP_6DCF1E6D,2027-05-16,SYS_130,AST_4AAAE8D5,1.170029,0,1,60.0
INSP_0FC289D3,2027-05-16,SYS_177,AST_2F7F5E8C,0.97542,0,0,60.0
INSP_116991D0,2027-05-16,SYS_194,AST_C33E2C24,0.703411,0,0,60.0
INSP_94BB22CC,2027-05-17,SYS_004,AST_1D072422,1.126158,0,1,60.0
INSP_2CD8B460,2027-05-17,SYS_009,AST_A1AD32FC,0.865975,0,0,60.0
INSP_8DAFD295,2027-05-17,SYS_048,AST_BBB86CBF,0.792879,0,0,60.0
INSP_2B051B02,2027-05-17,SYS_101,AST_F57D3154,0.392536,0,0,60.0
INSP_C5D4CE34,2027-05-17,SYS_164,AST_F4B67099,0.984201,0,0,60.0
INSP_85A882D2,2027-05-18,SYS_020,AST_39DB5940,0.532488,0,0,60.0
INSP_A9706B0D,2027-05-18,SYS_037,AST_040795BD,0.573455,0,0,60.0
INSP_163BA8EA,2027-05-18,SYS_094,AST_CF5CF75E,0.897744,0,0,60.0
INSP_1D48D6B5,2027-05-18,SYS_137,AST_B3A2D4EA,1.04263,0,1,60.0
INSP_5051C53B,2027-05-19,SYS_022,AST_610B3BB8,0.275658,0,0,60.0
INSP_6823E917,2027-05-19,SYS_033,AST_22C05889,0.612917,0,0,60.0
INSP_63EF828E,2027-05-19,SYS_064,AST_5806475C,1.400526,0,1,60.0
INSP_65C8CDD4,2027-05-20,SYS_052,AST_58BD1483,0.486327,0,0,60.0
INSP_DE5E4BBB,2027-05-20,SYS_063,AST_C94270EB,0.691016,0,0,60.0
INSP_DD077225,2027-05-20,SYS_093,AST_0FD42B82,0.502939,0,0,60.0
INSP_5DB97F60,2027-05-20,SYS_105,AST_CBAC770C,0.853805,0,0,60.0
INSP_917D4279,2027-05-20,SYS_150,AST_C4A21BED,-0.041837,0,0,60.0
INSP_6ECBBE30,2027-05-21,SYS_002,AST_7C0E9A5B,0.784575,0,0,60.0
INSP_4B03271B,2027-05-21,SYS_038,AST_A3B534A7,0.859183,0,0,60.0
INSP_690D2149,2027-05-21,SYS_080,AST_58C4B1B9,0.850651,0,0,60.0
INSP_697A4348,2027-05-21,SYS_096,AST_439830B2,0.454648,0,0,60.0
INSP_CB1B75E9,2027-05-21,SYS_153,AST_F2CA704B,0.854657,0,0,60.0
INSP_55CA4D39,2027-05-22,SYS_050,AST_E38E7FDD,0.428084,0,0,60.0
INSP_CB37A3C2,2027-05-22,SYS_054,AST_15CFF64E,-0.101431,0,0,60.0
INSP_A204DD99,2027-05-22,SYS_071,AST_6E345902,-0.057968,0,0,60.0
INSP_E7CC473B,2027-05-22,SYS_075,AST_28212A6C,0.378595,0,0,60.0
INSP_37CD2DB1,2027-05-22,SYS_182,AST_FE615242,0.971403,0,0,60.0
INSP_79EDC2A6,2027-05-23,SYS_019,AST_2D658245,0.924251,0,0,60.0
INSP_D85BD9E2,2027-05-23,SYS_041,AST_ADCE3301,0.464819,0,0,60.0
INSP_822E76E9,2027-05-23,SYS_121,AST_B0392C20,0.67679,0,0,60.0
INSP_5B520BF5,2027-05-23,SYS_132,AST_110C419C,0.579614,0,0,60.0
INSP_F1443AE6,2027-05-23,SYS_158,AST_FF59B2E4,0.546283,0,0,60.0
INSP_68AC948F,2027-05-23,SYS_187,AST_97716F9B,0.810565,0,0,60.0
INSP_041AE0F0,2027-05-23,SYS_192,AST_08CFD3D7,0.884875,0,0,60.0
INSP_7D385F78,2027-05-24,SYS_035,AST_BA241310,0.909246,0,0,60.0
INSP_E15A875D,2027-05-24,SYS_133,AST_BF4651B1,0.949903,0,0,60.0
INSP_1E192D9E,2027-05-25,SYS_015,AST_254B74B0,0.68657,0,0,60.0
INSP_B47AFA91,2027-05-25,SYS_026,AST_9E6257AF,0.833629,0,0,60.0
INSP_295389CA,2027-05-25,SYS_060,AST_BAE2D5D8,0.857602,0,0,60.0
INSP_ECC17123,2027-05-25,SYS_159,AST_26627EA2,0.589455,0,0,60.0
INSP_D4B41BE3,2027-05-26,SYS_043,AST_B63A8A6D,0.644066,0,0,60.0
INSP_2FDF4000,2027-05-26,SYS_066,AST_D444EB42,0.916566,0,0,60.0
INSP_A714633C,2027-05-26,SYS_091,AST_4B1E21E5,0.849463,0,0,60.0
INSP_17755AE6,2027-05-27,SYS_098,AST_3B7D1466,0.560358,0,0,60.0
INSP_9585EF7B,2027-05-27,SYS_136,AST_51AD1A7D,0.52373,0,0,60.0
INSP_BC7F70FA,2027-05-27,SYS_188,AST_5DAE9C93,1.036397,0,1,60.0
INSP_3E3370F4,2027-05-27,SYS_195,AST_0E874654,1.040748,0,1,60.0
INSP_3527C5EC,2027-05-28,SYS_031,AST_9763C2D9,0.785204,0,0,60.0
INSP_588A73B0,2027-05-28,SYS_053,AST_4658068B,0.891925,0,0,60.0
INSP_D44CA6EE,2027-05-28,SYS_081,AST_60C6CF35,1.008318,0,1,60.0
INSP_8F756471,2027-05-28,SYS_083,AST_B47F76A6,0.917948,0,0,60.0
INSP_364DEBF2,2027-05-28,SYS_085,AST_39D6DE1D,0.888812,0,0,60.0
INSP_C2278720,2027-05-28,SYS_116,AST_B2582483,1.180167,0,1,60.0
INSP_B1E8895C,2027-05-28,SYS_184,AST_B8F4CFDC,0.94845,0,0,60.0
INSP_C25FFD0B,2027-05-28,SYS_191,AST_806147E4,0.773636,0,0,60.0
INSP_CAB6C12D,2027-05-29,SYS_058,AST_43ED943D,0.50784,0,0,60.0
INSP_14A919B1,2027-05-29,SYS_087,AST_EE806C03,0.415005,0,0,60.0
INSP_7FF3E0DF,2027-05-29,SYS_120,AST_3F244E16,0.960549,0,0,60.0
INSP_88BDBF6A,2027-05-29,SYS_126,AST_20E142E2,0.74261,0,0,60.0
INSP_7755CE60,2027-05-29,SYS_131,AST_3D3FA8BA,1.109764,1,1,60.0
INSP_D6842816,2027-05-30,SYS_023,AST_7CC97E1B,0.688517,0,0,60.0
INSP_960BB48E,2027-05-30,SYS_110,AST_FF3D3FDA,0.799118,0,0,60.0
INSP_0A0234FC,2027-05-30,SYS_144,AST_5DDB30F9,0.797352,0,0,60.0
INSP_2E31B648,2027-05-30,SYS_145,AST_BF2D7A8D,1.052666,0,1,60.0
INSP_C28F36B7,2027-05-30,SYS_181,AST_CDC219E9,0.716402,0,0,60.0
INSP_1E260E80,2027-05-31,SYS_003,AST_7B1C49CD,1.071305,0,1,60.0
INSP_305C902E,2027-05-31,SYS_027,AST_9368DA73,1.178308,0,1,60.0
INSP_F44C67DD,2027-05-31,SYS_065,AST_FB815704,0.646557,0,0,60.0
INSP_31899BE2,2027-05-31,SYS_082,AST_8205117C,0.487357,0,0,60.0
INSP_C6AD8B16,2027-05-31,SYS_099,AST_A2FF2626,0.764022,0,0,60.0
INSP_66683C11,2027-05-31,SYS_106,AST_4A546D96,0.581579,0,0,60.0
INSP_C9CC8C62,2027-05-31,SYS_148,AST_781DAA19,0.68212,0,0,60.0
INSP_6DDED368,2027-05-31,SYS_154,AST_882D3A31,0.746993,0,0,60.0
INSP_1D1E5028,2027-06-01,SYS_008,AST_1701B0D1,0.648743,0,0,60.0
INSP_3ABE8BFD,2027-06-01,SYS_029,AST_3D153701,0.480536,0,0,60.0
INSP_8DF3A2D4,2027-06-01,SYS_034,AST_7F9AC73D,0.556287,0,0,60.0
INSP_391B141B,2027-06-01,SYS_111,AST_24039B1B,0.884399,0,0,60.0
INSP_1D08D5E4,2027-06-01,SYS_115,AST_3A142C96,0.391259,0,0,60.0
INSP_D6422DBD,2027-06-01,SYS_117,AST_88EEF8EE,0.319518,0,0,60.0
INSP_283CC187,2027-06-01,SYS_129,AST_35C20721,0.973692,0,0,60.0
INSP_5BAC90D6,2027-06-01,SYS_146,AST_36038667,0.752622,0,0,60.0
INSP_11CB3849,2027-06-01,SYS_163,AST_7B596DAC,0.728086,0,0,60.0
INSP_BAB21C5F,2027-06-01,SYS_175,AST_C7FB9737,1.393458,1,1,60.0
INSP_CA330D91,2027-06-01,SYS_198,AST_DD98E536,1.137694,0,1,60.0
INSP_5BB020A2,2027-06-02,SYS_021,AST_F1979853,1.120665,0,1,60.0
INSP_9D981405,2027-06-02,SYS_076,AST_6784BE61,1.291332,1,1,60.0
INSP_DF495E01,2027-06-02,SYS_088,AST_3E3464CF,0.620698,0,0,60.0
INSP_5B959A07,2027-06-02,SYS_122,AST_50363D49,0.923966,0,0,60.0
INSP_47805A5D,2027-06-02,SYS_162,AST_63EA204C,0.933437,0,0,60.0
INSP_B4E67649,2027-06-03,SYS_040,AST_FC62966A,0.610125,0,0,60.0
INSP_B1B04876,2027-06-03,SYS_070,AST_C1B8C773,0.853233,0,0,60.0
INSP_969FE9A8,2027-06-03,SYS_084,AST_A444DD46,0.789913,0,0,60.0
INSP_B4842ACF,2027-06-03,SYS_090,AST_6662D7AF,0.930582,0,0,60.0
INSP_1570BD31,2027-06-03,SYS_092,AST_DC36E0C0,0.845814,0,0,60.0
INSP_6F3BD405,2027-06-03,SYS_097,AST_F1691B23,0.832239,0,0,60.0
INSP_50300348,2027-06-03,SYS_112,AST_AA8C1F27,1.226696,0,1,60.0
INSP_52D35D7F,2027-06-03,SYS_142,AST_920B351F,0.604745,0,0,60.0
INSP_9E83EF1E,2027-06-03,SYS_197,AST_D1886613,1.020166,0,1,60.0
INSP_DFC5EE51,2027-06-04,SYS_016,AST_6C257809,0.648878,0,0,60.0
INSP_E03B06A6,2027-06-04,SYS_049,AST_EB975475,0.832116,0,0,60.0
INSP_37D2DC47,2027-06-04,SYS_072,AST_FC97B019,0.874793,0,0,60.0
INSP_FB99FB1A,2027-06-04,SYS_073,AST_4A29F50A,0.636682,0,0,60.0
INSP_2D68849D,2027-06-04,SYS_109,AST_06DBD95D,1.205913,0,1,60.0
INSP_392D2154,2027-06-04,SYS_125,AST_E7B8D3E6,0.690409,0,0,60.0
INSP_F061D0B3,2027-06-04,SYS_140,AST_2E4344CA,1.127921,0,1,60.0
INSP_A39C5C23,2027-06-04,SYS_147,AST_ADC31872,0.740692,0,0,60.0
INSP_95213754,2027-06-04,SYS_165,AST_4505F652,0.680233,0,0,60.0
INSP_FF6C6C4B,2027-06-04,SYS_169,AST_B188D1C3,0.489039,0,0,60.0
INSP_9F9FBE70,2027-06-05,SYS_014,AST_80CBE3FD,1.375318,1,1,60.0
INSP_60BD02A0,2027-06-05,SYS_017,AST_A1FBED94,0.756784,0,0,60.0
INSP_5C9E2425,2027-06-05,SYS_036,AST_795D4B1F,1.303086,0,1,60.0
INSP_49FC76F9,2027-06-05,SYS_044,AST_353B47EB,1.035578,0,1,60.0
INSP_864BAC0D,2027-06-05,SYS_045,AST_6297D826,0.785623,0,0,60.0
INSP_7212D524,2027-06-05,SYS_059,AST_FCC4CBED,0.908735,0,0,60.0
INSP_C601739A,2027-06-05,SYS_078,AST_AEC3B942,0.757321,0,0,60.0
INSP_369E36E4,2027-06-05,SYS_086,AST_0D81ACA2,0.813473,0,0,60.0
INSP_9AD87E6D,2027-06-05,SYS_174,AST_2FC25D3A,0.504614,0,0,60.0
INSP_992AA260,2027-06-05,SYS_180,AST_7B868176,1.143716,1,1,60.0
INSP_4E9FB789,2027-06-05,SYS_196,AST_599A4B8F,0.890041,0,0,60.0
INSP_3FAFE659,2027-06-06,SYS_000,AST_82289609,0.811657,0,0,60.0
INSP_76EDB6E7,2027-06-06,SYS_042,AST_050AF887,0.28685,0,0,60.0
INSP_E010BEEB,2027-06-06,SYS_095,AST_370AA7CB,0.976706,0,0,60.0
INSP_B9F66FFA,2027-06-06,SYS_107,AST_1CA21168,1.031002,0,1,60.0
INSP_6BAF4992,2027-06-06,SYS_113,AST_A44F2B3D,1.077672,0,1,60.0
INSP_7E2B8AF8,2027-06-06,SYS_118,AST_4CFA63C0,1.20193,1,1,60.0
INSP_9AE1B9D4,2027-06-06,SYS_124,AST_D78C7B3F,0.647624,0,0,60.0
INSP_EDAB41D6,2027-06-06,SYS_127,AST_26791D5D,0.552133,0,0,60.0
INSP_F6250177,2027-06-06,SYS_138,AST_453643CE,1.109643,0,1,60.0
INSP_0F4C5D3D,2027-06-06,SYS_139,AST_0B13D9C8,1.205612,1,1,60.0
INSP_B5A09DFB,2027-06-06,SYS_141,AST_E4E2ACF8,0.603312,0,0,60.0
INSP_FF8075A9,2027-06-06,SYS_167,AST_7E850B57,1.794394,1,1,60.0
INSP_F54B9A69,2027-06-06,SYS_170,AST_DC16CA5C,0.750691,1,0,60.0
INSP_8A7A53E7,2027-06-06,SYS_173,AST_ED93AAFD,0.80791,0,0,60.0
INSP_95A18ACE,2027-06-06,SYS_190,AST_EDB3C522,0.909844,0,0,60.0
INSP_F276F1DA,2027-06-07,SYS_005,AST_7C7868DA,0.724312,0,0,60.0
INSP_479693EA,2027-06-07,SYS_006,AST_33C533AD,0.843676,0,0,60.0
INSP_0FAB7AAC,2027-06-07,SYS_012,AST_52F8C6E2,0.803957,1,0,60.0
INSP_8A03D0D6,2027-06-07,SYS_025,AST_1CF228E4,0.914355,0,0,60.0
INSP_4F474920,2027-06-07,SYS_047,AST_1E25E458,0.937983,1,0,60.0
INSP_AE6FE2D1,2027-06-07,SYS_077,AST_2E64E833,1.106271,0,1,60.0
INSP_12A3C091,2027-06-07,SYS_128,AST_DE173347,1.420307,0,1,60.0
INSP_4B2A0459,2027-06-07,SYS_151,AST_841A5A8C,0.999226,0,0,60.0
INSP_4D957673,2027-06-07,SYS_160,AST_E349A214,0.808912,0,0,60.0
INSP_639BA4C3,2027-06-07,SYS_168,AST_0FD6BF6D,1.308485,1,1,60.0
INSP_379EB9A7,2027-06-08,SYS_013,AST_695DC7E0,0.999093,0,0,60.0
INSP_E8D58667,2027-06-08,SYS_030,AST_D5338D02,1.091449,0,1,60.0
INSP_8B474214,2027-06-08,SYS_046,AST_7567728B,1.16934,0,1,60.0
INSP_2A78924E,2027-06-08,SYS_079,AST_3F7E07D7,0.528533,0,0,60.0
INSP_45D40302,2027-06-08,SYS_080,AST_58C4B1B9,0.810566,0,0,60.0
INSP_3CA27BF3,2027-06-08,SYS_108,AST_84762C20,1.410192,1,1,60.0
INSP_6F4CBF01,2027-06-08,SYS_114,AST_37C4C0ED,0.372879,0,0,60.0
INSP_4126B5E3,2027-06-08,SYS_143,AST_AA6F844F,1.237542,0,1,60.0
INSP_1D1B5E6B,2027-06-08,SYS_157,AST_FD51B1B6,1.017863,0,1,60.0
INSP_784109FA,2027-06-08,SYS_172,AST_699843CC,1.308348,0,1,60.0
INSP_17876228,2027-06-08,SYS_189,AST_9DF4F948,0.851025,0,0,60.0
INSP_C37B86A5,2027-06-09,SYS_061,AST_9B6ED39C,0.940027,1,0,60.0
INSP_C2219283,2027-06-09,SYS_062,AST_36AF7982,0.902778,0,0,60.0
INSP_2A7212B0,2027-06-09,SYS_100,AST_3C713EB2,0.205572,0,0,60.0
INSP_78E69E0C,2027-06-09,SYS_135,AST_657B7CFE,0.850675,0,0,60.0
INSP_6C2201B3,2027-06-09,SYS_156,AST_5C0B199A,1.057582,0,1,60.0
INSP_D21126D9,2027-06-09,SYS_161,AST_6F067CCD,1.311368,1,1,60.0
INSP_B61C01AF,2027-06-09,SYS_185,AST_CCE08060,0.655913,0,0,60.0
INSP_1CAC08D8,2027-06-09,SYS_193,AST_8455CCD5,1.089676,0,1,60.0
INSP_768C66B9,2027-06-10,SYS_032,AST_9B82BED0,0.820295,0,0,60.0
INSP_FCBCAB58,2027-06-10,SYS_055,AST_C7F8407C,1.131571,0,1,60.0
INSP_FAB6D59E,2027-06-10,SYS_056,AST_ECE4AE26,0.197386,0,0,60.0
INSP_9A60BA02,2027-06-10,SYS_089,AST_F8C77AF3,1.661583,1,1,60.0
INSP_6C45C45E,2027-06-10,SYS_104,AST_810F2A29,0.44011,0,0,60.0
INSP_533F55FC,2027-06-10,SYS_166,AST_3DB3BBFB,1.132778,0,1,60.0
INSP_89B24703,2027-06-10,SYS_183,AST_4966D3EB,1.138691,0,1,60.0
INSP_057F0656,2027-06-11,SYS_010,AST_F4EDEDEB,0.67564,0,0,60.0
INSP_943F06A3,2027-06-11,SYS_024,AST_5C0D088A,0.605501,0,0,60.0
INSP_7DD22114,2027-06-11,SYS_067,AST_50A1C019,0.586061,0,0,60.0
INSP_4A229431,2027-06-11,SYS_068,AST_D55BF40C,1.008286,0,1,60.0
INSP_4F7387DC,2027-06-11,SYS_069,AST_C8C5AFF6,1.052516,1,1,60.0
INSP_67AC6FA7,2027-06-11,SYS_149,AST_5D9AA27A,0.927105,1,0,60.0
INSP_ABB65EA1,2027-06-11,SYS_171,AST_6CB99312,1.180822,0,1,60.0
INSP_A7BC4CEA,2027-06-11,SYS_186,AST_C62671DB,0.835796,0,0,60.0
INSP_7304C548,2027-06-12,SYS_001,AST_34D78B20,0.833797,0,0,60.0
INSP_52581A5A,2027-06-12,SYS_004,AST_1D072422,0.283045,0,0,60.0
INSP_F45A6FA6,2027-06-12,SYS_051,AST_18B06F68,1.481199,1,1,60.0
INSP_1F51D3F5,2027-06-12,SYS_057,AST_EBD0CFD1,1.049008,0,1,60.0
INSP_4E6F0D22,2027-06-12,SYS_152,AST_AA883657,0.273481,0,0,60.0
INSP_D513BA21,2027-06-12,SYS_155,AST_17B3E0CB,1.176079,0,1,60.0
INSP_2A7B6104,2027-06-13,SYS_022,AST_610B3BB8,0.270423,0,0,60.0
INSP_078B984F,2027-06-13,SYS_064,AST_5806475C,0.797086,0,0,60.0
INSP_0B2512F5,2027-06-13,SYS_074,AST_19E34940,0.65916,0,0,60.0
INSP_BCC85972,2027-06-13,SYS_103,AST_644BA4D2,0.173689,0,0,60.0
INSP_2EE556C8,2027-06-13,SYS_119,AST_3F7EAE27,0.86869,1,0,60.0
INSP_D67A60D3,2027-06-13,SYS_176,AST_228C6B85,0.89713,0,0,60.0
INSP_EA2BF47F,2027-06-13,SYS_199,AST_FA8F339B,0.739663,0,0,60.0
INSP_612F5278,2027-06-14,SYS_007,AST_EEEE8A15,0.724199,1,0,60.0
INSP_18D936F6,2027-06-14,SYS_093,AST_0FD42B82,0.994697,0,0,60.0
INSP_E4F48141,2027-06-14,SYS_164,AST_F4B67099,1.176672,1,1,60.0
INSP_2E5F9472,2027-06-15,SYS_101,AST_F57D3154,0.657541,0,0,60.0
INSP_39764347,2027-06-15,SYS_105,AST_CBAC770C,1.147744,1,1,60.0
INSP_9E23AFD3,2027-06-15,SYS_134,AST_2F38DF31,1.075283,0,1,60.0
INSP_235E4B52,2027-06-16,SYS_018,AST_9512D5A3,1.558972,1,1,60.0
INSP_55B1CDCE,2027-06-16,SYS_094,AST_CF5CF75E,0.914151,0,0,60.0
INSP_19B23DCC,2027-06-17,SYS_071,AST_6E345902,0.422947,0,0,60.0
INSP_C64E234D,2027-06-17,SYS_137,AST_B3A2D4EA,0.761426,0,0,60.0
INSP_05AB99F4,2027-06-17,SYS_177,AST_2F7F5E8C,1.00629,1,1,60.0
INSP_D42D1C21,2027-06-17,SYS_178,AST_F6C0052F,0.397568,0,0,60.0
INSP_0C07F92E,2027-06-17,SYS_179,AST_DDA94FF4,0.423796,0,0,60.0
INSP_95B5F608,2027-06-17,SYS_194,AST_C33E2C24,0.872132,0,0,60.0
INSP_450709FD,2027-06-18,SYS_015,AST_254B74B0,1.09537,1,1,60.0
INSP_0930993E,2027-06-18,SYS_037,AST_040795BD,1.408108,1,1,60.0
INSP_85AD3857,2027-06-18,SYS_039,AST_98C96DF8,-0.002443,0,0,60.0
INSP_A2A40187,2027-06-18,SYS_123,AST_78A0D920,0.818279,1,0,60.0
INSP_D373C4AD,2027-06-19,SYS_009,AST_A1AD32FC,1.400317,1,1,60.0
INSP_53E4F57D,2027-06-19,SYS_011,AST_04D2EB95,0.848524,0,0,60.0
INSP_5A574727,2027-06-19,SYS_020,AST_39DB5940,1.237457,1,1,60.0
INSP_E08EB4A2,2027-06-19,SYS_048,AST_BBB86CBF,1.176901,0,1,60.0
INSP_D0F744C7,2027-06-19,SYS_063,AST_C94270EB,0.931126,0,0,60.0
INSP_4D96EA29,2027-06-19,SYS_121,AST_B0392C20,1.324211,1,1,60.0
INSP_74FC1E53,2027-06-20,SYS_019,AST_2D658245,1.265015,1,1,60.0
INSP_F39B53AE,2027-06-20,SYS_026,AST_9E6257AF,0.661547,0,0,60.0
INSP_EFDD6AEC,2027-06-20,SYS_033,AST_22C05889,1.094572,1,1,60.0
INSP_BA8A30C5,2027-06-20,SYS_041,AST_ADCE3301,1.050374,1,1,60.0
INSP_3E56EB1F,2027-06-20,SYS_052,AST_58BD1483,0.412696,0,0,60.0
INSP_38CCF692,2027-06-20,SYS_130,AST_4AAAE8D5,0.498914,0,0,60.0
INSP_4E99AD54,2027-06-20,SYS_132,AST_110C419C,1.150134,0,1,60.0
INSP_A2BEE325,2027-06-20,SYS_191,AST_806147E4,1.328966,1,1,60.0
INSP_EDDC2527,2027-06-21,SYS_050,AST_E38E7FDD,0.807155,1,0,60.0
INSP_6984C1B1,2027-06-21,SYS_081,AST_60C6CF35,0.762713,0,0,60.0
INSP_93D58FCB,2027-06-21,SYS_096,AST_439830B2,1.144024,0,1,60.0
INSP_0D6E4448,2027-06-21,SYS_150,AST_C4A21BED,0.328862,0,0,60.0
INSP_0421517D,2027-06-21,SYS_158,AST_FF59B2E4,0.944131,1,0,60.0
INSP_185E4F70,2027-06-21,SYS_188,AST_5DAE9C93,0.611765,0,0,60.0
INSP_005A87DC,2027-06-22,SYS_091,AST_4B1E21E5,1.293163,0,1,60.0
INSP_306C390E,2027-06-22,SYS_131,AST_3D3FA8BA,0.260802,0,0,60.0
INSP_BEFDA812,2027-06-22,SYS_153,AST_F2CA704B,0.782738,1,0,60.0
INSP_F0F178C4,2027-06-22,SYS_182,AST_FE615242,1.06016,1,1,60.0
INSP_BB23CCFB,2027-06-23,SYS_002,AST_7C0E9A5B,1.018108,1,1,60.0
INSP_6AA766D1,2027-06-23,SYS_031,AST_9763C2D9,1.207742,0,1,60.0
INSP_50B1BDC6,2027-06-23,SYS_098,AST_3B7D1466,1.279041,1,1,60.0
INSP_65922B8C,2027-06-23,SYS_133,AST_BF4651B1,1.250528,1,1,60.0
INSP_3FC12482,2027-06-23,SYS_187,AST_97716F9B,1.242125,1,1,60.0
INSP_B2420A2C,2027-06-24,SYS_028,AST_FAD86A2D,0.720175,0,0,60.0
INSP_79742692,2027-06-24,SYS_035,AST_BA241310,1.085009,1,1,60.0
INSP_9E43BA77,2027-06-24,SYS_058,AST_43ED943D,1.043125,1,1,60.0
INSP_6CD1EB20,2027-06-25,SYS_042,AST_050AF887,0.767448,0,0,60.0
INSP_11447CBF,2027-06-25,SYS_120,AST_3F244E16,1.410963,1,1,60.0
INSP_3195042D,2027-06-25,SYS_159,AST_26627EA2,1.099049,0,1,60.0
INSP_84AF392D,2027-06-25,SYS_192,AST_08CFD3D7,1.080231,1,1,60.0
INSP_DE09ABB4,2027-06-25,SYS_195,AST_0E874654,0.797827,0,0,60.0
INSP_6ABE3D60,2027-06-26,SYS_008,AST_1701B0D1,1.140412,0,1,60.0
INSP_AD68B85B,2027-06-26,SYS_038,AST_A3B534A7,1.318324,1,1,60.0
INSP_371C04AD,2027-06-26,SYS_053,AST_4658068B,0.903614,1,0,60.0
INSP_31613B2A,2027-06-26,SYS_070,AST_C1B8C773,1.167271,1,1,60.0
INSP_E366573C,2027-06-26,SYS_085,AST_39D6DE1D,1.130663,1,1,60.0
INSP_66596540,2027-06-26,SYS_112,AST_AA8C1F27,0.691119,0,0,60.0
INSP_C74230DB,2027-06-26,SYS_144,AST_5DDB30F9,0.874932,1,0,60.0
INSP_67AC7540,2027-06-27,SYS_021,AST_F1979853,0.285326,0,0,60.0
INSP_189FF4B9,2027-06-27,SYS_043,AST_B63A8A6D,1.354556,1,1,60.0
INSP_15B11787,2027-06-27,SYS_066,AST_D444EB42,0.88207,1,0,60.0
INSP_E67A2933,2027-06-27,SYS_184,AST_B8F4CFDC,0.92385,1,0,60.0
INSP_FF6C24B4,2027-06-28,SYS_016,AST_6C257809,0.927646,1,0,60.0
INSP_2DE36E35,2027-06-28,SYS_110,AST_FF3D3FDA,0.955328,1,0,60.0
INSP_4E029D22,2027-06-28,SYS_122,AST_50363D49,1.056054,1,1,60.0
INSP_A027E32A,2027-06-28,SYS_146,AST_36038667,0.810668,0,0,60.0
INSP_734D2FCF,2027-06-29,SYS_012,AST_52F8C6E2,1.184618,1,1,60.0
INSP_BCBEC2DF,2027-06-29,SYS_116,AST_B2582483,0.519272,0,0,60.0
INSP_A3CB0529,2027-06-29,SYS_139,AST_0B13D9C8,0.478441,0,0,60.0
INSP_B55D6B69,2027-06-29,SYS_148,AST_781DAA19,0.806119,1,0,60.0
INSP_154FE81C,2027-06-29,SYS_154,AST_882D3A31,1.099015,1,1,60.0
INSP_954CB09B,2027-06-29,SYS_161,AST_6F067CCD,0.799824,0,0,60.0
INSP_E2F92268,2027-06-29,SYS_181,AST_CDC219E9,0.789753,1,0,60.0
INSP_D71F55C3,2027-06-30,SYS_060,AST_B87575CB,-0.38583,0,0,60.0
INSP_1F875EC5,2027-06-30,SYS_075,AST_28212A6C,0.731483,0,0,60.0
INSP_98F92CDF,2027-06-30,SYS_102,AST_E8998173,0.137806,0,0,60.0
INSP_12BD79BD,2027-06-30,SYS_106,AST_4A546D96,1.207757,1,1,60.0
INSP_2A821955,2027-06-30,SYS_115,AST_3A142C96,0.88194,0,0,60.0
INSP_45A1E20D,2027-06-30,SYS_126,AST_20E142E2,1.240316,1,1,60.0
INSP_E88AACA6,2027-06-30,SYS_166,AST_3DB3BBFB,0.452549,0,0,60.0
INSP_1042A983,2027-06-30,SYS_185,AST_CCE08060,1.087148,1,1,60.0
INSP_B46A5ED3,2027-07-01,SYS_023,AST_7CC97E1B,1.336619,1,1,60.0
INSP_F69AD7F9,2027-07-01,SYS_036,AST_795D4B1F,0.19763,0,0,60.0
INSP_0C78C0EA,2027-07-01,SYS_082,AST_8205117C,0.871259,0,0,60.0
INSP_87334AAD,2027-07-01,SYS_088,AST_3E3464CF,1.330636,1,1,60.0
INSP_C309E777,2027-07-01,SYS_099,AST_A2FF2626,1.54014,1,1,60.0
INSP_C68C248F,2027-07-01,SYS_107,AST_1CA21168,0.354439,0,0,60.0
INSP_5145883F,2027-07-01,SYS_117,AST_88EEF8EE,0.847892,0,0,60.0
INSP_AF1AB309,2027-07-01,SYS_142,AST_920B351F,0.848294,1,0,60.0
INSP_63909613,2027-07-01,SYS_145,AST_BF2D7A8D,0.739217,0,0,60.0
INSP_91D9A2F9,2027-07-01,SYS_197,AST_D1886613,0.565454,0,0,60.0
INSP_F345318A,2027-07-02,SYS_003,AST_7B1C49CD,0.929269,0,0,60.0
INSP_C8275B68,2027-07-02,SYS_027,AST_9368DA73,0.494456,0,0,60.0
INSP_A669AFA8,2027-07-02,SYS_029,AST_3D153701,1.11832,1,1,60.0
INSP_B95CD1C0,2027-07-02,SYS_083,AST_B47F76A6,1.147403,1,1,60.0
INSP_765AE69C,2027-07-02,SYS_087,AST_EE806C03,1.069417,1,1,60.0
INSP_6C02994B,2027-07-02,SYS_092,AST_DC36E0C0,1.100654,1,1,60.0
INSP_FF124F36,2027-07-02,SYS_111,AST_24039B1B,1.236309,1,1,60.0
INSP_3754DAAB,2027-07-02,SYS_118,AST_4CFA63C0,0.37861,0,0,60.0
INSP_6DE47892,2027-07-02,SYS_125,AST_E7B8D3E6,1.540924,1,1,60.0
INSP_BCC79392,2027-07-02,SYS_162,AST_63EA204C,1.392828,1,1,60.0
INSP_AC8117CF,2027-07-02,SYS_196,AST_599A4B8F,1.162162,1,1,60.0
INSP_EA073400,2027-07-03,SYS_065,AST_FB815704,0.980144,1,0,60.0
INSP_D8D085AF,2027-07-03,SYS_077,AST_2E64E833,0.77585,0,0,60.0
INSP_9F082409,2027-07-03,SYS_129,AST_35C20721,0.987981,1,0,60.0
INSP_3BA63FC1,2027-07-03,SYS_136,AST_51AD1A7D,0.541485,0,0,60.0
INSP_CCB9DB07,2027-07-04,SYS_072,AST_FC97B019,1.27553,1,1,60.0
INSP_0EFC7B49,2027-07-04,SYS_076,AST_6784BE61,1.11572,0,1,60.0
INSP_B7DCFB01,2027-07-04,SYS_141,AST_E4E2ACF8,1.05101,1,1,60.0
INSP_1286F3FD,2027-07-04,SYS_160,AST_E349A214,0.912934,1,0,60.0
INSP_64A6EE55,2027-07-05,SYS_034,AST_7F9AC73D,1.221333,1,1,60.0
INSP_979FBAE3,2027-07-05,SYS_040,AST_FC62966A,1.089229,1,1,60.0
INSP_26DAD42A,2027-07-05,SYS_073,AST_4A29F50A,1.129083,1,1,60.0
INSP_AF18EC54,2027-07-05,SYS_079,AST_3F7E07D7,0.855349,1,0,60.0
INSP_25D0DEBF,2027-07-05,SYS_095,AST_370AA7CB,1.316693,1,1,60.0
INSP_47B4A75A,2027-07-05,SYS_114,AST_37C4C0ED,0.393589,0,0,60.0
INSP_D852881F,2027-07-06,SYS_005,AST_7C7868DA,0.856554,0,0,60.0
INSP_833979DF,2027-07-06,SYS_014,AST_80CBE3FD,0.586395,0,0,60.0
INSP_610C7122,2027-07-06,SYS_056,AST_ECE4AE26,0.63101,0,0,60.0
INSP_4B87B575,2027-07-06,SYS_059,AST_FCC4CBED,1.170606,1,1,60.0
INSP_70419A3B,2027-07-06,SYS_084,AST_A444DD46,1.328442,1,1,60.0
INSP_4D097295,2027-07-06,SYS_086,AST_0D81ACA2,0.963073,1,0,60.0
INSP_3246107F,2027-07-06,SYS_097,AST_F1691B23,1.045619,1,1,60.0
INSP_365C4D8D,2027-07-06,SYS_113,AST_A44F2B3D,0.34867,0,0,60.0
INSP_CFA594D6,2027-07-06,SYS_165,AST_4505F652,1.416489,1,1,60.0
INSP_F88DB2B2,2027-07-06,SYS_173,AST_ED93AAFD,1.085149,1,1,60.0
INSP_27CCA144,2027-07-06,SYS_180,AST_7B868176,0.589421,0,0,60.0
INSP_6C6D1C3D,2027-07-06,SYS_189,AST_9DF4F948,1.36904,1,1,60.0
INSP_98B9A6E1,2027-07-07,SYS_017,AST_A1FBED94,1.033911,1,1,60.0
INSP_78D4BE5D,2027-07-07,SYS_049,AST_EB975475,1.539818,1,1,60.0
INSP_A6BDA408,2027-07-07,SYS_124,AST_D78C7B3F,1.23947,1,1,60.0
INSP_BB63C1D1,2027-07-07,SYS_175,AST_C7FB9737,0.72488,0,0,60.0
INSP_AFD6E471,2027-07-08,SYS_000,AST_82289609,0.872429,1,0,60.0
INSP_D2161C27,2027-07-08,SYS_013,AST_695DC7E0,1.364863,1,1,60.0
INSP_A9C68752,2027-07-08,SYS_045,AST_6297D826,1.184571,1,1,60.0
INSP_774ED3DE,2027-07-08,SYS_062,AST_36AF7982,0.908077,1,0,60.0
INSP_0B594678,2027-07-08,SYS_080,AST_58C4B1B9,1.168245,1,1,60.0
INSP_C1AC215D,2027-07-08,SYS_163,AST_7B596DAC,1.187776,1,1,60.0
INSP_750CA756,2027-07-08,SYS_168,AST_0FD6BF6D,0.627855,0,0,60.0
INSP_D940A796,2027-07-09,SYS_004,AST_1D072422,0.663181,0,0,60.0
INSP_DF04ED82,2027-07-09,SYS_010,AST_F4EDEDEB,0.384229,0,0,60.0
INSP_8F51CEFF,2027-07-09,SYS_022,AST_610B3BB8,0.930983,0,0,60.0
INSP_29E49DDE,2027-07-09,SYS_044,AST_353B47EB,0.568687,0,0,60.0
INSP_B6508F14,2027-07-09,SYS_064,AST_5806475C,0.705953,0,0,60.0
INSP_B33A11C3,2027-07-09,SYS_068,AST_D55BF40C,0.414118,0,0,60.0
INSP_AB351121,2027-07-09,SYS_078,AST_AEC3B942,0.977033,0,0,60.0
INSP_C712EB41,2027-07-09,SYS_135,AST_657B7CFE,1.102712,1,1,60.0
INSP_D5CC4566,2027-07-09,SYS_147,AST_ADC31872,1.264721,1,1,60.0
INSP_F0EBCE42,2027-07-09,SYS_151,AST_841A5A8C,1.20977,1,1,60.0
INSP_270FEB25,2027-07-09,SYS_155,AST_17B3E0CB,0.392247,0,0,60.0
INSP_FC67CE1E,2027-07-09,SYS_156,AST_5C0B199A,0.605328,0,0,60.0
INSP_24FE255F,2027-07-09,SYS_169,AST_B188D1C3,1.109518,1,1,60.0
INSP_2509B34E,2027-07-09,SYS_170,AST_DC16CA5C,1.254519,1,1,60.0
INSP_E51D552B,2027-07-09,SYS_172,AST_699843CC,0.51691,0,0,60.0
INSP_3705D17D,2027-07-10,SYS_025,AST_1CF228E4,0.739261,1,0,60.0
INSP_67B798FA,2027-07-10,SYS_030,AST_D5338D02,0.458945,0,0,60.0
INSP_A1D0B352,2027-07-10,SYS_046,AST_7567728B,0.45243,0,0,60.0
INSP_9CFFB67D,2027-07-10,SYS_067,AST_50A1C019,1.036149,1,1,60.0
INSP_C90B6B89,2027-07-10,SYS_069,AST_C8C5AFF6,0.620671,0,0,60.0
INSP_38C43DB3,2027-07-10,SYS_090,AST_EED73AFA,0.386602,0,0,60.0
INSP_643C6BAC,2027-07-10,SYS_109,AST_06DBD95D,0.806987,0,0,60.0
INSP_93878D5D,2027-07-10,SYS_127,AST_26791D5D,1.272316,1,1,60.0
INSP_7BDDABA6,2027-07-10,SYS_140,AST_2E4344CA,0.693293,0,0,60.0
INSP_18291493,2027-07-10,SYS_143,AST_AA6F844F,0.219313,0,0,60.0
INSP_7FD3CA81,2027-07-10,SYS_167,AST_7E850B57,0.616951,0,0,60.0
INSP_FAE8977D,2027-07-10,SYS_190,AST_EDB3C522,1.42705,1,1,60.0
INSP_F8CAE47E,2027-07-11,SYS_128,AST_DE173347,0.671734,0,0,60.0
INSP_9C5EB7A0,2027-07-11,SYS_157,AST_FD51B1B6,0.412267,0,0,60.0
INSP_49A4317E,2027-07-11,SYS_171,AST_6CB99312,0.492336,0,0,60.0
INSP_0A4BB93A,2027-07-11,SYS_178,AST_F6C0052F,1.074341,0,1,60.0
INSP_A97CDB68,2027-07-12,SYS_018,AST_9512D5A3,0.544114,0,0,60.0
INSP_5680913B,2027-07-12,SYS_032,AST_9B82BED0,0.889994,0,0,60.0
INSP_93E84433,2027-07-12,SYS_094,AST_CF5CF75E,1.29717,1,1,60.0
INSP_A8751ADA,2027-07-12,SYS_101,AST_F57D3154,1.227586,0,1,60.0
INSP_E23CB821,2027-07-12,SYS_108,AST_84762C20,0.331825,0,0,60.0
INSP_F8B3777F,2027-07-12,SYS_138,AST_453643CE,0.449437,0,0,60.0
INSP_8703466A,2027-07-12,SYS_176,AST_228C6B85,1.243044,1,1,60.0
INSP_5A594172,2027-07-12,SYS_183,AST_4966D3EB,0.346594,0,0,60.0
INSP_EDA898D9,2027-07-13,SYS_033,AST_22C05889,0.449299,0,0,60.0
INSP_7443F1BC,2027-07-13,SYS_061,AST_9B6ED39C,1.472769,1,1,60.0
INSP_30279CEF,2027-07-13,SYS_105,AST_CBAC770C,0.683269,0,0,60.0
INSP_952B6652,2027-07-13,SYS_199,AST_FA8F339B,1.184685,1,1,60.0
INSP_483F6E35,2027-07-14,SYS_015,AST_254B74B0,0.336018,0,0,60.0
INSP_793AF513,2027-07-14,SYS_020,AST_39DB5940,0.423267,0,0,60.0
INSP_067F6FAB,2027-07-14,SYS_039,AST_98C96DF8,0.317353,0,0,60.0
INSP_DC0510F0,2027-07-14,SYS_041,AST_ADCE3301,0.459194,0,0,60.0
INSP_EFC5461C,2027-07-14,SYS_055,AST_C7F8407C,0.479809,0,0,60.0
INSP_F0D862E9,2027-07-14,SYS_100,AST_3C713EB2,0.786301,0,0,60.0
INSP_EED99980,2027-07-14,SYS_123,AST_78A0D920,1.234988,1,1,60.0
INSP_7A67ECE7,2027-07-14,SYS_186,AST_C62671DB,1.204435,1,1,60.0
INSP_C12150A9,2027-07-14,SYS_198,AST_7B61C28B,0.437457,0,0,60.0
INSP_5E6772EA,2027-07-15,SYS_009,AST_A1AD32FC,0.152379,0,0,60.0
INSP_5C0A731E,2027-07-15,SYS_037,AST_040795BD,0.51716,0,0,60.0
INSP_F0976C62,2027-07-15,SYS_048,AST_BBB86CBF,0.779753,0,0,60.0
INSP_C88A1418,2027-07-15,SYS_098,AST_3B7D1466,0.815499,0,0,60.0
INSP_95A32764,2027-07-15,SYS_152,AST_AA883657,0.688667,0,0,60.0
INSP_8C46C422,2027-07-15,SYS_193,AST_8455CCD5,0.331322,0,0,60.0
INSP_5566C705,2027-07-16,SYS_006,AST_9C8A9AA2,-0.363901,0,0,60.0
INSP_1073D129,2027-07-16,SYS_051,AST_18B06F68,0.596783,0,0,60.0
INSP_3CA1A158,2027-07-16,SYS_103,AST_644BA4D2,0.436521,0,0,60.0
INSP_DA03CB18,2027-07-16,SYS_149,AST_5D9AA27A,1.45386,1,1,60.0
INSP_8094C45E,2027-07-17,SYS_071,AST_6E345902,0.686371,0,0,60.0
INSP_5116BA85,2027-07-17,SYS_093,AST_0FD42B82,1.029837,1,1,60.0
INSP_42D3C4AB,2027-07-17,SYS_104,AST_790AF652,-0.30286,0,0,60.0
INSP_96DBBB12,2027-07-17,SYS_119,AST_3F7EAE27,1.463179,1,1,60.0
INSP_ECDA8A19,2027-07-17,SYS_133,AST_BF4651B1,0.743573,0,0,60.0
INSP_BD7F7B89,2027-07-17,SYS_134,AST_2F38DF31,0.330847,0,0,60.0
INSP_BD37A784,2027-07-18,SYS_007,AST_EEEE8A15,1.230996,1,1,60.0
INSP_CBDCEB29,2027-07-18,SYS_028,AST_FAD86A2D,0.521225,0,0,60.0
INSP_F882F8E9,2027-07-18,SYS_091,AST_4B1E21E5,0.682221,0,0,60.0
INSP_61143F78,2027-07-18,SYS_137,AST_B3A2D4EA,0.723156,0,0,60.0
INSP_6148C79B,2027-07-18,SYS_150,AST_C4A21BED,0.95521,0,0,60.0
INSP_E3B972C2,2027-07-18,SYS_164,AST_F4B67099,0.559864,0,0,60.0
INSP_9744832C,2027-07-19,SYS_011,AST_04D2EB95,1.201065,1,1,60.0
INSP_F93CB843,2027-07-19,SYS_038,AST_A3B534A7,0.542251,0,0,60.0
INSP_ECE39736,2027-07-19,SYS_074,AST_19E34940,1.02946,1,1,60.0
INSP_487E415B,2027-07-19,SYS_096,AST_439830B2,0.702037,0,0,60.0
INSP_78BA450C,2027-07-19,SYS_121,AST_B0392C20,0.25361,0,0,60.0
INSP_C0E72B4B,2027-07-19,SYS_131,AST_3D3FA8BA,0.682705,0,0,60.0
INSP_74DD7B8F,2027-07-20,SYS_031,AST_9763C2D9,0.817385,0,0,60.0
INSP_19DC24EE,2027-07-20,SYS_057,AST_EBD0CFD1,0.299084,0,0,60.0
INSP_A45FC1AB,2027-07-20,SYS_085,AST_39D6DE1D,0.656797,0,0,60.0
INSP_5E547D31,2027-07-20,SYS_132,AST_110C419C,0.45154,0,0,60.0
INSP_C5ACB155,2027-07-20,SYS_158,AST_FF59B2E4,1.419858,1,1,60.0
INSP_4D723A34,2027-07-21,SYS_008,AST_1701B0D1,0.511947,0,0,60.0
INSP_3B026FDB,2027-07-21,SYS_019,AST_2D658245,0.611598,0,0,60.0
INSP_D442A01D,2027-07-21,SYS_036,AST_795D4B1F,0.711853,0,0,60.0
INSP_F60F5BD0,2027-07-21,SYS_052,AST_58BD1483,1.201355,0,1,60.0
INSP_21BE5F7E,2027-07-21,SYS_058,AST_43ED943D,0.913457,0,0,60.0
INSP_CF8F7B3F,2027-07-21,SYS_063,AST_C94270EB,1.352337,1,1,60.0
INSP_B0BDB114,2027-07-21,SYS_191,AST_806147E4,0.669967,0,0,60.0
INSP_5EC07F6D,2027-07-22,SYS_001,AST_24380437,0.108295,0,0,60.0
INSP_3154C171,2027-07-22,SYS_026,AST_9E6257AF,1.518751,1,1,60.0
INSP_73C92AC9,2027-07-22,SYS_054,AST_98753F96,0.169765,0,0,60.0
INSP_93966FA4,2027-07-22,SYS_177,AST_2F7F5E8C,0.67195,0,0,60.0
INSP_1E84EBD4,2027-07-22,SYS_188,AST_5DAE9C93,0.766618,0,0,60.0
INSP_E07F324C,2027-07-22,SYS_194,AST_C33E2C24,1.153266,1,1,60.0
INSP_0441FACB,2027-07-22,SYS_195,AST_0E874654,0.532378,0,0,60.0
INSP_47C2C3F0,2027-07-23,SYS_050,AST_E38E7FDD,0.895641,1,0,60.0
INSP_D56CD57E,2027-07-23,SYS_053,AST_4658068B,1.016819,1,1,60.0
INSP_1A7FA2BA,2027-07-23,SYS_179,AST_DDA94FF4,0.706633,0,0,60.0
INSP_5324E973,2027-07-24,SYS_070,AST_C1B8C773,0.940617,0,0,60.0
INSP_464DDA21,2027-07-24,SYS_081,AST_60C6CF35,0.675338,0,0,60.0
INSP_46C63218,2027-07-24,SYS_115,AST_3A142C96,0.879236,0,0,60.0
INSP_6247BEF4,2027-07-24,SYS_153,AST_F2CA704B,1.232351,1,1,60.0
INSP_5631E717,2027-07-24,SYS_159,AST_26627EA2,0.686836,0,0,60.0
INSP_7E19ABF1,2027-07-24,SYS_182,AST_FE615242,0.423995,0,0,60.0
INSP_D70A6970,2027-07-25,SYS_043,AST_B63A8A6D,0.475353,0,0,60.0
INSP_9069D12D,2027-07-25,SYS_142,AST_920B351F,0.914276,1,0,60.0
INSP_034D54A1,2027-07-26,SYS_002,AST_7C0E9A5B,0.341904,0,0,60.0
INSP_89703221,2027-07-26,SYS_021,AST_F1979853,0.365839,0,0,60.0
INSP_439E0DF7,2027-07-26,SYS_066,AST_D444EB42,1.606576,1,1,60.0
INSP_50D88A93,2027-07-26,SYS_073,AST_4A29F50A,-0.036012,0,0,60.0
INSP_ED3884E7,2027-07-26,SYS_110,AST_FF3D3FDA,1.250146,1,1,60.0
INSP_1A03E142,2027-07-26,SYS_117,AST_88EEF8EE,0.742635,0,0,60.0
INSP_BA4C9146,2027-07-26,SYS_118,AST_4CFA63C0,0.781246,0,0,60.0
INSP_E9450223,2027-07-26,SYS_174,AST_54BE8E2A,-0.0369,0,0,60.0
INSP_22DF21C6,2027-07-27,SYS_035,AST_BA241310,0.566036,0,0,60.0
INSP_A2364D6A,2027-07-27,SYS_077,AST_2E64E833,0.879709,0,0,60.0
INSP_DFE5069B,2027-07-27,SYS_099,AST_A2FF2626,0.735457,0,0,60.0
INSP_871E4AA4,2027-07-28,SYS_069,AST_C8C5AFF6,0.897806,0,0,60.0
INSP_A6FF0F74,2027-07-28,SYS_088,AST_3E3464CF,0.721001,0,0,60.0
INSP_45E69410,2027-07-28,SYS_120,AST_3F244E16,0.403331,0,0,60.0
INSP_7B5AE6CF,2027-07-29,SYS_016,AST_6C257809,1.414073,1,1,60.0
INSP_250069F4,2027-07-29,SYS_029,AST_3D153701,0.558702,0,0,60.0
INSP_3C3F0400,2027-07-29,SYS_083,AST_B47F76A6,0.991631,0,0,60.0
INSP_A6F80E43,2027-07-29,SYS_111,AST_24039B1B,0.887224,0,0,60.0
INSP_2A930DB1,2027-07-29,SYS_112,AST_AA8C1F27,0.749311,0,0,60.0
INSP_062094BC,2027-07-29,SYS_122,AST_50363D49,0.58219,0,0,60.0
INSP_E52391DA,2027-07-29,SYS_139,AST_0B13D9C8,0.769161,0,0,60.0
INSP_A52146B8,2027-07-29,SYS_154,AST_882D3A31,0.272977,0,0,60.0
INSP_F3BEBC29,2027-07-29,SYS_162,AST_63EA204C,0.407188,0,0,60.0
INSP_56768BA5,2027-07-30,SYS_024,AST_2E67628F,0.262984,0,0,60.0
INSP_3EA1CA61,2027-07-30,SYS_042,AST_050AF887,0.831141,0,0,60.0
INSP_8548E99A,2027-07-30,SYS_075,AST_28212A6C,1.445019,1,1,60.0
INSP_B3468168,2027-07-30,SYS_097,AST_F1691B23,0.804302,0,0,60.0
INSP_DB785042,2027-07-30,SYS_187,AST_97716F9B,0.759298,0,0,60.0
INSP_FFEB4DE9,2027-07-31,SYS_023,AST_7CC97E1B,0.568241,0,0,60.0
INSP_95C7A77D,2027-07-31,SYS_060,AST_B87575CB,0.50521,0,0,60.0
INSP_3A1F59AD,2027-07-31,SYS_068,AST_D55BF40C,0.661178,0,0,60.0
INSP_0886153D,2027-07-31,SYS_095,AST_370AA7CB,0.716358,0,0,60.0
INSP_55A3A776,2027-07-31,SYS_125,AST_E7B8D3E6,0.671083,0,0,60.0
INSP_0EFD4387,2027-07-31,SYS_145,AST_BF2D7A8D,0.653931,0,0,60.0
INSP_E217F361,2027-07-31,SYS_161,AST_6F067CCD,0.916006,0,0,60.0
INSP_6B73795C,2027-07-31,SYS_175,AST_C7FB9737,0.850749,0,0,60.0
INSP_2B8F0E7D,2027-08-01,SYS_040,AST_FC62966A,0.496975,0,0,60.0
INSP_EE346F16,2027-08-01,SYS_065,AST_FB815704,1.390567,1,1,60.0
INSP_E0414824,2027-08-01,SYS_082,AST_8205117C,0.684958,0,0,60.0
INSP_93B81976,2027-08-01,SYS_087,AST_EE806C03,0.482417,0,0,60.0
INSP_92D57890,2027-08-01,SYS_089,AST_365F171F,0.243731,0,0,60.0
INSP_093E266D,2027-08-01,SYS_094,AST_CF5CF75E,0.236124,0,0,60.0
INSP_C76FC8A9,2027-08-01,SYS_124,AST_D78C7B3F,0.016877,0,0,60.0
INSP_4A06A059,2027-08-01,SYS_126,AST_20E142E2,0.431808,0,0,60.0
INSP_E353D9B6,2027-08-01,SYS_148,AST_781DAA19,0.85427,1,0,60.0
INSP_D92D96C1,2027-08-01,SYS_160,AST_E349A214,1.157828,1,1,60.0
INSP_AB293E36,2027-08-01,SYS_184,AST_B8F4CFDC,1.749475,1,1,60.0
INSP_C2AA9380,2027-08-01,SYS_185,AST_CCE08060,0.497181,0,0,60.0
INSP_5657C7E6,2027-08-01,SYS_197,AST_D1886613,0.484476,0,0,60.0
INSP_FE079624,2027-08-02,SYS_010,AST_F4EDEDEB,0.962893,0,0,60.0
INSP_8D48AD2E,2027-08-02,SYS_012,AST_52F8C6E2,0.767639,0,0,60.0
INSP_E27888DE,2027-08-02,SYS_014,AST_80CBE3FD,1.108414,0,1,60.0
INSP_68F76608,2027-08-02,SYS_044,AST_353B47EB,0.969755,0,0,60.0
INSP_12639846,2027-08-02,SYS_056,AST_ECE4AE26,0.423581,0,0,60.0
INSP_D910A788,2027-08-02,SYS_067,AST_50A1C019,0.111499,0,0,60.0
INSP_07915C00,2027-08-02,SYS_072,AST_FC97B019,0.914695,0,0,60.0
INSP_D645D550,2027-08-02,SYS_102,AST_E8998173,0.605589,0,0,60.0
INSP_5158F648,2027-08-02,SYS_144,AST_5DDB30F9,1.399335,1,1,60.0
INSP_6E53D172,2027-08-02,SYS_151,AST_841A5A8C,0.75977,0,0,60.0
INSP_2B80D762,2027-08-02,SYS_171,AST_6CB99312,0.478398,0,0,60.0
INSP_1A81C445,2027-08-03,SYS_000,AST_82289609,1.218481,1,1,60.0
INSP_DE39DAF6,2027-08-03,SYS_078,AST_AEC3B942,1.249742,1,1,60.0
INSP_8665E402,2027-08-03,SYS_092,AST_DC36E0C0,0.175057,0,0,60.0
INSP_F10AE6A9,2027-08-03,SYS_106,AST_4A546D96,0.505128,0,0,60.0
INSP_824D087E,2027-08-03,SYS_146,AST_36038667,1.003307,1,1,60.0
INSP_D76E1060,2027-08-03,SYS_169,AST_B188D1C3,0.511455,0,0,60.0
INSP_EF0F429A,2027-08-03,SYS_181,AST_CDC219E9,1.448855,1,1,60.0
INSP_D240C6FC,2027-08-03,SYS_192,AST_08CFD3D7,0.945196,0,0,60.0
INSP_8E20DE8C,2027-08-04,SYS_090,AST_EED73AFA,0.806351,0,0,60.0
INSP_1F49E045,2027-08-04,SYS_127,AST_26791D5D,0.608426,0,0,60.0
INSP_9D5D1B8B,2027-08-04,SYS_163,AST_7B596DAC,0.829393,0,0,60.0
INSP_607E1579,2027-08-04,SYS_173,AST_ED93AAFD,0.603182,0,0,60.0
INSP_ACF6F7CE,2027-08-04,SYS_180,AST_7B868176,0.963599,0,0,60.0
INSP_380F899B,2027-08-04,SYS_196,AST_599A4B8F,0.534305,0,0,60.0
INSP_DE892D87,2027-08-05,SYS_003,AST_7B1C49CD,0.66185,0,0,60.0
INSP_9AF6BCEC,2027-08-05,SYS_030,AST_D5338D02,1.025556,0,1,60.0
INSP_D3BD2174,2027-08-05,SYS_034,AST_7F9AC73D,0.670981,0,0,60.0
INSP_E95BA410,2027-08-05,SYS_107,AST_1CA21168,0.880656,0,0,60.0
INSP_E14440D9,2027-08-05,SYS_113,AST_A44F2B3D,0.914199,0,0,60.0
INSP_20E697AF,2027-08-05,SYS_166,AST_3DB3BBFB,0.689971,0,0,60.0
INSP_C90F52A4,2027-08-05,SYS_168,AST_0FD6BF6D,0.876281,0,0,60.0
INSP_F2745A85,2027-08-05,SYS_178,AST_F6C0052F,0.47728,0,0,60.0
INSP_979F56E2,2027-08-05,SYS_190,AST_EDB3C522,0.726676,0,0,60.0
INSP_F42287C5,2027-08-06,SYS_004,AST_1D072422,0.97117,0,0,60.0
INSP_05EF6E38,2027-08-06,SYS_022,AST_610B3BB8,0.92021,1,0,60.0
INSP_78561E4B,2027-08-06,SYS_049,AST_EB975475,0.627415,0,0,60.0
INSP_1876DBA2,2027-08-06,SYS_140,AST_2E4344CA,0.680281,0,0,60.0
INSP_53B3E9A1,2027-08-06,SYS_141,AST_E4E2ACF8,0.648335,0,0,60.0
INSP_AC02E021,2027-08-06,SYS_165,AST_4505F652,0.968543,0,0,60.0
INSP_218EBFE4,2027-08-07,SYS_156,AST_5C0B199A,0.550164,0,0,60.0
INSP_CDC0CC5C,2027-08-07,SYS_172,AST_699843CC,0.87074,0,0,60.0
INSP_C292DD09,2027-08-07,SYS_189,AST_9DF4F948,0.562439,0,0,60.0
INSP_2859F92D,2027-08-07,SYS_199,AST_FA8F339B,0.630441,0,0,60.0
INSP_6EF9AE61,2027-08-08,SYS_071,AST_6E345902,1.019987,1,1,60.0
INSP_536875CF,2027-08-08,SYS_114,AST_37C4C0ED,1.116886,0,1,60.0
INSP_F38D2B27,2027-08-08,SYS_129,AST_35C20721,1.601193,1,1,60.0
INSP_DB6ADA7E,2027-08-08,SYS_143,AST_AA6F844F,0.873426,0,0,60.0
INSP_7F7A3CB2,2027-08-08,SYS_170,AST_DC16CA5C,0.730333,0,0,60.0
INSP_88A75899,2027-08-08,SYS_183,AST_4966D3EB,0.715785,0,0,60.0
INSP_09AC89C6,2027-08-09,SYS_013,AST_695DC7E0,0.690641,0,0,60.0
INSP_6E66B68E,2027-08-09,SYS_017,AST_A1FBED94,0.970324,0,0,60.0
INSP_5D68B89C,2027-08-09,SYS_025,AST_1CF228E4,1.469925,1,1,60.0
INSP_E49F97A5,2027-08-09,SYS_027,AST_9368DA73,0.844964,0,0,60.0
INSP_013EC642,2027-08-09,SYS_045,AST_6297D826,0.394268,0,0,60.0
INSP_6DD09CF1,2027-08-09,SYS_047,AST_8B7B0D02,0.35014,0,0,60.0
INSP_55E77E68,2027-08-09,SYS_055,AST_C7F8407C,0.48499,0,0,60.0
INSP_5159D949,2027-08-09,SYS_084,AST_A444DD46,0.554179,0,0,60.0
INSP_979EB807,2027-08-09,SYS_086,AST_0D81ACA2,1.584986,1,1,60.0
INSP_84D73684,2027-08-09,SYS_135,AST_657B7CFE,0.455968,0,0,60.0
INSP_724BAF4E,2027-08-10,SYS_057,AST_EBD0CFD1,0.645817,0,0,60.0
INSP_D344510C,2027-08-10,SYS_059,AST_FCC4CBED,0.985802,0,0,60.0
INSP_6B51CA8F,2027-08-10,SYS_064,AST_5806475C,1.589017,1,1,60.0
INSP_7157069B,2027-08-10,SYS_080,AST_58C4B1B9,0.527235,0,0,60.0
INSP_6D6B1DC5,2027-08-10,SYS_101,AST_F57D3154,0.444544,0,0,60.0
INSP_3A0C86B9,2027-08-10,SYS_108,AST_84762C20,0.678061,0,0,60.0
INSP_2BC20532,2027-08-10,SYS_109,AST_06DBD95D,0.399048,0,0,60.0
INSP_35D4F27D,2027-08-10,SYS_123,AST_78A0D920,0.5723,0,0,60.0
INSP_8B947BF6,2027-08-10,SYS_157,AST_FD51B1B6,0.67252,0,0,60.0
INSP_F70138EF,2027-08-10,SYS_198,AST_7B61C28B,0.463035,0,0,60.0
INSP_065B89B0,2027-08-11,SYS_076,AST_15DC0AAA,0.198153,0,0,60.0
INSP_7DE59B5C,2027-08-11,SYS_079,AST_3F7E07D7,1.052874,1,1,60.0
INSP_D881C80A,2027-08-11,SYS_098,AST_3B7D1466,0.343678,0,0,60.0
INSP_2B66CEF6,2027-08-11,SYS_134,AST_2F38DF31,0.751026,0,0,60.0
INSP_6040FA6A,2027-08-11,SYS_155,AST_17B3E0CB,1.11929,0,1,60.0
INSP_BFFD05D4,2027-08-11,SYS_186,AST_C62671DB,0.706846,0,0,60.0
INSP_729D53D8,2027-08-12,SYS_020,AST_39DB5940,1.061368,0,1,60.0
INSP_BF138FE9,2027-08-12,SYS_033,AST_22C05889,1.222284,0,1,60.0
INSP_B2E0E12E,2027-08-12,SYS_036,AST_795D4B1F,0.758094,0,0,60.0
INSP_5A3C8DC9,2027-08-12,SYS_039,AST_98C96DF8,0.442032,0,0,60.0
INSP_ECC63C8A,2027-08-12,SYS_061,AST_9B6ED39C,0.393131,0,0,60.0
INSP_714D9FE5,2027-08-12,SYS_128,AST_DE173347,1.142548,0,1,60.0
INSP_52D0C8E4,2027-08-12,SYS_176,AST_228C6B85,0.596175,0,0,60.0
INSP_559CAB8D,2027-08-13,SYS_005,AST_C1B95169,0.518812,0,0,60.0
INSP_F243970B,2027-08-13,SYS_026,AST_9E6257AF,0.357029,0,0,60.0
INSP_FD763D19,2027-08-13,SYS_032,AST_9B82BED0,0.922052,1,0,60.0
INSP_C75391EA,2027-08-13,SYS_062,AST_36AF7982,1.671302,1,1,60.0
INSP_21A4F752,2027-08-14,SYS_015,AST_254B74B0,1.146321,0,1,60.0
INSP_3AC23F44,2027-08-14,SYS_028,AST_FAD86A2D,0.576012,0,0,60.0
INSP_F20A313C,2027-08-14,SYS_041,AST_ADCE3301,0.826316,0,0,60.0
INSP_B3818A86,2027-08-14,SYS_048,AST_BBB86CBF,0.667294,0,0,60.0
INSP_4EF1E054,2027-08-14,SYS_051,AST_18B06F68,1.056181,0,1,60.0
INSP_15044612,2027-08-14,SYS_058,AST_43ED943D,0.485747,0,0,60.0
INSP_26EF1255,2027-08-14,SYS_138,AST_453643CE,0.606911,0,0,60.0
INSP_AFE722CF,2027-08-14,SYS_152,AST_AA883657,0.884208,0,0,60.0
INSP_F167BB5A,2027-08-15,SYS_038,AST_A3B534A7,0.334769,0,0,60.0
INSP_84A9D243,2027-08-15,SYS_103,AST_644BA4D2,0.42709,0,0,60.0
INSP_0D6ABE3F,2027-08-15,SYS_149,AST_5D9AA27A,0.526747,0,0,60.0
INSP_EFCA3372,2027-08-15,SYS_158,AST_FF59B2E4,0.463721,0,0,60.0
INSP_9BB29E34,2027-08-15,SYS_177,AST_2F7F5E8C,0.763546,0,0,60.0
INSP_FCAC5BA0,2027-08-15,SYS_179,AST_DDA94FF4,0.573318,0,0,60.0
INSP_DDFC9B02,2027-08-16,SYS_037,AST_040795BD,0.608676,0,0,60.0
INSP_022CA53A,2027-08-16,SYS_074,AST_19E34940,0.715938,0,0,60.0
INSP_9AA26A4E,2027-08-16,SYS_091,AST_4B1E21E5,0.388694,0,0,60.0
INSP_41FCE1F2,2027-08-16,SYS_093,AST_0FD42B82,0.723167,0,0,60.0
INSP_321448B6,2027-08-16,SYS_130,AST_C801A3A8,0.115167,0,0,60.0
INSP_0063B9DB,2027-08-16,SYS_137,AST_B3A2D4EA,1.116929,0,1,60.0
INSP_ED49BCAD,2027-08-17,SYS_001,AST_24380437,0.767133,0,0,60.0
INSP_66A212CB,2027-08-17,SYS_008,AST_1701B0D1,0.715606,0,0,60.0
INSP_8B11C260,2027-08-17,SYS_046,AST_7567728B,0.954914,0,0,60.0
INSP_C1814AA2,2027-08-17,SYS_118,AST_4CFA63C0,1.076014,0,1,60.0
INSP_BDD825B2,2027-08-18,SYS_052,AST_58BD1483,0.353967,0,0,60.0
INSP_4608E43E,2027-08-18,SYS_105,AST_CBAC770C,0.485886,0,0,60.0
INSP_960CE745,2027-08-18,SYS_131,AST_3D3FA8BA,0.933452,0,0,60.0
INSP_4076F626,2027-08-18,SYS_142,AST_920B351F,1.832333,1,1,60.0
INSP_7B5EDA18,2027-08-18,SYS_167,AST_7E850B57,1.552766,0,1,60.0
INSP_FE919930,2027-08-19,SYS_007,AST_EEEE8A15,0.576823,0,0,60.0
INSP_2FF4E775,2027-08-19,SYS_019,AST_2D658245,0.85785,0,0,60.0
INSP_95CCEE32,2027-08-19,SYS_053,AST_4658068B,0.590982,0,0,60.0
INSP_8B081E5C,2027-08-19,SYS_054,AST_98753F96,0.973906,0,0,60.0
INSP_22D66860,2027-08-19,SYS_096,AST_439830B2,0.457845,0,0,60.0
INSP_6FA72FD8,2027-08-19,SYS_111,AST_24039B1B,0.391716,0,0,60.0
INSP_1932DA74,2027-08-19,SYS_136,AST_43585704,0.317797,0,0,60.0
INSP_BE7180FE,2027-08-19,SYS_174,AST_54BE8E2A,0.387671,0,0,60.0
INSP_EDE60F34,2027-08-19,SYS_193,AST_8455CCD5,1.052731,0,1,60.0
INSP_19ABA944,2027-08-20,SYS_031,AST_9763C2D9,0.782637,0,0,60.0
INSP_48D09E72,2027-08-20,SYS_147,AST_ADC31872,0.802654,0,0,60.0
INSP_E8C388A5,2027-08-20,SYS_159,AST_26627EA2,1.00087,0,1,60.0
INSP_88811FC8,2027-08-21,SYS_011,AST_04D2EB95,0.487237,0,0,60.0
INSP_15410A8D,2027-08-21,SYS_021,AST_F1979853,1.108181,0,1,60.0
INSP_554F010B,2027-08-21,SYS_081,AST_60C6CF35,0.761895,0,0,60.0
INSP_DD05FD24,2027-08-21,SYS_100,AST_3C713EB2,1.2812,1,1,60.0
INSP_C41820EE,2027-08-21,SYS_104,AST_790AF652,0.590704,0,0,60.0
INSP_91832301,2027-08-21,SYS_119,AST_3F7EAE27,0.575055,0,0,60.0
INSP_6CBDCD63,2027-08-21,SYS_132,AST_110C419C,0.899582,0,0,60.0
INSP_A6D70A20,2027-08-21,SYS_150,AST_C4A21BED,0.687332,0,0,60.0
INSP_2B59A75F,2027-08-21,SYS_162,AST_63EA204C,0.980768,0,0,60.0
INSP_CD53FE20,2027-08-22,SYS_006,AST_9C8A9AA2,0.647519,0,0,60.0
INSP_D0CDF3A1,2027-08-22,SYS_012,AST_52F8C6E2,0.674452,0,0,60.0
INSP_2E51942F,2027-08-22,SYS_035,AST_BA241310,0.769275,0,0,60.0
INSP_C55BE3B8,2027-08-22,SYS_040,AST_FC62966A,0.796206,0,0,60.0
INSP_D2E7A9FE,2027-08-22,SYS_153,AST_F2CA704B,0.435705,0,0,60.0
INSP_FDCCE23F,2027-08-23,SYS_050,AST_E38E7FDD,1.608071,1,1,60.0
INSP_6A8D9D4E,2027-08-23,SYS_077,AST_2E64E833,1.297037,1,1,60.0
INSP_4CB35081,2027-08-23,SYS_088,AST_3E3464CF,0.507059,0,0,60.0
INSP_571D072E,2027-08-23,SYS_115,AST_3A142C96,1.18828,1,1,60.0
INSP_EA385932,2027-08-23,SYS_160,AST_E349A214,0.297791,0,0,60.0
INSP_C1296022,2027-08-23,SYS_188,AST_5DAE9C93,0.80667,1,0,60.0
INSP_513BF12F,2027-08-26,SYS_010,AST_F4EDEDEB,1.16711,1,1,60.0
INSP_22391B9F,2027-08-26,SYS_116,AST_2C33522B,-0.037776,0,0,60.0
INSP_3110E8F6,2027-08-28,SYS_117,AST_88EEF8EE,0.981201,1,0,60.0
INSP_5D5FAC84,2027-08-30,SYS_024,AST_2E67628F,0.396307,0,0,60.0
INSP_EFAD4671,2027-08-30,SYS_060,AST_B87575CB,0.570292,0,0,60.0
INSP_30CD172D,2027-08-30,SYS_102,AST_E8998173,0.629754,0,0,60.0
INSP_B0346EE2,2027-08-31,SYS_075,AST_28212A6C,0.390677,0,0,60.0
INSP_A8F94601,2027-09-01,SYS_022,AST_610B3BB8,1.080903,1,1,60.0
INSP_4246863D,2027-09-01,SYS_114,AST_37C4C0ED,0.553214,0,0,60.0
INSP_59FF64DB,2027-09-02,SYS_164,AST_4A8B6568,0.765427,0,0,60.0
INSP_10354AD7,2027-09-03,SYS_082,AST_8205117C,1.054532,1,1,60.0
INSP_8DE46B29,2027-09-04,SYS_090,AST_EED73AFA,0.644538,0,0,60.0
INSP_F74D4A23,2027-09-04,SYS_129,AST_400E8E22,-0.119603,0,0,60.0
INSP_2E0851FF,2027-09-04,SYS_146,AST_36038667,0.703698,0,0,60.0
INSP_BFE14233,2027-09-05,SYS_056,AST_ECE4AE26,0.885455,1,0,60.0
INSP_06575225,2027-09-05,SYS_089,AST_365F171F,0.589593,0,0,60.0
INSP_9945CC8F,2027-09-06,SYS_062,AST_122ED62B,0.261101,0,0,60.0
INSP_DE86427E,2027-09-06,SYS_121,AST_B78374FA,-0.123567,0,0,60.0
INSP_A30D7C38,2027-09-08,SYS_005,AST_C1B95169,0.139959,0,0,60.0
INSP_21C3D590,2027-09-08,SYS_009,AST_E86391C2,0.20753,0,0,60.0
INSP_8272408F,2027-09-09,SYS_076,AST_15DC0AAA,0.205507,0,0,60.0
INSP_0CD8F893,2027-09-09,SYS_101,AST_F57D3154,1.116467,0,1,60.0
INSP_A358DE9B,2027-09-10,SYS_195,AST_8CBAD11B,0.319778,0,0,60.0
INSP_019AE732,2027-09-11,SYS_047,AST_8B7B0D02,0.500214,0,0,60.0
INSP_CC49842B,2027-09-12,SYS_050,AST_00A92107,-0.000357,0,0,60.0
INSP_E62FE904,2027-09-13,SYS_198,AST_7B61C28B,0.769448,0,0,60.0
INSP_ECBA1213,2027-09-14,SYS_018,AST_B0FA57E7,0.756809,0,0,60.0
INSP_69A88108,2027-09-14,SYS_039,AST_98C96DF8,0.638957,0,0,60.0
INSP_1AF0EF3D,2027-09-14,SYS_080,AST_BB59C60C,0.313014,0,0,60.0
INSP_6553208B,2027-09-14,SYS_133,AST_89FEEAB3,0.344348,0,0,60.0
INSP_2B921FBA,2027-09-14,SYS_179,AST_DDA94FF4,1.057833,1,1,60.0
INSP_EB733723,2027-09-15,SYS_028,AST_FAD86A2D,0.768262,0,0,60.0
INSP_E453BBAA,2027-09-15,SYS_103,AST_644BA4D2,0.80643,0,0,60.0
INSP_EA878809,2027-09-15,SYS_177,AST_7A9F2591,0.141551,0,0,60.0
INSP_87B73356,2027-09-15,SYS_184,AST_A1456D4C,0.426032,0,0,60.0
INSP_7A7A3352,2027-09-16,SYS_003,AST_87753555,0.56506,0,0,60.0
INSP_ED71248D,2027-09-16,SYS_037,AST_99A4D7E6,0.404928,0,0,60.0
INSP_C040CB12,2027-09-16,SYS_130,AST_C801A3A8,0.372507,0,0,60.0
INSP_85FAE838,2027-09-16,SYS_174,AST_54BE8E2A,0.493421,0,0,60.0
INSP_FFA47FE0,2027-09-17,SYS_052,AST_58BD1483,0.763266,0,0,60.0
INSP_704CB890,2027-09-17,SYS_053,AST_D240F9E3,0.105475,0,0,60.0
INSP_A7C85632,2027-09-17,SYS_083,AST_DC162A80,-0.109056,0,0,60.0
INSP_C805E1CF,2027-09-17,SYS_097,AST_ED85FE8D,0.130196,0,0,60.0
INSP_FAC0D205,2027-09-17,SYS_145,AST_420D60D7,-0.091359,0,0,60.0
INSP_4093E542,2027-09-17,SYS_160,AST_A0C23A29,-0.080651,0,0,60.0
INSP_EB9F38C0,2027-09-17,SYS_171,AST_BF2339D7,0.349708,0,0,60.0
INSP_4E7E3FD8,2027-09-17,SYS_178,AST_DE486F0B,0.427327,0,0,60.0
INSP_F83447F1,2027-09-17,SYS_180,AST_3FF01F64,0.023339,0,0,60.0
INSP_B6EA8586,2027-09-18,SYS_001,AST_24380437,0.948526,0,0,60.0
INSP_106694BD,2027-09-18,SYS_019,AST_528AA6D4,0.333866,0,0,60.0
INSP_30AF7D8A,2027-09-18,SYS_020,AST_5A2338C9,0.096642,0,0,60.0
INSP_26151885,2027-09-18,SYS_032,AST_A59620BF,0.130134,0,0,60.0
INSP_06711D9D,2027-09-18,SYS_074,AST_D7B28F6F,0.205776,0,0,60.0
INSP_A8443F60,2027-09-18,SYS_107,AST_377D1F6D,0.167604,0,0,60.0
INSP_7874210E,2027-09-18,SYS_128,AST_75E9679F,0.089518,0,0,60.0
INSP_9031969C,2027-09-18,SYS_137,AST_F75531D9,0.21984,0,0,60.0
INSP_B38AEF1A,2027-09-18,SYS_148,AST_9FFF8A50,-0.135498,0,0,60.0
INSP_168ECDEB,2027-09-18,SYS_151,AST_41E601B0,-0.052008,0,0,60.0
INSP_D37BD81D,2027-09-18,SYS_152,AST_B4F4215B,0.104646,0,0,60.0
INSP_CEF4029D,2027-09-18,SYS_155,AST_F35ECC2E,-0.205967,0,0,60.0
INSP_0A9CFF8D,2027-09-18,SYS_172,AST_B5A704E7,0.141147,0,0,60.0
INSP_EEF19638,2027-09-18,SYS_196,AST_BB940335,0.195908,0,0,60.0
INSP_69612355,2027-09-19,SYS_000,AST_D0E4DCF4,0.305982,0,0,60.0
INSP_5B26DEDC,2027-09-19,SYS_008,AST_5DA2766D,0.415807,0,0,60.0
INSP_2DC5B383,2027-09-19,SYS_012,AST_C75717C5,-0.009289,0,0,60.0
INSP_F811E5C3,2027-09-19,SYS_066,AST_6CF0DC44,-0.207053,0,0,60.0
INSP_FEF1635C,2027-09-19,SYS_077,AST_3BD71080,0.449507,0,0,60.0
INSP_6E868E88,2027-09-19,SYS_088,AST_8B093B4C,-0.11037,0,0,60.0
INSP_26F9C5C5,2027-09-19,SYS_120,AST_E8E1AA0C,0.384419,0,0,60.0
INSP_C65841CF,2027-09-19,SYS_125,AST_265500E2,0.522286,0,0,60.0
INSP_AEC2F96A,2027-09-19,SYS_136,AST_43585704,0.560881,0,0,60.0
INSP_046168E3,2027-09-20,SYS_007,AST_1EBC9981,-0.1424,0,0,60.0
INSP_209DA8A5,2027-09-20,SYS_023,AST_22D1661D,0.177232,0,0,60.0
INSP_A292D79C,2027-09-20,SYS_070,AST_CCDD8778,-0.144471,0,0,60.0
INSP_81A38C48,2027-09-20,SYS_087,AST_71F3BA27,-0.041588,0,0,60.0
INSP_96A1F465,2027-09-20,SYS_105,AST_3373CB7C,0.016198,0,0,60.0
INSP_165C7DF6,2027-09-20,SYS_154,AST_15D838AC,0.38754,0,0,60.0
INSP_0F521842,2027-09-20,SYS_190,AST_3751A8A1,0.066092,0,0,60.0
INSP_2D9D6A72,2027-09-21,SYS_006,AST_9C8A9AA2,0.828651,0,0,60.0
INSP_B12AA691,2027-09-21,SYS_048,AST_6ABFE536,0.304091,0,0,60.0
INSP_4EA34CC9,2027-09-21,SYS_063,AST_F2F4AAF6,0.305376,0,0,60.0
INSP_51F6B248,2027-09-21,SYS_065,AST_38B26F8D,0.091045,0,0,60.0
INSP_607E5A6F,2027-09-21,SYS_067,AST_279A7BCB,0.405715,0,0,60.0
INSP_25C8FC32,2027-09-21,SYS_081,AST_48F70282,-0.008624,0,0,60.0
INSP_863ADD38,2027-09-21,SYS_084,AST_1AF80711,-0.058675,0,0,60.0
INSP_65361ADD,2027-09-21,SYS_099,AST_74BFC31D,0.083598,0,0,60.0
INSP_10933C94,2027-09-21,SYS_113,AST_D45D8909,0.02465,0,0,60.0
INSP_7F9F0845,2027-09-21,SYS_123,AST_1E223166,0.177146,0,0,60.0
INSP_FE2EC94F,2027-09-21,SYS_126,AST_7F86885C,0.068002,0,0,60.0
INSP_050C1FA7,2027-09-21,SYS_131,AST_35C9136B,0.323929,0,0,60.0
INSP_BB297109,2027-09-21,SYS_157,AST_740F87B8,-0.068563,0,0,60.0
INSP_F911508E,2027-09-21,SYS_193,AST_EF69914D,0.1509,0,0,60.0
INSP_458C53B8,2027-09-21,SYS_194,AST_E1A13D49,0.20245,0,0,60.0
INSP_7F981DC2,2027-09-22,SYS_004,AST_A1AA4299,-0.022372,0,0,60.0
INSP_C00F4241,2027-09-22,SYS_016,AST_D43533E0,0.376808,0,0,60.0
INSP_75457D7A,2027-09-22,SYS_021,AST_C47008EC,0.067152,0,0,60.0
INSP_4155E6C0,2027-09-22,SYS_027,AST_6BB796FE,-0.028893,0,0,60.0
INSP_F58FA866,2027-09-22,SYS_030,AST_AFD219B1,0.040885,0,0,60.0
INSP_6D2945BE,2027-09-22,SYS_034,AST_297F7688,0.428781,0,0,60.0
INSP_7165CD47,2027-09-22,SYS_059,AST_E8DD988D,0.247171,0,0,60.0
INSP_7FFC1808,2027-09-22,SYS_064,AST_4D3517E2,0.362961,0,0,60.0
INSP_350A3658,2027-09-22,SYS_085,AST_5BA3426F,-0.009795,0,0,60.0
INSP_62604C9A,2027-09-22,SYS_110,AST_84BF657B,-0.203096,0,0,60.0
INSP_3CC16D5D,2027-09-22,SYS_112,AST_3493853E,-0.049306,0,0,60.0
INSP_4430F622,2027-09-22,SYS_122,AST_0A997762,-0.082313,0,0,60.0
INSP_3E695F74,2027-09-22,SYS_124,AST_EFEB41D9,0.209655,0,0,60.0
INSP_BE65FE21,2027-09-22,SYS_135,AST_9DCCABFA,-0.066053,0,0,60.0
INSP_34C55D17,2027-09-22,SYS_186,AST_77FF043E,0.178817,0,0,60.0
INSP_9C79C845,2027-09-22,SYS_188,AST_51AAAE7C,0.025922,0,0,60.0
INSP_01A87EFB,2027-09-22,SYS_189,AST_BB12D2A9,0.27351,0,0,60.0
INSP_D972BFF6,2027-09-22,SYS_191,AST_A1609201,0.28265,0,0,60.0
INSP_DDA0764F,2027-09-23,SYS_013,AST_69039618,-0.073523,0,0,60.0
INSP_DDD35052,2027-09-23,SYS_025,AST_49936344,-0.101825,0,0,60.0
INSP_CC822B9F,2027-09-23,SYS_029,AST_CFB1C9BA,0.306334,0,0,60.0
INSP_8F0B1141,2027-09-23,SYS_045,AST_553871AE,0.202917,0,0,60.0
INSP_CED7ED51,2027-09-23,SYS_054,AST_98753F96,0.878807,0,0,60.0
INSP_3E14410C,2027-09-23,SYS_058,AST_1DC4B21D,0.386707,0,0,60.0
INSP_22556724,2027-09-23,SYS_069,AST_EACDC327,0.485153,0,0,60.0
INSP_9A50374B,2027-09-23,SYS_095,AST_40DCE8CD,0.138444,0,0,60.0
INSP_DF603F44,2027-09-23,SYS_108,AST_595ECB06,0.146523,0,0,60.0
INSP_959D7F7A,2027-09-23,SYS_109,AST_F3308A10,0.551084,0,0,60.0
INSP_AA221EEF,2027-09-23,SYS_138,AST_C5B22536,0.235294,0,0,60.0
INSP_128EF7EA,2027-09-23,SYS_141,AST_970B1411,0.435288,0,0,60.0
INSP_A8A43BEC,2027-09-23,SYS_144,AST_F5B1E6A9,0.127854,0,0,60.0
INSP_471B646D,2027-09-23,SYS_147,AST_0D5C3EAA,0.231981,0,0,60.0
INSP_93DECFF3,2027-09-23,SYS_153,AST_403481BA,0.299029,0,0,60.0
INSP_AC1B2B31,2027-09-23,SYS_162,AST_F4048537,0.501608,0,0,60.0
INSP_99F4C5F7,2027-09-24,SYS_041,AST_92095F7C,0.3944,0,0,60.0
INSP_B11979FB,2027-09-24,SYS_061,AST_D84B8239,0.360127,0,0,60.0
INSP_76AD3462,2027-09-24,SYS_073,AST_C7350D07,0.186945,0,0,60.0
INSP_DCB0BBFA,2027-09-24,SYS_093,AST_1FEAC259,0.4567,0,0,60.0
INSP_D3B13948,2027-09-24,SYS_098,AST_FFB40A41,0.47874,0,0,60.0
INSP_1507A59A,2027-09-24,SYS_116,AST_2C33522B,0.171136,0,0,60.0
INSP_4BABBDD4,2027-09-24,SYS_119,AST_8BC5D98E,0.214087,0,0,60.0
INSP_27DF1E5D,2027-09-24,SYS_129,AST_400E8E22,0.317392,0,0,60.0
INSP_E98FA83F,2027-09-24,SYS_134,AST_020EDF5F,0.233814,0,0,60.0
INSP_26BE3071,2027-09-24,SYS_142,AST_2811BB57,-0.191099,0,0,60.0
INSP_94BC0766,2027-09-24,SYS_158,AST_C83AEA8D,0.088995,0,0,60.0
INSP_AF1BE102,2027-09-24,SYS_159,AST_1E8676AC,-0.002095,0,0,60.0
INSP_860912DC,2027-09-24,SYS_161,AST_BADC1864,-0.050904,0,0,60.0
INSP_5AFC7B1D,2027-09-24,SYS_167,AST_7E1BE45C,0.477751,0,0,60.0
INSP_1F79B952,2027-09-25,SYS_002,AST_8FD4F517,0.628022,0,0,60.0
INSP_E9E793AF,2027-09-25,SYS_010,AST_F4EDEDEB,0.52983,0,0,60.0
INSP_54A455D2,2027-09-25,SYS_035,AST_4900A7B8,0.440154,0,0,60.0
INSP_2376659F,2027-09-25,SYS_042,AST_D71C5150,0.289513,0,0,60.0
INSP_E36B7173,2027-09-25,SYS_051,AST_D03CE24C,0.190561,0,0,60.0
INSP_5DA3DD62,2027-09-25,SYS_055,AST_601563F7,0.280866,0,0,60.0
INSP_DCBE4C7A,2027-09-25,SYS_068,AST_35454EA4,0.039348,0,0,60.0
INSP_433F8A2E,2027-09-25,SYS_078,AST_5E6F5188,-0.131012,0,0,60.0
INSP_5829B484,2027-09-25,SYS_086,AST_7F1A4E20,0.188021,0,0,60.0
INSP_BAA8775B,2027-09-25,SYS_092,AST_7356B9BB,0.336376,0,0,60.0
INSP_1367595E,2027-09-25,SYS_094,AST_061AF469,0.137634,0,0,60.0
INSP_C3E3FE8B,2027-09-25,SYS_118,AST_848618C8,-0.028633,0,0,60.0
INSP_A80A590B,2027-09-25,SYS_132,AST_A56F2A3C,0.044917,0,0,60.0
INSP_45D0F8AD,2027-09-25,SYS_139,AST_A44567C8,-0.067522,0,0,60.0
INSP_970ADA31,2027-09-25,SYS_143,AST_04F8DD21,0.12274,0,0,60.0
INSP_C3536E9B,2027-09-25,SYS_149,AST_A2EF3DAE,-0.081898,0,0,60.0
INSP_44C76EF0,2027-09-25,SYS_166,AST_3BD5B557,0.21135,0,0,60.0
INSP_73AC5BFB,2027-09-25,SYS_168,AST_4948A7AD,0.26496,0,0,60.0
INSP_A05192A5,2027-09-25,SYS_173,AST_4C28E0C0,0.281318,0,0,60.0
INSP_64BA1132,2027-09-25,SYS_199,AST_399A4A38,0.302338,0,0,60.0
INSP_07C12861,2027-09-26,SYS_011,AST_E7537B8E,0.301101,0,0,60.0
INSP_AB7AB3CA,2027-09-26,SYS_040,AST_9B0A48A4,0.248045,0,0,60.0
INSP_BD256E2A,2027-09-26,SYS_043,AST_DAECE358,0.133048,0,0,60.0
INSP_A7BE6BFE,2027-09-26,SYS_114,AST_37C4C0ED,0.625781,0,0,60.0
INSP_206AEEB6,2027-09-26,SYS_169,AST_36AF7D40,0.099812,0,0,60.0
INSP_D17CBA6E,2027-09-26,SYS_170,AST_A64EEA18,0.076905,0,0,60.0
INSP_EEBB01C3,2027-09-26,SYS_181,AST_B6899ACA,0.085449,0,0,60.0
INSP_DFB29AD5,2027-09-26,SYS_182,AST_4C34B5F8,0.106581,0,0,60.0
INSP_3E5E19FE,2027-09-26,SYS_197,AST_E63C3167,0.418605,0,0,60.0
INSP_C35BB014,2027-09-27,SYS_026,AST_F27AB368,0.065182,0,0,60.0
INSP_0AE43873,2027-09-27,SYS_046,AST_8AAEAC02,0.105998,0,0,60.0
INSP_AB80C26F,2027-09-27,SYS_071,AST_3D9DCB80,0.276842,0,0,60.0
INSP_BB1EE98E,2027-09-27,SYS_072,AST_8955031B,0.331742,0,0,60.0
INSP_3175847D,2027-09-27,SYS_079,AST_E7FA676F,0.234151,0,0,60.0
INSP_FC4876EE,2027-09-27,SYS_100,AST_634612BF,0.491691,0,0,60.0
INSP_4923E3F8,2027-09-27,SYS_104,AST_790AF652,0.750845,0,0,60.0
INSP_EE9DF409,2027-09-27,SYS_156,AST_94169FE1,-0.070641,0,0,60.0
INSP_4FDC1307,2027-09-27,SYS_165,AST_7140DC50,-0.034492,0,0,60.0
INSP_5D3ECA82,2027-09-27,SYS_192,AST_DC165D5A,0.579594,0,0,60.0
INSP_7FECD785,2027-09-28,SYS_015,AST_779496A5,0.006729,0,0,60.0
INSP_710CD5C3,2027-09-28,SYS_031,AST_4C1727C5,0.162175,0,0,60.0
INSP_8408FC51,2027-09-28,SYS_049,AST_434AC5F0,0.331106,0,0,60.0
INSP_B9B133E4,2027-09-28,SYS_057,AST_615F38D0,0.243499,0,0,60.0
INSP_E723EC2B,2027-09-28,SYS_091,AST_02E0B425,0.213863,0,0,60.0
INSP_3E453611,2027-09-28,SYS_096,AST_1B2D26F7,0.264932,0,0,60.0
INSP_388CC429,2027-09-28,SYS_106,AST_9F44F3A2,0.15352,0,0,60.0
INSP_5538F09F,2027-09-28,SYS_111,AST_8B103680,0.413766,0,0,60.0
INSP_DC4E6CC9,2027-09-28,SYS_117,AST_88EEF8EE,1.529733,1,1,60.0
INSP_30D10579,2027-09-28,SYS_176,AST_0BEA8302,0.462322,0,0,60.0
INSP_A9E183A0,2027-09-28,SYS_185,AST_BBC8E6A0,0.276716,0,0,60.0
INSP_82509B37,2027-09-29,SYS_033,AST_74BD6C17,0.098009,0,0,60.0
INSP_0CA1231E,2027-09-29,SYS_036,AST_85F8219D,0.434272,0,0,60.0
INSP_0EE5C3FD,2027-09-29,SYS_044,AST_BF2234AB,0.464935,0,0,60.0
INSP_6669B233,2027-09-29,SYS_115,AST_2635D6EC,-0.142962,0,0,60.0
INSP_F0F70C2C,2027-09-29,SYS_140,AST_96988172,0.258436,0,0,60.0
INSP_8BB978E3,2027-09-29,SYS_175,AST_A0220FB9,0.250285,0,0,60.0
INSP_944B0B5D,2027-09-30,SYS_022,AST_610B3BB8,0.942883,0,0,60.0
INSP_F9E44415,2027-09-30,SYS_060,AST_B87575CB,0.809916,1,0,60.0
INSP_25A63E09,2027-09-30,SYS_127,AST_5F886182,0.002859,0,0,60.0
INSP_7211E36B,2027-09-30,SYS_150,AST_C4A21BED,1.160506,1,1,60.0
INSP_68C83D20,2027-09-30,SYS_163,AST_74503D28,0.138482,0,0,60.0
INSP_FBAB3A9B,2027-09-30,SYS_183,AST_2B25BED8,0.435712,0,0,60.0
INSP_665DCA2A,2027-09-30,SYS_187,AST_1EDE4EB4,0.654288,0,0,60.0
INSP_83F6B3FF,2027-10-01,SYS_017,AST_693A6741,0.22749,0,0,60.0
INSP_EC178183,2027-10-01,SYS_024,AST_2E67628F,0.42145,0,0,60.0
INSP_BA039441,2027-10-01,SYS_038,AST_F63F1481,0.152975,0,0,60.0
INSP_0EAAEE1B,2027-10-02,SYS_089,AST_365F171F,0.370351,0,0,60.0
INSP_2B57C59A,2027-10-05,SYS_014,AST_BF698C90,0.242364,0,0,60.0
INSP_F6FD948C,2027-10-05,SYS_195,AST_8CBAD11B,0.240941,0,0,60.0
INSP_D9F4EA51,2027-10-06,SYS_005,AST_C1B95169,0.971363,0,0,60.0
INSP_54244F52,2027-10-06,SYS_102,AST_E8998173,0.969944,1,0,60.0
INSP_652EB347,2027-10-07,SYS_056,AST_ECE4AE26,1.237125,1,1,60.0
INSP_06348CD1,2027-10-07,SYS_146,AST_AE495FA6,0.634723,0,0,60.0
INSP_89DDD6F8,2027-10-07,SYS_164,AST_4A8B6568,0.717627,0,0,60.0
INSP_6B99461F,2027-10-08,SYS_172,AST_B5A704E7,0.51938,0,0,60.0
INSP_48F9880D,2027-10-08,SYS_179,AST_DDA94FF4,0.592151,0,0,60.0
INSP_0B93F6AB,2027-10-09,SYS_062,AST_122ED62B,0.477504,0,0,60.0
INSP_0A221265,2027-10-09,SYS_112,AST_3493853E,0.266846,0,0,60.0
INSP_576DFAB6,2027-10-10,SYS_050,AST_00A92107,0.416623,0,0,60.0
INSP_B7B7ECA2,2027-10-10,SYS_070,AST_CCDD8778,0.526696,0,0,60.0
INSP_40FD48C3,2027-10-10,SYS_177,AST_7A9F2591,0.243817,0,0,60.0
INSP_1057E57E,2027-10-11,SYS_009,AST_E86391C2,0.570181,0,0,60.0
INSP_C928C9A0,2027-10-11,SYS_076,AST_15DC0AAA,0.524214,0,0,60.0
INSP_4686597C,2027-10-11,SYS_121,AST_B78374FA,0.392763,0,0,60.0
INSP_E066D01F,2027-10-12,SYS_047,AST_8B7B0D02,0.857232,0,0,60.0
INSP_144521A5,2027-10-12,SYS_080,AST_BB59C60C,0.224297,0,0,60.0
INSP_42D351A9,2027-10-12,SYS_137,AST_F75531D9,-0.023672,0,0,60.0
INSP_3342D33F,2027-10-13,SYS_059,AST_E8DD988D,0.632711,0,0,60.0
INSP_740191E0,2027-10-13,SYS_088,AST_8B093B4C,0.543373,0,0,60.0
INSP_9012EFD7,2027-10-13,SYS_122,AST_0A997762,0.251349,0,0,60.0
INSP_A92F1C57,2027-10-13,SYS_133,AST_89FEEAB3,0.227119,0,0,60.0
INSP_C59A4A83,2027-10-14,SYS_018,AST_B0FA57E7,0.301005,0,0,60.0
INSP_793C22E9,2027-10-14,SYS_019,AST_528AA6D4,0.360377,0,0,60.0
INSP_F52F622C,2027-10-14,SYS_053,AST_D240F9E3,0.458608,0,0,60.0
INSP_687B34FE,2027-10-14,SYS_082,AST_8205117C,0.570858,0,0,60.0
INSP_1C82D642,2027-10-14,SYS_145,AST_420D60D7,0.256317,0,0,60.0
INSP_26C8C784,2027-10-15,SYS_000,AST_D0E4DCF4,0.336907,0,0,60.0
INSP_A5E6F58E,2027-10-15,SYS_037,AST_99A4D7E6,0.167912,0,0,60.0
INSP_4B2015C9,2027-10-15,SYS_083,AST_DC162A80,0.444783,0,0,60.0
INSP_AF75DEB5,2027-10-15,SYS_130,AST_C801A3A8,0.191544,0,0,60.0
INSP_38F3FE5F,2027-10-15,SYS_171,AST_BF2339D7,0.329272,0,0,60.0
INSP_6661B102,2027-10-15,SYS_196,AST_BB940335,0.31384,0,0,60.0
INSP_278608F8,2027-10-16,SYS_001,AST_24380437,1.140034,0,1,60.0
INSP_18C6CF1C,2027-10-16,SYS_066,AST_6CF0DC44,0.453218,0,0,60.0
INSP_3FE8AB9E,2027-10-16,SYS_077,AST_3BD71080,0.491572,0,0,60.0
INSP_8FC2666D,2027-10-16,SYS_085,AST_5BA3426F,0.343638,0,0,60.0
INSP_A0D52A36,2027-10-16,SYS_103,AST_644BA4D2,1.030365,1,1,60.0
INSP_283E98AF,2027-10-16,SYS_105,AST_3373CB7C,0.202904,0,0,60.0
INSP_56F8B7D9,2027-10-16,SYS_160,AST_A0C23A29,0.487441,0,0,60.0
INSP_A6B83364,2027-10-17,SYS_025,AST_49936344,0.099738,0,0,60.0
INSP_EEBC34D2,2027-10-17,SYS_029,AST_CFB1C9BA,0.416525,0,0,60.0
INSP_3760EFE8,2027-10-17,SYS_034,AST_297F7688,0.306207,0,0,60.0
INSP_741EF71F,2027-10-17,SYS_079,AST_E7FA676F,0.579062,0,0,60.0
INSP_8B872241,2027-10-17,SYS_081,AST_48F70282,0.114238,0,0,60.0
INSP_4522D51C,2027-10-17,SYS_129,AST_400E8E22,0.760394,0,0,60.0
INSP_A894FAA4,2027-10-17,SYS_156,AST_94169FE1,0.110742,0,0,60.0
INSP_AB537C83,2027-10-18,SYS_020,AST_5A2338C9,0.229069,0,0,60.0
INSP_27BC17BA,2027-10-18,SYS_067,AST_279A7BCB,0.400584,0,0,60.0
INSP_EE5F6F51,2027-10-18,SYS_074,AST_D7B28F6F,0.386737,0,0,60.0
INSP_08EBC620,2027-10-18,SYS_124,AST_EFEB41D9,0.4898,0,0,60.0
INSP_084499FB,2027-10-18,SYS_141,AST_970B1411,0.691127,0,0,60.0
INSP_01CA56F1,2027-10-18,SYS_148,AST_9FFF8A50,0.133676,0,0,60.0
INSP_1FCC2B30,2027-10-18,SYS_154,AST_15D838AC,0.206055,0,0,60.0
INSP_EA4E8377,2027-10-18,SYS_166,AST_3BD5B557,0.282388,0,0,60.0
INSP_D035C770,2027-10-18,SYS_178,AST_DE486F0B,0.648366,0,0,60.0
INSP_22131011,2027-10-18,SYS_180,AST_3FF01F64,0.241469,0,0,60.0
INSP_E7EF27DA,2027-10-18,SYS_191,AST_A1609201,0.565201,0,0,60.0
INSP_5A9C53CB,2027-10-19,SYS_007,AST_1EBC9981,0.463416,0,0,60.0
INSP_4A54C81A,2027-10-19,SYS_027,AST_6BB796FE,0.081201,0,0,60.0
INSP_9827D6E9,2027-10-19,SYS_043,AST_DAECE358,0.472808,0,0,60.0
INSP_3753FF6D,2027-10-19,SYS_065,AST_38B26F8D,0.499743,0,0,60.0
INSP_0DE4194F,2027-10-19,SYS_152,AST_B4F4215B,0.237365,0,0,60.0
INSP_9877D6D8,2027-10-19,SYS_174,AST_2C33AD8C,0.320597,0,0,60.0
INSP_A85D86B3,2027-10-19,SYS_184,AST_A1456D4C,0.44931,0,0,60.0
INSP_96FF931F,2027-10-19,SYS_186,AST_77FF043E,0.851702,0,0,60.0
INSP_7CF6F53D,2027-10-19,SYS_189,AST_BB12D2A9,0.733301,0,0,60.0
INSP_B1F293A9,2027-10-20,SYS_008,AST_5DA2766D,0.624785,0,0,60.0
INSP_A870AB36,2027-10-20,SYS_010,AST_F4EDEDEB,0.366592,0,0,60.0
INSP_268A1ED5,2027-10-20,SYS_069,AST_EACDC327,0.249839,0,0,60.0
INSP_7F1D4F80,2027-10-20,SYS_131,AST_35C9136B,0.246028,0,0,60.0
INSP_EBD4D4C4,2027-10-20,SYS_142,AST_2811BB57,0.412056,0,0,60.0
INSP_7B44DABF,2027-10-20,SYS_150,AST_C4A21BED,0.449862,0,0,60.0
INSP_4A2618E0,2027-10-20,SYS_198,AST_7B61C28B,1.07727,0,1,60.0
INSP_51D9FB21,2027-10-21,SYS_006,AST_9C8A9AA2,0.86968,0,0,60.0
INSP_93880B9D,2027-10-21,SYS_035,AST_4900A7B8,0.288016,0,0,60.0
INSP_2C871B21,2027-10-21,SYS_054,AST_98753F96,0.977631,1,0,60.0
INSP_CBB7C66E,2027-10-21,SYS_087,AST_71F3BA27,0.530825,0,0,60.0
INSP_CF9F26F8,2027-10-21,SYS_097,AST_ED85FE8D,0.283425,0,0,60.0
INSP_F9306763,2027-10-21,SYS_107,AST_377D1F6D,0.31617,0,0,60.0
INSP_A576EA7D,2027-10-21,SYS_123,AST_1E223166,0.365744,0,0,60.0
INSP_5F48F7D9,2027-10-21,SYS_125,AST_265500E2,0.38531,0,0,60.0
INSP_AF0D444B,2027-10-21,SYS_126,AST_7F86885C,0.538818,0,0,60.0
INSP_209DAC43,2027-10-21,SYS_134,AST_020EDF5F,0.631741,0,0,60.0
INSP_3D022BFA,2027-10-21,SYS_138,AST_C5B22536,0.357556,0,0,60.0
INSP_54E87782,2027-10-21,SYS_139,AST_A44567C8,0.330137,0,0,60.0
INSP_DE85E810,2027-10-21,SYS_144,AST_F5B1E6A9,0.482213,0,0,60.0
INSP_12A9E399,2027-10-21,SYS_157,AST_740F87B8,0.558587,0,0,60.0
INSP_40BB0862,2027-10-21,SYS_158,AST_C83AEA8D,0.201954,0,0,60.0
INSP_97000E04,2027-10-21,SYS_194,AST_E1A13D49,0.316549,0,0,60.0
INSP_42FB0E07,2027-10-22,SYS_003,AST_87753555,0.127447,0,0,60.0
INSP_3AD10E5C,2027-10-22,SYS_012,AST_C75717C5,0.577328,0,0,60.0
INSP_0A8E94E9,2027-10-22,SYS_032,AST_A59620BF,0.173529,0,0,60.0
INSP_5B0833A6,2027-10-22,SYS_041,AST_92095F7C,0.711799,0,0,60.0
INSP_0A58BC08,2027-10-22,SYS_110,AST_84BF657B,0.060945,0,0,60.0
INSP_A38A0518,2027-10-22,SYS_113,AST_D45D8909,0.542321,0,0,60.0
INSP_AD8678CB,2027-10-22,SYS_116,AST_2C33522B,0.684566,0,0,60.0
INSP_19EB62D3,2027-10-22,SYS_118,AST_848618C8,0.627924,0,0,60.0
INSP_4D9C39DD,2027-10-22,SYS_149,AST_A2EF3DAE,0.503133,0,0,60.0
INSP_BAF5D910,2027-10-22,SYS_151,AST_41E601B0,0.50574,0,0,60.0
INSP_0EFB9EA1,2027-10-22,SYS_161,AST_BADC1864,0.072355,0,0,60.0
INSP_A2DACEB4,2027-10-22,SYS_169,AST_36AF7D40,0.543419,0,0,60.0
INSP_A3301061,2027-10-23,SYS_004,AST_A1AA4299,0.855607,0,0,60.0
INSP_2FF28D68,2027-10-23,SYS_016,AST_D43533E0,0.285496,0,0,60.0
INSP_17A63DCB,2027-10-23,SYS_031,AST_4C1727C5,0.276501,0,0,60.0
INSP_0A303407,2027-10-23,SYS_039,AST_98C96DF8,1.190771,1,1,60.0
INSP_0FAABDF7,2027-10-23,SYS_072,AST_8955031B,0.342082,0,0,60.0
INSP_CDD97151,2027-10-23,SYS_073,AST_C7350D07,0.357001,0,0,60.0
INSP_B3D33B6A,2027-10-23,SYS_086,AST_7F1A4E20,0.638745,0,0,60.0
INSP_A92A9670,2027-10-23,SYS_117,AST_88EEF8EE,0.45636,0,0,60.0
INSP_EBB5F94B,2027-10-23,SYS_120,AST_E8E1AA0C,0.116091,0,0,60.0
INSP_134B6343,2027-10-23,SYS_136,AST_43585704,0.929345,0,0,60.0
INSP_A527F5FE,2027-10-23,SYS_159,AST_1E8676AC,0.418736,0,0,60.0
INSP_388A8063,2027-10-23,SYS_167,AST_7E1BE45C,0.188102,0,0,60.0
INSP_0CDFE62E,2027-10-23,SYS_170,AST_A64EEA18,0.28467,0,0,60.0
INSP_003F9E85,2027-10-23,SYS_188,AST_51AAAE7C,0.248442,0,0,60.0
INSP_E75C07A5,2027-10-23,SYS_190,AST_3751A8A1,0.337409,0,0,60.0
INSP_A7ACB1FF,2027-10-24,SYS_002,AST_8FD4F517,0.753491,0,0,60.0
INSP_667E1ECF,2027-10-24,SYS_021,AST_C47008EC,0.623297,0,0,60.0
INSP_64B7D1D9,2027-10-24,SYS_023,AST_22D1661D,0.425262,0,0,60.0
INSP_16B9AFF4,2027-10-24,SYS_028,AST_588BB680,0.038478,0,0,60.0
INSP_887954EE,2027-10-24,SYS_030,AST_AFD219B1,0.301541,0,0,60.0
INSP_656FEC2A,2027-10-24,SYS_040,AST_9B0A48A4,0.461761,0,0,60.0
INSP_DF336E9C,2027-10-24,SYS_058,AST_1DC4B21D,0.414793,0,0,60.0
INSP_09AC67C8,2027-10-24,SYS_084,AST_1AF80711,0.293643,0,0,60.0
INSP_95C7CF21,2027-10-24,SYS_090,AST_8B2236AB,-0.184172,0,0,60.0
INSP_B7346A4A,2027-10-24,SYS_128,AST_75E9679F,0.43443,0,0,60.0
INSP_D2998FD8,2027-10-24,SYS_162,AST_F4048537,0.166877,0,0,60.0
INSP_8D54EA99,2027-10-24,SYS_193,AST_EF69914D,0.535273,0,0,60.0
INSP_270F6B20,2027-10-25,SYS_033,AST_74BD6C17,0.450398,0,0,60.0
INSP_81D106B5,2027-10-25,SYS_055,AST_601563F7,0.607159,0,0,60.0
INSP_4E934826,2027-10-25,SYS_063,AST_F2F4AAF6,0.134339,0,0,60.0
INSP_462B2AFC,2027-10-25,SYS_108,AST_595ECB06,0.547789,0,0,60.0
INSP_28995108,2027-10-25,SYS_147,AST_0D5C3EAA,0.361971,0,0,60.0
INSP_BCEFC860,2027-10-25,SYS_153,AST_403481BA,0.540565,0,0,60.0
INSP_7F2FF640,2027-10-25,SYS_168,AST_4948A7AD,0.555657,0,0,60.0
INSP_2D62B473,2027-10-25,SYS_173,AST_4C28E0C0,0.776058,0,0,60.0
INSP_72872B43,2027-10-25,SYS_182,AST_4C34B5F8,0.419423,0,0,60.0
INSP_FD7A971C,2027-10-25,SYS_192,AST_DC165D5A,0.338885,0,0,60.0
INSP_6D6FEBA2,2027-10-25,SYS_197,AST_E63C3167,-0.015347,0,0,60.0
INSP_387EEC8F,2027-10-26,SYS_015,AST_779496A5,0.283048,0,0,60.0
INSP_9CA7DD9B,2027-10-26,SYS_044,AST_BF2234AB,0.650725,0,0,60.0
INSP_2215E00D,2027-10-26,SYS_078,AST_5E6F5188,0.391839,0,0,60.0
INSP_5BCF08FC,2027-10-26,SYS_089,AST_365F171F,0.939117,0,0,60.0
INSP_4046F205,2027-10-26,SYS_091,AST_02E0B425,0.466457,0,0,60.0
INSP_13739101,2027-10-26,SYS_093,AST_1FEAC259,0.528316,0,0,60.0
INSP_954A219D,2027-10-26,SYS_100,AST_634612BF,0.321378,0,0,60.0
INSP_F01BC580,2027-10-26,SYS_143,AST_04F8DD21,0.500118,0,0,60.0
INSP_45E8A912,2027-10-26,SYS_155,AST_F35ECC2E,0.169681,0,0,60.0
INSP_CF5DC229,2027-10-26,SYS_187,AST_1EDE4EB4,0.348942,0,0,60.0
INSP_1D6DA712,2027-10-27,SYS_024,AST_2E67628F,0.86564,0,0,60.0
INSP_DF39A038,2027-10-27,SYS_026,AST_F27AB368,0.738497,0,0,60.0
INSP_01AF1326,2027-10-27,SYS_042,AST_D71C5150,0.235665,0,0,60.0
INSP_C2CED32C,2027-10-27,SYS_051,AST_D03CE24C,0.68817,0,0,60.0
INSP_E687204D,2027-10-27,SYS_057,AST_615F38D0,0.511053,0,0,60.0
INSP_6A7627F2,2027-10-27,SYS_068,AST_35454EA4,0.420248,0,0,60.0
INSP_AFBFFF3E,2027-10-27,SYS_098,AST_FFB40A41,0.578811,0,0,60.0
INSP_C273876E,2027-10-27,SYS_111,AST_8B103680,0.406513,0,0,60.0
INSP_50345DDE,2027-10-27,SYS_163,AST_74503D28,0.261568,0,0,60.0
INSP_B6651A70,2027-10-27,SYS_199,AST_399A4A38,0.836611,0,0,60.0
INSP_B55C5DC5,2027-10-28,SYS_036,AST_85F8219D,0.641962,0,0,60.0
INSP_AA289773,2027-10-28,SYS_045,AST_553871AE,0.491752,0,0,60.0
INSP_358674D2,2027-10-28,SYS_060,AST_B87575CB,1.010349,1,1,60.0
INSP_70588BD3,2027-10-28,SYS_071,AST_3D9DCB80,0.325914,0,0,60.0
INSP_62A93732,2027-10-28,SYS_099,AST_74BFC31D,0.814318,0,0,60.0
INSP_ECE84A40,2027-10-28,SYS_106,AST_9F44F3A2,0.51584,0,0,60.0
INSP_FBA37E79,2027-10-28,SYS_109,AST_F3308A10,0.72957,0,0,60.0
INSP_CC4E9422,2027-10-28,SYS_165,AST_7140DC50,0.416067,0,0,60.0
INSP_4C4D788D,2027-10-29,SYS_048,AST_6ABFE536,0.415732,0,0,60.0
INSP_28B919F3,2027-10-29,SYS_064,AST_4D3517E2,0.665748,0,0,60.0
INSP_E72C9F45,2027-10-29,SYS_092,AST_7356B9BB,0.49452,0,0,60.0
INSP_C1DADBA4,2027-10-29,SYS_119,AST_8BC5D98E,0.619561,0,0,60.0
INSP_A140EC79,2027-10-29,SYS_127,AST_5F886182,0.717711,0,0,60.0
INSP_CAE994E3,2027-10-29,SYS_135,AST_9DCCABFA,0.500391,0,0,60.0
INSP_31B3D2C1,2027-10-29,SYS_175,AST_A0220FB9,0.706258,0,0,60.0
INSP_09209931,2027-10-29,SYS_177,AST_7A9F2591,0.778891,0,0,60.0
INSP_E87FF5C3,2027-10-30,SYS_011,AST_E7537B8E,0.385555,0,0,60.0
INSP_56E422A0,2027-10-30,SYS_013,AST_69039618,0.713667,0,0,60.0
INSP_BA32462A,2027-10-30,SYS_061,AST_D84B8239,0.19587,0,0,60.0
INSP_D7642B53,2027-10-30,SYS_096,AST_1B2D26F7,0.563189,0,0,60.0
INSP_78C3E12E,2027-10-30,SYS_104,AST_790AF652,1.004404,1,1,60.0
INSP_0FCD015A,2027-10-30,SYS_183,AST_2B25BED8,0.768339,0,0,60.0
INSP_36997BBE,2027-10-30,SYS_185,AST_BBC8E6A0,0.037136,0,0,60.0
INSP_29E76B19,2027-10-31,SYS_005,AST_C1B95169,0.879823,0,0,60.0
INSP_A1C84A2E,2027-10-31,SYS_094,AST_061AF469,0.735783,0,0,60.0
INSP_EF6B8366,2027-10-31,SYS_115,AST_2635D6EC,0.37522,0,0,60.0
INSP_6A1B01F0,2027-10-31,SYS_181,AST_B6899ACA,0.38146,0,0,60.0
INSP_3EB6641B,2027-11-01,SYS_022,AST_E99AA190,-0.098699,0,0,60.0
INSP_895D6D37,2027-11-01,SYS_046,AST_8AAEAC02,0.706527,0,0,60.0
INSP_9BE13856,2027-11-01,SYS_049,AST_434AC5F0,0.727517,0,0,60.0
INSP_30179316,2027-11-01,SYS_132,AST_A56F2A3C,0.480191,0,0,60.0
INSP_A47547A0,2027-11-02,SYS_017,AST_693A6741,0.31639,0,0,60.0
INSP_F9A31498,2027-11-02,SYS_095,AST_9706D814,0.001396,0,0,60.0
INSP_9C18A081,2027-11-02,SYS_102,AST_E8998173,1.466159,1,1,60.0
INSP_72C801A7,2027-11-02,SYS_140,AST_96988172,0.390334,0,0,60.0
INSP_15C37F17,2027-11-02,SYS_176,AST_0BEA8302,0.0331,0,0,60.0
INSP_E9C6B10C,2027-11-03,SYS_038,AST_F63F1481,0.539408,0,0,60.0
INSP_A27FB75C,2027-11-03,SYS_164,AST_4A8B6568,-0.000862,0,0,60.0
INSP_4E8CE29E,2027-11-04,SYS_052,AST_527C29AF,-0.178315,0,0,60.0
INSP_FFDE0DA6,2027-11-04,SYS_080,AST_BB59C60C,0.307564,0,0,60.0
INSP_C606AD13,2027-11-05,SYS_062,AST_122ED62B,0.666524,0,0,60.0
INSP_CD67E70B,2027-11-05,SYS_172,AST_B5A704E7,0.703477,0,0,60.0
INSP_47CA39AB,2027-11-05,SYS_195,AST_8CBAD11B,0.808267,0,0,60.0
INSP_41E183B8,2027-11-06,SYS_101,AST_954C8FC3,0.092026,0,0,60.0
INSP_80A6BECF,2027-11-07,SYS_056,AST_ECE4AE26,0.573492,0,0,60.0
INSP_B1FEF906,2027-11-08,SYS_014,AST_BF698C90,0.803266,0,0,60.0
INSP_7BF459E0,2027-11-08,SYS_047,AST_8B7B0D02,1.087256,0,1,60.0
INSP_90553876,2027-11-08,SYS_088,AST_8B093B4C,0.385629,0,0,60.0
INSP_2C70AFF7,2027-11-08,SYS_160,AST_A0C23A29,0.668442,0,0,60.0
INSP_2D6C8154,2027-11-09,SYS_050,AST_00A92107,0.677399,0,0,60.0
INSP_E0632A0B,2027-11-10,SYS_079,AST_E7FA676F,0.507928,0,0,60.0
INSP_95C8DC78,2027-11-10,SYS_112,AST_3493853E,0.50338,0,0,60.0
INSP_B4B37381,2027-11-11,SYS_070,AST_CCDD8778,0.722101,0,0,60.0
INSP_57AF9BC9,2027-11-11,SYS_122,AST_0A997762,0.659799,0,0,60.0
INSP_918477A9,2027-11-11,SYS_123,AST_1E223166,0.40853,0,0,60.0
INSP_8EA1BBBF,2027-11-11,SYS_130,AST_C801A3A8,0.592888,0,0,60.0
INSP_C8D0739C,2027-11-11,SYS_174,AST_2C33AD8C,0.402035,0,0,60.0
INSP_02C9EEA8,2027-11-11,SYS_179,AST_DDA94FF4,0.808327,0,0,60.0
INSP_3057A96A,2027-11-12,SYS_000,AST_D0E4DCF4,0.66963,0,0,60.0
INSP_B1892276,2027-11-12,SYS_009,AST_E86391C2,0.499515,0,0,60.0
INSP_24FE5C8C,2027-11-12,SYS_053,AST_D240F9E3,0.692674,0,0,60.0
INSP_E39676E9,2027-11-12,SYS_085,AST_5BA3426F,0.675311,0,0,60.0
INSP_238214A3,2027-11-13,SYS_001,AST_24380437,0.374734,0,0,60.0
INSP_25F23509,2027-11-13,SYS_020,AST_5A2338C9,0.757586,0,0,60.0
INSP_FDBBBAC5,2027-11-13,SYS_037,AST_99A4D7E6,0.453938,0,0,60.0
INSP_2E2EF5EE,2027-11-13,SYS_076,AST_15DC0AAA,0.868334,0,0,60.0
INSP_4570DF5A,2027-11-13,SYS_081,AST_48F70282,0.539213,0,0,60.0
INSP_C54E4084,2027-11-13,SYS_105,AST_3373CB7C,0.644832,0,0,60.0
INSP_B1253AC3,2027-11-13,SYS_121,AST_B78374FA,0.555691,0,0,60.0
INSP_C27E4107,2027-11-13,SYS_189,AST_BB12D2A9,0.739313,0,0,60.0
INSP_C35715B9,2027-11-13,SYS_196,AST_BB940335,0.512224,0,0,60.0
INSP_59DE818E,2027-11-14,SYS_021,AST_C47008EC,0.762681,0,0,60.0
INSP_945EAEF3,2027-11-14,SYS_029,AST_CFB1C9BA,0.515396,0,0,60.0
INSP_D0854C9E,2027-11-14,SYS_072,AST_8955031B,0.615928,0,0,60.0
INSP_23DA8FA8,2027-11-14,SYS_077,AST_3BD71080,0.611035,0,0,60.0
INSP_59B304B2,2027-11-14,SYS_152,AST_B4F4215B,0.495084,0,0,60.0
INSP_821AF117,2027-11-15,SYS_018,AST_B0FA57E7,0.519658,0,0,60.0
INSP_68D53F0D,2027-11-15,SYS_019,AST_528AA6D4,0.59846,0,0,60.0
INSP_4CA95EBC,2027-11-15,SYS_027,AST_6BB796FE,0.582683,0,0,60.0
INSP_8A103DD3,2027-11-15,SYS_043,AST_DAECE358,0.370865,0,0,60.0
INSP_8B8E2E84,2027-11-15,SYS_083,AST_DC162A80,0.708221,0,0,60.0
INSP_741FDF74,2027-11-15,SYS_103,AST_644BA4D2,0.622103,0,0,60.0
INSP_6883BD66,2027-11-15,SYS_142,AST_2811BB57,0.633738,0,0,60.0
INSP_AC384B99,2027-11-15,SYS_146,AST_AE495FA6,0.173504,0,0,60.0
INSP_40E2B097,2027-11-15,SYS_156,AST_94169FE1,0.619205,0,0,60.0
INSP_CB964895,2027-11-15,SYS_178,AST_DE486F0B,0.505091,0,0,60.0
INSP_6B9545BF,2027-11-15,SYS_186,AST_77FF043E,0.808614,0,0,60.0
INSP_4ADFFA46,2027-11-16,SYS_034,AST_297F7688,0.447602,0,0,60.0
INSP_86F3F09E,2027-11-16,SYS_074,AST_D7B28F6F,0.77508,0,0,60.0
INSP_0339AD9D,2027-11-16,SYS_075,AST_C4DE49B5,0.513198,0,0,60.0
INSP_6BBFFE8A,2027-11-16,SYS_131,AST_35C9136B,0.523613,0,0,60.0
INSP_FAF08620,2027-11-16,SYS_137,AST_F75531D9,0.797221,0,0,60.0
INSP_A7123716,2027-11-16,SYS_158,AST_C83AEA8D,0.457715,0,0,60.0
INSP_2BCBDD2A,2027-11-16,SYS_190,AST_3751A8A1,0.155531,0,0,60.0
INSP_C859861F,2027-11-17,SYS_028,AST_588BB680,0.444258,0,0,60.0
INSP_63C62CE2,2027-11-17,SYS_129,AST_400E8E22,0.938407,0,0,60.0
INSP_1238F4BC,2027-11-17,SYS_133,AST_89FEEAB3,0.756767,0,0,60.0
INSP_F1BB0598,2027-11-17,SYS_171,AST_BF2339D7,0.612282,0,0,60.0
INSP_4D1BCD7E,2027-11-17,SYS_194,AST_E1A13D49,0.563589,0,0,60.0
INSP_612716A7,2027-11-18,SYS_025,AST_49936344,0.832575,0,0,60.0
INSP_D140DCD6,2027-11-18,SYS_059,AST_E8DD988D,1.025555,0,1,60.0
INSP_F19EAFC5,2027-11-18,SYS_066,AST_6CF0DC44,0.464499,0,0,60.0
INSP_202EB199,2027-11-18,SYS_124,AST_EFEB41D9,0.555556,0,0,60.0
INSP_1E220F2E,2027-11-18,SYS_125,AST_265500E2,0.566583,0,0,60.0
INSP_A95F07A5,2027-11-18,SYS_198,AST_7B61C28B,0.705743,0,0,60.0
INSP_12A1D2F1,2027-11-19,SYS_006,AST_9C8A9AA2,0.972386,1,0,60.0
INSP_8D4B2D34,2027-11-19,SYS_044,AST_BF2234AB,0.470412,0,0,60.0
INSP_47957C92,2027-11-19,SYS_073,AST_C7350D07,0.357132,0,0,60.0
INSP_BE1A653C,2027-11-19,SYS_143,AST_04F8DD21,0.454528,0,0,60.0
INSP_45DDDC8D,2027-11-19,SYS_144,AST_F5B1E6A9,0.790125,0,0,60.0
INSP_A0BA6677,2027-11-19,SYS_145,AST_420D60D7,0.558658,0,0,60.0
INSP_A282E199,2027-11-19,SYS_148,AST_9FFF8A50,0.79564,0,0,60.0
INSP_83F0386F,2027-11-19,SYS_151,AST_41E601B0,0.483875,0,0,60.0
INSP_62A15E5B,2027-11-19,SYS_161,AST_BADC1864,0.690826,0,0,60.0
INSP_F2CF27AA,2027-11-20,SYS_003,AST_87753555,0.669946,0,0,60.0
INSP_2B9CB67E,2027-11-20,SYS_012,AST_C75717C5,0.63745,0,0,60.0
INSP_91B785B9,2027-11-20,SYS_031,AST_4C1727C5,0.677623,0,0,60.0
INSP_D6AA67FA,2027-11-20,SYS_041,AST_92095F7C,0.324956,0,0,60.0
INSP_B6AA317B,2027-11-20,SYS_058,AST_1DC4B21D,0.990187,0,0,60.0
INSP_BDD76EB6,2027-11-20,SYS_107,AST_377D1F6D,0.887114,0,0,60.0
INSP_BDEC5DB4,2027-11-20,SYS_114,AST_2C81760B,0.316785,0,0,60.0
INSP_34FD75E5,2027-11-20,SYS_157,AST_740F87B8,0.572191,0,0,60.0
INSP_B20BA637,2027-11-20,SYS_168,AST_4948A7AD,1.121211,0,1,60.0
INSP_960EA7D4,2027-11-20,SYS_180,AST_3FF01F64,0.847984,0,0,60.0
INSP_2943270D,2027-11-20,SYS_188,AST_51AAAE7C,0.839097,0,0,60.0
INSP_9D338C73,2027-11-21,SYS_023,AST_0114839C,0.658056,0,0,60.0
INSP_9A414B9A,2027-11-21,SYS_030,AST_AFD219B1,0.89688,0,0,60.0
INSP_E5797A4B,2027-11-21,SYS_035,AST_4900A7B8,0.383668,0,0,60.0
INSP_FD34FD1F,2027-11-21,SYS_069,AST_EACDC327,1.003097,0,1,60.0
INSP_57C98F2C,2027-11-21,SYS_097,AST_ED85FE8D,0.488188,0,0,60.0
INSP_E61D2FB9,2027-11-21,SYS_134,AST_020EDF5F,0.730298,0,0,60.0
INSP_AB232032,2027-11-21,SYS_149,AST_A2EF3DAE,0.682007,0,0,60.0
INSP_1E4D87FA,2027-11-21,SYS_166,AST_3BD5B557,1.00994,0,1,60.0
INSP_DF3A8D10,2027-11-21,SYS_185,AST_BBC8E6A0,0.684052,0,0,60.0
INSP_AC68E837,2027-11-22,SYS_004,AST_A1AA4299,0.852237,0,0,60.0
INSP_1D93E18C,2027-11-22,SYS_005,AST_C1B95169,0.68855,0,0,60.0
INSP_11724576,2027-11-22,SYS_007,AST_1EBC9981,0.508554,0,0,60.0
INSP_B147A75D,2027-11-22,SYS_015,AST_779496A5,0.59943,0,0,60.0
INSP_483BFF3B,2027-11-22,SYS_040,AST_9B0A48A4,0.678208,0,0,60.0
INSP_EFE4620A,2027-11-22,SYS_054,AST_98753F96,1.729257,1,1,60.0
INSP_6D051B7F,2027-11-22,SYS_061,AST_D84B8239,0.611266,0,0,60.0
INSP_D3C47956,2027-11-22,SYS_068,AST_35454EA4,0.784648,0,0,60.0
INSP_5CBF6507,2027-11-22,SYS_084,AST_1AF80711,0.847642,0,0,60.0
INSP_37B8C6FD,2027-11-22,SYS_110,AST_84BF657B,0.527225,0,0,60.0
INSP_60D8010F,2027-11-22,SYS_147,AST_0D5C3EAA,0.479337,0,0,60.0
INSP_4B3534ED,2027-11-22,SYS_167,AST_7E1BE45C,0.770405,0,0,60.0
INSP_D15383D6,2027-11-23,SYS_032,AST_A59620BF,0.518488,0,0,60.0
INSP_2CA1D576,2027-11-23,SYS_039,AST_98C96DF8,0.682382,0,0,60.0
INSP_0564D3D6,2027-11-23,SYS_055,AST_601563F7,0.760522,0,0,60.0
INSP_5A2A3384,2027-11-23,SYS_113,AST_D45D8909,0.560149,0,0,60.0
INSP_068AAC58,2027-11-23,SYS_163,AST_74503D28,0.860757,0,0,60.0
INSP_CF3DA0F3,2027-11-23,SYS_170,AST_A64EEA18,0.861981,0,0,60.0
INSP_EB121AE8,2027-11-23,SYS_184,AST_A1456D4C,0.840868,0,0,60.0
INSP_725A8D20,2027-11-24,SYS_002,AST_8FD4F517,0.608439,0,0,60.0
INSP_220EF4F7,2027-11-24,SYS_060,AST_B87575CB,0.556004,0,0,60.0
INSP_7BA40227,2027-11-24,SYS_065,AST_38B26F8D,0.54749,0,0,60.0
INSP_6849AB59,2027-11-24,SYS_067,AST_279A7BCB,0.702039,0,0,60.0
INSP_BF2324DF,2027-11-24,SYS_116,AST_2C33522B,0.760778,0,0,60.0
INSP_E2E28BD9,2027-11-24,SYS_154,AST_15D838AC,0.551415,0,0,60.0
INSP_AD6BEDF7,2027-11-24,SYS_159,AST_1E8676AC,0.615269,0,0,60.0
INSP_E107F37A,2027-11-24,SYS_193,AST_EF69914D,0.576904,0,0,60.0
INSP_F0D67C60,2027-11-24,SYS_197,AST_E63C3167,0.845103,0,0,60.0
INSP_F04CAC1C,2027-11-25,SYS_008,AST_5DA2766D,0.528934,0,0,60.0
INSP_4D88FCDC,2027-11-25,SYS_010,AST_BD98A525,0.33743,0,0,60.0
INSP_B2AFF811,2027-11-25,SYS_064,AST_4D3517E2,0.5072,0,0,60.0
INSP_018DE2B0,2027-11-25,SYS_089,AST_365F171F,1.456539,1,1,60.0
INSP_F7943B67,2027-11-25,SYS_090,AST_8B2236AB,0.403625,0,0,60.0
INSP_1315A744,2027-11-25,SYS_093,AST_1FEAC259,0.824357,0,0,60.0
INSP_F7C2186F,2027-11-25,SYS_119,AST_8BC5D98E,0.385447,0,0,60.0
INSP_C0AF0F51,2027-11-25,SYS_120,AST_E8E1AA0C,0.861098,0,0,60.0
INSP_9A1C11C4,2027-11-25,SYS_126,AST_7F86885C,0.445897,0,0,60.0
INSP_625C9C60,2027-11-25,SYS_136,AST_43585704,0.746369,1,0,60.0
INSP_9CE193A8,2027-11-25,SYS_138,AST_C5B22536,0.661592,0,0,60.0
INSP_992B196E,2027-11-25,SYS_141,AST_970B1411,0.476668,0,0,60.0
INSP_A929AB18,2027-11-26,SYS_016,AST_D43533E0,0.69382,0,0,60.0
INSP_421FD874,2027-11-26,SYS_026,AST_F27AB368,0.878462,0,0,60.0
INSP_F281E842,2027-11-26,SYS_048,AST_6ABFE536,0.665144,0,0,60.0
INSP_E7C43EF4,2027-11-26,SYS_078,AST_5E6F5188,0.667549,0,0,60.0
INSP_49CC7489,2027-11-26,SYS_082,AST_40090AB7,0.354556,0,0,60.0
INSP_AE4CC36E,2027-11-26,SYS_092,AST_7356B9BB,1.128974,0,1,60.0
INSP_F1941883,2027-11-26,SYS_096,AST_1B2D26F7,0.344307,0,0,60.0
INSP_65E490D4,2027-11-26,SYS_111,AST_8B103680,0.102142,0,0,60.0
INSP_ADAB7B83,2027-11-26,SYS_118,AST_848618C8,1.032367,0,1,60.0
INSP_3185BA51,2027-11-26,SYS_139,AST_A44567C8,0.616152,0,0,60.0
INSP_CC79FD30,2027-11-26,SYS_182,AST_4C34B5F8,0.487578,0,0,60.0
INSP_992F26CE,2027-11-26,SYS_187,AST_1EDE4EB4,0.713979,0,0,60.0
INSP_CC8CA57E,2027-11-26,SYS_191,AST_A1609201,0.678364,0,0,60.0
INSP_2EFC8495,2027-11-27,SYS_042,AST_D71C5150,0.438801,0,0,60.0
INSP_694C46CA,2027-11-27,SYS_045,AST_553871AE,0.916857,0,0,60.0
INSP_3402A2DF,2027-11-27,SYS_051,AST_D03CE24C,0.91184,0,0,60.0
INSP_427F74BA,2027-11-27,SYS_087,AST_71F3BA27,0.972547,0,0,60.0
INSP_76B53332,2027-11-27,SYS_104,AST_790AF652,0.718773,0,0,60.0
INSP_37273FF7,2027-11-27,SYS_128,AST_75E9679F,1.237668,0,1,60.0
INSP_5F853023,2027-11-27,SYS_162,AST_F4048537,0.850872,0,0,60.0
INSP_E9168DEE,2027-11-27,SYS_165,AST_7140DC50,0.529722,0,0,60.0
INSP_060F9F77,2027-11-28,SYS_046,AST_8AAEAC02,0.658871,0,0,60.0
INSP_0F0B8546,2027-11-28,SYS_057,AST_615F38D0,0.835759,0,0,60.0
INSP_475C5C29,2027-11-28,SYS_095,AST_9706D814,-0.026743,0,0,60.0
INSP_51928F05,2027-11-28,SYS_100,AST_634612BF,0.960215,0,0,60.0
INSP_C2B9351F,2027-11-28,SYS_108,AST_595ECB06,0.850241,0,0,60.0
INSP_EFB29454,2027-11-28,SYS_109,AST_F3308A10,0.614087,0,0,60.0
INSP_4EFD53AD,2027-11-28,SYS_115,AST_2635D6EC,0.416157,0,0,60.0
INSP_BF74F0A0,2027-11-28,SYS_153,AST_403481BA,0.556234,0,0,60.0
INSP_BC8E9AD9,2027-11-28,SYS_177,AST_7A9F2591,0.787595,0,0,60.0
INSP_A23048AF,2027-11-28,SYS_192,AST_DC165D5A,0.940666,0,0,60.0
INSP_894DD9AC,2027-11-29,SYS_036,AST_85F8219D,0.762282,0,0,60.0
INSP_DA5775B5,2027-11-29,SYS_038,AST_F63F1481,0.76234,0,0,60.0
INSP_66C98382,2027-11-29,SYS_106,AST_9F44F3A2,0.68577,0,0,60.0
INSP_71EC3214,2027-11-29,SYS_173,AST_4C28E0C0,0.494537,0,0,60.0
INSP_2851DD9C,2027-11-29,SYS_175,AST_A0220FB9,0.917183,0,0,60.0
INSP_B568010B,2027-11-30,SYS_022,AST_E99AA190,0.300189,0,0,60.0
INSP_A9C58F60,2027-11-30,SYS_024,AST_2E67628F,0.605333,1,0,60.0
INSP_8D991311,2027-11-30,SYS_063,AST_F2F4AAF6,0.622155,0,0,60.0
INSP_D9C87D0B,2027-11-30,SYS_071,AST_3D9DCB80,0.620964,0,0,60.0
INSP_4951A583,2027-11-30,SYS_091,AST_02E0B425,0.732158,0,0,60.0
INSP_CB97FED3,2027-11-30,SYS_099,AST_74BFC31D,0.841158,0,0,60.0
INSP_25D20AA6,2027-11-30,SYS_132,AST_A56F2A3C,0.696908,0,0,60.0
INSP_88F04596,2027-11-30,SYS_183,AST_2B25BED8,0.728336,0,0,60.0
INSP_BF69B3D9,2027-11-30,SYS_199,AST_399A4A38,0.678166,0,0,60.0
INSP_2DB38714,2027-12-01,SYS_086,AST_7F1A4E20,1.021657,0,1,60.0
INSP_B75B85A4,2027-12-01,SYS_169,AST_36AF7D40,0.859832,0,0,60.0
INSP_1B722546,2027-12-02,SYS_017,AST_693A6741,0.84204,0,0,60.0
INSP_D480DC22,2027-12-02,SYS_049,AST_434AC5F0,0.654852,0,0,60.0
INSP_B714B6DA,2027-12-02,SYS_080,AST_BB59C60C,0.900301,0,0,60.0
INSP_BDF81A81,2027-12-02,SYS_088,AST_8B093B4C,0.774771,0,0,60.0
INSP_D2062744,2027-12-02,SYS_094,AST_061AF469,0.718232,0,0,60.0
INSP_B53D8834,2027-12-02,SYS_155,AST_F35ECC2E,0.813834,0,0,60.0
INSP_FE7D2C99,2027-12-02,SYS_176,AST_0BEA8302,0.77002,0,0,60.0
INSP_714A9A5B,2027-12-03,SYS_033,AST_74BD6C17,0.824268,0,0,60.0
INSP_43323F6D,2027-12-03,SYS_102,AST_E8998173,0.814158,0,0,60.0
INSP_5D414317,2027-12-03,SYS_140,AST_96988172,0.696722,0,0,60.0
INSP_3E60DA4C,2027-12-04,SYS_062,AST_122ED62B,0.621032,0,0,60.0
INSP_D067DCFF,2027-12-04,SYS_098,AST_FFB40A41,1.154041,0,1,60.0
INSP_4FBF2055,2027-12-04,SYS_135,AST_9DCCABFA,0.704591,0,0,60.0
INSP_FADD676F,2027-12-05,SYS_013,AST_69039618,0.996831,0,0,60.0
INSP_98780F86,2027-12-05,SYS_076,AST_15DC0AAA,0.912186,0,0,60.0
INSP_27BB8EFC,2027-12-05,SYS_130,AST_C801A3A8,0.957596,1,0,60.0
INSP_8D762F01,2027-12-05,SYS_181,AST_B6899ACA,0.684339,0,0,60.0
INSP_8B6B614E,2027-12-05,SYS_195,AST_8CBAD11B,0.861758,0,0,60.0
INSP_F23C35FD,2027-12-06,SYS_081,AST_48F70282,0.614284,0,0,60.0
INSP_7891EBFA,2027-12-06,SYS_164,AST_4A8B6568,0.824471,1,0,60.0
INSP_41166F43,2027-12-06,SYS_172,AST_B5A704E7,1.089653,0,1,60.0
INSP_75154109,2027-12-07,SYS_001,AST_24380437,0.674383,0,0,60.0
INSP_37152CD8,2027-12-07,SYS_020,AST_5A2338C9,0.736654,0,0,60.0
INSP_8334D583,2027-12-07,SYS_052,AST_527C29AF,0.183971,0,0,60.0
INSP_3E711AF0,2027-12-07,SYS_101,AST_954C8FC3,0.53117,0,0,60.0
INSP_81C626A4,2027-12-07,SYS_160,AST_A0C23A29,0.920955,0,0,60.0
INSP_6880F4D5,2027-12-08,SYS_014,AST_BF698C90,0.664057,0,0,60.0
INSP_9FEE1EE1,2027-12-08,SYS_047,AST_8B7B0D02,0.440168,0,0,60.0
INSP_C1369829,2027-12-08,SYS_079,AST_E7FA676F,0.562477,0,0,60.0
INSP_C0CE60A3,2027-12-08,SYS_123,AST_1E223166,0.931825,0,0,60.0
INSP_D4852819,2027-12-08,SYS_133,AST_89FEEAB3,1.329175,0,1,60.0
INSP_53A95723,2027-12-08,SYS_144,AST_F5B1E6A9,0.830266,0,0,60.0
INSP_348226C9,2027-12-09,SYS_037,AST_99A4D7E6,0.658424,0,0,60.0
INSP_DED55015,2027-12-09,SYS_122,AST_0A997762,0.737675,0,0,60.0
INSP_0FA50F27,2027-12-09,SYS_127,AST_5F886182,0.932937,0,0,60.0
INSP_77869268,2027-12-10,SYS_029,AST_CFB1C9BA,0.780277,0,0,60.0
INSP_9A12040E,2027-12-10,SYS_050,AST_00A92107,0.787681,0,0,60.0
INSP_E864DD49,2027-12-10,SYS_085,AST_5BA3426F,0.639647,0,0,60.0
INSP_CC1A3408,2027-12-10,SYS_112,AST_3493853E,0.958162,0,0,60.0
INSP_020B0F3A,2027-12-10,SYS_190,AST_3751A8A1,0.846162,0,0,60.0
INSP_A35108C5,2027-12-11,SYS_053,AST_D240F9E3,0.718219,0,0,60.0
INSP_4BD5B3B4,2027-12-11,SYS_070,AST_DF136213,0.286692,0,0,60.0
INSP_3865D67A,2027-12-11,SYS_105,AST_3373CB7C,0.710996,0,0,60.0
INSP_18171843,2027-12-12,SYS_000,AST_D0E4DCF4,0.823674,0,0,60.0
INSP_558BD95C,2027-12-12,SYS_009,AST_E86391C2,0.983247,0,0,60.0
INSP_4F904AFC,2027-12-12,SYS_034,AST_297F7688,0.921671,0,0,60.0
INSP_8BF29F6A,2027-12-12,SYS_059,AST_E8DD988D,0.184272,0,0,60.0
INSP_301D9546,2027-12-12,SYS_072,AST_8955031B,1.401496,0,1,60.0
INSP_B495D045,2027-12-12,SYS_083,AST_DC162A80,0.724636,0,0,60.0
INSP_4DD4500E,2027-12-12,SYS_114,AST_2C81760B,0.230657,0,0,60.0
INSP_EEEB39FE,2027-12-12,SYS_117,AST_52F05026,0.134582,0,0,60.0
INSP_A1FE8C0B,2027-12-12,SYS_125,AST_265500E2,1.113366,0,1,60.0
INSP_268EDFCA,2027-12-12,SYS_131,AST_35C9136B,0.796788,0,0,60.0
INSP_DF07BC7A,2027-12-12,SYS_174,AST_2C33AD8C,0.656264,0,0,60.0
INSP_C64FAA43,2027-12-13,SYS_011,AST_546FEF85,0.398006,0,0,60.0
INSP_274C4DA5,2027-12-13,SYS_069,AST_EACDC327,0.106254,0,0,60.0
INSP_56E30F24,2027-12-13,SYS_107,AST_377D1F6D,0.863265,0,0,60.0
INSP_22EB692E,2027-12-13,SYS_156,AST_94169FE1,0.767888,0,0,60.0
INSP_DC14130A,2027-12-13,SYS_171,AST_BF2339D7,0.257083,0,0,60.0
INSP_398F6AF5,2027-12-13,SYS_178,AST_DE486F0B,1.336322,0,1,60.0
INSP_62A360E3,2027-12-14,SYS_007,AST_1EBC9981,0.762301,0,0,60.0
INSP_EDF96ADA,2027-12-14,SYS_025,AST_49936344,0.735415,0,0,60.0
INSP_E26470BC,2027-12-14,SYS_027,AST_6BB796FE,0.866924,0,0,60.0
INSP_5C5B0F95,2027-12-14,SYS_043,AST_DAECE358,0.845056,0,0,60.0
INSP_7FC71037,2027-12-14,SYS_066,AST_6CF0DC44,0.797026,0,0,60.0
INSP_46CE745F,2027-12-14,SYS_074,AST_D7B28F6F,0.853139,1,0,60.0
INSP_7BD09FC8,2027-12-14,SYS_129,AST_400E8E22,0.951743,1,0,60.0
INSP_5875D716,2027-12-14,SYS_142,AST_2811BB57,0.745918,0,0,60.0
INSP_2907E2F1,2027-12-14,SYS_150,AST_3406FD96,-0.198689,0,0,60.0
INSP_F3C90DBD,2027-12-14,SYS_196,AST_BB940335,0.927853,0,0,60.0
INSP_D29E444C,2027-12-15,SYS_006,AST_9C8A9AA2,1.430936,1,1,60.0
INSP_A3D5CF4B,2027-12-15,SYS_018,AST_B0FA57E7,1.161398,1,1,60.0
INSP_49D0813C,2027-12-15,SYS_124,AST_EFEB41D9,1.295333,0,1,60.0
INSP_D6988891,2027-12-15,SYS_134,AST_020EDF5F,0.83825,0,0,60.0
INSP_3A90DF42,2027-12-15,SYS_146,AST_AE495FA6,0.391458,0,0,60.0
INSP_FDD6C69D,2027-12-16,SYS_021,AST_C47008EC,0.747063,0,0,60.0
INSP_CD6102D9,2027-12-16,SYS_075,AST_C4DE49B5,0.701318,0,0,60.0
INSP_EFE44A50,2027-12-16,SYS_113,AST_D45D8909,0.803018,0,0,60.0
INSP_CE51008B,2027-12-16,SYS_152,AST_B4F4215B,1.077837,0,1,60.0
INSP_ED73A479,2027-12-17,SYS_005,AST_C1B95169,1.207882,1,1,60.0
INSP_4A6CC0C9,2027-12-17,SYS_019,AST_528AA6D4,1.098715,0,1,60.0
INSP_A5BECEE8,2027-12-17,SYS_093,AST_1FEAC259,0.857787,0,0,60.0
INSP_9BAE463A,2027-12-17,SYS_151,AST_41E601B0,1.24605,0,1,60.0
INSP_58E1D646,2027-12-17,SYS_157,AST_740F87B8,0.947452,0,0,60.0
INSP_04617873,2027-12-17,SYS_168,AST_4948A7AD,0.637842,0,0,60.0
INSP_3D948232,2027-12-18,SYS_137,AST_F75531D9,1.257971,1,1,60.0
INSP_6B6EB722,2027-12-18,SYS_154,AST_15D838AC,1.11254,0,1,60.0
INSP_7873B735,2027-12-18,SYS_170,AST_A64EEA18,0.710002,1,0,60.0
INSP_D9589FF9,2027-12-18,SYS_198,AST_7B61C28B,1.066207,0,1,60.0
INSP_0C395B3D,2027-12-19,SYS_012,AST_C75717C5,0.931159,0,0,60.0
INSP_64428B7E,2027-12-19,SYS_058,AST_1DC4B21D,0.866762,0,0,60.0
INSP_EA40DA05,2027-12-19,SYS_077,AST_3BD71080,0.753297,0,0,60.0
INSP_EAD8A0D8,2027-12-19,SYS_078,AST_5E6F5188,1.017362,0,1,60.0
INSP_3258177E,2027-12-19,SYS_097,AST_ED85FE8D,0.643231,0,0,60.0
INSP_A48A43E0,2027-12-19,SYS_143,AST_04F8DD21,1.042652,0,1,60.0
INSP_00C2F186,2027-12-19,SYS_166,AST_3BD5B557,0.734365,0,0,60.0
INSP_6B408645,2027-12-20,SYS_002,AST_8FD4F517,0.837176,0,0,60.0
INSP_233C2FE7,2027-12-20,SYS_023,AST_0114839C,0.418956,0,0,60.0
INSP_5F7B2AAD,2027-12-20,SYS_028,AST_588BB680,0.63897,0,0,60.0
INSP_2FEE82C5,2027-12-20,SYS_035,AST_4900A7B8,0.732609,0,0,60.0
INSP_5C565ADB,2027-12-20,SYS_064,AST_4D3517E2,0.898394,0,0,60.0
INSP_5CE690C7,2027-12-20,SYS_073,AST_C7350D07,0.608901,0,0,60.0
INSP_4AC8F14C,2027-12-20,SYS_084,AST_1AF80711,1.125313,0,1,60.0
INSP_0851AB52,2027-12-20,SYS_111,AST_8B103680,0.695425,0,0,60.0
INSP_0EDD581F,2027-12-20,SYS_121,AST_B78374FA,1.289189,1,1,60.0
INSP_A19E8A32,2027-12-20,SYS_158,AST_C83AEA8D,1.242499,0,1,60.0
INSP_92B71760,2027-12-20,SYS_163,AST_74503D28,0.727046,0,0,60.0
INSP_E998BE41,2027-12-20,SYS_180,AST_3FF01F64,0.928702,0,0,60.0
INSP_E339D2B1,2027-12-20,SYS_185,AST_BBC8E6A0,1.084189,0,1,60.0
INSP_C7338D0B,2027-12-20,SYS_186,AST_77FF043E,1.286859,1,1,60.0
INSP_D865752C,2027-12-20,SYS_194,AST_E1A13D49,1.210273,0,1,60.0
INSP_9ABBA15B,2027-12-21,SYS_004,AST_A1AA4299,1.170511,0,1,60.0
INSP_B68F66C8,2027-12-21,SYS_031,AST_4C1727C5,1.100868,0,1,60.0
INSP_AC071B20,2027-12-21,SYS_161,AST_BADC1864,0.603012,0,0,60.0
INSP_DE34A0EF,2027-12-21,SYS_188,AST_51AAAE7C,0.325121,0,0,60.0
INSP_C2B9EA5D,2027-12-21,SYS_189,AST_BB12D2A9,0.724693,0,0,60.0
INSP_08E6F03F,2027-12-21,SYS_193,AST_EF69914D,0.773145,0,0,60.0
INSP_A7A6A18F,2027-12-22,SYS_044,AST_BF2234AB,0.818367,0,0,60.0
INSP_3FA71584,2027-12-22,SYS_100,AST_634612BF,1.144647,1,1,60.0
INSP_97FF1393,2027-12-22,SYS_109,AST_F3308A10,0.707786,0,0,60.0
INSP_A878A342,2027-12-23,SYS_015,AST_779496A5,1.155972,0,1,60.0
INSP_F96507B7,2027-12-23,SYS_026,AST_F27AB368,1.047737,0,1,60.0
INSP_25150660,2027-12-23,SYS_030,AST_AFD219B1,0.938714,0,0,60.0
INSP_B756427B,2027-12-23,SYS_032,AST_A59620BF,1.192878,0,1,60.0
INSP_8A61D70C,2027-12-23,SYS_041,AST_92095F7C,1.134955,0,1,60.0
INSP_7BB624B0,2027-12-23,SYS_096,AST_1B2D26F7,0.739424,0,0,60.0
INSP_5B65129B,2027-12-23,SYS_120,AST_E8E1AA0C,0.957783,0,0,60.0
INSP_D2319581,2027-12-23,SYS_136,AST_43585704,1.470812,1,1,60.0
INSP_910753BA,2027-12-23,SYS_145,AST_420D60D7,1.190492,0,1,60.0
INSP_FD6AD8EE,2027-12-23,SYS_148,AST_9FFF8A50,0.459787,0,0,60.0
INSP_130A45A6,2027-12-23,SYS_149,AST_A2EF3DAE,0.919587,0,0,60.0
INSP_11C92411,2027-12-23,SYS_159,AST_1E8676AC,0.908268,0,0,60.0
INSP_93A27A46,2027-12-23,SYS_167,AST_7E1BE45C,1.153339,0,1,60.0
INSP_B60523B4,2027-12-23,SYS_191,AST_A1609201,1.251618,1,1,60.0
INSP_14EEC8BD,2027-12-24,SYS_040,AST_9B0A48A4,0.835825,0,0,60.0
INSP_060057D6,2027-12-24,SYS_048,AST_6ABFE536,0.814147,0,0,60.0
INSP_85D09D6E,2027-12-24,SYS_055,AST_601563F7,0.943994,0,0,60.0
INSP_0EAEB0A0,2027-12-24,SYS_061,AST_D84B8239,0.80498,0,0,60.0
INSP_E66D7003,2027-12-24,SYS_065,AST_38B26F8D,1.280639,0,1,60.0
INSP_73BC417F,2027-12-24,SYS_071,AST_3D9DCB80,0.922883,0,0,60.0
INSP_085A66B1,2027-12-24,SYS_110,AST_84BF657B,0.944625,0,0,60.0
INSP_AED3290D,2027-12-24,SYS_115,AST_2635D6EC,0.969835,0,0,60.0
INSP_87973E7A,2027-12-24,SYS_126,AST_7F86885C,1.204755,1,1,60.0
INSP_061DEDF6,2027-12-24,SYS_182,AST_4C34B5F8,0.637495,0,0,60.0
INSP_F97AD6D6,2027-12-24,SYS_184,AST_A1456D4C,0.988752,1,0,60.0
INSP_5D75E13C,2027-12-25,SYS_003,AST_87753555,1.193945,0,1,60.0
INSP_6AC96ECF,2027-12-25,SYS_016,AST_D43533E0,0.82901,0,0,60.0
INSP_3B49F131,2027-12-25,SYS_051,AST_D03CE24C,0.712461,1,0,60.0
INSP_1E11AFD4,2027-12-25,SYS_054,AST_98753F96,1.131259,0,1,60.0
INSP_3342A644,2027-12-25,SYS_082,AST_40090AB7,0.310249,0,0,60.0
INSP_DE7750A3,2027-12-25,SYS_089,AST_365F171F,0.811498,0,0,60.0
INSP_EC1B0EDC,2027-12-25,SYS_090,AST_8B2236AB,0.917575,0,0,60.0
INSP_8458E302,2027-12-25,SYS_108,AST_595ECB06,0.839084,0,0,60.0
INSP_B42DA0EC,2027-12-25,SYS_119,AST_8BC5D98E,0.790401,0,0,60.0
INSP_73A00807,2027-12-25,SYS_130,AST_C801A3A8,1.216141,1,1,60.0
INSP_A5448B6A,2027-12-25,SYS_147,AST_0D5C3EAA,0.936491,0,0,60.0
INSP_07943B4B,2027-12-26,SYS_010,AST_BD98A525,0.57148,0,0,60.0
INSP_387910BA,2027-12-26,SYS_067,AST_279A7BCB,0.749243,0,0,60.0
INSP_8C5AAC59,2027-12-26,SYS_104,AST_790AF652,0.996566,0,0,60.0
INSP_91411917,2027-12-26,SYS_138,AST_C5B22536,1.358146,1,1,60.0
INSP_7F9A92F3,2027-12-26,SYS_179,AST_0AABBD89,0.239231,0,0,60.0
INSP_62A17FFC,2027-12-27,SYS_008,AST_5DA2766D,0.796586,0,0,60.0
INSP_29120BB3,2027-12-27,SYS_056,AST_02AF3844,0.487631,0,0,60.0
INSP_FAA27AF7,2027-12-27,SYS_068,AST_35454EA4,1.16262,1,1,60.0
INSP_38AB789C,2027-12-27,SYS_092,AST_7356B9BB,0.540274,0,0,60.0
INSP_6BA4F4E2,2027-12-27,SYS_095,AST_9706D814,0.668498,0,0,60.0
INSP_A38F893B,2027-12-27,SYS_116,AST_2C33522B,0.969649,1,0,60.0
INSP_6B74FBC6,2027-12-27,SYS_139,AST_A44567C8,1.313371,0,1,60.0
INSP_44A77EA0,2027-12-27,SYS_162,AST_F4048537,0.7553,0,0,60.0
INSP_9D6CA080,2027-12-27,SYS_187,AST_1EDE4EB4,0.814175,0,0,60.0
INSP_9CC4CB79,2027-12-28,SYS_022,AST_E99AA190,0.740743,0,0,60.0
INSP_73AC923E,2027-12-28,SYS_038,AST_F63F1481,0.963538,0,0,60.0
INSP_4D4CBFAE,2027-12-28,SYS_086,AST_7F1A4E20,0.507522,0,0,60.0
INSP_5FFEBB27,2027-12-28,SYS_087,AST_71F3BA27,0.76416,1,0,60.0
INSP_BF290B25,2027-12-28,SYS_132,AST_A56F2A3C,0.685229,0,0,60.0
INSP_AA9AF29E,2027-12-28,SYS_153,AST_403481BA,1.238726,0,1,60.0
INSP_5D163786,2027-12-29,SYS_046,AST_8AAEAC02,1.033199,0,1,60.0
INSP_C23194A7,2027-12-29,SYS_118,AST_848618C8,0.399925,0,0,60.0
INSP_F6F1E7CD,2027-12-29,SYS_173,AST_4C28E0C0,1.037112,0,1,60.0
INSP_645FAC40,2027-12-29,SYS_176,AST_0BEA8302,0.953606,1,0,60.0
INSP_B9B096FA,2027-12-29,SYS_183,AST_2B25BED8,0.728533,0,0,60.0
INSP_5D190169,2027-12-30,SYS_001,AST_24380437,1.222439,0,1,60.0
INSP_8787CFCB,2027-12-30,SYS_042,AST_D71C5150,0.979925,0,0,60.0
INSP_221E13ED,2027-12-30,SYS_045,AST_553871AE,1.040011,0,1,60.0
INSP_C6422209,2027-12-30,SYS_091,AST_02E0B425,0.891737,0,0,60.0
INSP_00353675,2027-12-30,SYS_098,AST_FFB40A41,0.556218,0,0,60.0
INSP_86BC720D,2027-12-30,SYS_177,AST_7A9F2591,0.842246,1,0,60.0
INSP_C9BD549B,2027-12-30,SYS_192,AST_DC165D5A,0.817016,1,0,60.0
INSP_FEADB58E,2027-12-31,SYS_063,AST_F2F4AAF6,1.255627,0,1,60.0
INSP_18DEA5B1,2027-12-31,SYS_103,AST_3A9BAD2A,-0.041235,0,0,60.0
INSP_7AAA0F8C,2027-12-31,SYS_128,AST_75E9679F,0.457331,0,0,60.0
INSP_F3FBE1CF,2027-12-31,SYS_165,AST_7140DC50,0.903838,0,0,60.0
INSP_AB0AD635,2027-12-31,SYS_169,AST_36AF7D40,1.450161,1,1,60.0
