id,date,systeme_id,asset_id,type,declencheur,cout
ACT_0D971F08,2026-01-22,SYS_146,AST_C2B16293,REMPLACEMENT,PANNE,1800.0
ACT_32F5E5BC,2026-02-14,SYS_052,AST_86C76A74,REMPLACEMENT,PANNE,1800.0
ACT_323ECC8A,2026-02-16,SYS_022,AST_618CB16A,REMPLACEMENT,PANNE,1800.0
ACT_05EBD16D,2026-03-05,SYS_114,AST_FD9500E2,REMPLACEMENT,PANNE,1800.0
ACT_D9D7CFFA,2026-03-14,SYS_110,AST_53580258,REPARATION,INSPECTION,500.0
ACT_F193A10C,2026-03-15,SYS_150,AST_06186A8F,REMPLACEMENT,PANNE,1800.0
ACT_B6ADEA9B,2026-03-23,SYS_161,AST_4D0E4E8C,REPARATION,INSPECTION,500.0
ACT_EE981A50,2026-03-25,SYS_136,AST_B39CFEE3,REMPLACEMENT,PANNE,1800.0
ACT_9F30C7D6,2026-03-30,SYS_047,AST_A130CD16,REPARATION,INSPECTION,500.0
ACT_33A240CA,2026-04-03,SYS_058,AST_04B347DD,REPARATION,INSPECTION,500.0
ACT_267C5463,2026-04-03,SYS_177,AST_F85B3C92,REPARATION,INSPECTION,500.0
ACT_D3915FA0,2026-04-05,SYS_056,AST_ED887951,REMPLACEMENT,PANNE,1800.0
ACT_56F7EFEB,2026-04-05,SYS_077,AST_C8989699,REPARATION,INSPECTION,500.0
ACT_88685150,2026-04-05,SYS_149,AST_FADBB2A1,REPARATION,INSPECTION,500.0
ACT_61AB3884,2026-04-05,SYS_178,AST_11A478D1,REPARATION,INSPECTION,500.0
ACT_6C590FE4,2026-04-06,SYS_026,AST_6DE321F1,REPARATION,INSPECTION,500.0
ACT_80B9EFDA,2026-04-08,SYS_089,AST_B690C7AF,REPARATION,INSPECTION,500.0
ACT_3A82AC57,2026-04-08,SYS_156,AST_6680524D,REPARATION,INSPECTION,500.0
ACT_EB590868,2026-04-08,SYS_182,AST_C6BE83A4,REPARATION,INSPECTION,500.0
ACT_3F2302D1,2026-04-11,SYS_001,AST_95CFC08A,REPARATION,INSPECTION,500.0
ACT_C83C9FA4,2026-04-11,SYS_130,AST_C4774B24,REPARATION,INSPECTION,500.0
ACT_4AD5B628,2026-04-14,SYS_071,AST_EF8BB3C3,REPARATION,INSPECTION,500.0
ACT_604E484E,2026-04-14,SYS_180,AST_71909D6B,REPARATION,INSPECTION,500.0
ACT_816B19D3,2026-04-15,SYS_031,AST_CC4CA361,REPARATION,INSPECTION,500.0
ACT_FD6F918C,2026-04-15,SYS_061,AST_D932504E,REPARATION,INSPECTION,500.0
ACT_07F61DAA,2026-04-15,SYS_139,AST_4D31EFA7,REPARATION,INSPECTION,500.0
ACT_A13107C7,2026-04-18,SYS_045,AST_2616CDB7,REPARATION,INSPECTION,500.0
ACT_A42517AB,2026-04-22,SYS_069,AST_7178B12C,REPARATION,INSPECTION,500.0
ACT_90C09FF3,2026-04-23,SYS_054,AST_8E1BF026,REPARATION,INSPECTION,500.0
ACT_E2EB750C,2026-04-24,SYS_053,AST_42D22198,REPARATION,INSPECTION,500.0
ACT_5BBDE4E8,2026-04-24,SYS_060,AST_59181FE3,REMPLACEMENT,PANNE,1800.0
ACT_4589E01C,2026-04-24,SYS_105,AST_3B928935,REPARATION,INSPECTION,500.0
ACT_5DD83CC6,2026-04-24,SYS_154,AST_57C9CAF9,REPARATION,INSPECTION,500.0
ACT_20AF2D83,2026-04-24,SYS_191,AST_73C28EA6,REPARATION,INSPECTION,500.0
ACT_6DC9A823,2026-04-25,SYS_036,AST_3E1B9AFC,REPARATION,INSPECTION,500.0
ACT_B85B8791,2026-04-25,SYS_093,AST_11D1C743,REPARATION,INSPECTION,500.0
ACT_5C58BFE3,2026-04-25,SYS_193,AST_82611055,REPARATION,INSPECTION,500.0
ACT_0E99ACAE,2026-04-26,SYS_019,AST_A2659BA7,REPARATION,INSPECTION,500.0
ACT_8228F14B,2026-04-26,SYS_070,AST_61C41EF7,REPARATION,INSPECTION,500.0
ACT_0493E12D,2026-04-26,SYS_151,AST_3E883E68,REPARATION,INSPECTION,500.0
ACT_BF29E8ED,2026-04-27,SYS_032,AST_C6611059,REPARATION,INSPECTION,500.0
ACT_517319D8,2026-04-28,SYS_007,AST_D431CA27,REPARATION,INSPECTION,500.0
ACT_0931782F,2026-04-28,SYS_027,AST_E5156798,REPARATION,INSPECTION,500.0
ACT_34034F14,2026-04-28,SYS_086,AST_AB8D2CF4,REPARATION,INSPECTION,500.0
ACT_2C896933,2026-04-29,SYS_186,AST_30EDF757,REPARATION,INSPECTION,500.0
ACT_19FF7F85,2026-04-30,SYS_016,AST_B97C7FF3,REPARATION,INSPECTION,500.0
ACT_B3876865,2026-04-30,SYS_029,AST_B89570A7,REPARATION,INSPECTION,500.0
ACT_2EDA22D2,2026-04-30,SYS_097,AST_FA2A9157,REPARATION,INSPECTION,500.0
ACT_155B7DB6,2026-04-30,SYS_198,AST_DF0D8143,REPARATION,INSPECTION,500.0
ACT_3F9EA5B5,2026-05-01,SYS_081,AST_EE25DFDE,REPARATION,INSPECTION,500.0
ACT_3B2EC15F,2026-05-01,SYS_090,AST_8B00CCEE,REMPLACEMENT,PANNE,1800.0
ACT_170FABD8,2026-05-01,SYS_118,AST_C035943D,REPARATION,INSPECTION,500.0
ACT_9D62FE31,2026-05-01,SYS_127,AST_4C7C3CF2,REPARATION,INSPECTION,500.0
ACT_11E67C72,2026-05-01,SYS_189,AST_D4BB04C1,REPARATION,INSPECTION,500.0
ACT_7D9BDAB1,2026-05-02,SYS_025,AST_6B5DB20C,REPARATION,INSPECTION,500.0
ACT_F398B583,2026-05-02,SYS_076,AST_7341D89D,REPARATION,INSPECTION,500.0
ACT_B547D16F,2026-05-02,SYS_092,AST_A1784173,REPARATION,INSPECTION,500.0
ACT_2DA6042C,2026-05-02,SYS_128,AST_AE583E47,REPARATION,INSPECTION,500.0
ACT_C3711F90,2026-05-03,SYS_037,AST_ABD0D48E,REPARATION,INSPECTION,500.0
ACT_7CC34131,2026-05-03,SYS_065,AST_0CD81E12,REPARATION,INSPECTION,500.0
ACT_7E2605FA,2026-05-03,SYS_073,AST_5881252F,REPARATION,INSPECTION,500.0
ACT_F0082090,2026-05-03,SYS_124,AST_4920985C,REPARATION,INSPECTION,500.0
ACT_B224AB0B,2026-05-03,SYS_159,AST_4F7B551A,REPARATION,INSPECTION,500.0
ACT_97E32653,2026-05-04,SYS_005,AST_7AB88884,REPARATION,INSPECTION,500.0
ACT_7CAB45D8,2026-05-05,SYS_012,AST_3C042C86,REPARATION,INSPECTION,500.0
ACT_F375EC3A,2026-05-05,SYS_066,AST_B679A4B2,REPARATION,INSPECTION,500.0
ACT_322CE15D,2026-05-05,SYS_126,AST_48D1B43A,REPARATION,INSPECTION,500.0
ACT_827141B9,2026-05-06,SYS_040,AST_A08ECEF8,REPARATION,INSPECTION,500.0
ACT_73F1FB62,2026-05-06,SYS_111,AST_A82BE3A4,REPARATION,INSPECTION,500.0
ACT_CD754576,2026-05-06,SYS_116,AST_18FFC5A2,REPARATION,INSPECTION,500.0
ACT_DBA11DDC,2026-05-06,SYS_153,AST_81F798ED,REPARATION,INSPECTION,500.0
ACT_1CC862CF,2026-05-07,SYS_000,AST_FBF330ED,REPARATION,INSPECTION,500.0
ACT_0328B8A9,2026-05-07,SYS_009,AST_182DCC61,REPARATION,INSPECTION,500.0
ACT_815AC494,2026-05-07,SYS_057,AST_82DF3FB7,REPARATION,INSPECTION,500.0
ACT_E377076E,2026-05-07,SYS_104,AST_8808D6E8,REPARATION,INSPECTION,500.0
ACT_12F1D322,2026-05-07,SYS_112,AST_5A1B7CBA,REPARATION,INSPECTION,500.0
ACT_09B49E28,2026-05-07,SYS_132,AST_ADDB4DF6,REPARATION,INSPECTION,500.0
ACT_045E144E,2026-05-08,SYS_051,AST_4FF55DAA,REPARATION,INSPECTION,500.0
ACT_145442D4,2026-05-08,SYS_091,AST_DD5120FE,REPARATION,INSPECTION,500.0
ACT_B546B838,2026-05-09,SYS_082,AST_02FFD22C,REPARATION,INSPECTION,500.0
ACT_2E4004C1,2026-05-09,SYS_141,AST_10736A6E,REPARATION,INSPECTION,500.0
ACT_E90DB63F,2026-05-10,SYS_003,AST_7683D3F8,REPARATION,INSPECTION,500.0
ACT_E3EE28AD,2026-05-10,SYS_157,AST_BD1B4917,REPARATION,INSPECTION,500.0
ACT_2A7F768E,2026-05-11,SYS_064,AST_C84FD08E,REPARATION,INSPECTION,500.0
ACT_FC7368DC,2026-05-11,SYS_173,AST_A1F77516,REPARATION,INSPECTION,500.0
ACT_CB82C55E,2026-05-12,SYS_050,AST_DE5C366D,REPARATION,INSPECTION,500.0
ACT_DD0430B8,2026-05-12,SYS_062,AST_68867D96,REPARATION,INSPECTION,500.0
ACT_29588655,2026-05-13,SYS_044,AST_2CDF7154,REPARATION,INSPECTION,500.0
ACT_6A989E54,2026-05-13,SYS_055,AST_AFFB6DE6,REPARATION,INSPECTION,500.0
ACT_B48FD408,2026-05-14,SYS_125,AST_342AA1AB,REPARATION,INSPECTION,500.0
ACT_00C1BED2,2026-05-14,SYS_196,AST_C7FB1405,REPARATION,INSPECTION,500.0
ACT_2ECF0254,2026-05-15,SYS_035,AST_D8A848C2,REPARATION,INSPECTION,500.0
ACT_303CCDF2,2026-05-15,SYS_042,AST_B568244D,REPARATION,INSPECTION,500.0
ACT_4E7EB955,2026-05-16,SYS_088,AST_B43A3C96,REPARATION,INSPECTION,500.0
ACT_B8792AFB,2026-05-16,SYS_115,AST_641A4AAC,REPARATION,INSPECTION,500.0
ACT_F2CD457E,2026-05-16,SYS_135,AST_E63EDF7E,REPARATION,INSPECTION,500.0
ACT_677F5C9E,2026-05-17,SYS_015,AST_FCBE6B6B,REPARATION,INSPECTION,500.0
ACT_41623323,2026-05-17,SYS_075,AST_DEC87001,REPARATION,INSPECTION,500.0
ACT_733234A5,2026-05-17,SYS_120,AST_DB56604D,REPARATION,INSPECTION,500.0
ACT_EDD88541,2026-05-17,SYS_131,AST_74CA1C60,REPARATION,INSPECTION,500.0
ACT_89DCB855,2026-05-18,SYS_023,AST_76031ACF,REPARATION,INSPECTION,500.0
ACT_07936AF8,2026-05-18,SYS_185,AST_5CF1BB9F,REPARATION,INSPECTION,500.0
ACT_822AB9CE,2026-05-19,SYS_101,AST_8AEE8F28,REPARATION,INSPECTION,500.0
ACT_B3448E4D,2026-05-19,SYS_179,AST_CC0A99C0,REPARATION,INSPECTION,500.0
ACT_E514062C,2026-05-20,SYS_048,AST_1D78C349,REPARATION,INSPECTION,500.0
ACT_7EDED904,2026-05-20,SYS_163,AST_F20B2AD2,REPARATION,INSPECTION,500.0
ACT_6184E699,2026-05-20,SYS_197,AST_7B53A622,REPARATION,INSPECTION,500.0
ACT_84940FCD,2026-05-21,SYS_158,AST_B26D0E2F,REPARATION,INSPECTION,500.0
ACT_F80173F4,2026-05-22,SYS_099,AST_62D07545,REPARATION,INSPECTION,500.0
ACT_49F12E13,2026-05-23,SYS_020,AST_A3EFBD2F,REPARATION,INSPECTION,500.0
ACT_9A64DA66,2026-05-23,SYS_168,AST_A96ADCE8,REPARATION,INSPECTION,500.0
ACT_AB5418C7,2026-05-24,SYS_028,AST_BDF50FB3,REPARATION,INSPECTION,500.0
ACT_9A12200F,2026-05-24,SYS_039,AST_3272C4A1,REMPLACEMENT,PANNE,1800.0
ACT_701D4EC3,2026-05-24,SYS_095,AST_D05C72AA,REPARATION,INSPECTION,500.0
ACT_5F778991,2026-05-25,SYS_002,AST_D9DC9CF1,REPARATION,INSPECTION,500.0
ACT_81FCF2CF,2026-05-25,SYS_089,AST_B690C7AF,REMPLACEMENT,PANNE,1800.0
ACT_C049118E,2026-05-25,SYS_106,AST_8B35CEDB,REPARATION,INSPECTION,500.0
ACT_BF8FBDE5,2026-05-26,SYS_096,AST_1893FE51,REPARATION,INSPECTION,500.0
ACT_F5461A50,2026-05-26,SYS_103,AST_F686EF11,REPARATION,INSPECTION,500.0
ACT_79D04D76,2026-05-26,SYS_117,AST_99D49091,REPARATION,INSPECTION,500.0
ACT_8BE69D2C,2026-05-26,SYS_122,AST_494D1C55,REPARATION,INSPECTION,500.0
ACT_DB824C04,2026-05-26,SYS_167,AST_F748322B,REPARATION,INSPECTION,500.0
ACT_079514B1,2026-05-26,SYS_174,AST_6871DD7F,REPARATION,INSPECTION,500.0
ACT_BC4EE7F9,2026-05-26,SYS_176,AST_57F8E642,REPARATION,INSPECTION,500.0
ACT_CC46542E,2026-05-26,SYS_184,AST_3ABB844B,REPARATION,INSPECTION,500.0
ACT_B0EF453A,2026-05-27,SYS_078,AST_DA59A67D,REPARATION,INSPECTION,500.0
ACT_593CB7B2,2026-05-27,SYS_147,AST_5699EB97,REPARATION,INSPECTION,500.0
ACT_6E3680AB,2026-05-27,SYS_166,AST_1D67B7FE,REPARATION,INSPECTION,500.0
ACT_F29D8888,2026-05-27,SYS_171,AST_F67C1587,REPARATION,INSPECTION,500.0
ACT_EA1F7567,2026-05-28,SYS_083,AST_2C32C40A,REPARATION,INSPECTION,500.0
ACT_EC6FB076,2026-05-28,SYS_162,AST_C5A039AE,REPARATION,INSPECTION,500.0
ACT_69F3C339,2026-05-28,SYS_165,AST_70A1C411,REPARATION,INSPECTION,500.0
ACT_EB8D408C,2026-05-28,SYS_169,AST_AB37D550,REPARATION,INSPECTION,500.0
ACT_D70795CB,2026-05-29,SYS_113,AST_8F2D9FC8,REPARATION,INSPECTION,500.0
ACT_F8EF7AC8,2026-05-29,SYS_190,AST_5541B8F6,REPARATION,INSPECTION,500.0
ACT_21C37D30,2026-05-30,SYS_024,AST_B4F586D0,REMPLACEMENT,PANNE,1800.0
ACT_FBBDC89D,2026-05-30,SYS_098,AST_4C366085,REPARATION,INSPECTION,500.0
ACT_CDF05D48,2026-05-30,SYS_119,AST_AA994217,REPARATION,INSPECTION,500.0
ACT_A92DEA79,2026-05-30,SYS_123,AST_E3437519,REPARATION,INSPECTION,500.0
ACT_5EBD3DB4,2026-05-30,SYS_148,AST_9AE5584E,REPARATION,INSPECTION,500.0
ACT_0F527FFE,2026-05-31,SYS_030,AST_3566E90D,REPARATION,INSPECTION,500.0
ACT_DA5D12A9,2026-05-31,SYS_049,AST_0C241693,REPARATION,INSPECTION,500.0
ACT_1759AA52,2026-05-31,SYS_072,AST_1CB1C3B7,REPARATION,INSPECTION,500.0
ACT_4C7D4DB2,2026-05-31,SYS_085,AST_362265C3,REPARATION,INSPECTION,500.0
ACT_0E4A530E,2026-05-31,SYS_170,AST_25E6ED38,REPARATION,INSPECTION,500.0
ACT_DF1339C7,2026-06-01,SYS_102,AST_61540A62,REPARATION,INSPECTION,500.0
ACT_FE506A5E,2026-06-01,SYS_107,AST_D7063165,REPARATION,INSPECTION,500.0
ACT_8EC0E3BC,2026-06-01,SYS_137,AST_177B020A,REPARATION,INSPECTION,500.0
ACT_59376B58,2026-06-01,SYS_187,AST_B5F2F180,REPARATION,INSPECTION,500.0
ACT_67872028,2026-06-02,SYS_021,AST_D52B2838,REPARATION,INSPECTION,500.0
ACT_920F67E5,2026-06-02,SYS_084,AST_B027A540,REPARATION,INSPECTION,500.0
ACT_80AB7474,2026-06-03,SYS_074,AST_49234723,REPARATION,INSPECTION,500.0
ACT_B406F0CD,2026-06-03,SYS_195,AST_12138D44,REPARATION,INSPECTION,500.0
ACT_3D97FC6E,2026-06-04,SYS_067,AST_BAC857EE,REPARATION,INSPECTION,500.0
ACT_817DDC81,2026-06-04,SYS_138,AST_7105B557,REPARATION,INSPECTION,500.0
ACT_913C71A2,2026-06-04,SYS_145,AST_8791D6B7,REPARATION,INSPECTION,500.0
ACT_27BE0101,2026-06-05,SYS_011,AST_A0EE8581,REPARATION,INSPECTION,500.0
ACT_05BE9C24,2026-06-06,SYS_033,AST_79CDAF02,REPARATION,INSPECTION,500.0
ACT_B7600EF7,2026-06-06,SYS_059,AST_C644E1B6,REPARATION,INSPECTION,500.0
ACT_B0E54372,2026-06-06,SYS_108,AST_0DAD4E9F,REPARATION,INSPECTION,500.0
ACT_75097B71,2026-06-06,SYS_130,AST_C4774B24,REPARATION,INSPECTION,500.0
ACT_1060D2A2,2026-06-07,SYS_068,AST_4F92952F,REPARATION,INSPECTION,500.0
ACT_C0581BF8,2026-06-07,SYS_109,AST_7E185D2C,REPARATION,INSPECTION,500.0
ACT_91CBBAFB,2026-06-07,SYS_188,AST_DF83B274,REPARATION,INSPECTION,500.0
ACT_0599E463,2026-06-08,SYS_006,AST_E249157B,REPARATION,INSPECTION,500.0
ACT_E4402015,2026-06-08,SYS_079,AST_292CA011,REPARATION,INSPECTION,500.0
ACT_F44043F4,2026-06-08,SYS_175,AST_462DBA21,REPARATION,INSPECTION,500.0
ACT_0C5B5B4A,2026-06-08,SYS_181,AST_2FB8A717,REPARATION,INSPECTION,500.0
ACT_44F9378D,2026-06-09,SYS_014,AST_6AA5673F,REPARATION,INSPECTION,500.0
ACT_ABA49A23,2026-06-09,SYS_046,AST_48F4C011,REPARATION,INSPECTION,500.0
ACT_7F31FE09,2026-06-10,SYS_140,AST_0ABF27E8,REPARATION,INSPECTION,500.0
ACT_CF460D74,2026-06-10,SYS_142,AST_A3201156,REPARATION,INSPECTION,500.0
ACT_62FE232C,2026-06-10,SYS_194,AST_084275E4,REPARATION,INSPECTION,500.0
ACT_EE144CF2,2026-06-11,SYS_110,AST_53580258,REPARATION,INSPECTION,500.0
ACT_C9DDC8A3,2026-06-14,SYS_038,AST_9CB3E137,REPARATION,INSPECTION,500.0
ACT_3E02FC76,2026-06-14,SYS_063,AST_B04E572A,REPARATION,INSPECTION,500.0
ACT_B8BDA168,2026-06-15,SYS_005,AST_7AB88884,REMPLACEMENT,PANNE,1800.0
ACT_D6273A8D,2026-06-15,SYS_010,AST_8388ABDD,REPARATION,INSPECTION,500.0
ACT_3ABA2BAE,2026-06-15,SYS_155,AST_7B46A6AE,REPARATION,INSPECTION,500.0
ACT_9298EEEE,2026-06-15,SYS_164,AST_27DE4A7E,REPARATION,INSPECTION,500.0
ACT_71FEE3D1,2026-06-15,SYS_183,AST_18E697AB,REPARATION,INSPECTION,500.0
ACT_07AA143E,2026-06-15,SYS_192,AST_CE5080EB,REPARATION,INSPECTION,500.0
ACT_4CFEF8D4,2026-06-16,SYS_104,AST_8808D6E8,REMPLACEMENT,PANNE,1800.0
ACT_07985952,2026-06-17,SYS_017,AST_A38EC274,REPARATION,INSPECTION,500.0
ACT_E00E0E9A,2026-06-18,SYS_087,AST_ED47E0D6,REPARATION,INSPECTION,500.0
ACT_80914C3C,2026-06-19,SYS_094,AST_0180B702,REPARATION,INSPECTION,500.0
ACT_14F14AEA,2026-06-19,SYS_152,AST_9A0D6DF2,REPARATION,INSPECTION,500.0
ACT_A942A649,2026-06-20,SYS_013,AST_686CD570,REPARATION,INSPECTION,500.0
ACT_DFD7F740,2026-06-21,SYS_144,AST_8BCB0C52,REPARATION,INSPECTION,500.0
ACT_CB71F112,2026-06-22,SYS_031,AST_CC4CA361,REPARATION,INSPECTION,500.0
ACT_331DFE80,2026-06-23,SYS_007,AST_D431CA27,REPARATION,INSPECTION,500.0
ACT_73EC09E3,2026-06-24,SYS_008,AST_DE413253,REPARATION,INSPECTION,500.0
ACT_2B0E21C2,2026-06-24,SYS_041,AST_1AAF5310,REPARATION,INSPECTION,500.0
ACT_57B012BD,2026-06-25,SYS_004,AST_E3BB09B0,REPARATION,INSPECTION,500.0
ACT_48459999,2026-06-25,SYS_100,AST_0C6FEB61,REPARATION,INSPECTION,500.0
ACT_623B2BF7,2026-06-25,SYS_172,AST_F6D5E9AD,REPARATION,INSPECTION,500.0
ACT_E986DE54,2026-06-26,SYS_043,AST_0156426D,REPARATION,INSPECTION,500.0
ACT_E3EADDE2,2026-06-27,SYS_129,AST_8A89E614,REPARATION,INSPECTION,500.0
ACT_DD3916EB,2026-06-27,SYS_160,AST_4B1F71B2,REPARATION,INSPECTION,500.0
ACT_9DB843EF,2026-06-28,SYS_143,AST_3D113987,REPARATION,INSPECTION,500.0
ACT_6B517E9A,2026-06-29,SYS_001,AST_95CFC08A,REPARATION,INSPECTION,500.0
ACT_FD458BF3,2026-06-29,SYS_021,AST_D52B2838,REPARATION,INSPECTION,500.0
ACT_A26D2CFF,2026-06-29,SYS_147,AST_5699EB97,REPARATION,INSPECTION,500.0
ACT_83254218,2026-06-29,SYS_190,AST_5541B8F6,REPARATION,INSPECTION,500.0
ACT_8D97F998,2026-06-30,SYS_199,AST_EB8F5C56,REPARATION,INSPECTION,500.0
ACT_B289BC80,2026-07-01,SYS_034,AST_88E26ED8,REPARATION,INSPECTION,500.0
ACT_081603C7,2026-07-02,SYS_058,AST_04B347DD,REPARATION,INSPECTION,500.0
ACT_88C77122,2026-07-02,SYS_146,AST_7889DDC5,REPARATION,INSPECTION,500.0
ACT_883BEDF5,2026-07-03,SYS_118,AST_C035943D,REPARATION,INSPECTION,500.0
ACT_F1CF5E48,2026-07-04,SYS_077,AST_C8989699,REPARATION,INSPECTION,500.0
ACT_2286EEEA,2026-07-04,SYS_097,AST_FA2A9157,REPARATION,INSPECTION,500.0
ACT_1677DB02,2026-07-04,SYS_121,AST_72112F1D,REMPLACEMENT,INSPECTION,1800.0
ACT_9A41EEE8,2026-07-05,SYS_018,AST_1D5B34FE,REMPLACEMENT,INSPECTION,1800.0
ACT_45F1C660,2026-07-05,SYS_082,AST_02FFD22C,REPARATION,INSPECTION,500.0
ACT_11CF7F07,2026-07-05,SYS_134,AST_6B03F47D,REPARATION,INSPECTION,500.0
ACT_6B58FF31,2026-07-06,SYS_022,AST_768C497E,REPARATION,INSPECTION,500.0
ACT_474CE884,2026-07-07,SYS_107,AST_D7063165,REPARATION,INSPECTION,500.0
ACT_EA15E449,2026-07-07,SYS_161,AST_4D0E4E8C,REPARATION,INSPECTION,500.0
ACT_BAA10F32,2026-07-08,SYS_156,AST_6680524D,REPARATION,INSPECTION,500.0
ACT_ABBFCE00,2026-07-09,SYS_086,AST_AB8D2CF4,REPARATION,INSPECTION,500.0
ACT_60DB2E03,2026-07-09,SYS_111,AST_A82BE3A4,REPARATION,INSPECTION,500.0
ACT_34E50E94,2026-07-09,SYS_177,AST_F85B3C92,REPARATION,INSPECTION,500.0
ACT_7FC167C0,2026-07-10,SYS_180,AST_71909D6B,REMPLACEMENT,PANNE,1800.0
ACT_386088DF,2026-07-12,SYS_035,AST_D8A848C2,REPARATION,INSPECTION,500.0
ACT_C31BCF1D,2026-07-12,SYS_071,AST_EF8BB3C3,REPARATION,INSPECTION,500.0
ACT_F9A08AE5,2026-07-12,SYS_133,AST_094FE12F,REMPLACEMENT,INSPECTION,1800.0
ACT_45F66746,2026-07-12,SYS_178,AST_11A478D1,REPARATION,INSPECTION,500.0
ACT_E370D7B4,2026-07-12,SYS_182,AST_C6BE83A4,REPARATION,INSPECTION,500.0
ACT_40097FF4,2026-07-13,SYS_139,AST_4D31EFA7,REPARATION,INSPECTION,500.0
ACT_167978A3,2026-07-15,SYS_168,AST_A96ADCE8,REPARATION,INSPECTION,500.0
ACT_ACCC0C3A,2026-07-16,SYS_047,AST_A130CD16,REPARATION,INSPECTION,500.0
ACT_D93A9926,2026-07-17,SYS_080,AST_10D3B87D,REMPLACEMENT,INSPECTION,1800.0
ACT_4E1B0F1D,2026-07-18,SYS_028,AST_BDF50FB3,REPARATION,INSPECTION,500.0
ACT_C1AC9F7F,2026-07-18,SYS_052,AST_DB95873A,REPARATION,INSPECTION,500.0
ACT_F9CC20C7,2026-07-18,SYS_137,AST_177B020A,REPARATION,INSPECTION,500.0
ACT_706A159A,2026-07-19,SYS_045,AST_2616CDB7,REPARATION,INSPECTION,500.0
ACT_3B1C8BAE,2026-07-20,SYS_000,AST_FBF330ED,REMPLACEMENT,SYSTEMATIQUE,1800.0
ACT_F51512B1,2026-07-20,SYS_001,AST_95CFC08A,REMPLACEMENT,SYSTEMATIQUE,1800.0
ACT_9426F7B0,2026-07-20,SYS_002,AST_D9DC9CF1,REMPLACEMENT,SYSTEMATIQUE,1800.0
ACT_8F4190F7,2026-07-20,SYS_003,AST_7683D3F8,REMPLACEMENT,SYSTEMATIQUE,1800.0
ACT_7D6D70D7,2026-07-20,SYS_004,AST_E3BB09B0,REMPLACEMENT,SYSTEMATIQUE,1800.0
ACT_A792CD69,2026-07-20,SYS_006,AST_E249157B,REMPLACEMENT,SYSTEMATIQUE,1800.0
ACT_CA38BDB4,2026-07-20,SYS_007,AST_D431CA27,REMPLACEMENT,SYSTEMATIQUE,1800.0
ACT_65952BBC,2026-07-20,SYS_008,AST_DE413253,REMPLACEMENT,SYSTEMATIQUE,1800.0
ACT_1F51DCF3,2026-07-20,SYS_009,AST_182DCC61,REMPLACEMENT,SYSTEMATIQUE,1800.0
ACT_EB53EB8E,2026-07-20,SYS_010,AST_8388ABDD,REMPLACEMENT,SYSTEMATIQUE,1800.0
ACT_0B4F2FE1,2026-07-20,SYS_011,AST_A0EE8581,REMPLACEMENT,SYSTEMATIQUE,1800.0
ACT_FDF4A0FE,2026-07-20,SYS_012,AST_3C042C86,REMPLACEMENT,SYSTEMATIQUE,1800.0
ACT_CCA63046,2026-07-20,SYS_013,AST_686CD570,REMPLACEMENT,SYSTEMATIQUE,1800.0
ACT_95B22497,2026-07-20,SYS_014,AST_6AA5673F,REMPLACEMENT,SYSTEMATIQUE,1800.0
ACT_A98B991E,2026-07-20,SYS_015,AST_FCBE6B6B,REMPLACEMENT,SYSTEMATIQUE,1800.0
ACT_D4587642,2026-07-20,SYS_016,AST_B97C7FF3,REMPLACEMENT,SYSTEMATIQUE,1800.0
ACT_D3B6D353,2026-07-20,SYS_017,AST_A38EC274,REMPLACEMENT,SYSTEMATIQUE,1800.0
ACT_70041569,2026-07-20,SYS_019,AST_A2659BA7,REMPLACEMENT,SYSTEMATIQUE,1800.0
ACT_3436258D,2026-07-20,SYS_020,AST_A3EFBD2F,REMPLACEMENT,SYSTEMATIQUE,1800.0
ACT_803B030F,2026-07-20,SYS_021,AST_D52B2838,REMPLACEMENT,SYSTEMATIQUE,1800.0
ACT_FCA9B25E,2026-07-20,SYS_023,AST_76031ACF,REMPLACEMENT,SYSTEMATIQUE,1800.0
ACT_3573440C,2026-07-20,SYS_025,AST_6B5DB20C,REMPLACEMENT,SYSTEMATIQUE,1800.0
ACT_18D6082A,2026-07-20,SYS_026,AST_6DE321F1,REMPLACEMENT,SYSTEMATIQUE,1800.0
ACT_94CC6535,2026-07-20,SYS_027,AST_E5156798,REMPLACEMENT,SYSTEMATIQUE,1800.0
ACT_5FBDDB7D,2026-07-20,SYS_028,AST_BDF50FB3,REMPLACEMENT,SYSTEMATIQUE,1800.0
ACT_67F6E8D3,2026-07-20,SYS_029,AST_B89570A7,REMPLACEMENT,SYSTEMATIQUE,1800.0
ACT_F36882C6,2026-07-20,SYS_030,AST_3566E90D,REMPLACEMENT,SYSTEMATIQUE,1800.0
ACT_0E118812,2026-07-20,SYS_031,AST_CC4CA361,REMPLACEMENT,SYSTEMATIQUE,1800.0
ACT_391A0ADE,2026-07-20,SYS_032,AST_C6611059,REMPLACEMENT,SYSTEMATIQUE,1800.0
ACT_2BC20602,2026-07-20,SYS_033,AST_79CDAF02,REMPLACEMENT,SYSTEMATIQUE,1800.0
ACT_7B749444,2026-07-20,SYS_034,AST_88E26ED8,REMPLACEMENT,SYSTEMATIQUE,1800.0
ACT_CCB29456,2026-07-20,SYS_035,AST_D8A848C2,REMPLACEMENT,SYSTEMATIQUE,1800.0
ACT_1B440B95,2026-07-20,SYS_036,AST_3E1B9AFC,REMPLACEMENT,SYSTEMATIQUE,1800.0
ACT_80EF6C69,2026-07-20,SYS_037,AST_ABD0D48E,REMPLACEMENT,SYSTEMATIQUE,1800.0
ACT_12D4ACB4,2026-07-20,SYS_038,AST_9CB3E137,REMPLACEMENT,SYSTEMATIQUE,1800.0
ACT_B1E8781B,2026-07-20,SYS_040,AST_A08ECEF8,REMPLACEMENT,SYSTEMATIQUE,1800.0
ACT_4ED421F8,2026-07-20,SYS_041,AST_1AAF5310,REMPLACEMENT,SYSTEMATIQUE,1800.0
ACT_45BCC8CF,2026-07-20,SYS_042,AST_B568244D,REMPLACEMENT,SYSTEMATIQUE,1800.0
ACT_03CFC96C,2026-07-20,SYS_043,AST_0156426D,REMPLACEMENT,SYSTEMATIQUE,1800.0
ACT_37EB1C3D,2026-07-20,SYS_044,AST_2CDF7154,REMPLACEMENT,SYSTEMATIQUE,1800.0
ACT_19A8E9CF,2026-07-20,SYS_046,AST_48F4C011,REMPLACEMENT,SYSTEMATIQUE,1800.0
ACT_62C90509,2026-07-20,SYS_047,AST_A130CD16,REMPLACEMENT,SYSTEMATIQUE,1800.0
ACT_6A03F2BB,2026-07-20,SYS_048,AST_1D78C349,REMPLACEMENT,SYSTEMATIQUE,1800.0
ACT_6DC57C90,2026-07-20,SYS_049,AST_0C241693,REMPLACEMENT,SYSTEMATIQUE,1800.0
ACT_1BDA1CE0,2026-07-20,SYS_050,AST_DE5C366D,REMPLACEMENT,SYSTEMATIQUE,1800.0
ACT_B2B8924C,2026-07-20,SYS_051,AST_4FF55DAA,REMPLACEMENT,SYSTEMATIQUE,1800.0
ACT_F9CC0625,2026-07-20,SYS_053,AST_42D22198,REMPLACEMENT,SYSTEMATIQUE,1800.0
ACT_002A7E36,2026-07-20,SYS_054,AST_8E1BF026,REMPLACEMENT,SYSTEMATIQUE,1800.0
ACT_AF30CCCB,2026-07-20,SYS_055,AST_AFFB6DE6,REMPLACEMENT,SYSTEMATIQUE,1800.0
ACT_9E04F062,2026-07-20,SYS_057,AST_82DF3FB7,REMPLACEMENT,SYSTEMATIQUE,1800.0
ACT_8FE01FA6,2026-07-20,SYS_058,AST_04B347DD,REMPLACEMENT,SYSTEMATIQUE,1800.0
ACT_AD5DFCA4,2026-07-20,SYS_059,AST_C644E1B6,REMPLACEMENT,SYSTEMATIQUE,1800.0
ACT_93E1C3E3,2026-07-20,SYS_061,AST_D932504E,REMPLACEMENT,SYSTEMATIQUE,1800.0
ACT_1695E525,2026-07-20,SYS_062,AST_68867D96,REMPLACEMENT,SYSTEMATIQUE,1800.0
ACT_18D68CA3,2026-07-20,SYS_063,AST_B04E572A,REMPLACEMENT,SYSTEMATIQUE,1800.0
ACT_E74DCE29,2026-07-20,SYS_064,AST_C84FD08E,REMPLACEMENT,SYSTEMATIQUE,1800.0
ACT_096100FB,2026-07-20,SYS_065,AST_0CD81E12,REMPLACEMENT,SYSTEMATIQUE,1800.0
ACT_4A054777,2026-07-20,SYS_066,AST_B679A4B2,REMPLACEMENT,SYSTEMATIQUE,1800.0
ACT_88A44A9C,2026-07-20,SYS_067,AST_BAC857EE,REMPLACEMENT,SYSTEMATIQUE,1800.0
ACT_8CAD7C82,2026-07-20,SYS_068,AST_4F92952F,REMPLACEMENT,SYSTEMATIQUE,1800.0
ACT_0B0DCBD3,2026-07-20,SYS_069,AST_7178B12C,REMPLACEMENT,SYSTEMATIQUE,1800.0
ACT_685F280B,2026-07-20,SYS_070,AST_61C41EF7,REMPLACEMENT,SYSTEMATIQUE,1800.0
ACT_09C2E646,2026-07-20,SYS_071,AST_EF8BB3C3,REMPLACEMENT,SYSTEMATIQUE,1800.0
ACT_C25DBACD,2026-07-20,SYS_072,AST_1CB1C3B7,REMPLACEMENT,SYSTEMATIQUE,1800.0
ACT_AB9D84B9,2026-07-20,SYS_073,AST_5881252F,REMPLACEMENT,SYSTEMATIQUE,1800.0
ACT_2973B371,2026-07-20,SYS_074,AST_49234723,REMPLACEMENT,SYSTEMATIQUE,1800.0
ACT_EEA49A8C,2026-07-20,SYS_075,AST_DEC87001,REMPLACEMENT,SYSTEMATIQUE,1800.0
ACT_6401BF21,2026-07-20,SYS_076,AST_7341D89D,REMPLACEMENT,SYSTEMATIQUE,1800.0
ACT_87688E8B,2026-07-20,SYS_077,AST_C8989699,REMPLACEMENT,SYSTEMATIQUE,1800.0
ACT_A6E68516,2026-07-20,SYS_078,AST_DA59A67D,REMPLACEMENT,SYSTEMATIQUE,1800.0
ACT_D9EC8322,2026-07-20,SYS_079,AST_292CA011,REMPLACEMENT,SYSTEMATIQUE,1800.0
ACT_96A9D9C4,2026-07-20,SYS_081,AST_EE25DFDE,REMPLACEMENT,SYSTEMATIQUE,1800.0
ACT_9C0FBDF9,2026-07-20,SYS_082,AST_02FFD22C,REMPLACEMENT,SYSTEMATIQUE,1800.0
ACT_8129E263,2026-07-20,SYS_083,AST_2C32C40A,REMPLACEMENT,SYSTEMATIQUE,1800.0
ACT_AF941F90,2026-07-20,SYS_084,AST_B027A540,REMPLACEMENT,SYSTEMATIQUE,1800.0
ACT_E8C78DBE,2026-07-20,SYS_085,AST_362265C3,REMPLACEMENT,SYSTEMATIQUE,1800.0
ACT_8A13F680,2026-07-20,SYS_086,AST_AB8D2CF4,REMPLACEMENT,SYSTEMATIQUE,1800.0
ACT_386DFAF9,2026-07-20,SYS_087,AST_ED47E0D6,REMPLACEMENT,SYSTEMATIQUE,1800.0
ACT_034A56C9,2026-07-20,SYS_088,AST_B43A3C96,REMPLACEMENT,SYSTEMATIQUE,1800.0
ACT_4034973B,2026-07-20,SYS_091,AST_DD5120FE,REMPLACEMENT,SYSTEMATIQUE,1800.0
ACT_E1116EF4,2026-07-20,SYS_092,AST_A1784173,REMPLACEMENT,SYSTEMATIQUE,1800.0
ACT_0BEE78CC,2026-07-20,SYS_093,AST_11D1C743,REMPLACEMENT,SYSTEMATIQUE,1800.0
ACT_2852F56B,2026-07-20,SYS_094,AST_0180B702,REMPLACEMENT,SYSTEMATIQUE,1800.0
ACT_8B07C871,2026-07-20,SYS_095,AST_D05C72AA,REMPLACEMENT,SYSTEMATIQUE,1800.0
ACT_D126538F,2026-07-20,SYS_096,AST_1893FE51,REMPLACEMENT,SYSTEMATIQUE,1800.0
ACT_FC586C74,2026-07-20,SYS_097,AST_FA2A9157,REMPLACEMENT,SYSTEMATIQUE,1800.0
ACT_D3F7A88D,2026-07-20,SYS_098,AST_4C366085,REMPLACEMENT,SYSTEMATIQUE,1800.0
ACT_C302E48F,2026-07-20,SYS_099,AST_62D07545,REMPLACEMENT,SYSTEMATIQUE,1800.0
ACT_D3C0DE55,2026-07-20,SYS_100,AST_0C6FEB61,REMPLACEMENT,SYSTEMATIQUE,1800.0
ACT_BD420F1A,2026-07-20,SYS_101,AST_8AEE8F28,REMPLACEMENT,SYSTEMATIQUE,1800.0
ACT_2107EC4F,2026-07-20,SYS_102,AST_61540A62,REMPLACEMENT,SYSTEMATIQUE,1800.0
ACT_E7C1C518,2026-07-20,SYS_103,AST_F686EF11,REMPLACEMENT,SYSTEMATIQUE,1800.0
ACT_8042A7B6,2026-07-20,SYS_105,AST_3B928935,REMPLACEMENT,SYSTEMATIQUE,1800.0
ACT_749C8C4C,2026-07-20,SYS_106,AST_8B35CEDB,REMPLACEMENT,SYSTEMATIQUE,1800.0
ACT_C228B5D2,2026-07-20,SYS_107,AST_D7063165,REMPLACEMENT,SYSTEMATIQUE,1800.0
ACT_41BBA808,2026-07-20,SYS_108,AST_0DAD4E9F,REMPLACEMENT,SYSTEMATIQUE,1800.0
ACT_6D946C4E,2026-07-20,SYS_109,AST_7E185D2C,REMPLACEMENT,SYSTEMATIQUE,1800.0
ACT_89B008B6,2026-07-20,SYS_110,AST_53580258,REMPLACEMENT,SYSTEMATIQUE,1800.0
ACT_04BC4463,2026-07-20,SYS_111,AST_A82BE3A4,REMPLACEMENT,SYSTEMATIQUE,1800.0
ACT_B62C7152,2026-07-20,SYS_112,AST_5A1B7CBA,REMPLACEMENT,SYSTEMATIQUE,1800.0
ACT_C6F40995,2026-07-20,SYS_113,AST_8F2D9FC8,REMPLACEMENT,SYSTEMATIQUE,1800.0
ACT_8254862B,2026-07-20,SYS_115,AST_641A4AAC,REMPLACEMENT,SYSTEMATIQUE,1800.0
ACT_74FF02D2,2026-07-20,SYS_116,AST_18FFC5A2,REMPLACEMENT,SYSTEMATIQUE,1800.0
ACT_F67DCEEC,2026-07-20,SYS_117,AST_99D49091,REMPLACEMENT,SYSTEMATIQUE,1800.0
ACT_7C206642,2026-07-20,SYS_118,AST_C035943D,REMPLACEMENT,SYSTEMATIQUE,1800.0
ACT_CDA09C36,2026-07-20,SYS_119,AST_AA994217,REMPLACEMENT,SYSTEMATIQUE,1800.0
ACT_B23BC315,2026-07-20,SYS_120,AST_DB56604D,REMPLACEMENT,SYSTEMATIQUE,1800.0
ACT_1A969BAC,2026-07-20,SYS_122,AST_494D1C55,REMPLACEMENT,SYSTEMATIQUE,1800.0
ACT_7D9A5521,2026-07-20,SYS_123,AST_E3437519,REMPLACEMENT,SYSTEMATIQUE,1800.0
ACT_F44F47CE,2026-07-20,SYS_124,AST_4920985C,REMPLACEMENT,SYSTEMATIQUE,1800.0
ACT_56E7970E,2026-07-20,SYS_125,AST_342AA1AB,REMPLACEMENT,SYSTEMATIQUE,1800.0
ACT_FF986F4A,2026-07-20,SYS_126,AST_48D1B43A,REMPLACEMENT,SYSTEMATIQUE,1800.0
ACT_66CA4106,2026-07-20,SYS_127,AST_4C7C3CF2,REMPLACEMENT,SYSTEMATIQUE,1800.0
ACT_5BBBA2C1,2026-07-20,SYS_128,AST_AE583E47,REMPLACEMENT,SYSTEMATIQUE,1800.0
ACT_05C1B1D5,2026-07-20,SYS_129,AST_8A89E614,REMPLACEMENT,SYSTEMATIQUE,1800.0
ACT_6F03CFC4,2026-07-20,SYS_130,AST_C4774B24,REMPLACEMENT,SYSTEMATIQUE,1800.0
ACT_724D7A92,2026-07-20,SYS_131,AST_74CA1C60,REMPLACEMENT,SYSTEMATIQUE,1800.0
ACT_95ECE8AE,2026-07-20,SYS_132,AST_ADDB4DF6,REMPLACEMENT,SYSTEMATIQUE,1800.0
ACT_8AECE422,2026-07-20,SYS_134,AST_6B03F47D,REMPLACEMENT,SYSTEMATIQUE,1800.0
ACT_80E90DBB,2026-07-20,SYS_135,AST_E63EDF7E,REMPLACEMENT,SYSTEMATIQUE,1800.0
ACT_CED01F88,2026-07-20,SYS_137,AST_177B020A,REMPLACEMENT,SYSTEMATIQUE,1800.0
ACT_158F40F7,2026-07-20,SYS_138,AST_7105B557,REMPLACEMENT,SYSTEMATIQUE,1800.0
ACT_B4BE5D54,2026-07-20,SYS_139,AST_4D31EFA7,REMPLACEMENT,SYSTEMATIQUE,1800.0
ACT_F962BB98,2026-07-20,SYS_140,AST_0ABF27E8,REMPLACEMENT,SYSTEMATIQUE,1800.0
ACT_FA23389D,2026-07-20,SYS_141,AST_10736A6E,REMPLACEMENT,SYSTEMATIQUE,1800.0
ACT_25030D0B,2026-07-20,SYS_142,AST_A3201156,REMPLACEMENT,SYSTEMATIQUE,1800.0
ACT_DD55D401,2026-07-20,SYS_143,AST_3D113987,REMPLACEMENT,SYSTEMATIQUE,1800.0
ACT_E06A9296,2026-07-20,SYS_144,AST_8BCB0C52,REMPLACEMENT,SYSTEMATIQUE,1800.0
ACT_8F98EEFB,2026-07-20,SYS_145,AST_8791D6B7,REMPLACEMENT,SYSTEMATIQUE,1800.0
ACT_ECD4F7C4,2026-07-20,SYS_147,AST_5699EB97,REMPLACEMENT,SYSTEMATIQUE,1800.0
ACT_CBB57917,2026-07-20,SYS_148,AST_9AE5584E,REMPLACEMENT,SYSTEMATIQUE,1800.0
ACT_73B94B5C,2026-07-20,SYS_149,AST_FADBB2A1,REMPLACEMENT,SYSTEMATIQUE,1800.0
ACT_E22C2023,2026-07-20,SYS_150,AST_D40719C5,REPARATION,INSPECTION,500.0
ACT_8355317E,2026-07-20,SYS_151,AST_3E883E68,REMPLACEMENT,SYSTEMATIQUE,1800.0
ACT_F9069732,2026-07-20,SYS_152,AST_9A0D6DF2,REMPLACEMENT,SYSTEMATIQUE,1800.0
ACT_441E68F3,2026-07-20,SYS_153,AST_81F798ED,REMPLACEMENT,SYSTEMATIQUE,1800.0
ACT_ADE150C4,2026-07-20,SYS_154,AST_57C9CAF9,REMPLACEMENT,SYSTEMATIQUE,1800.0
ACT_2A9BFA7F,2026-07-20,SYS_155,AST_7B46A6AE,REMPLACEMENT,SYSTEMATIQUE,1800.0
ACT_9C42E569,2026-07-20,SYS_156,AST_6680524D,REMPLACEMENT,SYSTEMATIQUE,1800.0
ACT_8F7A196E,2026-07-20,SYS_157,AST_BD1B4917,REMPLACEMENT,SYSTEMATIQUE,1800.0
ACT_9713DCCC,2026-07-20,SYS_158,AST_B26D0E2F,REMPLACEMENT,SYSTEMATIQUE,1800.0
ACT_9B5665A9,2026-07-20,SYS_159,AST_4F7B551A,REMPLACEMENT,SYSTEMATIQUE,1800.0
ACT_1231329C,2026-07-20,SYS_160,AST_4B1F71B2,REMPLACEMENT,SYSTEMATIQUE,1800.0
ACT_9EAC9598,2026-07-20,SYS_161,AST_4D0E4E8C,REMPLACEMENT,SYSTEMATIQUE,1800.0
ACT_7119572A,2026-07-20,SYS_162,AST_C5A039AE,REMPLACEMENT,SYSTEMATIQUE,1800.0
ACT_BE5307A1,2026-07-20,SYS_163,AST_F20B2AD2,REMPLACEMENT,SYSTEMATIQUE,1800.0
ACT_411373D6,2026-07-20,SYS_164,AST_27DE4A7E,REMPLACEMENT,SYSTEMATIQUE,1800.0
ACT_F757D3A5,2026-07-20,SYS_165,AST_70A1C411,REMPLACEMENT,SYSTEMATIQUE,1800.0
ACT_14491138,2026-07-20,SYS_166,AST_1D67B7FE,REMPLACEMENT,SYSTEMATIQUE,1800.0
ACT_B273AB4C,2026-07-20,SYS_167,AST_F748322B,REMPLACEMENT,SYSTEMATIQUE,1800.0
ACT_A0201465,2026-07-20,SYS_168,AST_A96ADCE8,REMPLACEMENT,SYSTEMATIQUE,1800.0
ACT_77C3A049,2026-07-20,SYS_169,AST_AB37D550,REMPLACEMENT,SYSTEMATIQUE,1800.0
ACT_A9D3B088,2026-07-20,SYS_170,AST_25E6ED38,REMPLACEMENT,SYSTEMATIQUE,1800.0
ACT_0BB5A7F7,2026-07-20,SYS_171,AST_F67C1587,REMPLACEMENT,SYSTEMATIQUE,1800.0
ACT_55A182F8,2026-07-20,SYS_172,AST_F6D5E9AD,REMPLACEMENT,SYSTEMATIQUE,1800.0
ACT_FCD9057F,2026-07-20,SYS_173,AST_A1F77516,REMPLACEMENT,SYSTEMATIQUE,1800.0
ACT_02961A2E,2026-07-20,SYS_174,AST_6871DD7F,REMPLACEMENT,SYSTEMATIQUE,1800.0
ACT_36415D60,2026-07-20,SYS_175,AST_462DBA21,REMPLACEMENT,SYSTEMATIQUE,1800.0
ACT_063018F0,2026-07-20,SYS_176,AST_57F8E642,REMPLACEMENT,SYSTEMATIQUE,1800.0
ACT_A3B5AAD7,2026-07-20,SYS_177,AST_F85B3C92,REMPLACEMENT,SYSTEMATIQUE,1800.0
ACT_3298A2A1,2026-07-20,SYS_178,AST_11A478D1,REMPLACEMENT,SYSTEMATIQUE,1800.0
ACT_C0E7B2DB,2026-07-20,SYS_179,AST_CC0A99C0,REMPLACEMENT,SYSTEMATIQUE,1800.0
ACT_88F8E475,2026-07-20,SYS_181,AST_2FB8A717,REMPLACEMENT,SYSTEMATIQUE,1800.0
ACT_F89FCAF0,2026-07-20,SYS_182,AST_C6BE83A4,REMPLACEMENT,SYSTEMATIQUE,1800.0
ACT_7244D8AB,2026-07-20,SYS_183,AST_18E697AB,REMPLACEMENT,SYSTEMATIQUE,1800.0
ACT_BD724FEB,2026-07-20,SYS_184,AST_3ABB844B,REMPLACEMENT,SYSTEMATIQUE,1800.0
ACT_A741642B,2026-07-20,SYS_185,AST_5CF1BB9F,REMPLACEMENT,SYSTEMATIQUE,1800.0
ACT_A30FEB92,2026-07-20,SYS_186,AST_30EDF757,REMPLACEMENT,SYSTEMATIQUE,1800.0
ACT_F6A588F8,2026-07-20,SYS_187,AST_B5F2F180,REMPLACEMENT,SYSTEMATIQUE,1800.0
ACT_6CAD6E34,2026-07-20,SYS_188,AST_DF83B274,REMPLACEMENT,SYSTEMATIQUE,1800.0
ACT_E5F0DB0F,2026-07-20,SYS_189,AST_D4BB04C1,REMPLACEMENT,SYSTEMATIQUE,1800.0
ACT_09EFE240,2026-07-20,SYS_190,AST_5541B8F6,REMPLACEMENT,SYSTEMATIQUE,1800.0
ACT_33C4EF00,2026-07-20,SYS_191,AST_73C28EA6,REMPLACEMENT,SYSTEMATIQUE,1800.0
ACT_B4303AA2,2026-07-20,SYS_192,AST_CE5080EB,REMPLACEMENT,SYSTEMATIQUE,1800.0
ACT_A029A652,2026-07-20,SYS_193,AST_82611055,REMPLACEMENT,SYSTEMATIQUE,1800.0
ACT_7DAF0C9E,2026-07-20,SYS_194,AST_084275E4,REMPLACEMENT,SYSTEMATIQUE,1800.0
ACT_F20E8BD5,2026-07-20,SYS_195,AST_12138D44,REMPLACEMENT,SYSTEMATIQUE,1800.0
ACT_B0FE40A1,2026-07-20,SYS_196,AST_C7FB1405,REMPLACEMENT,SYSTEMATIQUE,1800.0
ACT_BC4DB87B,2026-07-20,SYS_197,AST_7B53A622,REMPLACEMENT,SYSTEMATIQUE,1800.0
ACT_3FAD93D6,2026-07-20,SYS_198,AST_DF0D8143,REMPLACEMENT,SYSTEMATIQUE,1800.0
ACT_1AAAA513,2026-07-20,SYS_199,AST_EB8F5C56,REMPLACEMENT,SYSTEMATIQUE,1800.0
ACT_9BF7832C,2026-07-21,SYS_045,AST_2616CDB7,REMPLACEMENT,SYSTEMATIQUE,1800.0
ACT_607708E7,2026-07-27,SYS_114,AST_3173531C,REPARATION,INSPECTION,500.0
ACT_0813DCE1,2026-08-10,SYS_146,AST_7889DDC5,REMPLACEMENT,SYSTEMATIQUE,1800.0
ACT_AE65D271,2026-08-13,SYS_136,AST_3B5725A1,REPARATION,INSPECTION,500.0
ACT_2B7FBABC,2026-08-29,SYS_101,AST_34007ADA,REMPLACEMENT,PANNE,1800.0
ACT_1268F0C3,2026-09-02,SYS_052,AST_DB95873A,REMPLACEMENT,SYSTEMATIQUE,1800.0
ACT_64E14519,2026-09-04,SYS_022,AST_768C497E,REMPLACEMENT,SYSTEMATIQUE,1800.0
ACT_84C2099C,2026-09-18,SYS_089,AST_9FCA585A,REPARATION,INSPECTION,500.0
ACT_784CACC6,2026-09-19,SYS_010,AST_C7E71C43,REMPLACEMENT,PANNE,1800.0
ACT_451E990C,2026-09-21,SYS_056,AST_3C038375,REPARATION,INSPECTION,500.0
ACT_AA41E8E9,2026-09-21,SYS_114,AST_3173531C,REMPLACEMENT,SYSTEMATIQUE,1800.0
ACT_815ED173,2026-09-26,SYS_090,AST_3E0B5895,REPARATION,INSPECTION,500.0
ACT_9731719C,2026-09-30,SYS_060,AST_14A9124D,REPARATION,INSPECTION,500.0
ACT_D0ABA2AC,2026-10-01,SYS_150,AST_D40719C5,REMPLACEMENT,SYSTEMATIQUE,1800.0
ACT_325B5580,2026-10-11,SYS_086,AST_2AD0C4BA,REPARATION,INSPECTION,500.0
ACT_CE7B2A61,2026-10-11,SYS_136,AST_3B5725A1,REMPLACEMENT,SYSTEMATIQUE,1800.0
ACT_DF089B4D,2026-10-13,SYS_123,AST_07C775B8,REPARATION,INSPECTION,500.0
ACT_D6DCE505,2026-10-13,SYS_175,AST_7B82F3B4,REPARATION,INSPECTION,500.0
ACT_6DB8C50A,2026-10-16,SYS_185,AST_975A46F8,REPARATION,INSPECTION,500.0
ACT_4AC87C46,2026-10-18,SYS_084,AST_540CB132,REPARATION,INSPECTION,500.0
ACT_54796DE0,2026-10-20,SYS_133,AST_EF1BA8A4,REPARATION,INSPECTION,500.0
ACT_343A93DE,2026-10-20,SYS_169,AST_8000064F,REPARATION,INSPECTION,500.0
ACT_306127C3,2026-10-21,SYS_011,AST_EFDE0A1F,REPARATION,INSPECTION,500.0
ACT_780AB519,2026-10-22,SYS_056,AST_3C038375,REMPLACEMENT,SYSTEMATIQUE,1800.0
ACT_81EFD2E7,2026-10-25,SYS_003,AST_D5F10B7B,REPARATION,INSPECTION,500.0
ACT_85FAC0AE,2026-10-25,SYS_028,AST_FA33F380,REMPLACEMENT,PANNE,1800.0
ACT_1A60C77A,2026-10-26,SYS_148,AST_4175AEE7,REPARATION,INSPECTION,500.0
ACT_8D6C26F7,2026-10-27,SYS_147,AST_8CAA5E21,REPARATION,INSPECTION,500.0
ACT_56A778FF,2026-10-29,SYS_024,AST_A7122853,REPARATION,INSPECTION,500.0
ACT_613B0342,2026-10-29,SYS_103,AST_A47CAA3B,REMPLACEMENT,PANNE,1800.0
ACT_36C65878,2026-10-30,SYS_105,AST_5EB49036,REPARATION,INSPECTION,500.0
ACT_8C6CCCA3,2026-11-03,SYS_039,AST_FCE0754B,REMPLACEMENT,PANNE,1800.0
ACT_1F819BD4,2026-11-05,SYS_092,AST_2F3B5E0C,REPARATION,INSPECTION,500.0
ACT_0A7778C2,2026-11-07,SYS_006,AST_46C8E42D,REPARATION,INSPECTION,500.0
ACT_25630199,2026-11-07,SYS_130,AST_EDA290E3,REPARATION,INSPECTION,500.0
ACT_072E44E5,2026-11-08,SYS_124,AST_FD973A42,REPARATION,INSPECTION,500.0
ACT_C01D9FD7,2026-11-08,SYS_181,AST_0CFA9B9D,REPARATION,INSPECTION,500.0
ACT_638B3F07,2026-11-09,SYS_030,AST_1AA888F2,REPARATION,INSPECTION,500.0
ACT_D135CC8A,2026-11-09,SYS_035,AST_ED4417E7,REPARATION,INSPECTION,500.0
ACT_E8F639FF,2026-11-09,SYS_041,AST_686AE13F,REPARATION,INSPECTION,500.0
ACT_2B807939,2026-11-09,SYS_171,AST_865A40EE,REPARATION,INSPECTION,500.0
ACT_2F51F431,2026-11-10,SYS_060,AST_14A9124D,REMPLACEMENT,SYSTEMATIQUE,1800.0
ACT_B41B363A,2026-11-12,SYS_042,AST_637500FE,REPARATION,INSPECTION,500.0
ACT_59F47FAE,2026-11-12,SYS_096,AST_BACF110E,REPARATION,INSPECTION,500.0
ACT_F6CDE852,2026-11-13,SYS_000,AST_1D950C67,REPARATION,INSPECTION,500.0
ACT_5782D2DB,2026-11-13,SYS_037,AST_646594C2,REPARATION,INSPECTION,500.0
ACT_9C8256FB,2026-11-13,SYS_050,AST_47B5D500,REPARATION,INSPECTION,500.0
ACT_83A608CD,2026-11-14,SYS_067,AST_18BB5832,REPARATION,INSPECTION,500.0
ACT_1CF9BB75,2026-11-14,SYS_109,AST_AAFA2658,REPARATION,INSPECTION,500.0
ACT_8D319DA4,2026-11-14,SYS_129,AST_ACE438F1,REPARATION,INSPECTION,500.0
ACT_5D8CAE7C,2026-11-15,SYS_016,AST_D8F09DCD,REPARATION,INSPECTION,500.0
ACT_DC66016C,2026-11-15,SYS_025,AST_35C04CAA,REPARATION,INSPECTION,500.0
ACT_C36938DE,2026-11-15,SYS_132,AST_3E632D4A,REPARATION,INSPECTION,500.0
ACT_EA2B1307,2026-11-15,SYS_190,AST_8728C7C0,REPARATION,INSPECTION,500.0
ACT_2FA79D67,2026-11-16,SYS_048,AST_276F649E,REPARATION,INSPECTION,500.0
ACT_8FA49D5A,2026-11-16,SYS_073,AST_B4B4FD30,REPARATION,INSPECTION,500.0
ACT_F1F6D93C,2026-11-16,SYS_112,AST_50C8EA41,REPARATION,INSPECTION,500.0
ACT_96DEE4CC,2026-11-16,SYS_183,AST_0C23E532,REPARATION,INSPECTION,500.0
ACT_939E1242,2026-11-17,SYS_023,AST_4FDD87EC,REPARATION,INSPECTION,500.0
ACT_ADAD9DF9,2026-11-17,SYS_051,AST_00D5E4DF,REPARATION,INSPECTION,500.0
ACT_4B786A33,2026-11-17,SYS_090,AST_3E0B5895,REMPLACEMENT,SYSTEMATIQUE,1800.0
ACT_599215B3,2026-11-17,SYS_131,AST_5F0F6558,REPARATION,INSPECTION,500.0
ACT_09C828FD,2026-11-17,SYS_139,AST_A8E3D05C,REPARATION,INSPECTION,500.0
ACT_4B9184EF,2026-11-18,SYS_002,AST_80FE10C0,REPARATION,INSPECTION,500.0
ACT_FFC67401,2026-11-18,SYS_063,AST_3736A27D,REPARATION,INSPECTION,500.0
ACT_497718C2,2026-11-18,SYS_087,AST_C8E8F242,REPARATION,INSPECTION,500.0
ACT_A1F64FA5,2026-11-18,SYS_100,AST_545FEF90,REPARATION,INSPECTION,500.0
ACT_2A95839F,2026-11-19,SYS_029,AST_D8B5E47D,REPARATION,INSPECTION,500.0
ACT_FB53CEB6,2026-11-19,SYS_043,AST_9D33C46E,REPARATION,INSPECTION,500.0
ACT_1B3F0410,2026-11-19,SYS_053,AST_28061EB4,REPARATION,INSPECTION,500.0
ACT_09870434,2026-11-19,SYS_128,AST_72611532,REPARATION,INSPECTION,500.0
ACT_2C9E8183,2026-11-19,SYS_162,AST_EF461B46,REPARATION,INSPECTION,500.0
ACT_D0760DCA,2026-11-19,SYS_184,AST_74255B04,REPARATION,INSPECTION,500.0
ACT_0D75377E,2026-11-20,SYS_008,AST_A42D0EB9,REPARATION,INSPECTION,500.0
ACT_92B40574,2026-11-20,SYS_079,AST_A0954F70,REPARATION,INSPECTION,500.0
ACT_DA71580A,2026-11-20,SYS_117,AST_7EFBC641,REPARATION,INSPECTION,500.0
ACT_EC941983,2026-11-20,SYS_122,AST_16ADD47C,REPARATION,INSPECTION,500.0
ACT_9163070A,2026-11-20,SYS_174,AST_44D93068,REPARATION,INSPECTION,500.0
ACT_F6C381CC,2026-11-21,SYS_034,AST_4A79E031,REPARATION,INSPECTION,500.0
ACT_A9C5D982,2026-11-21,SYS_104,AST_129865DC,REPARATION,INSPECTION,500.0
ACT_7CEBDC9C,2026-11-21,SYS_152,AST_41B40738,REPARATION,INSPECTION,500.0
ACT_0DC54A63,2026-11-22,SYS_197,AST_328BA7F4,REPARATION,INSPECTION,500.0
ACT_DB95A28C,2026-11-23,SYS_061,AST_B712CADB,REPARATION,INSPECTION,500.0
ACT_53FA119F,2026-11-23,SYS_062,AST_6650D007,REPARATION,INSPECTION,500.0
ACT_FA205385,2026-11-23,SYS_071,AST_80D5B0B1,REPARATION,INSPECTION,500.0
ACT_AEFCBECD,2026-11-23,SYS_142,AST_446BA282,REPARATION,INSPECTION,500.0
ACT_AEC3F9CE,2026-11-24,SYS_168,AST_6D9E4A35,REPARATION,INSPECTION,500.0
ACT_B67B61E6,2026-11-24,SYS_198,AST_9536ED6F,REPARATION,INSPECTION,500.0
ACT_A28F5EA3,2026-11-25,SYS_046,AST_D5A54F20,REPARATION,INSPECTION,500.0
ACT_DE1862AA,2026-11-25,SYS_072,AST_9114CA38,REPARATION,INSPECTION,500.0
ACT_0BF108F7,2026-11-26,SYS_188,AST_4A4E4500,REPARATION,INSPECTION,500.0
ACT_55DEE495,2026-11-27,SYS_054,AST_CF52465D,REMPLACEMENT,PANNE,1800.0
ACT_54F822DE,2026-11-28,SYS_007,AST_1E8A7064,REPARATION,INSPECTION,500.0
ACT_50467246,2026-11-28,SYS_186,AST_5F538ED2,REPARATION,INSPECTION,500.0
ACT_F1FBAF41,2026-11-29,SYS_031,AST_376308E9,REPARATION,INSPECTION,500.0
ACT_964B0469,2026-11-29,SYS_111,AST_63D88318,REPARATION,INSPECTION,500.0
ACT_24506A4F,2026-11-30,SYS_104,AST_129865DC,REMPLACEMENT,PANNE,1800.0
ACT_CDF7103E,2026-11-30,SYS_121,AST_ED19B15F,REPARATION,INSPECTION,500.0
ACT_22768DCB,2026-12-01,SYS_163,AST_1AB64F7F,REPARATION,INSPECTION,500.0
ACT_9BA467EE,2026-12-02,SYS_015,AST_9FECBE04,REPARATION,INSPECTION,500.0
ACT_04F44BB2,2026-12-03,SYS_107,AST_F99FC223,REPARATION,INSPECTION,500.0
ACT_F108D040,2026-12-03,SYS_140,AST_50A3AF9A,REPARATION,INSPECTION,500.0
ACT_2CA99241,2026-12-03,SYS_143,AST_6E381F34,REPARATION,INSPECTION,500.0
ACT_B0C4E756,2026-12-04,SYS_018,AST_09F8688C,REPARATION,INSPECTION,500.0
ACT_D3E5CD91,2026-12-05,SYS_080,AST_4CAD3C4C,REPARATION,INSPECTION,500.0
ACT_15B34292,2026-12-06,SYS_022,AST_B16A756D,REPARATION,INSPECTION,500.0
ACT_7EF0DAD9,2026-12-06,SYS_127,AST_9E7FB3DC,REPARATION,INSPECTION,500.0
ACT_A1286627,2026-12-06,SYS_195,AST_D63DF779,REPARATION,INSPECTION,500.0
ACT_A13DFE90,2026-12-07,SYS_021,AST_5F0E75B6,REPARATION,INSPECTION,500.0
ACT_4A4956E6,2026-12-07,SYS_151,AST_7CDEA972,REPARATION,INSPECTION,500.0
ACT_068BB18A,2026-12-07,SYS_164,AST_1BC5523D,REPARATION,INSPECTION,500.0
ACT_CF82D179,2026-12-07,SYS_166,AST_D2907013,REPARATION,INSPECTION,500.0
ACT_44B7F7ED,2026-12-08,SYS_177,AST_1B4FFA0A,REPARATION,INSPECTION,500.0
ACT_4A75E22B,2026-12-09,SYS_020,AST_D2040D45,REPARATION,INSPECTION,500.0
ACT_2B608EB2,2026-12-09,SYS_038,AST_463423D7,REPARATION,INSPECTION,500.0
ACT_DDDC6D5B,2026-12-09,SYS_116,AST_5E7049AA,REPARATION,INSPECTION,500.0
ACT_68C1E19A,2026-12-09,SYS_144,AST_C0D6BA50,REPARATION,INSPECTION,500.0
ACT_85C67CC3,2026-12-09,SYS_153,AST_3562B1D3,REPARATION,INSPECTION,500.0
ACT_50CA472A,2026-12-09,SYS_196,AST_7478E17A,REPARATION,INSPECTION,500.0
ACT_FD1DF217,2026-12-10,SYS_064,AST_91E28FB2,REPARATION,INSPECTION,500.0
ACT_7783452F,2026-12-11,SYS_089,AST_9FCA585A,REMPLACEMENT,SYSTEMATIQUE,1800.0
ACT_04096B34,2026-12-11,SYS_192,AST_E239577B,REPARATION,INSPECTION,500.0
ACT_6B03A406,2026-12-12,SYS_098,AST_3F3516F8,REPARATION,INSPECTION,500.0
ACT_778015D7,2026-12-12,SYS_154,AST_EF2BF201,REPARATION,INSPECTION,500.0
ACT_5794D628,2026-12-12,SYS_182,AST_F23ABB31,REPARATION,INSPECTION,500.0
ACT_11E26BB7,2026-12-13,SYS_026,AST_80ADF900,REPARATION,INSPECTION,500.0
ACT_CB5D40E9,2026-12-13,SYS_078,AST_3E97FA32,REPARATION,INSPECTION,500.0
ACT_CA91D1B4,2026-12-13,SYS_082,AST_CBABE5E0,REPARATION,INSPECTION,500.0
ACT_5BD9FD63,2026-12-13,SYS_156,AST_A1A84200,REPARATION,INSPECTION,500.0
ACT_C1C09347,2026-12-13,SYS_158,AST_A53AF30A,REPARATION,INSPECTION,500.0
ACT_3DF6736F,2026-12-13,SYS_165,AST_B67FCA94,REPARATION,INSPECTION,500.0
ACT_BE0877E3,2026-12-14,SYS_055,AST_8EBBC93D,REPARATION,INSPECTION,500.0
ACT_E7442E6A,2026-12-14,SYS_065,AST_D58BC5D6,REPARATION,INSPECTION,500.0
ACT_8F98A779,2026-12-14,SYS_081,AST_F4FEA9E2,REPARATION,INSPECTION,500.0
ACT_2848FB44,2026-12-14,SYS_083,AST_B8EEFEEA,REPARATION,INSPECTION,500.0
ACT_85333A6F,2026-12-14,SYS_091,AST_28413C6D,REPARATION,INSPECTION,500.0
ACT_554E3128,2026-12-14,SYS_155,AST_B533FB89,REPARATION,INSPECTION,500.0
ACT_CCFAC7B0,2026-12-14,SYS_180,AST_85B7D7F3,REPARATION,INSPECTION,500.0
ACT_0D6D1670,2026-12-15,SYS_032,AST_EB5CAB8C,REPARATION,INSPECTION,500.0
ACT_57E007C1,2026-12-15,SYS_077,AST_BD3E0F6B,REPARATION,INSPECTION,500.0
ACT_08EB67BF,2026-12-15,SYS_099,AST_6FC4FE83,REPARATION,INSPECTION,500.0
ACT_C8E24E6E,2026-12-15,SYS_159,AST_4E142F2E,REPARATION,INSPECTION,500.0
ACT_1E3287DF,2026-12-16,SYS_024,AST_A7122853,REMPLACEMENT,SYSTEMATIQUE,1800.0
ACT_BEDCD77A,2026-12-16,SYS_085,AST_3BD1F5F0,REPARATION,INSPECTION,500.0
ACT_CFAE9F28,2026-12-16,SYS_145,AST_B769FE72,REPARATION,INSPECTION,500.0
ACT_0425ACDA,2026-12-17,SYS_125,AST_44A2D20A,REPARATION,INSPECTION,500.0
ACT_0988991D,2026-12-17,SYS_137,AST_84513602,REPARATION,INSPECTION,500.0
ACT_06B91798,2026-12-17,SYS_173,AST_79AF54DD,REPARATION,INSPECTION,500.0
ACT_E7B445C3,2026-12-17,SYS_194,AST_28E46A29,REPARATION,INSPECTION,500.0
ACT_A199AAAA,2026-12-18,SYS_126,AST_4A86B41A,REPARATION,INSPECTION,500.0
ACT_359A27FA,2026-12-18,SYS_193,AST_542E2161,REPARATION,INSPECTION,500.0
ACT_C151F9B3,2026-12-19,SYS_019,AST_4FE8472B,REPARATION,INSPECTION,500.0
ACT_E070F739,2026-12-19,SYS_095,AST_62F90F82,REPARATION,INSPECTION,500.0
ACT_C64585F0,2026-12-19,SYS_157,AST_EFB3D424,REPARATION,INSPECTION,500.0
ACT_231A4306,2026-12-19,SYS_172,AST_17E13A32,REPARATION,INSPECTION,500.0
ACT_9DB62CBF,2026-12-20,SYS_001,AST_31001D87,REPARATION,INSPECTION,500.0
ACT_33CAB4CB,2026-12-20,SYS_047,AST_A289E0C6,REMPLACEMENT,PANNE,1800.0
ACT_B2FB3126,2026-12-20,SYS_066,AST_D4EBCC8A,REPARATION,INSPECTION,500.0
ACT_3F7DC5F5,2026-12-20,SYS_097,AST_B8163E9E,REPARATION,INSPECTION,500.0
ACT_351363C3,2026-12-20,SYS_110,AST_E0A61EF5,REPARATION,INSPECTION,500.0
ACT_4AC76009,2026-12-20,SYS_178,AST_B00C4D5A,REPARATION,INSPECTION,500.0
ACT_D28B63A3,2026-12-20,SYS_185,AST_975A46F8,REPARATION,INSPECTION,500.0
ACT_351F2205,2026-12-21,SYS_027,AST_D85C259B,REPARATION,INSPECTION,500.0
ACT_62588A1D,2026-12-21,SYS_106,AST_F98A9B0A,REPARATION,INSPECTION,500.0
ACT_7F84BC49,2026-12-22,SYS_040,AST_54696231,REPARATION,INSPECTION,500.0
ACT_9AE3F158,2026-12-22,SYS_070,AST_6B4798CB,REPARATION,INSPECTION,500.0
ACT_9AFCFB78,2026-12-22,SYS_074,AST_4FDEBE84,REPARATION,INSPECTION,500.0
ACT_061E6206,2026-12-22,SYS_160,AST_0AFDFFDA,REPARATION,INSPECTION,500.0
ACT_7062A11B,2026-12-23,SYS_005,AST_F0278572,REPARATION,INSPECTION,500.0
ACT_B3025D2C,2026-12-23,SYS_012,AST_9A17619A,REPARATION,INSPECTION,500.0
ACT_B52E16F8,2026-12-23,SYS_113,AST_E4FD629D,REPARATION,INSPECTION,500.0
ACT_34D9B8A8,2026-12-23,SYS_161,AST_22D39DAB,REPARATION,INSPECTION,500.0
ACT_907CD8DD,2026-12-24,SYS_146,AST_07E10046,REPARATION,INSPECTION,500.0
ACT_BA3327E3,2026-12-25,SYS_013,AST_57CD1D3F,REPARATION,INSPECTION,500.0
ACT_EC4247C9,2026-12-25,SYS_068,AST_DF8A8AFC,REPARATION,INSPECTION,500.0
ACT_CEF39456,2026-12-25,SYS_108,AST_7044D6DA,REPARATION,INSPECTION,500.0
ACT_498B6AF6,2026-12-25,SYS_115,AST_2CA7708E,REPARATION,INSPECTION,500.0
ACT_25231E62,2026-12-25,SYS_135,AST_21277AE1,REPARATION,INSPECTION,500.0
ACT_FD634759,2026-12-26,SYS_049,AST_1476FBE4,REPARATION,INSPECTION,500.0
ACT_5E1D949B,2026-12-26,SYS_094,AST_1C7F8816,REPARATION,INSPECTION,500.0
ACT_DD98BD10,2026-12-27,SYS_036,AST_AF521703,REPARATION,INSPECTION,500.0
ACT_CB6727A1,2026-12-27,SYS_044,AST_40389ACC,REPARATION,INSPECTION,500.0
ACT_361A523F,2026-12-28,SYS_093,AST_44C7F49B,REPARATION,INSPECTION,500.0
ACT_9D26043F,2026-12-28,SYS_167,AST_DA5CA129,REPARATION,INSPECTION,500.0
ACT_D06A1C57,2026-12-29,SYS_033,AST_85CC8DB5,REPARATION,INSPECTION,500.0
ACT_77F56271,2026-12-29,SYS_058,AST_9A090429,REPARATION,INSPECTION,500.0
ACT_5BEF9A7C,2026-12-29,SYS_138,AST_CF66A2D6,REPARATION,INSPECTION,500.0
ACT_9A55EA10,2026-12-29,SYS_149,AST_851D50E8,REPARATION,INSPECTION,500.0
ACT_AC0456EE,2026-12-31,SYS_120,AST_6785A3E8,REPARATION,INSPECTION,500.0
ACT_F4D5B5A9,2027-01-01,SYS_005,AST_F0278572,REMPLACEMENT,SYSTEMATIQUE,1800.0
ACT_B57D7477,2027-01-01,SYS_076,AST_ADF021F6,REPARATION,INSPECTION,500.0
ACT_A038D8D1,2027-01-01,SYS_130,AST_EDA290E3,REMPLACEMENT,PANNE,1800.0
ACT_7AB46562,2027-01-02,SYS_069,AST_7C64366F,REPARATION,INSPECTION,500.0
ACT_E8A92841,2027-01-03,SYS_045,AST_874F54F4,REPARATION,INSPECTION,500.0
ACT_F0AE8356,2027-01-03,SYS_088,AST_C9B1A3FC,REPARATION,INSPECTION,500.0
ACT_E6B1516A,2027-01-03,SYS_119,AST_D7ED7022,REPARATION,INSPECTION,500.0
ACT_FEBE557D,2027-01-03,SYS_170,AST_F8E1EB43,REPARATION,INSPECTION,500.0
ACT_913FBF34,2027-01-04,SYS_102,AST_9DC86780,REPARATION,INSPECTION,500.0
ACT_720F5816,2027-01-05,SYS_035,AST_ED4417E7,REPARATION,INSPECTION,500.0
ACT_F8EC45D3,2027-01-05,SYS_057,AST_7BE79781,REPARATION,INSPECTION,500.0
ACT_FF720D88,2027-01-06,SYS_147,AST_8CAA5E21,REPARATION,INSPECTION,500.0
ACT_2C810EF2,2027-01-08,SYS_199,AST_60228699,REPARATION,INSPECTION,500.0
ACT_AFA2892B,2027-01-09,SYS_059,AST_CD1857B0,REPARATION,INSPECTION,500.0
ACT_F20C00E4,2027-01-09,SYS_116,AST_5E7049AA,REMPLACEMENT,PANNE,1800.0
ACT_775D0037,2027-01-10,SYS_014,AST_5DD7F45F,REPARATION,INSPECTION,500.0
ACT_99484C71,2027-01-10,SYS_017,AST_FC2541D2,REPARATION,INSPECTION,500.0
ACT_EF4AF68C,2027-01-10,SYS_156,AST_A1A84200,REPARATION,INSPECTION,500.0
ACT_66F3274C,2027-01-10,SYS_191,AST_9DBE0CA0,REPARATION,INSPECTION,500.0
ACT_5B888B7A,2027-01-12,SYS_030,AST_1AA888F2,REPARATION,INSPECTION,500.0
ACT_1377A576,2027-01-12,SYS_189,AST_1461B4DF,REPARATION,INSPECTION,500.0
ACT_8092D27B,2027-01-15,SYS_010,AST_2BF22A72,REPARATION,INSPECTION,500.0
ACT_4D702975,2027-01-16,SYS_176,AST_3F176361,REPARATION,INSPECTION,500.0
ACT_2C55936E,2027-01-17,SYS_075,AST_F0C636B5,REPARATION,INSPECTION,500.0
ACT_9C760DE4,2027-01-17,SYS_169,AST_8000064F,REPARATION,INSPECTION,500.0
ACT_D074135E,2027-01-17,SYS_179,AST_A4A92786,REMPLACEMENT,INSPECTION,1800.0
ACT_6330AA7B,2027-01-19,SYS_142,AST_446BA282,REPARATION,INSPECTION,500.0
ACT_429DE286,2027-01-20,SYS_121,AST_ED19B15F,REMPLACEMENT,SYSTEMATIQUE,1800.0
ACT_A33D52F9,2027-01-20,SYS_134,AST_F0145A67,REPARATION,INSPECTION,500.0
ACT_C7994144,2027-01-21,SYS_018,AST_09F8688C,REMPLACEMENT,SYSTEMATIQUE,1800.0
ACT_C666A454,2027-01-21,SYS_052,AST_D95FA336,REPARATION,INSPECTION,500.0
ACT_2E32E46E,2027-01-21,SYS_084,AST_540CB132,REPARATION,INSPECTION,500.0
ACT_C0E65B56,2027-01-22,SYS_031,AST_376308E9,REPARATION,INSPECTION,500.0
ACT_F6283FE4,2027-01-22,SYS_132,AST_3E632D4A,REPARATION,INSPECTION,500.0
ACT_AB97A4C7,2027-01-24,SYS_004,AST_2A3C8083,REPARATION,INSPECTION,500.0
ACT_80F61062,2027-01-24,SYS_139,AST_A8E3D05C,REPARATION,INSPECTION,500.0
ACT_0D1A35FC,2027-01-24,SYS_195,AST_D63DF779,REMPLACEMENT,PANNE,1800.0
ACT_7BDD6240,2027-01-25,SYS_009,AST_F3465562,REMPLACEMENT,INSPECTION,1800.0
ACT_7D518295,2027-01-26,SYS_092,AST_2F3B5E0C,REPARATION,INSPECTION,500.0
ACT_A8793EB7,2027-01-26,SYS_114,AST_E6A0785D,REPARATION,INSPECTION,500.0
ACT_5980C7FE,2027-01-26,SYS_180,AST_85B7D7F3,REMPLACEMENT,SYSTEMATIQUE,1800.0
ACT_1BBBA156,2027-01-28,SYS_048,AST_276F649E,REPARATION,INSPECTION,500.0
ACT_6576F160,2027-01-28,SYS_107,AST_F99FC223,REMPLACEMENT,PANNE,1800.0
ACT_0B50B24B,2027-01-28,SYS_133,AST_EF1BA8A4,REMPLACEMENT,SYSTEMATIQUE,1800.0
ACT_47B8F7D5,2027-01-29,SYS_118,AST_8AEBF2EF,REPARATION,INSPECTION,500.0
ACT_F49F9971,2027-01-29,SYS_184,AST_74255B04,REMPLACEMENT,PANNE,1800.0
ACT_595A401F,2027-01-29,SYS_186,AST_5F538ED2,REPARATION,INSPECTION,500.0
ACT_1DFC9771,2027-01-31,SYS_011,AST_EFDE0A1F,REPARATION,INSPECTION,500.0
ACT_19041E50,2027-01-31,SYS_015,AST_9FECBE04,REPARATION,INSPECTION,500.0
ACT_7C351CFE,2027-01-31,SYS_100,AST_545FEF90,REPARATION,INSPECTION,500.0
ACT_320C4CBF,2027-01-31,SYS_141,AST_6A853EDC,REMPLACEMENT,INSPECTION,1800.0
ACT_ED1B965B,2027-02-01,SYS_086,AST_2AD0C4BA,REPARATION,INSPECTION,500.0
ACT_72BD6BF2,2027-02-01,SYS_105,AST_5EB49036,REPARATION,INSPECTION,500.0
ACT_FFFDC9F2,2027-02-01,SYS_122,AST_16ADD47C,REPARATION,INSPECTION,500.0
ACT_CDE33651,2027-02-01,SYS_190,AST_8728C7C0,REPARATION,INSPECTION,500.0
ACT_04489BAD,2027-02-02,SYS_006,AST_46C8E42D,REPARATION,INSPECTION,500.0
ACT_67A7EA03,2027-02-02,SYS_080,AST_4CAD3C4C,REMPLACEMENT,SYSTEMATIQUE,1800.0
ACT_BB7C650F,2027-02-05,SYS_000,AST_1D950C67,REMPLACEMENT,SYSTEMATIQUE,1800.0
ACT_10FD1B1E,2027-02-05,SYS_001,AST_31001D87,REMPLACEMENT,SYSTEMATIQUE,1800.0
ACT_22F3B95F,2027-02-05,SYS_002,AST_80FE10C0,REMPLACEMENT,SYSTEMATIQUE,1800.0
ACT_3D24344E,2027-02-05,SYS_003,AST_D5F10B7B,REMPLACEMENT,SYSTEMATIQUE,1800.0
ACT_41E011FD,2027-02-05,SYS_004,AST_2A3C8083,REMPLACEMENT,SYSTEMATIQUE,1800.0
ACT_CD745177,2027-02-05,SYS_006,AST_46C8E42D,REMPLACEMENT,SYSTEMATIQUE,1800.0
ACT_34242167,2027-02-05,SYS_007,AST_1E8A7064,REMPLACEMENT,SYSTEMATIQUE,1800.0
ACT_BE86A82B,2027-02-05,SYS_008,AST_A42D0EB9,REMPLACEMENT,SYSTEMATIQUE,1800.0
ACT_9D40CA38,2027-02-05,SYS_011,AST_EFDE0A1F,REMPLACEMENT,SYSTEMATIQUE,1800.0
ACT_89C64327,2027-02-05,SYS_012,AST_9A17619A,REMPLACEMENT,SYSTEMATIQUE,1800.0
ACT_BE6D7CED,2027-02-05,SYS_013,AST_57CD1D3F,REMPLACEMENT,SYSTEMATIQUE,1800.0
ACT_18B4A22F,2027-02-05,SYS_014,AST_5DD7F45F,REMPLACEMENT,SYSTEMATIQUE,1800.0
ACT_2CCA40A1,2027-02-05,SYS_015,AST_9FECBE04,REMPLACEMENT,SYSTEMATIQUE,1800.0
ACT_AAA8324C,2027-02-05,SYS_016,AST_D8F09DCD,REMPLACEMENT,SYSTEMATIQUE,1800.0
ACT_0C53D9C0,2027-02-05,SYS_017,AST_FC2541D2,REMPLACEMENT,SYSTEMATIQUE,1800.0
ACT_3A5D7639,2027-02-05,SYS_019,AST_4FE8472B,REMPLACEMENT,SYSTEMATIQUE,1800.0
ACT_8CB22AC7,2027-02-05,SYS_020,AST_D2040D45,REMPLACEMENT,SYSTEMATIQUE,1800.0
ACT_44CB4C17,2027-02-05,SYS_021,AST_5F0E75B6,REMPLACEMENT,SYSTEMATIQUE,1800.0
ACT_2AE4C5D8,2027-02-05,SYS_023,AST_4FDD87EC,REMPLACEMENT,SYSTEMATIQUE,1800.0
ACT_5C13E6E6,2027-02-05,SYS_025,AST_35C04CAA,REMPLACEMENT,SYSTEMATIQUE,1800.0
ACT_E0D58E41,2027-02-05,SYS_026,AST_80ADF900,REMPLACEMENT,SYSTEMATIQUE,1800.0
ACT_DF95A7C9,2027-02-05,SYS_027,AST_D85C259B,REMPLACEMENT,SYSTEMATIQUE,1800.0
ACT_870CB2C2,2027-02-05,SYS_029,AST_D8B5E47D,REMPLACEMENT,SYSTEMATIQUE,1800.0
ACT_41AAE708,2027-02-05,SYS_030,AST_1AA888F2,REMPLACEMENT,SYSTEMATIQUE,1800.0
ACT_FA5050BD,2027-02-05,SYS_031,AST_376308E9,REMPLACEMENT,SYSTEMATIQUE,1800.0
ACT_27BCA42B,2027-02-05,SYS_032,AST_EB5CAB8C,REMPLACEMENT,SYSTEMATIQUE,1800.0
ACT_03D57081,2027-02-05,SYS_033,AST_85CC8DB5,REMPLACEMENT,SYSTEMATIQUE,1800.0
ACT_AB20CE3B,2027-02-05,SYS_034,AST_4A79E031,REMPLACEMENT,SYSTEMATIQUE,1800.0
ACT_11C203D5,2027-02-05,SYS_035,AST_ED4417E7,REMPLACEMENT,SYSTEMATIQUE,1800.0
ACT_F9E142DD,2027-02-05,SYS_036,AST_AF521703,REMPLACEMENT,SYSTEMATIQUE,1800.0
ACT_4FB8CA90,2027-02-05,SYS_037,AST_646594C2,REMPLACEMENT,SYSTEMATIQUE,1800.0
ACT_E97D58AB,2027-02-05,SYS_038,AST_463423D7,REMPLACEMENT,SYSTEMATIQUE,1800.0
ACT_8DC75423,2027-02-05,SYS_040,AST_54696231,REMPLACEMENT,SYSTEMATIQUE,1800.0
ACT_709A02A6,2027-02-05,SYS_041,AST_686AE13F,REMPLACEMENT,SYSTEMATIQUE,1800.0
ACT_9FECD20C,2027-02-05,SYS_042,AST_637500FE,REMPLACEMENT,SYSTEMATIQUE,1800.0
ACT_6C3517CD,2027-02-05,SYS_043,AST_9D33C46E,REMPLACEMENT,SYSTEMATIQUE,1800.0
ACT_DB2B7708,2027-02-05,SYS_044,AST_40389ACC,REMPLACEMENT,SYSTEMATIQUE,1800.0
ACT_4619D94B,2027-02-05,SYS_046,AST_D5A54F20,REMPLACEMENT,SYSTEMATIQUE,1800.0
ACT_79EBE62F,2027-02-05,SYS_048,AST_276F649E,REMPLACEMENT,SYSTEMATIQUE,1800.0
ACT_AF5654FD,2027-02-05,SYS_049,AST_1476FBE4,REMPLACEMENT,SYSTEMATIQUE,1800.0
ACT_654A8595,2027-02-05,SYS_050,AST_47B5D500,REMPLACEMENT,SYSTEMATIQUE,1800.0
ACT_AFB700B3,2027-02-05,SYS_051,AST_00D5E4DF,REMPLACEMENT,SYSTEMATIQUE,1800.0
ACT_163528DE,2027-02-05,SYS_053,AST_28061EB4,REMPLACEMENT,SYSTEMATIQUE,1800.0
ACT_A2487CF9,2027-02-05,SYS_055,AST_8EBBC93D,REMPLACEMENT,SYSTEMATIQUE,1800.0
ACT_4D4B5FFD,2027-02-05,SYS_057,AST_7BE79781,REMPLACEMENT,SYSTEMATIQUE,1800.0
ACT_DFBC5DEC,2027-02-05,SYS_058,AST_9A090429,REMPLACEMENT,SYSTEMATIQUE,1800.0
ACT_E821D179,2027-02-05,SYS_059,AST_CD1857B0,REMPLACEMENT,SYSTEMATIQUE,1800.0
ACT_393898D6,2027-02-05,SYS_061,AST_B712CADB,REMPLACEMENT,SYSTEMATIQUE,1800.0
ACT_F8D272DE,2027-02-05,SYS_062,AST_6650D007,REMPLACEMENT,SYSTEMATIQUE,1800.0
ACT_D8F19F49,2027-02-05,SYS_063,AST_3736A27D,REMPLACEMENT,SYSTEMATIQUE,1800.0
ACT_52944A54,2027-02-05,SYS_064,AST_91E28FB2,REMPLACEMENT,SYSTEMATIQUE,1800.0
ACT_68BBF238,2027-02-05,SYS_065,AST_D58BC5D6,REMPLACEMENT,SYSTEMATIQUE,1800.0
ACT_91511118,2027-02-05,SYS_066,AST_D4EBCC8A,REMPLACEMENT,SYSTEMATIQUE,1800.0
ACT_C77A3F45,2027-02-05,SYS_067,AST_18BB5832,REMPLACEMENT,SYSTEMATIQUE,1800.0
ACT_5E632130,2027-02-05,SYS_068,AST_DF8A8AFC,REMPLACEMENT,SYSTEMATIQUE,1800.0
ACT_4686266B,2027-02-05,SYS_069,AST_7C64366F,REMPLACEMENT,SYSTEMATIQUE,1800.0
ACT_76600FC4,2027-02-05,SYS_070,AST_6B4798CB,REMPLACEMENT,SYSTEMATIQUE,1800.0
ACT_8970082F,2027-02-05,SYS_071,AST_80D5B0B1,REMPLACEMENT,SYSTEMATIQUE,1800.0
ACT_1AEF235E,2027-02-05,SYS_072,AST_9114CA38,REMPLACEMENT,SYSTEMATIQUE,1800.0
ACT_7CA568D5,2027-02-05,SYS_073,AST_B4B4FD30,REMPLACEMENT,SYSTEMATIQUE,1800.0
ACT_3AAC1BAC,2027-02-05,SYS_074,AST_4FDEBE84,REMPLACEMENT,SYSTEMATIQUE,1800.0
ACT_244670CB,2027-02-05,SYS_075,AST_F0C636B5,REMPLACEMENT,SYSTEMATIQUE,1800.0
ACT_20B9656D,2027-02-05,SYS_076,AST_ADF021F6,REMPLACEMENT,SYSTEMATIQUE,1800.0
ACT_719EFFD1,2027-02-05,SYS_077,AST_BD3E0F6B,REMPLACEMENT,SYSTEMATIQUE,1800.0
ACT_E509BBF0,2027-02-05,SYS_078,AST_3E97FA32,REMPLACEMENT,SYSTEMATIQUE,1800.0
ACT_37A18E7A,2027-02-05,SYS_079,AST_A0954F70,REMPLACEMENT,SYSTEMATIQUE,1800.0
ACT_EB6AEE10,2027-02-05,SYS_081,AST_F4FEA9E2,REMPLACEMENT,SYSTEMATIQUE,1800.0
ACT_209D5F55,2027-02-05,SYS_082,AST_CBABE5E0,REMPLACEMENT,SYSTEMATIQUE,1800.0
ACT_FE48B9EB,2027-02-05,SYS_083,AST_B8EEFEEA,REMPLACEMENT,SYSTEMATIQUE,1800.0
ACT_647C428D,2027-02-05,SYS_084,AST_540CB132,REMPLACEMENT,SYSTEMATIQUE,1800.0
ACT_8A274666,2027-02-05,SYS_085,AST_3BD1F5F0,REMPLACEMENT,SYSTEMATIQUE,1800.0
ACT_D3100838,2027-02-05,SYS_086,AST_2AD0C4BA,REMPLACEMENT,SYSTEMATIQUE,1800.0
ACT_5F1F1BF5,2027-02-05,SYS_087,AST_C8E8F242,REMPLACEMENT,SYSTEMATIQUE,1800.0
ACT_604BA2A7,2027-02-05,SYS_088,AST_C9B1A3FC,REMPLACEMENT,SYSTEMATIQUE,1800.0
ACT_0D41D74E,2027-02-05,SYS_091,AST_28413C6D,REMPLACEMENT,SYSTEMATIQUE,1800.0
ACT_AAEB5A20,2027-02-05,SYS_092,AST_2F3B5E0C,REMPLACEMENT,SYSTEMATIQUE,1800.0
ACT_BBEB0561,2027-02-05,SYS_093,AST_44C7F49B,REMPLACEMENT,SYSTEMATIQUE,1800.0
ACT_3D04D9A0,2027-02-05,SYS_094,AST_1C7F8816,REMPLACEMENT,SYSTEMATIQUE,1800.0
ACT_52FAB15E,2027-02-05,SYS_095,AST_62F90F82,REMPLACEMENT,SYSTEMATIQUE,1800.0
ACT_D443A65E,2027-02-05,SYS_096,AST_BACF110E,REMPLACEMENT,SYSTEMATIQUE,1800.0
ACT_EF6C9A55,2027-02-05,SYS_097,AST_B8163E9E,REMPLACEMENT,SYSTEMATIQUE,1800.0
ACT_E6FE49C7,2027-02-05,SYS_098,AST_3F3516F8,REMPLACEMENT,SYSTEMATIQUE,1800.0
ACT_94E04247,2027-02-05,SYS_099,AST_6FC4FE83,REMPLACEMENT,SYSTEMATIQUE,1800.0
ACT_C5401B3E,2027-02-05,SYS_100,AST_545FEF90,REMPLACEMENT,SYSTEMATIQUE,1800.0
ACT_6AB57F61,2027-02-05,SYS_102,AST_9DC86780,REMPLACEMENT,SYSTEMATIQUE,1800.0
ACT_5A78D5F8,2027-02-05,SYS_105,AST_5EB49036,REMPLACEMENT,SYSTEMATIQUE,1800.0
ACT_E561775B,2027-02-05,SYS_106,AST_F98A9B0A,REMPLACEMENT,SYSTEMATIQUE,1800.0
ACT_2C7B681F,2027-02-05,SYS_108,AST_7044D6DA,REMPLACEMENT,SYSTEMATIQUE,1800.0
ACT_DB689283,2027-02-05,SYS_109,AST_AAFA2658,REMPLACEMENT,SYSTEMATIQUE,1800.0
ACT_700A1AA2,2027-02-05,SYS_110,AST_E0A61EF5,REMPLACEMENT,SYSTEMATIQUE,1800.0
ACT_34202349,2027-02-05,SYS_111,AST_63D88318,REMPLACEMENT,SYSTEMATIQUE,1800.0
ACT_33511572,2027-02-05,SYS_112,AST_50C8EA41,REMPLACEMENT,SYSTEMATIQUE,1800.0
ACT_C1503C05,2027-02-05,SYS_113,AST_E4FD629D,REMPLACEMENT,SYSTEMATIQUE,1800.0
ACT_87BC3537,2027-02-05,SYS_115,AST_2CA7708E,REMPLACEMENT,SYSTEMATIQUE,1800.0
ACT_49781796,2027-02-05,SYS_117,AST_7EFBC641,REMPLACEMENT,SYSTEMATIQUE,1800.0
ACT_001686AC,2027-02-05,SYS_118,AST_8AEBF2EF,REMPLACEMENT,SYSTEMATIQUE,1800.0
ACT_C1CF3C1B,2027-02-05,SYS_119,AST_D7ED7022,REMPLACEMENT,SYSTEMATIQUE,1800.0
ACT_2BACCB2B,2027-02-05,SYS_120,AST_6785A3E8,REMPLACEMENT,SYSTEMATIQUE,1800.0
ACT_7268520F,2027-02-05,SYS_122,AST_16ADD47C,REMPLACEMENT,SYSTEMATIQUE,1800.0
ACT_108360A6,2027-02-05,SYS_123,AST_07C775B8,REMPLACEMENT,SYSTEMATIQUE,1800.0
ACT_708C020A,2027-02-05,SYS_124,AST_FD973A42,REMPLACEMENT,SYSTEMATIQUE,1800.0
ACT_88069134,2027-02-05,SYS_125,AST_44A2D20A,REMPLACEMENT,SYSTEMATIQUE,1800.0
ACT_F5B20247,2027-02-05,SYS_126,AST_4A86B41A,REMPLACEMENT,SYSTEMATIQUE,1800.0
ACT_C40C8F4A,2027-02-05,SYS_127,AST_9E7FB3DC,REMPLACEMENT,SYSTEMATIQUE,1800.0
ACT_26C6F2FB,2027-02-05,SYS_128,AST_72611532,REMPLACEMENT,SYSTEMATIQUE,1800.0
ACT_EE53EDDA,2027-02-05,SYS_129,AST_ACE438F1,REMPLACEMENT,SYSTEMATIQUE,1800.0
ACT_8D058902,2027-02-05,SYS_131,AST_5F0F6558,REMPLACEMENT,SYSTEMATIQUE,1800.0
ACT_801F73F0,2027-02-05,SYS_132,AST_3E632D4A,REMPLACEMENT,SYSTEMATIQUE,1800.0
ACT_FE7818D1,2027-02-05,SYS_134,AST_F0145A67,REMPLACEMENT,SYSTEMATIQUE,1800.0
ACT_819B843E,2027-02-05,SYS_135,AST_21277AE1,REMPLACEMENT,SYSTEMATIQUE,1800.0
ACT_455B9EDB,2027-02-05,SYS_136,AST_7764FCE0,REPARATION,INSPECTION,500.0
ACT_495505A9,2027-02-05,SYS_137,AST_84513602,REMPLACEMENT,SYSTEMATIQUE,1800.0
ACT_E389C3F1,2027-02-05,SYS_138,AST_CF66A2D6,REMPLACEMENT,SYSTEMATIQUE,1800.0
ACT_F9B722D0,2027-02-05,SYS_139,AST_A8E3D05C,REMPLACEMENT,SYSTEMATIQUE,1800.0
ACT_E11F55CD,2027-02-05,SYS_140,AST_50A3AF9A,REMPLACEMENT,SYSTEMATIQUE,1800.0
ACT_6B843F75,2027-02-05,SYS_142,AST_446BA282,REMPLACEMENT,SYSTEMATIQUE,1800.0
ACT_C28AE16D,2027-02-05,SYS_143,AST_6E381F34,REMPLACEMENT,SYSTEMATIQUE,1800.0
ACT_F48F6121,2027-02-05,SYS_144,AST_C0D6BA50,REMPLACEMENT,SYSTEMATIQUE,1800.0
ACT_5C9F7536,2027-02-05,SYS_145,AST_B769FE72,REMPLACEMENT,SYSTEMATIQUE,1800.0
ACT_85BE9D24,2027-02-05,SYS_147,AST_8CAA5E21,REMPLACEMENT,SYSTEMATIQUE,1800.0
ACT_FF0287F2,2027-02-05,SYS_148,AST_4175AEE7,REMPLACEMENT,SYSTEMATIQUE,1800.0
ACT_D5C07BD2,2027-02-05,SYS_149,AST_851D50E8,REMPLACEMENT,SYSTEMATIQUE,1800.0
ACT_BDE1B575,2027-02-05,SYS_151,AST_7CDEA972,REMPLACEMENT,SYSTEMATIQUE,1800.0
ACT_1D17EAC6,2027-02-05,SYS_152,AST_41B40738,REMPLACEMENT,SYSTEMATIQUE,1800.0
ACT_EE42A084,2027-02-05,SYS_153,AST_3562B1D3,REMPLACEMENT,SYSTEMATIQUE,1800.0
ACT_F17E6B2D,2027-02-05,SYS_154,AST_EF2BF201,REMPLACEMENT,SYSTEMATIQUE,1800.0
ACT_383D83BD,2027-02-05,SYS_155,AST_B533FB89,REMPLACEMENT,SYSTEMATIQUE,1800.0
ACT_9484034A,2027-02-05,SYS_156,AST_A1A84200,REMPLACEMENT,SYSTEMATIQUE,1800.0
ACT_997A93D5,2027-02-05,SYS_157,AST_EFB3D424,REMPLACEMENT,SYSTEMATIQUE,1800.0
ACT_D0C1684F,2027-02-05,SYS_158,AST_A53AF30A,REMPLACEMENT,SYSTEMATIQUE,1800.0
ACT_5EDF6928,2027-02-05,SYS_159,AST_4E142F2E,REMPLACEMENT,SYSTEMATIQUE,1800.0
ACT_E29D6FD1,2027-02-05,SYS_160,AST_0AFDFFDA,REMPLACEMENT,SYSTEMATIQUE,1800.0
ACT_4452F037,2027-02-05,SYS_161,AST_22D39DAB,REMPLACEMENT,SYSTEMATIQUE,1800.0
ACT_F6C832D8,2027-02-05,SYS_162,AST_EF461B46,REMPLACEMENT,SYSTEMATIQUE,1800.0
ACT_536BDEA3,2027-02-05,SYS_163,AST_1AB64F7F,REMPLACEMENT,SYSTEMATIQUE,1800.0
ACT_B297B7A0,2027-02-05,SYS_164,AST_1BC5523D,REMPLACEMENT,SYSTEMATIQUE,1800.0
ACT_F6377F65,2027-02-05,SYS_165,AST_B67FCA94,REMPLACEMENT,SYSTEMATIQUE,1800.0
ACT_AADDB9DB,2027-02-05,SYS_166,AST_D2907013,REMPLACEMENT,SYSTEMATIQUE,1800.0
ACT_33F7CB30,2027-02-05,SYS_167,AST_DA5CA129,REMPLACEMENT,SYSTEMATIQUE,1800.0
ACT_A0DC80EB,2027-02-05,SYS_168,AST_6D9E4A35,REMPLACEMENT,SYSTEMATIQUE,1800.0
ACT_28903E93,2027-02-05,SYS_169,AST_8000064F,REMPLACEMENT,SYSTEMATIQUE,1800.0
ACT_A5AF67C0,2027-02-05,SYS_170,AST_F8E1EB43,REMPLACEMENT,SYSTEMATIQUE,1800.0
ACT_35689FB5,2027-02-05,SYS_171,AST_865A40EE,REMPLACEMENT,SYSTEMATIQUE,1800.0
ACT_89FE1CA8,2027-02-05,SYS_172,AST_17E13A32,REMPLACEMENT,SYSTEMATIQUE,1800.0
ACT_64325BF9,2027-02-05,SYS_173,AST_79AF54DD,REMPLACEMENT,SYSTEMATIQUE,1800.0
ACT_EFD0D2BE,2027-02-05,SYS_174,AST_44D93068,REMPLACEMENT,SYSTEMATIQUE,1800.0
ACT_07E7FD1E,2027-02-05,SYS_175,AST_7B82F3B4,REMPLACEMENT,SYSTEMATIQUE,1800.0
ACT_379C487F,2027-02-05,SYS_176,AST_3F176361,REMPLACEMENT,SYSTEMATIQUE,1800.0
ACT_84EC85F5,2027-02-05,SYS_177,AST_1B4FFA0A,REMPLACEMENT,SYSTEMATIQUE,1800.0
ACT_42955F69,2027-02-05,SYS_178,AST_B00C4D5A,REMPLACEMENT,SYSTEMATIQUE,1800.0
ACT_8FF32B3C,2027-02-05,SYS_181,AST_0CFA9B9D,REMPLACEMENT,SYSTEMATIQUE,1800.0
ACT_663431AA,2027-02-05,SYS_182,AST_F23ABB31,REMPLACEMENT,SYSTEMATIQUE,1800.0
ACT_05F5F94A,2027-02-05,SYS_183,AST_0C23E532,REMPLACEMENT,SYSTEMATIQUE,1800.0
ACT_C13F440B,2027-02-05,SYS_185,AST_975A46F8,REMPLACEMENT,SYSTEMATIQUE,1800.0
ACT_646D4513,2027-02-05,SYS_186,AST_5F538ED2,REMPLACEMENT,SYSTEMATIQUE,1800.0
ACT_0D924444,2027-02-05,SYS_187,AST_FDDF8CDF,REMPLACEMENT,SYSTEMATIQUE,1800.0
ACT_AE95A0D1,2027-02-05,SYS_188,AST_4A4E4500,REMPLACEMENT,SYSTEMATIQUE,1800.0
ACT_B30A584A,2027-02-05,SYS_189,AST_1461B4DF,REMPLACEMENT,SYSTEMATIQUE,1800.0
ACT_56F307C8,2027-02-05,SYS_190,AST_8728C7C0,REMPLACEMENT,SYSTEMATIQUE,1800.0
ACT_617AB846,2027-02-05,SYS_191,AST_9DBE0CA0,REMPLACEMENT,SYSTEMATIQUE,1800.0
ACT_BD8E4443,2027-02-05,SYS_192,AST_E239577B,REMPLACEMENT,SYSTEMATIQUE,1800.0
ACT_33D45624,2027-02-05,SYS_193,AST_542E2161,REMPLACEMENT,SYSTEMATIQUE,1800.0
ACT_4FA12E81,2027-02-05,SYS_194,AST_28E46A29,REMPLACEMENT,SYSTEMATIQUE,1800.0
ACT_BFDA4125,2027-02-05,SYS_196,AST_7478E17A,REMPLACEMENT,SYSTEMATIQUE,1800.0
ACT_1E4B8A89,2027-02-05,SYS_197,AST_328BA7F4,REMPLACEMENT,SYSTEMATIQUE,1800.0
ACT_90F6C739,2027-02-05,SYS_198,AST_9536ED6F,REMPLACEMENT,SYSTEMATIQUE,1800.0
ACT_407757BC,2027-02-05,SYS_199,AST_60228699,REMPLACEMENT,SYSTEMATIQUE,1800.0
ACT_5F66C3F9,2027-02-06,SYS_045,AST_874F54F4,REMPLACEMENT,SYSTEMATIQUE,1800.0
ACT_42DB6E96,2027-02-26,SYS_146,AST_07E10046,REMPLACEMENT,SYSTEMATIQUE,1800.0
ACT_DAEC183F,2027-03-05,SYS_101,AST_FBD9E0F7,REPARATION,INSPECTION,500.0
ACT_DFC3400D,2027-03-13,SYS_150,AST_170FE077,REPARATION,INSPECTION,500.0
ACT_20F42FFC,2027-03-17,SYS_056,AST_C1C97B73,REPARATION,INSPECTION,500.0
ACT_983562F2,2027-03-17,SYS_075,AST_BEC4C595,REMPLACEMENT,PANNE,1800.0
ACT_2AA62811,2027-03-17,SYS_101,AST_FBD9E0F7,REMPLACEMENT,SYSTEMATIQUE,1800.0
ACT_0064B11C,2027-03-19,SYS_028,AST_9DBAB814,REPARATION,INSPECTION,500.0
ACT_E2F03F06,2027-03-20,SYS_052,AST_D95FA336,REPARATION,INSPECTION,500.0
ACT_2EB877FA,2027-03-22,SYS_052,AST_D95FA336,REMPLACEMENT,SYSTEMATIQUE,1800.0
ACT_EF04CA34,2027-03-23,SYS_022,AST_B16A756D,REMPLACEMENT,SYSTEMATIQUE,1800.0
ACT_52EE3B2B,2027-04-04,SYS_060,AST_BAE2D5D8,REPARATION,INSPECTION,500.0
ACT_3C0B0006,2027-04-06,SYS_090,AST_6662D7AF,REPARATION,INSPECTION,500.0
ACT_63DA0BF6,2027-04-07,SYS_010,AST_2BF22A72,REMPLACEMENT,SYSTEMATIQUE,1800.0
ACT_D4C72E50,2027-04-07,SYS_082,AST_22ACB9CA,REMPLACEMENT,PANNE,1800.0
ACT_172F8323,2027-04-09,SYS_114,AST_E6A0785D,REMPLACEMENT,SYSTEMATIQUE,1800.0
ACT_A19C39F6,2027-04-16,SYS_005,AST_7C7868DA,REPARATION,INSPECTION,500.0
ACT_BD28BD62,2027-04-17,SYS_103,AST_A88C510B,REPARATION,INSPECTION,500.0
ACT_F115F0F4,2027-04-18,SYS_071,AST_6E345902,REPARATION,INSPECTION,500.0
ACT_957BC131,2027-04-19,SYS_150,AST_170FE077,REMPLACEMENT,SYSTEMATIQUE,1800.0
ACT_22F91CE0,2027-04-23,SYS_117,AST_AD92E55A,REMPLACEMENT,PANNE,1800.0
ACT_5932DDEC,2027-04-29,SYS_039,AST_D98A0D9D,REPARATION,INSPECTION,500.0
ACT_C919581D,2027-04-29,SYS_136,AST_7764FCE0,REMPLACEMENT,SYSTEMATIQUE,1800.0
ACT_4FCE05AC,2027-04-30,SYS_054,AST_15CFF64E,REPARATION,INSPECTION,500.0
ACT_C8323F47,2027-05-06,SYS_100,AST_3C713EB2,REPARATION,INSPECTION,500.0
ACT_7330D0AB,2027-05-07,SYS_179,AST_6406B186,REPARATION,INSPECTION,500.0
ACT_8B7127BB,2027-05-08,SYS_115,AST_3A142C96,REPARATION,INSPECTION,500.0
ACT_BB4E5687,2027-05-09,SYS_042,AST_050AF887,REPARATION,INSPECTION,500.0
ACT_ED096995,2027-05-10,SYS_056,AST_C1C97B73,REMPLACEMENT,SYSTEMATIQUE,1800.0
ACT_2BD99080,2027-05-10,SYS_104,AST_810F2A29,REPARATION,INSPECTION,500.0
ACT_4DDB8159,2027-05-11,SYS_152,AST_AA883657,REPARATION,INSPECTION,500.0
ACT_B19E0FCF,2027-05-11,SYS_178,AST_F6C0052F,REPARATION,INSPECTION,500.0
ACT_87B649C5,2027-05-13,SYS_028,AST_9DBAB814,REMPLACEMENT,SYSTEMATIQUE,1800.0
ACT_B0B52E71,2027-05-15,SYS_024,AST_5C0D088A,REPARATION,INSPECTION,500.0
ACT_72939648,2027-05-15,SYS_032,AST_9B82BED0,REPARATION,INSPECTION,500.0
ACT_ADEF08F8,2027-05-16,SYS_130,AST_4AAAE8D5,REPARATION,INSPECTION,500.0
ACT_6242659A,2027-05-17,SYS_004,AST_1D072422,REPARATION,INSPECTION,500.0
ACT_54622458,2027-05-17,SYS_103,AST_A88C510B,REMPLACEMENT,SYSTEMATIQUE,1800.0
ACT_D5A9705F,2027-05-17,SYS_179,AST_6406B186,REMPLACEMENT,PANNE,1800.0
ACT_F96B6C97,2027-05-18,SYS_137,AST_B3A2D4EA,REPARATION,INSPECTION,500.0
ACT_1765B9DD,2027-05-19,SYS_064,AST_5806475C,REPARATION,INSPECTION,500.0
ACT_688BD9AA,2027-05-22,SYS_039,AST_D98A0D9D,REMPLACEMENT,SYSTEMATIQUE,1800.0
ACT_DCC7464E,2027-05-27,SYS_188,AST_5DAE9C93,REPARATION,INSPECTION,500.0
ACT_E06F3573,2027-05-27,SYS_195,AST_0E874654,REPARATION,INSPECTION,500.0
ACT_893D708D,2027-05-28,SYS_081,AST_60C6CF35,REPARATION,INSPECTION,500.0
ACT_105233DC,2027-05-28,SYS_116,AST_B2582483,REPARATION,INSPECTION,500.0
ACT_543B15FD,2027-05-29,SYS_060,AST_BAE2D5D8,REMPLACEMENT,SYSTEMATIQUE,1800.0
ACT_CE281DA6,2027-05-29,SYS_102,AST_654E65F9,REMPLACEMENT,PANNE,1800.0
ACT_F4CB5158,2027-05-29,SYS_131,AST_3D3FA8BA,REPARATION,INSPECTION,500.0
ACT_E2A32B2B,2027-05-30,SYS_145,AST_BF2D7A8D,REPARATION,INSPECTION,500.0
ACT_96DDF62F,2027-05-31,SYS_003,AST_7B1C49CD,REPARATION,INSPECTION,500.0
ACT_E1A56BD2,2027-05-31,SYS_027,AST_9368DA73,REPARATION,INSPECTION,500.0
ACT_DBBC2317,2027-06-01,SYS_175,AST_C7FB9737,REPARATION,INSPECTION,500.0
ACT_9C197ACE,2027-06-01,SYS_198,AST_DD98E536,REPARATION,INSPECTION,500.0
ACT_3F7813C4,2027-06-02,SYS_021,AST_F1979853,REPARATION,INSPECTION,500.0
ACT_5F9066B6,2027-06-02,SYS_076,AST_6784BE61,REPARATION,INSPECTION,500.0
ACT_7D423E3F,2027-06-03,SYS_112,AST_AA8C1F27,REPARATION,INSPECTION,500.0
ACT_BD8D99FC,2027-06-03,SYS_197,AST_D1886613,REPARATION,INSPECTION,500.0
ACT_E3877243,2027-06-04,SYS_109,AST_06DBD95D,REPARATION,INSPECTION,500.0
ACT_9178ADBE,2027-06-04,SYS_140,AST_2E4344CA,REPARATION,INSPECTION,500.0
ACT_7D008197,2027-06-05,SYS_014,AST_80CBE3FD,REPARATION,INSPECTION,500.0
ACT_3C63AD56,2027-06-05,SYS_036,AST_795D4B1F,REPARATION,INSPECTION,500.0
ACT_48AF1AC1,2027-06-05,SYS_044,AST_353B47EB,REPARATION,INSPECTION,500.0
ACT_BEBC5B49,2027-06-05,SYS_090,AST_6662D7AF,REMPLACEMENT,SYSTEMATIQUE,1800.0
ACT_CBF10E6C,2027-06-05,SYS_180,AST_7B868176,REPARATION,INSPECTION,500.0
ACT_5D551637,2027-06-06,SYS_107,AST_1CA21168,REPARATION,INSPECTION,500.0
ACT_561E96B6,2027-06-06,SYS_113,AST_A44F2B3D,REPARATION,INSPECTION,500.0
ACT_9F6B09FA,2027-06-06,SYS_118,AST_4CFA63C0,REPARATION,INSPECTION,500.0
ACT_8CD1C324,2027-06-06,SYS_138,AST_453643CE,REPARATION,INSPECTION,500.0
ACT_A531CC55,2027-06-06,SYS_139,AST_0B13D9C8,REPARATION,INSPECTION,500.0
ACT_8CC179A4,2027-06-06,SYS_167,AST_7E850B57,REPARATION,INSPECTION,500.0
ACT_99BEF132,2027-06-07,SYS_077,AST_2E64E833,REPARATION,INSPECTION,500.0
ACT_50C22123,2027-06-07,SYS_128,AST_DE173347,REPARATION,INSPECTION,500.0
ACT_B1883532,2027-06-07,SYS_168,AST_0FD6BF6D,REPARATION,INSPECTION,500.0
ACT_13090FDE,2027-06-08,SYS_030,AST_D5338D02,REPARATION,INSPECTION,500.0
ACT_6ACD0208,2027-06-08,SYS_046,AST_7567728B,REPARATION,INSPECTION,500.0
ACT_E844F27B,2027-06-08,SYS_108,AST_84762C20,REPARATION,INSPECTION,500.0
ACT_EB480630,2027-06-08,SYS_143,AST_AA6F844F,REPARATION,INSPECTION,500.0
ACT_0B02B398,2027-06-08,SYS_157,AST_FD51B1B6,REPARATION,INSPECTION,500.0
ACT_F2384B8E,2027-06-08,SYS_172,AST_699843CC,REPARATION,INSPECTION,500.0
ACT_BC89BB58,2027-06-09,SYS_156,AST_5C0B199A,REPARATION,INSPECTION,500.0
ACT_1D45F59A,2027-06-09,SYS_161,AST_6F067CCD,REPARATION,INSPECTION,500.0
ACT_F5FEA5DC,2027-06-09,SYS_193,AST_8455CCD5,REPARATION,INSPECTION,500.0
ACT_E29B9650,2027-06-09,SYS_198,AST_DD98E536,REMPLACEMENT,PANNE,1800.0
ACT_50E11136,2027-06-10,SYS_055,AST_C7F8407C,REPARATION,INSPECTION,500.0
ACT_26EF4FF8,2027-06-10,SYS_089,AST_F8C77AF3,REPARATION,INSPECTION,500.0
ACT_1E9FC71B,2027-06-10,SYS_166,AST_3DB3BBFB,REPARATION,INSPECTION,500.0
ACT_0BD12554,2027-06-10,SYS_183,AST_4966D3EB,REPARATION,INSPECTION,500.0
ACT_F434CABF,2027-06-11,SYS_068,AST_D55BF40C,REPARATION,INSPECTION,500.0
ACT_0BDC3D5E,2027-06-11,SYS_069,AST_C8C5AFF6,REPARATION,INSPECTION,500.0
ACT_8EC2D402,2027-06-11,SYS_171,AST_6CB99312,REPARATION,INSPECTION,500.0
ACT_1AC9F59E,2027-06-12,SYS_051,AST_18B06F68,REPARATION,INSPECTION,500.0
ACT_3B3EA94E,2027-06-12,SYS_057,AST_EBD0CFD1,REPARATION,INSPECTION,500.0
ACT_A4BE9166,2027-06-12,SYS_155,AST_17B3E0CB,REPARATION,INSPECTION,500.0
ACT_BB06BCF5,2027-06-14,SYS_164,AST_F4B67099,REPARATION,INSPECTION,500.0
ACT_F770E42B,2027-06-15,SYS_054,AST_15CFF64E,REMPLACEMENT,SYSTEMATIQUE,1800.0
ACT_01F172B5,2027-06-15,SYS_105,AST_CBAC770C,REPARATION,INSPECTION,500.0
ACT_BC92391A,2027-06-15,SYS_134,AST_2F38DF31,REPARATION,INSPECTION,500.0
ACT_CDE9008F,2027-06-16,SYS_018,AST_9512D5A3,REPARATION,INSPECTION,500.0
ACT_FEE341E6,2027-06-17,SYS_177,AST_2F7F5E8C,REPARATION,INSPECTION,500.0
ACT_78056C1D,2027-06-18,SYS_015,AST_254B74B0,REPARATION,INSPECTION,500.0
ACT_D771A3CA,2027-06-18,SYS_037,AST_040795BD,REPARATION,INSPECTION,500.0
ACT_2AE318D2,2027-06-18,SYS_104,AST_810F2A29,REMPLACEMENT,SYSTEMATIQUE,1800.0
ACT_C879CBC2,2027-06-19,SYS_006,AST_33C533AD,REMPLACEMENT,PANNE,1800.0
ACT_9D820091,2027-06-19,SYS_009,AST_A1AD32FC,REPARATION,INSPECTION,500.0
ACT_C365A442,2027-06-19,SYS_020,AST_39DB5940,REPARATION,INSPECTION,500.0
ACT_5BC2BFB8,2027-06-19,SYS_048,AST_BBB86CBF,REPARATION,INSPECTION,500.0
ACT_C47380B9,2027-06-19,SYS_121,AST_B0392C20,REPARATION,INSPECTION,500.0
ACT_F6BE9861,2027-06-20,SYS_019,AST_2D658245,REPARATION,INSPECTION,500.0
ACT_47867E93,2027-06-20,SYS_033,AST_22C05889,REPARATION,INSPECTION,500.0
ACT_8D4B17CF,2027-06-20,SYS_041,AST_ADCE3301,REPARATION,INSPECTION,500.0
ACT_FCC79400,2027-06-20,SYS_132,AST_110C419C,REPARATION,INSPECTION,500.0
ACT_B694D56A,2027-06-20,SYS_191,AST_806147E4,REPARATION,INSPECTION,500.0
ACT_39D6CE1B,2027-06-21,SYS_096,AST_439830B2,REPARATION,INSPECTION,500.0
ACT_F7408747,2027-06-22,SYS_091,AST_4B1E21E5,REPARATION,INSPECTION,500.0
ACT_9E8142FD,2027-06-22,SYS_182,AST_FE615242,REPARATION,INSPECTION,500.0
ACT_CA715FA2,2027-06-23,SYS_001,AST_34D78B20,REMPLACEMENT,PANNE,1800.0
ACT_C822B8F9,2027-06-23,SYS_002,AST_7C0E9A5B,REPARATION,INSPECTION,500.0
ACT_8A3827ED,2027-06-23,SYS_031,AST_9763C2D9,REPARATION,INSPECTION,500.0
ACT_D7B3D0E3,2027-06-23,SYS_098,AST_3B7D1466,REPARATION,INSPECTION,500.0
ACT_39655B75,2027-06-23,SYS_133,AST_BF4651B1,REPARATION,INSPECTION,500.0
ACT_C2564F52,2027-06-23,SYS_174,AST_2FC25D3A,REMPLACEMENT,PANNE,1800.0
ACT_A1BA777E,2027-06-23,SYS_187,AST_97716F9B,REPARATION,INSPECTION,500.0
ACT_B83BD966,2027-06-24,SYS_035,AST_BA241310,REPARATION,INSPECTION,500.0
ACT_28C65918,2027-06-24,SYS_058,AST_43ED943D,REPARATION,INSPECTION,500.0
ACT_810A1626,2027-06-25,SYS_120,AST_3F244E16,REPARATION,INSPECTION,500.0
ACT_2E9BC9DA,2027-06-25,SYS_159,AST_26627EA2,REPARATION,INSPECTION,500.0
ACT_B1C293F5,2027-06-25,SYS_192,AST_08CFD3D7,REPARATION,INSPECTION,500.0
ACT_D6109879,2027-06-26,SYS_008,AST_1701B0D1,REPARATION,INSPECTION,500.0
ACT_5687ED5E,2027-06-26,SYS_038,AST_A3B534A7,REPARATION,INSPECTION,500.0
ACT_A4C5B587,2027-06-26,SYS_070,AST_C1B8C773,REPARATION,INSPECTION,500.0
ACT_C43D066F,2027-06-26,SYS_085,AST_39D6DE1D,REPARATION,INSPECTION,500.0
ACT_0B3EF147,2027-06-27,SYS_043,AST_B63A8A6D,REPARATION,INSPECTION,500.0
ACT_EC160611,2027-06-28,SYS_122,AST_50363D49,REPARATION,INSPECTION,500.0
ACT_97ADFAE0,2027-06-29,SYS_012,AST_52F8C6E2,REPARATION,INSPECTION,500.0
ACT_459E3028,2027-06-29,SYS_089,AST_F8C77AF3,REMPLACEMENT,SYSTEMATIQUE,1800.0
ACT_FBCBBF57,2027-06-29,SYS_154,AST_882D3A31,REPARATION,INSPECTION,500.0
ACT_A5700956,2027-06-30,SYS_106,AST_4A546D96,REPARATION,INSPECTION,500.0
ACT_19C83022,2027-06-30,SYS_126,AST_20E142E2,REPARATION,INSPECTION,500.0
ACT_B5311BA9,2027-06-30,SYS_185,AST_CCE08060,REPARATION,INSPECTION,500.0
ACT_AD0E5B56,2027-07-01,SYS_023,AST_7CC97E1B,REPARATION,INSPECTION,500.0
ACT_4FBBD231,2027-07-01,SYS_088,AST_3E3464CF,REPARATION,INSPECTION,500.0
ACT_6D126D48,2027-07-01,SYS_099,AST_A2FF2626,REPARATION,INSPECTION,500.0
ACT_23C4D926,2027-07-02,SYS_029,AST_3D153701,REPARATION,INSPECTION,500.0
ACT_F1BC80A8,2027-07-02,SYS_083,AST_B47F76A6,REPARATION,INSPECTION,500.0
ACT_34FDEFDD,2027-07-02,SYS_087,AST_EE806C03,REPARATION,INSPECTION,500.0
ACT_6299A367,2027-07-02,SYS_092,AST_DC36E0C0,REPARATION,INSPECTION,500.0
ACT_09860C83,2027-07-02,SYS_111,AST_24039B1B,REPARATION,INSPECTION,500.0
ACT_C9A37EF2,2027-07-02,SYS_125,AST_E7B8D3E6,REPARATION,INSPECTION,500.0
ACT_D0C5F96D,2027-07-02,SYS_162,AST_63EA204C,REPARATION,INSPECTION,500.0
ACT_35B91EED,2027-07-02,SYS_196,AST_599A4B8F,REPARATION,INSPECTION,500.0
ACT_04E024CD,2027-07-04,SYS_024,AST_5C0D088A,REMPLACEMENT,SYSTEMATIQUE,1800.0
ACT_94361E77,2027-07-04,SYS_072,AST_FC97B019,REPARATION,INSPECTION,500.0
ACT_767AC915,2027-07-04,SYS_076,AST_6784BE61,REPARATION,INSPECTION,500.0
ACT_4ACEF437,2027-07-04,SYS_141,AST_E4E2ACF8,REPARATION,INSPECTION,500.0
ACT_34842E2A,2027-07-05,SYS_034,AST_7F9AC73D,REPARATION,INSPECTION,500.0
ACT_582D5FD8,2027-07-05,SYS_040,AST_FC62966A,REPARATION,INSPECTION,500.0
ACT_5994CD53,2027-07-05,SYS_073,AST_4A29F50A,REPARATION,INSPECTION,500.0
ACT_32C1A19F,2027-07-05,SYS_095,AST_370AA7CB,REPARATION,INSPECTION,500.0
ACT_8983B324,2027-07-06,SYS_059,AST_FCC4CBED,REPARATION,INSPECTION,500.0
ACT_53245244,2027-07-06,SYS_084,AST_A444DD46,REPARATION,INSPECTION,500.0
ACT_D81B533A,2027-07-06,SYS_097,AST_F1691B23,REPARATION,INSPECTION,500.0
ACT_28091529,2027-07-06,SYS_165,AST_4505F652,REPARATION,INSPECTION,500.0
ACT_69C9DE82,2027-07-06,SYS_173,AST_ED93AAFD,REPARATION,INSPECTION,500.0
ACT_DE55939A,2027-07-06,SYS_189,AST_9DF4F948,REPARATION,INSPECTION,500.0
ACT_EFF549EC,2027-07-07,SYS_017,AST_A1FBED94,REPARATION,INSPECTION,500.0
ACT_E2258C54,2027-07-07,SYS_049,AST_EB975475,REPARATION,INSPECTION,500.0
ACT_5EE3CF39,2027-07-07,SYS_124,AST_D78C7B3F,REPARATION,INSPECTION,500.0
ACT_23F678B4,2027-07-08,SYS_013,AST_695DC7E0,REPARATION,INSPECTION,500.0
ACT_1C6A8660,2027-07-08,SYS_045,AST_6297D826,REPARATION,INSPECTION,500.0
ACT_A26C37A1,2027-07-08,SYS_047,AST_1E25E458,REMPLACEMENT,SYSTEMATIQUE,1800.0
ACT_024FB3BD,2027-07-08,SYS_080,AST_58C4B1B9,REPARATION,INSPECTION,500.0
ACT_8D21F853,2027-07-08,SYS_163,AST_7B596DAC,REPARATION,INSPECTION,500.0
ACT_AFA354CC,2027-07-09,SYS_135,AST_657B7CFE,REPARATION,INSPECTION,500.0
ACT_B0F93AEA,2027-07-09,SYS_147,AST_ADC31872,REPARATION,INSPECTION,500.0
ACT_61873515,2027-07-09,SYS_151,AST_841A5A8C,REPARATION,INSPECTION,500.0
ACT_C16258F2,2027-07-09,SYS_169,AST_B188D1C3,REPARATION,INSPECTION,500.0
ACT_182E4ED5,2027-07-09,SYS_170,AST_DC16CA5C,REPARATION,INSPECTION,500.0
ACT_963A6418,2027-07-10,SYS_067,AST_50A1C019,REPARATION,INSPECTION,500.0
ACT_4AE84742,2027-07-10,SYS_127,AST_26791D5D,REPARATION,INSPECTION,500.0
ACT_6645CA76,2027-07-10,SYS_190,AST_EDB3C522,REPARATION,INSPECTION,500.0
ACT_45BB6DA9,2027-07-11,SYS_178,AST_F6C0052F,REPARATION,INSPECTION,500.0
ACT_1D952F5A,2027-07-12,SYS_094,AST_CF5CF75E,REPARATION,INSPECTION,500.0
ACT_F66C0922,2027-07-12,SYS_101,AST_F57D3154,REPARATION,INSPECTION,500.0
ACT_D82D2495,2027-07-12,SYS_176,AST_228C6B85,REPARATION,INSPECTION,500.0
ACT_D172B425,2027-07-13,SYS_061,AST_9B6ED39C,REPARATION,INSPECTION,500.0
ACT_214E8759,2027-07-13,SYS_136,AST_51AD1A7D,REMPLACEMENT,PANNE,1800.0
ACT_FE7999CD,2027-07-13,SYS_199,AST_FA8F339B,REPARATION,INSPECTION,500.0
ACT_032A9EBE,2027-07-14,SYS_123,AST_78A0D920,REPARATION,INSPECTION,500.0
ACT_689536E6,2027-07-14,SYS_186,AST_C62671DB,REPARATION,INSPECTION,500.0
ACT_41ABDA75,2027-07-16,SYS_149,AST_5D9AA27A,REPARATION,INSPECTION,500.0
ACT_12252BB3,2027-07-17,SYS_093,AST_0FD42B82,REPARATION,INSPECTION,500.0
ACT_B6DD3C2B,2027-07-17,SYS_119,AST_3F7EAE27,REPARATION,INSPECTION,500.0
ACT_59DEDDA8,2027-07-18,SYS_007,AST_EEEE8A15,REPARATION,INSPECTION,500.0
ACT_D2F55D62,2027-07-18,SYS_076,AST_6784BE61,REMPLACEMENT,PANNE,1800.0
ACT_EF0DABF7,2027-07-19,SYS_011,AST_04D2EB95,REPARATION,INSPECTION,500.0
ACT_702CB64D,2027-07-19,SYS_074,AST_19E34940,REPARATION,INSPECTION,500.0
ACT_C59770AC,2027-07-20,SYS_005,AST_7C7868DA,REMPLACEMENT,SYSTEMATIQUE,1800.0
ACT_E3CE5811,2027-07-20,SYS_130,AST_4AAAE8D5,REMPLACEMENT,SYSTEMATIQUE,1800.0
ACT_4E125AD1,2027-07-20,SYS_158,AST_FF59B2E4,REPARATION,INSPECTION,500.0
ACT_7A2B548E,2027-07-21,SYS_052,AST_58BD1483,REPARATION,INSPECTION,500.0
ACT_0008EB69,2027-07-21,SYS_063,AST_C94270EB,REPARATION,INSPECTION,500.0
ACT_78FF11D8,2027-07-22,SYS_026,AST_9E6257AF,REPARATION,INSPECTION,500.0
ACT_9C46486A,2027-07-22,SYS_194,AST_C33E2C24,REPARATION,INSPECTION,500.0
ACT_E9FD3389,2027-07-23,SYS_053,AST_4658068B,REPARATION,INSPECTION,500.0
ACT_D35C2DCE,2027-07-24,SYS_153,AST_F2CA704B,REPARATION,INSPECTION,500.0
ACT_192B0B6F,2027-07-26,SYS_066,AST_D444EB42,REPARATION,INSPECTION,500.0
ACT_ECBDF8B8,2027-07-26,SYS_110,AST_FF3D3FDA,REPARATION,INSPECTION,500.0
ACT_5456AF89,2027-07-27,SYS_164,AST_F4B67099,REMPLACEMENT,PANNE,1800.0
ACT_D7B98847,2027-07-28,SYS_116,AST_B2582483,REMPLACEMENT,SYSTEMATIQUE,1800.0
ACT_FF3FBF8C,2027-07-29,SYS_016,AST_6C257809,REPARATION,INSPECTION,500.0
ACT_A0AC80EE,2027-07-30,SYS_075,AST_28212A6C,REPARATION,INSPECTION,500.0
ACT_F8E30D96,2027-08-01,SYS_065,AST_FB815704,REPARATION,INSPECTION,500.0
ACT_22B736DC,2027-08-01,SYS_160,AST_E349A214,REPARATION,INSPECTION,500.0
ACT_C41F42F6,2027-08-01,SYS_184,AST_B8F4CFDC,REPARATION,INSPECTION,500.0
ACT_CB213D04,2027-08-02,SYS_014,AST_80CBE3FD,REPARATION,INSPECTION,500.0
ACT_45ECF0EC,2027-08-02,SYS_144,AST_5DDB30F9,REPARATION,INSPECTION,500.0
ACT_D0EEA71D,2027-08-03,SYS_000,AST_82289609,REPARATION,INSPECTION,500.0
ACT_4AC13264,2027-08-03,SYS_078,AST_AEC3B942,REPARATION,INSPECTION,500.0
ACT_145E3976,2027-08-03,SYS_146,AST_36038667,REPARATION,INSPECTION,500.0
ACT_93B76CEC,2027-08-03,SYS_181,AST_CDC219E9,REPARATION,INSPECTION,500.0
ACT_5FCE2112,2027-08-05,SYS_030,AST_D5338D02,REPARATION,INSPECTION,500.0
ACT_034C751A,2027-08-08,SYS_071,AST_6E345902,REPARATION,INSPECTION,500.0
ACT_6688EB84,2027-08-08,SYS_114,AST_37C4C0ED,REPARATION,INSPECTION,500.0
ACT_31F70098,2027-08-08,SYS_121,AST_B0392C20,REMPLACEMENT,SYSTEMATIQUE,1800.0
ACT_914920B8,2027-08-08,SYS_129,AST_35C20721,REMPLACEMENT,INSPECTION,1800.0
ACT_C32EAC48,2027-08-09,SYS_018,AST_9512D5A3,REMPLACEMENT,SYSTEMATIQUE,1800.0
ACT_B7AF632E,2027-08-09,SYS_025,AST_1CF228E4,REPARATION,INSPECTION,500.0
ACT_02B2117A,2027-08-09,SYS_086,AST_0D81ACA2,REPARATION,INSPECTION,500.0
ACT_8E8B2E4F,2027-08-10,SYS_064,AST_5806475C,REPARATION,INSPECTION,500.0
ACT_5F827D14,2027-08-11,SYS_079,AST_3F7E07D7,REPARATION,INSPECTION,500.0
ACT_ACEE1986,2027-08-11,SYS_155,AST_17B3E0CB,REPARATION,INSPECTION,500.0
ACT_78A1C502,2027-08-12,SYS_020,AST_39DB5940,REPARATION,INSPECTION,500.0
ACT_70729D4C,2027-08-12,SYS_033,AST_22C05889,REPARATION,INSPECTION,500.0
ACT_0C2DECFD,2027-08-12,SYS_128,AST_DE173347,REPARATION,INSPECTION,500.0
ACT_5DF533BF,2027-08-12,SYS_195,AST_0E874654,REMPLACEMENT,SYSTEMATIQUE,1800.0
ACT_B6A8EC16,2027-08-13,SYS_009,AST_A1AD32FC,REMPLACEMENT,SYSTEMATIQUE,1800.0
ACT_0D5073E9,2027-08-13,SYS_062,AST_36AF7982,REMPLACEMENT,INSPECTION,1800.0
ACT_3E8A193C,2027-08-14,SYS_015,AST_254B74B0,REPARATION,INSPECTION,500.0
ACT_F898E1EE,2027-08-14,SYS_051,AST_18B06F68,REPARATION,INSPECTION,500.0
ACT_961F0219,2027-08-14,SYS_180,AST_7B868176,REMPLACEMENT,SYSTEMATIQUE,1800.0
ACT_B31AF3AE,2027-08-16,SYS_107,AST_1CA21168,REMPLACEMENT,SYSTEMATIQUE,1800.0
ACT_8483906C,2027-08-16,SYS_133,AST_BF4651B1,REMPLACEMENT,SYSTEMATIQUE,1800.0
ACT_2AE39DF2,2027-08-16,SYS_137,AST_B3A2D4EA,REPARATION,INSPECTION,500.0
ACT_FD373691,2027-08-17,SYS_118,AST_4CFA63C0,REPARATION,INSPECTION,500.0
ACT_FB3F7A6E,2027-08-17,SYS_184,AST_B8F4CFDC,REMPLACEMENT,SYSTEMATIQUE,1800.0
ACT_41AADA33,2027-08-18,SYS_142,AST_920B351F,REPARATION,INSPECTION,500.0
ACT_F0D4D54B,2027-08-18,SYS_167,AST_7E850B57,REPARATION,INSPECTION,500.0
ACT_B021F8AC,2027-08-19,SYS_141,AST_E4E2ACF8,REMPLACEMENT,SYSTEMATIQUE,1800.0
ACT_75089A74,2027-08-19,SYS_193,AST_8455CCD5,REPARATION,INSPECTION,500.0
ACT_FC1DF43E,2027-08-20,SYS_159,AST_26627EA2,REPARATION,INSPECTION,500.0
ACT_4E9935FD,2027-08-21,SYS_021,AST_F1979853,REPARATION,INSPECTION,500.0
ACT_B4AAE9FE,2027-08-21,SYS_080,AST_58C4B1B9,REMPLACEMENT,SYSTEMATIQUE,1800.0
ACT_F20B85E6,2027-08-21,SYS_100,AST_3C713EB2,REPARATION,INSPECTION,500.0
ACT_B21B908E,2027-08-23,SYS_050,AST_E38E7FDD,REMPLACEMENT,INSPECTION,1800.0
ACT_1D9CBADF,2027-08-23,SYS_077,AST_2E64E833,REPARATION,INSPECTION,500.0
ACT_299DD289,2027-08-23,SYS_115,AST_3A142C96,REPARATION,INSPECTION,500.0
ACT_2F044763,2027-08-24,SYS_000,AST_82289609,REMPLACEMENT,SYSTEMATIQUE,1800.0
ACT_616B86BC,2027-08-24,SYS_002,AST_7C0E9A5B,REMPLACEMENT,SYSTEMATIQUE,1800.0
ACT_6D4B11B5,2027-08-24,SYS_003,AST_7B1C49CD,REMPLACEMENT,SYSTEMATIQUE,1800.0
ACT_6AC87D65,2027-08-24,SYS_004,AST_1D072422,REMPLACEMENT,SYSTEMATIQUE,1800.0
ACT_ED8B77F8,2027-08-24,SYS_007,AST_EEEE8A15,REMPLACEMENT,SYSTEMATIQUE,1800.0
ACT_7B6559A5,2027-08-24,SYS_008,AST_1701B0D1,REMPLACEMENT,SYSTEMATIQUE,1800.0
ACT_B103AF11,2027-08-24,SYS_011,AST_04D2EB95,REMPLACEMENT,SYSTEMATIQUE,1800.0
ACT_180EC4C7,2027-08-24,SYS_012,AST_52F8C6E2,REMPLACEMENT,SYSTEMATIQUE,1800.0
ACT_213DB3ED,2027-08-24,SYS_013,AST_695DC7E0,REMPLACEMENT,SYSTEMATIQUE,1800.0
ACT_C623D45C,2027-08-24,SYS_014,AST_80CBE3FD,REMPLACEMENT,SYSTEMATIQUE,1800.0
ACT_E5070BB9,2027-08-24,SYS_015,AST_254B74B0,REMPLACEMENT,SYSTEMATIQUE,1800.0
ACT_4E21C9C9,2027-08-24,SYS_016,AST_6C257809,REMPLACEMENT,SYSTEMATIQUE,1800.0
ACT_18417E98,2027-08-24,SYS_017,AST_A1FBED94,REMPLACEMENT,SYSTEMATIQUE,1800.0
ACT_839604DB,2027-08-24,SYS_019,AST_2D658245,REMPLACEMENT,SYSTEMATIQUE,1800.0
ACT_B1FBAE07,2027-08-24,SYS_020,AST_39DB5940,REMPLACEMENT,SYSTEMATIQUE,1800.0
ACT_13FAC4D4,2027-08-24,SYS_021,AST_F1979853,REMPLACEMENT,SYSTEMATIQUE,1800.0
ACT_4F7387BA,2027-08-24,SYS_023,AST_7CC97E1B,REMPLACEMENT,SYSTEMATIQUE,1800.0
ACT_1B2B0C57,2027-08-24,SYS_025,AST_1CF228E4,REMPLACEMENT,SYSTEMATIQUE,1800.0
ACT_DE6A60DA,2027-08-24,SYS_026,AST_9E6257AF,REMPLACEMENT,SYSTEMATIQUE,1800.0
ACT_FA2B51AF,2027-08-24,SYS_027,AST_9368DA73,REMPLACEMENT,SYSTEMATIQUE,1800.0
ACT_F73DAE05,2027-08-24,SYS_029,AST_3D153701,REMPLACEMENT,SYSTEMATIQUE,1800.0
ACT_5CCC4E86,2027-08-24,SYS_030,AST_D5338D02,REMPLACEMENT,SYSTEMATIQUE,1800.0
ACT_5FD9B8B3,2027-08-24,SYS_031,AST_9763C2D9,REMPLACEMENT,SYSTEMATIQUE,1800.0
ACT_7E3A10D0,2027-08-24,SYS_032,AST_9B82BED0,REMPLACEMENT,SYSTEMATIQUE,1800.0
ACT_DAEB41F9,2027-08-24,SYS_033,AST_22C05889,REMPLACEMENT,SYSTEMATIQUE,1800.0
ACT_B8F046F1,2027-08-24,SYS_034,AST_7F9AC73D,REMPLACEMENT,SYSTEMATIQUE,1800.0
ACT_A4A9EC39,2027-08-24,SYS_035,AST_BA241310,REMPLACEMENT,SYSTEMATIQUE,1800.0
ACT_110936CF,2027-08-24,SYS_036,AST_795D4B1F,REMPLACEMENT,SYSTEMATIQUE,1800.0
ACT_281B552F,2027-08-24,SYS_037,AST_040795BD,REMPLACEMENT,SYSTEMATIQUE,1800.0
ACT_025D7E3F,2027-08-24,SYS_038,AST_A3B534A7,REMPLACEMENT,SYSTEMATIQUE,1800.0
ACT_ED2CBD7E,2027-08-24,SYS_040,AST_FC62966A,REMPLACEMENT,SYSTEMATIQUE,1800.0
ACT_E61125D9,2027-08-24,SYS_041,AST_ADCE3301,REMPLACEMENT,SYSTEMATIQUE,1800.0
ACT_8E07AB1D,2027-08-24,SYS_042,AST_050AF887,REMPLACEMENT,SYSTEMATIQUE,1800.0
ACT_026EEB44,2027-08-24,SYS_043,AST_B63A8A6D,REMPLACEMENT,SYSTEMATIQUE,1800.0
ACT_E9B1C6A0,2027-08-24,SYS_044,AST_353B47EB,REMPLACEMENT,SYSTEMATIQUE,1800.0
ACT_A73E23B2,2027-08-24,SYS_046,AST_7567728B,REMPLACEMENT,SYSTEMATIQUE,1800.0
ACT_80D7D665,2027-08-24,SYS_048,AST_BBB86CBF,REMPLACEMENT,SYSTEMATIQUE,1800.0
ACT_EE40BE77,2027-08-24,SYS_049,AST_EB975475,REMPLACEMENT,SYSTEMATIQUE,1800.0
ACT_DAC29607,2027-08-24,SYS_051,AST_18B06F68,REMPLACEMENT,SYSTEMATIQUE,1800.0
ACT_F58803F0,2027-08-24,SYS_053,AST_4658068B,REMPLACEMENT,SYSTEMATIQUE,1800.0
ACT_034D9479,2027-08-24,SYS_055,AST_C7F8407C,REMPLACEMENT,SYSTEMATIQUE,1800.0
ACT_1E8799BC,2027-08-24,SYS_057,AST_EBD0CFD1,REMPLACEMENT,SYSTEMATIQUE,1800.0
ACT_C2328CD1,2027-08-24,SYS_058,AST_43ED943D,REMPLACEMENT,SYSTEMATIQUE,1800.0
ACT_321DB06E,2027-08-24,SYS_059,AST_FCC4CBED,REMPLACEMENT,SYSTEMATIQUE,1800.0
ACT_2279C5A3,2027-08-24,SYS_061,AST_9B6ED39C,REMPLACEMENT,SYSTEMATIQUE,1800.0
ACT_17CBB358,2027-08-24,SYS_063,AST_C94270EB,REMPLACEMENT,SYSTEMATIQUE,1800.0
ACT_63F76D83,2027-08-24,SYS_064,AST_5806475C,REMPLACEMENT,SYSTEMATIQUE,1800.0
ACT_9028903F,2027-08-24,SYS_065,AST_FB815704,REMPLACEMENT,SYSTEMATIQUE,1800.0
ACT_2439C169,2027-08-24,SYS_066,AST_D444EB42,REMPLACEMENT,SYSTEMATIQUE,1800.0
ACT_5894F3E5,2027-08-24,SYS_067,AST_50A1C019,REMPLACEMENT,SYSTEMATIQUE,1800.0
ACT_B98F96CA,2027-08-24,SYS_068,AST_D55BF40C,REMPLACEMENT,SYSTEMATIQUE,1800.0
ACT_395D6E30,2027-08-24,SYS_069,AST_C8C5AFF6,REMPLACEMENT,SYSTEMATIQUE,1800.0
ACT_05D1B713,2027-08-24,SYS_070,AST_C1B8C773,REMPLACEMENT,SYSTEMATIQUE,1800.0
ACT_BE06CB5F,2027-08-24,SYS_071,AST_6E345902,REMPLACEMENT,SYSTEMATIQUE,1800.0
ACT_2820EDB3,2027-08-24,SYS_072,AST_FC97B019,REMPLACEMENT,SYSTEMATIQUE,1800.0
ACT_A0EFB50D,2027-08-24,SYS_073,AST_4A29F50A,REMPLACEMENT,SYSTEMATIQUE,1800.0
ACT_1BAD99C3,2027-08-24,SYS_074,AST_19E34940,REMPLACEMENT,SYSTEMATIQUE,1800.0
ACT_94DB7666,2027-08-24,SYS_078,AST_AEC3B942,REMPLACEMENT,SYSTEMATIQUE,1800.0
ACT_7585F2DE,2027-08-24,SYS_079,AST_3F7E07D7,REMPLACEMENT,SYSTEMATIQUE,1800.0
ACT_9F546DE6,2027-08-24,SYS_081,AST_60C6CF35,REMPLACEMENT,SYSTEMATIQUE,1800.0
ACT_65CC382E,2027-08-24,SYS_083,AST_B47F76A6,REMPLACEMENT,SYSTEMATIQUE,1800.0
ACT_E3A6FB74,2027-08-24,SYS_084,AST_A444DD46,REMPLACEMENT,SYSTEMATIQUE,1800.0
ACT_2CCF44A8,2027-08-24,SYS_085,AST_39D6DE1D,REMPLACEMENT,SYSTEMATIQUE,1800.0
ACT_BAF327EA,2027-08-24,SYS_086,AST_0D81ACA2,REMPLACEMENT,SYSTEMATIQUE,1800.0
ACT_EAD137A7,2027-08-24,SYS_087,AST_EE806C03,REMPLACEMENT,SYSTEMATIQUE,1800.0
ACT_9875D413,2027-08-24,SYS_088,AST_3E3464CF,REMPLACEMENT,SYSTEMATIQUE,1800.0
ACT_55F7BE04,2027-08-24,SYS_091,AST_4B1E21E5,REMPLACEMENT,SYSTEMATIQUE,1800.0
ACT_FCE1534A,2027-08-24,SYS_092,AST_DC36E0C0,REMPLACEMENT,SYSTEMATIQUE,1800.0
ACT_4D9C24BE,2027-08-24,SYS_093,AST_0FD42B82,REMPLACEMENT,SYSTEMATIQUE,1800.0
ACT_F0D5A65E,2027-08-24,SYS_094,AST_CF5CF75E,REMPLACEMENT,SYSTEMATIQUE,1800.0
ACT_C07D85B7,2027-08-24,SYS_095,AST_370AA7CB,REMPLACEMENT,SYSTEMATIQUE,1800.0
ACT_AADD22D2,2027-08-24,SYS_096,AST_439830B2,REMPLACEMENT,SYSTEMATIQUE,1800.0
ACT_E439D4C5,2027-08-24,SYS_097,AST_F1691B23,REMPLACEMENT,SYSTEMATIQUE,1800.0
ACT_131B1291,2027-08-24,SYS_098,AST_3B7D1466,REMPLACEMENT,SYSTEMATIQUE,1800.0
ACT_22ABCB87,2027-08-24,SYS_099,AST_A2FF2626,REMPLACEMENT,SYSTEMATIQUE,1800.0
ACT_3F3D891F,2027-08-24,SYS_100,AST_3C713EB2,REMPLACEMENT,SYSTEMATIQUE,1800.0
ACT_C90BEDCC,2027-08-24,SYS_105,AST_CBAC770C,REMPLACEMENT,SYSTEMATIQUE,1800.0
ACT_D359006B,2027-08-24,SYS_106,AST_4A546D96,REMPLACEMENT,SYSTEMATIQUE,1800.0
ACT_72F84D41,2027-08-24,SYS_108,AST_84762C20,REMPLACEMENT,SYSTEMATIQUE,1800.0
ACT_6C955150,2027-08-24,SYS_109,AST_06DBD95D,REMPLACEMENT,SYSTEMATIQUE,1800.0
ACT_CB655E14,2027-08-24,SYS_110,AST_FF3D3FDA,REMPLACEMENT,SYSTEMATIQUE,1800.0
ACT_4176555C,2027-08-24,SYS_111,AST_24039B1B,REMPLACEMENT,SYSTEMATIQUE,1800.0
ACT_303B371A,2027-08-24,SYS_112,AST_AA8C1F27,REMPLACEMENT,SYSTEMATIQUE,1800.0
ACT_B25A5BCA,2027-08-24,SYS_113,AST_A44F2B3D,REMPLACEMENT,SYSTEMATIQUE,1800.0
ACT_CE727711,2027-08-24,SYS_118,AST_4CFA63C0,REMPLACEMENT,SYSTEMATIQUE,1800.0
ACT_61F12C1C,2027-08-24,SYS_119,AST_3F7EAE27,REMPLACEMENT,SYSTEMATIQUE,1800.0
ACT_C01B1460,2027-08-24,SYS_120,AST_3F244E16,REMPLACEMENT,SYSTEMATIQUE,1800.0
ACT_949FB051,2027-08-24,SYS_122,AST_50363D49,REMPLACEMENT,SYSTEMATIQUE,1800.0
ACT_FD8BE793,2027-08-24,SYS_123,AST_78A0D920,REMPLACEMENT,SYSTEMATIQUE,1800.0
ACT_BEF5BD5F,2027-08-24,SYS_124,AST_D78C7B3F,REMPLACEMENT,SYSTEMATIQUE,1800.0
ACT_C950745A,2027-08-24,SYS_125,AST_E7B8D3E6,REMPLACEMENT,SYSTEMATIQUE,1800.0
ACT_4EF920D4,2027-08-24,SYS_126,AST_20E142E2,REMPLACEMENT,SYSTEMATIQUE,1800.0
ACT_E05369E2,2027-08-24,SYS_127,AST_26791D5D,REMPLACEMENT,SYSTEMATIQUE,1800.0
ACT_13389048,2027-08-24,SYS_128,AST_DE173347,REMPLACEMENT,SYSTEMATIQUE,1800.0
ACT_FD39BCE0,2027-08-24,SYS_131,AST_3D3FA8BA,REMPLACEMENT,SYSTEMATIQUE,1800.0
ACT_351FA3FF,2027-08-24,SYS_132,AST_110C419C,REMPLACEMENT,SYSTEMATIQUE,1800.0
ACT_55526D7F,2027-08-24,SYS_134,AST_2F38DF31,REMPLACEMENT,SYSTEMATIQUE,1800.0
ACT_32A5666B,2027-08-24,SYS_135,AST_657B7CFE,REMPLACEMENT,SYSTEMATIQUE,1800.0
ACT_741E810A,2027-08-24,SYS_137,AST_B3A2D4EA,REMPLACEMENT,SYSTEMATIQUE,1800.0
ACT_307A1DF7,2027-08-24,SYS_138,AST_453643CE,REMPLACEMENT,SYSTEMATIQUE,1800.0
ACT_003868CC,2027-08-24,SYS_139,AST_0B13D9C8,REMPLACEMENT,SYSTEMATIQUE,1800.0
ACT_E93831B8,2027-08-24,SYS_140,AST_2E4344CA,REMPLACEMENT,SYSTEMATIQUE,1800.0
ACT_9BF03F6A,2027-08-24,SYS_142,AST_920B351F,REMPLACEMENT,SYSTEMATIQUE,1800.0
ACT_A4A8FABE,2027-08-24,SYS_143,AST_AA6F844F,REMPLACEMENT,SYSTEMATIQUE,1800.0
ACT_9EEE79F7,2027-08-24,SYS_144,AST_5DDB30F9,REMPLACEMENT,SYSTEMATIQUE,1800.0
ACT_C473AF07,2027-08-24,SYS_145,AST_BF2D7A8D,REMPLACEMENT,SYSTEMATIQUE,1800.0
ACT_2FC3D174,2027-08-24,SYS_147,AST_ADC31872,REMPLACEMENT,SYSTEMATIQUE,1800.0
ACT_4E8738CA,2027-08-24,SYS_148,AST_781DAA19,REMPLACEMENT,SYSTEMATIQUE,1800.0
ACT_75CDA409,2027-08-24,SYS_149,AST_5D9AA27A,REMPLACEMENT,SYSTEMATIQUE,1800.0
ACT_77D42E88,2027-08-24,SYS_151,AST_841A5A8C,REMPLACEMENT,SYSTEMATIQUE,1800.0
ACT_DA960708,2027-08-24,SYS_152,AST_AA883657,REMPLACEMENT,SYSTEMATIQUE,1800.0
ACT_951BC4B0,2027-08-24,SYS_153,AST_F2CA704B,REMPLACEMENT,SYSTEMATIQUE,1800.0
ACT_E0C2FB29,2027-08-24,SYS_154,AST_882D3A31,REMPLACEMENT,SYSTEMATIQUE,1800.0
ACT_198E3D7C,2027-08-24,SYS_155,AST_17B3E0CB,REMPLACEMENT,SYSTEMATIQUE,1800.0
ACT_CD9A236A,2027-08-24,SYS_156,AST_5C0B199A,REMPLACEMENT,SYSTEMATIQUE,1800.0
ACT_86E8EC2E,2027-08-24,SYS_157,AST_FD51B1B6,REMPLACEMENT,SYSTEMATIQUE,1800.0
ACT_70067228,2027-08-24,SYS_158,AST_FF59B2E4,REMPLACEMENT,SYSTEMATIQUE,1800.0
ACT_C192A9B2,2027-08-24,SYS_159,AST_26627EA2,REMPLACEMENT,SYSTEMATIQUE,1800.0
ACT_067F8780,2027-08-24,SYS_160,AST_E349A214,REMPLACEMENT,SYSTEMATIQUE,1800.0
ACT_B4F506B3,2027-08-24,SYS_161,AST_6F067CCD,REMPLACEMENT,SYSTEMATIQUE,1800.0
ACT_ABDC7902,2027-08-24,SYS_162,AST_63EA204C,REMPLACEMENT,SYSTEMATIQUE,1800.0
ACT_7ECF2138,2027-08-24,SYS_163,AST_7B596DAC,REMPLACEMENT,SYSTEMATIQUE,1800.0
ACT_F191DEC1,2027-08-24,SYS_165,AST_4505F652,REMPLACEMENT,SYSTEMATIQUE,1800.0
ACT_07BF2CDE,2027-08-24,SYS_166,AST_3DB3BBFB,REMPLACEMENT,SYSTEMATIQUE,1800.0
ACT_AE8DCF61,2027-08-24,SYS_167,AST_7E850B57,REMPLACEMENT,SYSTEMATIQUE,1800.0
ACT_8DA254FB,2027-08-24,SYS_168,AST_0FD6BF6D,REMPLACEMENT,SYSTEMATIQUE,1800.0
ACT_C8243F93,2027-08-24,SYS_169,AST_B188D1C3,REMPLACEMENT,SYSTEMATIQUE,1800.0
ACT_233889F8,2027-08-24,SYS_170,AST_DC16CA5C,REMPLACEMENT,SYSTEMATIQUE,1800.0
ACT_D4BC7904,2027-08-24,SYS_171,AST_6CB99312,REMPLACEMENT,SYSTEMATIQUE,1800.0
ACT_43536000,2027-08-24,SYS_172,AST_699843CC,REMPLACEMENT,SYSTEMATIQUE,1800.0
ACT_74827563,2027-08-24,SYS_173,AST_ED93AAFD,REMPLACEMENT,SYSTEMATIQUE,1800.0
ACT_6A8B6032,2027-08-24,SYS_175,AST_C7FB9737,REMPLACEMENT,SYSTEMATIQUE,1800.0
ACT_1145A68D,2027-08-24,SYS_176,AST_228C6B85,REMPLACEMENT,SYSTEMATIQUE,1800.0
ACT_0729643B,2027-08-24,SYS_177,AST_2F7F5E8C,REMPLACEMENT,SYSTEMATIQUE,1800.0
ACT_D1F4AC33,2027-08-24,SYS_178,AST_F6C0052F,REMPLACEMENT,SYSTEMATIQUE,1800.0
ACT_4985BCC3,2027-08-24,SYS_181,AST_CDC219E9,REMPLACEMENT,SYSTEMATIQUE,1800.0
ACT_8A335587,2027-08-24,SYS_182,AST_FE615242,REMPLACEMENT,SYSTEMATIQUE,1800.0
ACT_3BFA1727,2027-08-24,SYS_183,AST_4966D3EB,REMPLACEMENT,SYSTEMATIQUE,1800.0
ACT_2F95AFDB,2027-08-24,SYS_185,AST_CCE08060,REMPLACEMENT,SYSTEMATIQUE,1800.0
ACT_C0A6FE47,2027-08-24,SYS_186,AST_C62671DB,REMPLACEMENT,SYSTEMATIQUE,1800.0
ACT_2F310794,2027-08-24,SYS_187,AST_97716F9B,REMPLACEMENT,SYSTEMATIQUE,1800.0
ACT_ED37C390,2027-08-24,SYS_188,AST_5DAE9C93,REMPLACEMENT,SYSTEMATIQUE,1800.0
ACT_8C35E45C,2027-08-24,SYS_189,AST_9DF4F948,REMPLACEMENT,SYSTEMATIQUE,1800.0
ACT_20AF8A05,2027-08-24,SYS_190,AST_EDB3C522,REMPLACEMENT,SYSTEMATIQUE,1800.0
ACT_242573C3,2027-08-24,SYS_191,AST_806147E4,REMPLACEMENT,SYSTEMATIQUE,1800.0
ACT_2273DE15,2027-08-24,SYS_192,AST_08CFD3D7,REMPLACEMENT,SYSTEMATIQUE,1800.0
ACT_5A74C4ED,2027-08-24,SYS_193,AST_8455CCD5,REMPLACEMENT,SYSTEMATIQUE,1800.0
ACT_C06031D1,2027-08-24,SYS_194,AST_C33E2C24,REMPLACEMENT,SYSTEMATIQUE,1800.0
ACT_2A9E3093,2027-08-24,SYS_196,AST_599A4B8F,REMPLACEMENT,SYSTEMATIQUE,1800.0
ACT_9B16C5F0,2027-08-24,SYS_197,AST_D1886613,REMPLACEMENT,SYSTEMATIQUE,1800.0
ACT_B82EFE83,2027-08-24,SYS_199,AST_FA8F339B,REMPLACEMENT,SYSTEMATIQUE,1800.0
ACT_D3CF0821,2027-08-25,SYS_045,AST_6297D826,REMPLACEMENT,SYSTEMATIQUE,1800.0
ACT_A44B97D9,2027-08-25,SYS_077,AST_2E64E833,REMPLACEMENT,SYSTEMATIQUE,1800.0
ACT_E9969373,2027-08-25,SYS_115,AST_3A142C96,REMPLACEMENT,SYSTEMATIQUE,1800.0
ACT_2A827C51,2027-08-26,SYS_010,AST_F4EDEDEB,REPARATION,INSPECTION,500.0
ACT_C24FA26E,2027-09-01,SYS_022,AST_610B3BB8,REPARATION,INSPECTION,500.0
ACT_A603B850,2027-09-03,SYS_082,AST_8205117C,REPARATION,INSPECTION,500.0
ACT_003485C3,2027-09-09,SYS_101,AST_F57D3154,REPARATION,INSPECTION,500.0
ACT_238D2CE1,2027-09-14,SYS_146,AST_36038667,REMPLACEMENT,SYSTEMATIQUE,1800.0
ACT_EBC56D38,2027-09-14,SYS_179,AST_DDA94FF4,REPARATION,INSPECTION,500.0
ACT_19121F4F,2027-09-21,SYS_174,AST_54BE8E2A,REMPLACEMENT,PANNE,1800.0
ACT_671BB694,2027-09-25,SYS_028,AST_FAD86A2D,REMPLACEMENT,PANNE,1800.0
ACT_0FCD9ECF,2027-09-28,SYS_117,AST_88EEF8EE,REPARATION,INSPECTION,500.0
ACT_659F579C,2027-09-30,SYS_150,AST_C4A21BED,REPARATION,INSPECTION,500.0
ACT_DA4FF5B8,2027-10-03,SYS_075,AST_28212A6C,REMPLACEMENT,SYSTEMATIQUE,1800.0
ACT_EFE85619,2027-10-03,SYS_101,AST_F57D3154,REMPLACEMENT,SYSTEMATIQUE,1800.0
ACT_C4E58D6E,2027-10-05,SYS_090,AST_EED73AFA,REMPLACEMENT,PANNE,1800.0
ACT_29717847,2027-10-06,SYS_095,AST_40DCE8CD,REMPLACEMENT,PANNE,1800.0
ACT_E779E3A7,2027-10-07,SYS_056,AST_ECE4AE26,REPARATION,INSPECTION,500.0
ACT_799D6F46,2027-10-08,SYS_052,AST_58BD1483,REMPLACEMENT,SYSTEMATIQUE,1800.0
ACT_9C40C460,2027-10-09,SYS_022,AST_610B3BB8,REMPLACEMENT,SYSTEMATIQUE,1800.0
ACT_060731AF,2027-10-16,SYS_001,AST_24380437,REPARATION,INSPECTION,500.0
ACT_1E88C2B4,2027-10-16,SYS_103,AST_644BA4D2,REPARATION,INSPECTION,500.0
ACT_7BF61BF1,2027-10-20,SYS_198,AST_7B61C28B,REPARATION,INSPECTION,500.0
ACT_383978E5,2027-10-23,SYS_039,AST_98C96DF8,REPARATION,INSPECTION,500.0
ACT_7082C436,2027-10-24,SYS_010,AST_F4EDEDEB,REMPLACEMENT,SYSTEMATIQUE,1800.0
ACT_8FA125AB,2027-10-24,SYS_023,AST_22D1661D,REMPLACEMENT,PANNE,1800.0
ACT_60BE7C81,2027-10-24,SYS_075,AST_043FD644,REMPLACEMENT,PANNE,1800.0
ACT_7D5EAB4B,2027-10-24,SYS_082,AST_8205117C,REMPLACEMENT,SYSTEMATIQUE,1800.0
ACT_CC15D35E,2027-10-26,SYS_114,AST_37C4C0ED,REMPLACEMENT,SYSTEMATIQUE,1800.0
ACT_695AE6F5,2027-10-28,SYS_060,AST_B87575CB,REPARATION,INSPECTION,500.0
ACT_5EB75B86,2027-10-30,SYS_104,AST_790AF652,REPARATION,INSPECTION,500.0
ACT_E912720A,2027-11-02,SYS_102,AST_E8998173,REPARATION,INSPECTION,500.0
ACT_D1C09146,2027-11-05,SYS_150,AST_C4A21BED,REMPLACEMENT,SYSTEMATIQUE,1800.0
ACT_9E463D85,2027-11-08,SYS_047,AST_8B7B0D02,REPARATION,INSPECTION,500.0
ACT_FD03FBCF,2027-11-09,SYS_117,AST_88EEF8EE,REMPLACEMENT,SYSTEMATIQUE,1800.0
ACT_23F159AB,2027-11-11,SYS_070,AST_CCDD8778,REMPLACEMENT,PANNE,1800.0
ACT_FCC9C3EB,2027-11-13,SYS_011,AST_E7537B8E,REMPLACEMENT,PANNE,1800.0
ACT_4604AC08,2027-11-18,SYS_059,AST_E8DD988D,REPARATION,INSPECTION,500.0
ACT_129B4E6A,2027-11-20,SYS_168,AST_4948A7AD,REPARATION,INSPECTION,500.0
ACT_F9555607,2027-11-21,SYS_069,AST_EACDC327,REPARATION,INSPECTION,500.0
ACT_106C6AD5,2027-11-21,SYS_166,AST_3BD5B557,REPARATION,INSPECTION,500.0
ACT_40DD3422,2027-11-22,SYS_054,AST_98753F96,REPARATION,INSPECTION,500.0
ACT_17A710EE,2027-11-25,SYS_089,AST_365F171F,REPARATION,INSPECTION,500.0
ACT_8927EE16,2027-11-26,SYS_056,AST_ECE4AE26,REMPLACEMENT,SYSTEMATIQUE,1800.0
ACT_310E213B,2027-11-26,SYS_092,AST_7356B9BB,REPARATION,INSPECTION,500.0
ACT_42A7883C,2027-11-26,SYS_118,AST_848618C8,REPARATION,INSPECTION,500.0
ACT_A570AD3D,2027-11-27,SYS_128,AST_75E9679F,REPARATION,INSPECTION,500.0
ACT_8A1C18D6,2027-12-01,SYS_086,AST_7F1A4E20,REPARATION,INSPECTION,500.0
ACT_C6DBFECB,2027-12-03,SYS_103,AST_644BA4D2,REMPLACEMENT,SYSTEMATIQUE,1800.0
ACT_6C10FEDA,2027-12-03,SYS_179,AST_DDA94FF4,REMPLACEMENT,SYSTEMATIQUE,1800.0
ACT_C61C8BA3,2027-12-04,SYS_098,AST_FFB40A41,REPARATION,INSPECTION,500.0
ACT_57F92F6C,2027-12-06,SYS_172,AST_B5A704E7,REPARATION,INSPECTION,500.0
ACT_D8AFAF7C,2027-12-08,SYS_039,AST_98C96DF8,REMPLACEMENT,SYSTEMATIQUE,1800.0
ACT_DBFE0EE7,2027-12-08,SYS_123,AST_1E223166,REMPLACEMENT,PANNE,1800.0
ACT_F59AE378,2027-12-08,SYS_133,AST_89FEEAB3,REPARATION,INSPECTION,500.0
ACT_9A051684,2027-12-12,SYS_072,AST_8955031B,REPARATION,INSPECTION,500.0
ACT_11676079,2027-12-12,SYS_125,AST_265500E2,REPARATION,INSPECTION,500.0
ACT_1B2CCF5A,2027-12-13,SYS_178,AST_DE486F0B,REPARATION,INSPECTION,500.0
ACT_D148BCE0,2027-12-15,SYS_006,AST_9C8A9AA2,REPARATION,INSPECTION,500.0
ACT_7EA61733,2027-12-15,SYS_018,AST_B0FA57E7,REPARATION,INSPECTION,500.0
ACT_5D0AB7A3,2027-12-15,SYS_060,AST_B87575CB,REMPLACEMENT,SYSTEMATIQUE,1800.0
ACT_2F6525DB,2027-12-15,SYS_102,AST_E8998173,REMPLACEMENT,SYSTEMATIQUE,1800.0
ACT_1EE674E7,2027-12-15,SYS_124,AST_EFEB41D9,REPARATION,INSPECTION,500.0
ACT_ADB667FE,2027-12-16,SYS_152,AST_B4F4215B,REPARATION,INSPECTION,500.0
ACT_831940EA,2027-12-17,SYS_005,AST_C1B95169,REPARATION,INSPECTION,500.0
ACT_9AD53D30,2027-12-17,SYS_019,AST_528AA6D4,REPARATION,INSPECTION,500.0
ACT_63436512,2027-12-17,SYS_151,AST_41E601B0,REPARATION,INSPECTION,500.0
ACT_61476BDE,2027-12-18,SYS_137,AST_F75531D9,REPARATION,INSPECTION,500.0
ACT_ACE14924,2027-12-18,SYS_154,AST_15D838AC,REPARATION,INSPECTION,500.0
ACT_7C37D8A8,2027-12-18,SYS_198,AST_7B61C28B,REPARATION,INSPECTION,500.0
ACT_ACA22774,2027-12-19,SYS_078,AST_5E6F5188,REPARATION,INSPECTION,500.0
ACT_1845BD17,2027-12-19,SYS_143,AST_04F8DD21,REPARATION,INSPECTION,500.0
ACT_35034261,2027-12-20,SYS_084,AST_1AF80711,REPARATION,INSPECTION,500.0
ACT_1CED8A05,2027-12-20,SYS_121,AST_B78374FA,REPARATION,INSPECTION,500.0
ACT_20EC8AA0,2027-12-20,SYS_158,AST_C83AEA8D,REPARATION,INSPECTION,500.0
ACT_EE429A62,2027-12-20,SYS_185,AST_BBC8E6A0,REPARATION,INSPECTION,500.0
ACT_96D31AE7,2027-12-20,SYS_186,AST_77FF043E,REPARATION,INSPECTION,500.0
ACT_18E8F3BE,2027-12-20,SYS_194,AST_E1A13D49,REPARATION,INSPECTION,500.0
ACT_5A729AEC,2027-12-21,SYS_004,AST_A1AA4299,REPARATION,INSPECTION,500.0
ACT_7A63BF9D,2027-12-21,SYS_031,AST_4C1727C5,REPARATION,INSPECTION,500.0
ACT_68FA0DBB,2027-12-22,SYS_100,AST_634612BF,REPARATION,INSPECTION,500.0
ACT_246BC9B1,2027-12-23,SYS_015,AST_779496A5,REPARATION,INSPECTION,500.0
ACT_10260C13,2027-12-23,SYS_026,AST_F27AB368,REPARATION,INSPECTION,500.0
ACT_FFC8FC2A,2027-12-23,SYS_032,AST_A59620BF,REPARATION,INSPECTION,500.0
ACT_4E01A079,2027-12-23,SYS_041,AST_92095F7C,REPARATION,INSPECTION,500.0
ACT_522011A7,2027-12-23,SYS_136,AST_43585704,REPARATION,INSPECTION,500.0
ACT_2E5CFA04,2027-12-23,SYS_145,AST_420D60D7,REPARATION,INSPECTION,500.0
ACT_05F86884,2027-12-23,SYS_167,AST_7E1BE45C,REPARATION,INSPECTION,500.0
ACT_116EA9D5,2027-12-23,SYS_191,AST_A1609201,REPARATION,INSPECTION,500.0
ACT_4CD41690,2027-12-24,SYS_065,AST_38B26F8D,REPARATION,INSPECTION,500.0
ACT_7B363798,2027-12-24,SYS_126,AST_7F86885C,REPARATION,INSPECTION,500.0
ACT_52D1C7E7,2027-12-25,SYS_003,AST_87753555,REPARATION,INSPECTION,500.0
ACT_E3E951CC,2027-12-25,SYS_054,AST_98753F96,REPARATION,INSPECTION,500.0
ACT_AEE13014,2027-12-25,SYS_130,AST_C801A3A8,REPARATION,INSPECTION,500.0
ACT_9AC6E675,2027-12-26,SYS_088,AST_8B093B4C,REMPLACEMENT,PANNE,1800.0
ACT_35F95577,2027-12-26,SYS_138,AST_C5B22536,REPARATION,INSPECTION,500.0
ACT_8B9312C3,2027-12-26,SYS_198,AST_7B61C28B,REMPLACEMENT,SYSTEMATIQUE,1800.0
ACT_A031AF6B,2027-12-27,SYS_068,AST_35454EA4,REPARATION,INSPECTION,500.0
ACT_0F31CD87,2027-12-27,SYS_139,AST_A44567C8,REPARATION,INSPECTION,500.0
ACT_E6649CF8,2027-12-28,SYS_153,AST_403481BA,REPARATION,INSPECTION,500.0
ACT_44287467,2027-12-29,SYS_046,AST_8AAEAC02,REPARATION,INSPECTION,500.0
ACT_CDEA3674,2027-12-29,SYS_173,AST_4C28E0C0,REPARATION,INSPECTION,500.0
ACT_4A440F75,2027-12-30,SYS_001,AST_24380437,REPARATION,INSPECTION,500.0
ACT_B3C19E6A,2027-12-30,SYS_045,AST_553871AE,REPARATION,INSPECTION,500.0
ACT_5845519E,2027-12-31,SYS_063,AST_F2F4AAF6,REPARATION,INSPECTION,500.0
ACT_90D33BEA,2027-12-31,SYS_169,AST_36AF7D40,REPARATION,INSPECTION,500.0
